{
  "tool_name": "Alianzas y Capital de Riesgo",
  "year": "2015",
  "monthly_stats": {
    "15-01": {
      "tool_name": "Alianzas y Capital de Riesgo",
      "batch_id": "10286",
      "date": "15-01",
      "initial_count": 2725,
      "filtered_count": 49,
      "final_count": 48,
      "duplicate_count": 0,
      "terms": {
        "“Strategic": 2427,
        "Venture”": 304
      },
      "file_paths": {
        "base_folder": "crData/Alianzas_y_Capital_de_Riesgo_4489/Alianzas_y_Capital_de_Riesgo_15-01_10286",
        "term_results_folder": "crData/Alianzas_y_Capital_de_Riesgo_4489/Alianzas_y_Capital_de_Riesgo_15-01_10286/term_results",
        "merged": "crData/Alianzas_y_Capital_de_Riesgo_4489/Alianzas_y_Capital_de_Riesgo_15-01_10286/merged_results.json",
        "filtered": "crData/Alianzas_y_Capital_de_Riesgo_4489/Alianzas_y_Capital_de_Riesgo_15-01_10286/filtered_results.json",
        "final": "crData/Alianzas_y_Capital_de_Riesgo_4489/Alianzas_y_Capital_de_Riesgo_15-01_10286/final_results.json",
        "statistics": "crData/Alianzas_y_Capital_de_Riesgo_4489/Alianzas_y_Capital_de_Riesgo_15-01_10286/statistics_results.json"
      },
      "processing_time": 11.997021913528442,
      "total_crossref": 1208127,
      "crossref_percentage": 0.0039730922328530035
    },
    "15-02": {
      "tool_name": "Alianzas y Capital de Riesgo",
      "batch_id": "10421",
      "date": "15-02",
      "initial_count": 592,
      "filtered_count": 3,
      "final_count": 3,
      "duplicate_count": 0,
      "terms": {
        "“Strategic": 569,
        "Venture”": 27
      },
      "file_paths": {
        "base_folder": "crData/Alianzas_y_Capital_de_Riesgo_4489/Alianzas_y_Capital_de_Riesgo_15-02_10421",
        "term_results_folder": "crData/Alianzas_y_Capital_de_Riesgo_4489/Alianzas_y_Capital_de_Riesgo_15-02_10421/term_results",
        "merged": "crData/Alianzas_y_Capital_de_Riesgo_4489/Alianzas_y_Capital_de_Riesgo_15-02_10421/merged_results.json",
        "filtered": "crData/Alianzas_y_Capital_de_Riesgo_4489/Alianzas_y_Capital_de_Riesgo_15-02_10421/filtered_results.json",
        "final": "crData/Alianzas_y_Capital_de_Riesgo_4489/Alianzas_y_Capital_de_Riesgo_15-02_10421/final_results.json",
        "statistics": "crData/Alianzas_y_Capital_de_Riesgo_4489/Alianzas_y_Capital_de_Riesgo_15-02_10421/statistics_results.json"
      },
      "processing_time": 6.3682379722595215,
      "total_crossref": 231584,
      "crossref_percentage": 0.0012954262816084014
    },
    "15-03": {
      "tool_name": "Alianzas y Capital de Riesgo",
      "batch_id": "10499",
      "date": "15-03",
      "initial_count": 645,
      "filtered_count": 3,
      "final_count": 3,
      "duplicate_count": 0,
      "terms": {
        "“Strategic": 608,
        "Venture”": 40
      },
      "file_paths": {
        "base_folder": "crData/Alianzas_y_Capital_de_Riesgo_4489/Alianzas_y_Capital_de_Riesgo_15-03_10499",
        "term_results_folder": "crData/Alianzas_y_Capital_de_Riesgo_4489/Alianzas_y_Capital_de_Riesgo_15-03_10499/term_results",
        "merged": "crData/Alianzas_y_Capital_de_Riesgo_4489/Alianzas_y_Capital_de_Riesgo_15-03_10499/merged_results.json",
        "filtered": "crData/Alianzas_y_Capital_de_Riesgo_4489/Alianzas_y_Capital_de_Riesgo_15-03_10499/filtered_results.json",
        "final": "crData/Alianzas_y_Capital_de_Riesgo_4489/Alianzas_y_Capital_de_Riesgo_15-03_10499/final_results.json",
        "statistics": "crData/Alianzas_y_Capital_de_Riesgo_4489/Alianzas_y_Capital_de_Riesgo_15-03_10499/statistics_results.json"
      },
      "processing_time": 6.5893189907073975,
      "total_crossref": 297783,
      "crossref_percentage": 0.0010074450186881051
    },
    "15-04": {
      "tool_name": "Alianzas y Capital de Riesgo",
      "batch_id": "10580",
      "date": "15-04",
      "initial_count": 703,
      "filtered_count": 2,
      "final_count": 2,
      "duplicate_count": 0,
      "terms": {
        "“Strategic": 674,
        "Venture”": 36
      },
      "file_paths": {
        "base_folder": "crData/Alianzas_y_Capital_de_Riesgo_4489/Alianzas_y_Capital_de_Riesgo_15-04_10580",
        "term_results_folder": "crData/Alianzas_y_Capital_de_Riesgo_4489/Alianzas_y_Capital_de_Riesgo_15-04_10580/term_results",
        "merged": "crData/Alianzas_y_Capital_de_Riesgo_4489/Alianzas_y_Capital_de_Riesgo_15-04_10580/merged_results.json",
        "filtered": "crData/Alianzas_y_Capital_de_Riesgo_4489/Alianzas_y_Capital_de_Riesgo_15-04_10580/filtered_results.json",
        "final": "crData/Alianzas_y_Capital_de_Riesgo_4489/Alianzas_y_Capital_de_Riesgo_15-04_10580/final_results.json",
        "statistics": "crData/Alianzas_y_Capital_de_Riesgo_4489/Alianzas_y_Capital_de_Riesgo_15-04_10580/statistics_results.json"
      },
      "processing_time": 8.276395082473755,
      "total_crossref": 304667,
      "crossref_percentage": 0.000656454424010477
    },
    "15-05": {
      "tool_name": "Alianzas y Capital de Riesgo",
      "batch_id": "11078",
      "date": "15-05",
      "initial_count": 684,
      "filtered_count": 2,
      "final_count": 2,
      "duplicate_count": 0,
      "terms": {
        "“Strategic": 658,
        "Venture”": 28
      },
      "file_paths": {
        "base_folder": "crData/Alianzas_y_Capital_de_Riesgo_4489/Alianzas_y_Capital_de_Riesgo_15-05_11078",
        "term_results_folder": "crData/Alianzas_y_Capital_de_Riesgo_4489/Alianzas_y_Capital_de_Riesgo_15-05_11078/term_results",
        "merged": "crData/Alianzas_y_Capital_de_Riesgo_4489/Alianzas_y_Capital_de_Riesgo_15-05_11078/merged_results.json",
        "filtered": "crData/Alianzas_y_Capital_de_Riesgo_4489/Alianzas_y_Capital_de_Riesgo_15-05_11078/filtered_results.json",
        "final": "crData/Alianzas_y_Capital_de_Riesgo_4489/Alianzas_y_Capital_de_Riesgo_15-05_11078/final_results.json",
        "statistics": "crData/Alianzas_y_Capital_de_Riesgo_4489/Alianzas_y_Capital_de_Riesgo_15-05_11078/statistics_results.json"
      },
      "processing_time": 6.311400890350342,
      "total_crossref": 289086,
      "crossref_percentage": 0.0006918356475235743
    },
    "15-06": {
      "tool_name": "Alianzas y Capital de Riesgo",
      "batch_id": "11157",
      "date": "15-06",
      "initial_count": 777,
      "filtered_count": 5,
      "final_count": 5,
      "duplicate_count": 0,
      "terms": {
        "“Strategic": 745,
        "Venture”": 38
      },
      "file_paths": {
        "base_folder": "crData/Alianzas_y_Capital_de_Riesgo_4489/Alianzas_y_Capital_de_Riesgo_15-06_11157",
        "term_results_folder": "crData/Alianzas_y_Capital_de_Riesgo_4489/Alianzas_y_Capital_de_Riesgo_15-06_11157/term_results",
        "merged": "crData/Alianzas_y_Capital_de_Riesgo_4489/Alianzas_y_Capital_de_Riesgo_15-06_11157/merged_results.json",
        "filtered": "crData/Alianzas_y_Capital_de_Riesgo_4489/Alianzas_y_Capital_de_Riesgo_15-06_11157/filtered_results.json",
        "final": "crData/Alianzas_y_Capital_de_Riesgo_4489/Alianzas_y_Capital_de_Riesgo_15-06_11157/final_results.json",
        "statistics": "crData/Alianzas_y_Capital_de_Riesgo_4489/Alianzas_y_Capital_de_Riesgo_15-06_11157/statistics_results.json"
      },
      "processing_time": 8.488182783126831,
      "total_crossref": 332669,
      "crossref_percentage": 0.0015029954699716536
    },
    "15-07": {
      "tool_name": "Alianzas y Capital de Riesgo",
      "batch_id": "11257",
      "date": "15-07",
      "initial_count": 772,
      "filtered_count": 10,
      "final_count": 9,
      "duplicate_count": 0,
      "terms": {
        "“Strategic": 741,
        "Venture”": 36
      },
      "file_paths": {
        "base_folder": "crData/Alianzas_y_Capital_de_Riesgo_4489/Alianzas_y_Capital_de_Riesgo_15-07_11257",
        "term_results_folder": "crData/Alianzas_y_Capital_de_Riesgo_4489/Alianzas_y_Capital_de_Riesgo_15-07_11257/term_results",
        "merged": "crData/Alianzas_y_Capital_de_Riesgo_4489/Alianzas_y_Capital_de_Riesgo_15-07_11257/merged_results.json",
        "filtered": "crData/Alianzas_y_Capital_de_Riesgo_4489/Alianzas_y_Capital_de_Riesgo_15-07_11257/filtered_results.json",
        "final": "crData/Alianzas_y_Capital_de_Riesgo_4489/Alianzas_y_Capital_de_Riesgo_15-07_11257/final_results.json",
        "statistics": "crData/Alianzas_y_Capital_de_Riesgo_4489/Alianzas_y_Capital_de_Riesgo_15-07_11257/statistics_results.json"
      },
      "processing_time": 6.850701808929443,
      "total_crossref": 287389,
      "crossref_percentage": 0.003131643869459165
    },
    "15-08": {
      "tool_name": "Alianzas y Capital de Riesgo",
      "batch_id": "11340",
      "date": "15-08",
      "initial_count": 699,
      "filtered_count": 9,
      "final_count": 9,
      "duplicate_count": 0,
      "terms": {
        "“Strategic": 675,
        "Venture”": 26
      },
      "file_paths": {
        "base_folder": "crData/Alianzas_y_Capital_de_Riesgo_4489/Alianzas_y_Capital_de_Riesgo_15-08_11340",
        "term_results_folder": "crData/Alianzas_y_Capital_de_Riesgo_4489/Alianzas_y_Capital_de_Riesgo_15-08_11340/term_results",
        "merged": "crData/Alianzas_y_Capital_de_Riesgo_4489/Alianzas_y_Capital_de_Riesgo_15-08_11340/merged_results.json",
        "filtered": "crData/Alianzas_y_Capital_de_Riesgo_4489/Alianzas_y_Capital_de_Riesgo_15-08_11340/filtered_results.json",
        "final": "crData/Alianzas_y_Capital_de_Riesgo_4489/Alianzas_y_Capital_de_Riesgo_15-08_11340/final_results.json",
        "statistics": "crData/Alianzas_y_Capital_de_Riesgo_4489/Alianzas_y_Capital_de_Riesgo_15-08_11340/statistics_results.json"
      },
      "processing_time": 6.131565093994141,
      "total_crossref": 272170,
      "crossref_percentage": 0.0033067568064077597
    },
    "15-09": {
      "tool_name": "Alianzas y Capital de Riesgo",
      "batch_id": "11417",
      "date": "15-09",
      "initial_count": 756,
      "filtered_count": 5,
      "final_count": 4,
      "duplicate_count": 0,
      "terms": {
        "“Strategic": 709,
        "Venture”": 52
      },
      "file_paths": {
        "base_folder": "crData/Alianzas_y_Capital_de_Riesgo_4489/Alianzas_y_Capital_de_Riesgo_15-09_11417",
        "term_results_folder": "crData/Alianzas_y_Capital_de_Riesgo_4489/Alianzas_y_Capital_de_Riesgo_15-09_11417/term_results",
        "merged": "crData/Alianzas_y_Capital_de_Riesgo_4489/Alianzas_y_Capital_de_Riesgo_15-09_11417/merged_results.json",
        "filtered": "crData/Alianzas_y_Capital_de_Riesgo_4489/Alianzas_y_Capital_de_Riesgo_15-09_11417/filtered_results.json",
        "final": "crData/Alianzas_y_Capital_de_Riesgo_4489/Alianzas_y_Capital_de_Riesgo_15-09_11417/final_results.json",
        "statistics": "crData/Alianzas_y_Capital_de_Riesgo_4489/Alianzas_y_Capital_de_Riesgo_15-09_11417/statistics_results.json"
      },
      "processing_time": 5.78266716003418,
      "total_crossref": 340199,
      "crossref_percentage": 0.0011757824097072594
    },
    "15-10": {
      "tool_name": "Alianzas y Capital de Riesgo",
      "batch_id": "11490",
      "date": "15-10",
      "initial_count": 848,
      "filtered_count": 7,
      "final_count": 7,
      "duplicate_count": 0,
      "terms": {
        "“Strategic": 820,
        "Venture”": 39
      },
      "file_paths": {
        "base_folder": "crData/Alianzas_y_Capital_de_Riesgo_4489/Alianzas_y_Capital_de_Riesgo_15-10_11490",
        "term_results_folder": "crData/Alianzas_y_Capital_de_Riesgo_4489/Alianzas_y_Capital_de_Riesgo_15-10_11490/term_results",
        "merged": "crData/Alianzas_y_Capital_de_Riesgo_4489/Alianzas_y_Capital_de_Riesgo_15-10_11490/merged_results.json",
        "filtered": "crData/Alianzas_y_Capital_de_Riesgo_4489/Alianzas_y_Capital_de_Riesgo_15-10_11490/filtered_results.json",
        "final": "crData/Alianzas_y_Capital_de_Riesgo_4489/Alianzas_y_Capital_de_Riesgo_15-10_11490/final_results.json",
        "statistics": "crData/Alianzas_y_Capital_de_Riesgo_4489/Alianzas_y_Capital_de_Riesgo_15-10_11490/statistics_results.json"
      },
      "processing_time": 5.545866966247559,
      "total_crossref": 329870,
      "crossref_percentage": 0.002122048079546488
    },
    "15-11": {
      "tool_name": "Alianzas y Capital de Riesgo",
      "batch_id": "11560",
      "date": "15-11",
      "initial_count": 717,
      "filtered_count": 7,
      "final_count": 7,
      "duplicate_count": 0,
      "terms": {
        "“Strategic": 687,
        "Venture”": 33
      },
      "file_paths": {
        "base_folder": "crData/Alianzas_y_Capital_de_Riesgo_4489/Alianzas_y_Capital_de_Riesgo_15-11_11560",
        "term_results_folder": "crData/Alianzas_y_Capital_de_Riesgo_4489/Alianzas_y_Capital_de_Riesgo_15-11_11560/term_results",
        "merged": "crData/Alianzas_y_Capital_de_Riesgo_4489/Alianzas_y_Capital_de_Riesgo_15-11_11560/merged_results.json",
        "filtered": "crData/Alianzas_y_Capital_de_Riesgo_4489/Alianzas_y_Capital_de_Riesgo_15-11_11560/filtered_results.json",
        "final": "crData/Alianzas_y_Capital_de_Riesgo_4489/Alianzas_y_Capital_de_Riesgo_15-11_11560/final_results.json",
        "statistics": "crData/Alianzas_y_Capital_de_Riesgo_4489/Alianzas_y_Capital_de_Riesgo_15-11_11560/statistics_results.json"
      },
      "processing_time": 6.489313125610352,
      "total_crossref": 309898,
      "crossref_percentage": 0.002258807736739185
    },
    "15-12": {
      "tool_name": "Alianzas y Capital de Riesgo",
      "batch_id": "12040",
      "date": "15-12",
      "initial_count": 1042,
      "filtered_count": 1,
      "final_count": 1,
      "duplicate_count": 0,
      "terms": {
        "“Strategic": 976,
        "Venture”": 72
      },
      "file_paths": {
        "base_folder": "crData/Alianzas_y_Capital_de_Riesgo_4489/Alianzas_y_Capital_de_Riesgo_15-12_12040",
        "term_results_folder": "crData/Alianzas_y_Capital_de_Riesgo_4489/Alianzas_y_Capital_de_Riesgo_15-12_12040/term_results",
        "merged": "crData/Alianzas_y_Capital_de_Riesgo_4489/Alianzas_y_Capital_de_Riesgo_15-12_12040/merged_results.json",
        "filtered": "crData/Alianzas_y_Capital_de_Riesgo_4489/Alianzas_y_Capital_de_Riesgo_15-12_12040/filtered_results.json",
        "final": "crData/Alianzas_y_Capital_de_Riesgo_4489/Alianzas_y_Capital_de_Riesgo_15-12_12040/final_results.json",
        "statistics": "crData/Alianzas_y_Capital_de_Riesgo_4489/Alianzas_y_Capital_de_Riesgo_15-12_12040/statistics_results.json"
      },
      "processing_time": 6.101346015930176,
      "total_crossref": 451834,
      "crossref_percentage": 0.00022132021937260144
    }
  },
  "total_duplicates": 0,
  "monthly_files": {
    "15-01": {
      "base_folder": "crData/Alianzas_y_Capital_de_Riesgo_4489/Alianzas_y_Capital_de_Riesgo_15-01_10286",
      "term_results_folder": "crData/Alianzas_y_Capital_de_Riesgo_4489/Alianzas_y_Capital_de_Riesgo_15-01_10286/term_results",
      "merged": "crData/Alianzas_y_Capital_de_Riesgo_4489/Alianzas_y_Capital_de_Riesgo_15-01_10286/merged_results.json",
      "filtered": "crData/Alianzas_y_Capital_de_Riesgo_4489/Alianzas_y_Capital_de_Riesgo_15-01_10286/filtered_results.json",
      "final": "crData/Alianzas_y_Capital_de_Riesgo_4489/Alianzas_y_Capital_de_Riesgo_15-01_10286/final_results.json",
      "statistics": "crData/Alianzas_y_Capital_de_Riesgo_4489/Alianzas_y_Capital_de_Riesgo_15-01_10286/statistics_results.json"
    },
    "15-02": {
      "base_folder": "crData/Alianzas_y_Capital_de_Riesgo_4489/Alianzas_y_Capital_de_Riesgo_15-02_10421",
      "term_results_folder": "crData/Alianzas_y_Capital_de_Riesgo_4489/Alianzas_y_Capital_de_Riesgo_15-02_10421/term_results",
      "merged": "crData/Alianzas_y_Capital_de_Riesgo_4489/Alianzas_y_Capital_de_Riesgo_15-02_10421/merged_results.json",
      "filtered": "crData/Alianzas_y_Capital_de_Riesgo_4489/Alianzas_y_Capital_de_Riesgo_15-02_10421/filtered_results.json",
      "final": "crData/Alianzas_y_Capital_de_Riesgo_4489/Alianzas_y_Capital_de_Riesgo_15-02_10421/final_results.json",
      "statistics": "crData/Alianzas_y_Capital_de_Riesgo_4489/Alianzas_y_Capital_de_Riesgo_15-02_10421/statistics_results.json"
    },
    "15-03": {
      "base_folder": "crData/Alianzas_y_Capital_de_Riesgo_4489/Alianzas_y_Capital_de_Riesgo_15-03_10499",
      "term_results_folder": "crData/Alianzas_y_Capital_de_Riesgo_4489/Alianzas_y_Capital_de_Riesgo_15-03_10499/term_results",
      "merged": "crData/Alianzas_y_Capital_de_Riesgo_4489/Alianzas_y_Capital_de_Riesgo_15-03_10499/merged_results.json",
      "filtered": "crData/Alianzas_y_Capital_de_Riesgo_4489/Alianzas_y_Capital_de_Riesgo_15-03_10499/filtered_results.json",
      "final": "crData/Alianzas_y_Capital_de_Riesgo_4489/Alianzas_y_Capital_de_Riesgo_15-03_10499/final_results.json",
      "statistics": "crData/Alianzas_y_Capital_de_Riesgo_4489/Alianzas_y_Capital_de_Riesgo_15-03_10499/statistics_results.json"
    },
    "15-04": {
      "base_folder": "crData/Alianzas_y_Capital_de_Riesgo_4489/Alianzas_y_Capital_de_Riesgo_15-04_10580",
      "term_results_folder": "crData/Alianzas_y_Capital_de_Riesgo_4489/Alianzas_y_Capital_de_Riesgo_15-04_10580/term_results",
      "merged": "crData/Alianzas_y_Capital_de_Riesgo_4489/Alianzas_y_Capital_de_Riesgo_15-04_10580/merged_results.json",
      "filtered": "crData/Alianzas_y_Capital_de_Riesgo_4489/Alianzas_y_Capital_de_Riesgo_15-04_10580/filtered_results.json",
      "final": "crData/Alianzas_y_Capital_de_Riesgo_4489/Alianzas_y_Capital_de_Riesgo_15-04_10580/final_results.json",
      "statistics": "crData/Alianzas_y_Capital_de_Riesgo_4489/Alianzas_y_Capital_de_Riesgo_15-04_10580/statistics_results.json"
    },
    "15-05": {
      "base_folder": "crData/Alianzas_y_Capital_de_Riesgo_4489/Alianzas_y_Capital_de_Riesgo_15-05_11078",
      "term_results_folder": "crData/Alianzas_y_Capital_de_Riesgo_4489/Alianzas_y_Capital_de_Riesgo_15-05_11078/term_results",
      "merged": "crData/Alianzas_y_Capital_de_Riesgo_4489/Alianzas_y_Capital_de_Riesgo_15-05_11078/merged_results.json",
      "filtered": "crData/Alianzas_y_Capital_de_Riesgo_4489/Alianzas_y_Capital_de_Riesgo_15-05_11078/filtered_results.json",
      "final": "crData/Alianzas_y_Capital_de_Riesgo_4489/Alianzas_y_Capital_de_Riesgo_15-05_11078/final_results.json",
      "statistics": "crData/Alianzas_y_Capital_de_Riesgo_4489/Alianzas_y_Capital_de_Riesgo_15-05_11078/statistics_results.json"
    },
    "15-06": {
      "base_folder": "crData/Alianzas_y_Capital_de_Riesgo_4489/Alianzas_y_Capital_de_Riesgo_15-06_11157",
      "term_results_folder": "crData/Alianzas_y_Capital_de_Riesgo_4489/Alianzas_y_Capital_de_Riesgo_15-06_11157/term_results",
      "merged": "crData/Alianzas_y_Capital_de_Riesgo_4489/Alianzas_y_Capital_de_Riesgo_15-06_11157/merged_results.json",
      "filtered": "crData/Alianzas_y_Capital_de_Riesgo_4489/Alianzas_y_Capital_de_Riesgo_15-06_11157/filtered_results.json",
      "final": "crData/Alianzas_y_Capital_de_Riesgo_4489/Alianzas_y_Capital_de_Riesgo_15-06_11157/final_results.json",
      "statistics": "crData/Alianzas_y_Capital_de_Riesgo_4489/Alianzas_y_Capital_de_Riesgo_15-06_11157/statistics_results.json"
    },
    "15-07": {
      "base_folder": "crData/Alianzas_y_Capital_de_Riesgo_4489/Alianzas_y_Capital_de_Riesgo_15-07_11257",
      "term_results_folder": "crData/Alianzas_y_Capital_de_Riesgo_4489/Alianzas_y_Capital_de_Riesgo_15-07_11257/term_results",
      "merged": "crData/Alianzas_y_Capital_de_Riesgo_4489/Alianzas_y_Capital_de_Riesgo_15-07_11257/merged_results.json",
      "filtered": "crData/Alianzas_y_Capital_de_Riesgo_4489/Alianzas_y_Capital_de_Riesgo_15-07_11257/filtered_results.json",
      "final": "crData/Alianzas_y_Capital_de_Riesgo_4489/Alianzas_y_Capital_de_Riesgo_15-07_11257/final_results.json",
      "statistics": "crData/Alianzas_y_Capital_de_Riesgo_4489/Alianzas_y_Capital_de_Riesgo_15-07_11257/statistics_results.json"
    },
    "15-08": {
      "base_folder": "crData/Alianzas_y_Capital_de_Riesgo_4489/Alianzas_y_Capital_de_Riesgo_15-08_11340",
      "term_results_folder": "crData/Alianzas_y_Capital_de_Riesgo_4489/Alianzas_y_Capital_de_Riesgo_15-08_11340/term_results",
      "merged": "crData/Alianzas_y_Capital_de_Riesgo_4489/Alianzas_y_Capital_de_Riesgo_15-08_11340/merged_results.json",
      "filtered": "crData/Alianzas_y_Capital_de_Riesgo_4489/Alianzas_y_Capital_de_Riesgo_15-08_11340/filtered_results.json",
      "final": "crData/Alianzas_y_Capital_de_Riesgo_4489/Alianzas_y_Capital_de_Riesgo_15-08_11340/final_results.json",
      "statistics": "crData/Alianzas_y_Capital_de_Riesgo_4489/Alianzas_y_Capital_de_Riesgo_15-08_11340/statistics_results.json"
    },
    "15-09": {
      "base_folder": "crData/Alianzas_y_Capital_de_Riesgo_4489/Alianzas_y_Capital_de_Riesgo_15-09_11417",
      "term_results_folder": "crData/Alianzas_y_Capital_de_Riesgo_4489/Alianzas_y_Capital_de_Riesgo_15-09_11417/term_results",
      "merged": "crData/Alianzas_y_Capital_de_Riesgo_4489/Alianzas_y_Capital_de_Riesgo_15-09_11417/merged_results.json",
      "filtered": "crData/Alianzas_y_Capital_de_Riesgo_4489/Alianzas_y_Capital_de_Riesgo_15-09_11417/filtered_results.json",
      "final": "crData/Alianzas_y_Capital_de_Riesgo_4489/Alianzas_y_Capital_de_Riesgo_15-09_11417/final_results.json",
      "statistics": "crData/Alianzas_y_Capital_de_Riesgo_4489/Alianzas_y_Capital_de_Riesgo_15-09_11417/statistics_results.json"
    },
    "15-10": {
      "base_folder": "crData/Alianzas_y_Capital_de_Riesgo_4489/Alianzas_y_Capital_de_Riesgo_15-10_11490",
      "term_results_folder": "crData/Alianzas_y_Capital_de_Riesgo_4489/Alianzas_y_Capital_de_Riesgo_15-10_11490/term_results",
      "merged": "crData/Alianzas_y_Capital_de_Riesgo_4489/Alianzas_y_Capital_de_Riesgo_15-10_11490/merged_results.json",
      "filtered": "crData/Alianzas_y_Capital_de_Riesgo_4489/Alianzas_y_Capital_de_Riesgo_15-10_11490/filtered_results.json",
      "final": "crData/Alianzas_y_Capital_de_Riesgo_4489/Alianzas_y_Capital_de_Riesgo_15-10_11490/final_results.json",
      "statistics": "crData/Alianzas_y_Capital_de_Riesgo_4489/Alianzas_y_Capital_de_Riesgo_15-10_11490/statistics_results.json"
    },
    "15-11": {
      "base_folder": "crData/Alianzas_y_Capital_de_Riesgo_4489/Alianzas_y_Capital_de_Riesgo_15-11_11560",
      "term_results_folder": "crData/Alianzas_y_Capital_de_Riesgo_4489/Alianzas_y_Capital_de_Riesgo_15-11_11560/term_results",
      "merged": "crData/Alianzas_y_Capital_de_Riesgo_4489/Alianzas_y_Capital_de_Riesgo_15-11_11560/merged_results.json",
      "filtered": "crData/Alianzas_y_Capital_de_Riesgo_4489/Alianzas_y_Capital_de_Riesgo_15-11_11560/filtered_results.json",
      "final": "crData/Alianzas_y_Capital_de_Riesgo_4489/Alianzas_y_Capital_de_Riesgo_15-11_11560/final_results.json",
      "statistics": "crData/Alianzas_y_Capital_de_Riesgo_4489/Alianzas_y_Capital_de_Riesgo_15-11_11560/statistics_results.json"
    },
    "15-12": {
      "base_folder": "crData/Alianzas_y_Capital_de_Riesgo_4489/Alianzas_y_Capital_de_Riesgo_15-12_12040",
      "term_results_folder": "crData/Alianzas_y_Capital_de_Riesgo_4489/Alianzas_y_Capital_de_Riesgo_15-12_12040/term_results",
      "merged": "crData/Alianzas_y_Capital_de_Riesgo_4489/Alianzas_y_Capital_de_Riesgo_15-12_12040/merged_results.json",
      "filtered": "crData/Alianzas_y_Capital_de_Riesgo_4489/Alianzas_y_Capital_de_Riesgo_15-12_12040/filtered_results.json",
      "final": "crData/Alianzas_y_Capital_de_Riesgo_4489/Alianzas_y_Capital_de_Riesgo_15-12_12040/final_results.json",
      "statistics": "crData/Alianzas_y_Capital_de_Riesgo_4489/Alianzas_y_Capital_de_Riesgo_15-12_12040/statistics_results.json"
    }
  }
}