{
  "tool_name": "Alianzas y Capital de Riesgo",
  "year": "2012",
  "monthly_stats": {
    "12-01": {
      "tool_name": "Alianzas y Capital de Riesgo",
      "batch_id": "06060",
      "date": "12-01",
      "initial_count": 2710,
      "filtered_count": 26,
      "final_count": 26,
      "duplicate_count": 0,
      "terms": {
        "“Strategic": 2177,
        "Venture”": 536
      },
      "file_paths": {
        "base_folder": "crData/Alianzas_y_Capital_de_Riesgo_4489/Alianzas_y_Capital_de_Riesgo_12-01_06060",
        "term_results_folder": "crData/Alianzas_y_Capital_de_Riesgo_4489/Alianzas_y_Capital_de_Riesgo_12-01_06060/term_results",
        "merged": "crData/Alianzas_y_Capital_de_Riesgo_4489/Alianzas_y_Capital_de_Riesgo_12-01_06060/merged_results.json",
        "filtered": "crData/Alianzas_y_Capital_de_Riesgo_4489/Alianzas_y_Capital_de_Riesgo_12-01_06060/filtered_results.json",
        "final": "crData/Alianzas_y_Capital_de_Riesgo_4489/Alianzas_y_Capital_de_Riesgo_12-01_06060/final_results.json",
        "statistics": "crData/Alianzas_y_Capital_de_Riesgo_4489/Alianzas_y_Capital_de_Riesgo_12-01_06060/statistics_results.json"
      },
      "processing_time": 8.975324869155884,
      "total_crossref": 1051303,
      "crossref_percentage": 0.0024731214502384186
    },
    "12-02": {
      "tool_name": "Alianzas y Capital de Riesgo",
      "batch_id": "06165",
      "date": "12-02",
      "initial_count": 327,
      "filtered_count": 3,
      "final_count": 3,
      "duplicate_count": 0,
      "terms": {
        "“Strategic": 312,
        "Venture”": 17
      },
      "file_paths": {
        "base_folder": "crData/Alianzas_y_Capital_de_Riesgo_4489/Alianzas_y_Capital_de_Riesgo_12-02_06165",
        "term_results_folder": "crData/Alianzas_y_Capital_de_Riesgo_4489/Alianzas_y_Capital_de_Riesgo_12-02_06165/term_results",
        "merged": "crData/Alianzas_y_Capital_de_Riesgo_4489/Alianzas_y_Capital_de_Riesgo_12-02_06165/merged_results.json",
        "filtered": "crData/Alianzas_y_Capital_de_Riesgo_4489/Alianzas_y_Capital_de_Riesgo_12-02_06165/filtered_results.json",
        "final": "crData/Alianzas_y_Capital_de_Riesgo_4489/Alianzas_y_Capital_de_Riesgo_12-02_06165/final_results.json",
        "statistics": "crData/Alianzas_y_Capital_de_Riesgo_4489/Alianzas_y_Capital_de_Riesgo_12-02_06165/statistics_results.json"
      },
      "processing_time": 4.389342308044434,
      "total_crossref": 224089,
      "crossref_percentage": 0.0013387537987139039
    },
    "12-03": {
      "tool_name": "Alianzas y Capital de Riesgo",
      "batch_id": "06224",
      "date": "12-03",
      "initial_count": 419,
      "filtered_count": 6,
      "final_count": 6,
      "duplicate_count": 0,
      "terms": {
        "“Strategic": 395,
        "Venture”": 27
      },
      "file_paths": {
        "base_folder": "crData/Alianzas_y_Capital_de_Riesgo_4489/Alianzas_y_Capital_de_Riesgo_12-03_06224",
        "term_results_folder": "crData/Alianzas_y_Capital_de_Riesgo_4489/Alianzas_y_Capital_de_Riesgo_12-03_06224/term_results",
        "merged": "crData/Alianzas_y_Capital_de_Riesgo_4489/Alianzas_y_Capital_de_Riesgo_12-03_06224/merged_results.json",
        "filtered": "crData/Alianzas_y_Capital_de_Riesgo_4489/Alianzas_y_Capital_de_Riesgo_12-03_06224/filtered_results.json",
        "final": "crData/Alianzas_y_Capital_de_Riesgo_4489/Alianzas_y_Capital_de_Riesgo_12-03_06224/final_results.json",
        "statistics": "crData/Alianzas_y_Capital_de_Riesgo_4489/Alianzas_y_Capital_de_Riesgo_12-03_06224/statistics_results.json"
      },
      "processing_time": 4.418880939483643,
      "total_crossref": 267383,
      "crossref_percentage": 0.0022439721298661472
    },
    "12-04": {
      "tool_name": "Alianzas y Capital de Riesgo",
      "batch_id": "06283",
      "date": "12-04",
      "initial_count": 479,
      "filtered_count": 6,
      "final_count": 6,
      "duplicate_count": 0,
      "terms": {
        "“Strategic": 437,
        "Venture”": 45
      },
      "file_paths": {
        "base_folder": "crData/Alianzas_y_Capital_de_Riesgo_4489/Alianzas_y_Capital_de_Riesgo_12-04_06283",
        "term_results_folder": "crData/Alianzas_y_Capital_de_Riesgo_4489/Alianzas_y_Capital_de_Riesgo_12-04_06283/term_results",
        "merged": "crData/Alianzas_y_Capital_de_Riesgo_4489/Alianzas_y_Capital_de_Riesgo_12-04_06283/merged_results.json",
        "filtered": "crData/Alianzas_y_Capital_de_Riesgo_4489/Alianzas_y_Capital_de_Riesgo_12-04_06283/filtered_results.json",
        "final": "crData/Alianzas_y_Capital_de_Riesgo_4489/Alianzas_y_Capital_de_Riesgo_12-04_06283/final_results.json",
        "statistics": "crData/Alianzas_y_Capital_de_Riesgo_4489/Alianzas_y_Capital_de_Riesgo_12-04_06283/statistics_results.json"
      },
      "processing_time": 4.40954327583313,
      "total_crossref": 249667,
      "crossref_percentage": 0.0024032010638170044
    },
    "12-05": {
      "tool_name": "Alianzas y Capital de Riesgo",
      "batch_id": "06343",
      "date": "12-05",
      "initial_count": 409,
      "filtered_count": 4,
      "final_count": 4,
      "duplicate_count": 0,
      "terms": {
        "“Strategic": 390,
        "Venture”": 21
      },
      "file_paths": {
        "base_folder": "crData/Alianzas_y_Capital_de_Riesgo_4489/Alianzas_y_Capital_de_Riesgo_12-05_06343",
        "term_results_folder": "crData/Alianzas_y_Capital_de_Riesgo_4489/Alianzas_y_Capital_de_Riesgo_12-05_06343/term_results",
        "merged": "crData/Alianzas_y_Capital_de_Riesgo_4489/Alianzas_y_Capital_de_Riesgo_12-05_06343/merged_results.json",
        "filtered": "crData/Alianzas_y_Capital_de_Riesgo_4489/Alianzas_y_Capital_de_Riesgo_12-05_06343/filtered_results.json",
        "final": "crData/Alianzas_y_Capital_de_Riesgo_4489/Alianzas_y_Capital_de_Riesgo_12-05_06343/final_results.json",
        "statistics": "crData/Alianzas_y_Capital_de_Riesgo_4489/Alianzas_y_Capital_de_Riesgo_12-05_06343/statistics_results.json"
      },
      "processing_time": 5.550266981124878,
      "total_crossref": 269787,
      "crossref_percentage": 0.00148265112848284
    },
    "12-06": {
      "tool_name": "Alianzas y Capital de Riesgo",
      "batch_id": "06413",
      "date": "12-06",
      "initial_count": 472,
      "filtered_count": 6,
      "final_count": 5,
      "duplicate_count": 0,
      "terms": {
        "“Strategic": 443,
        "Venture”": 32
      },
      "file_paths": {
        "base_folder": "crData/Alianzas_y_Capital_de_Riesgo_4489/Alianzas_y_Capital_de_Riesgo_12-06_06413",
        "term_results_folder": "crData/Alianzas_y_Capital_de_Riesgo_4489/Alianzas_y_Capital_de_Riesgo_12-06_06413/term_results",
        "merged": "crData/Alianzas_y_Capital_de_Riesgo_4489/Alianzas_y_Capital_de_Riesgo_12-06_06413/merged_results.json",
        "filtered": "crData/Alianzas_y_Capital_de_Riesgo_4489/Alianzas_y_Capital_de_Riesgo_12-06_06413/filtered_results.json",
        "final": "crData/Alianzas_y_Capital_de_Riesgo_4489/Alianzas_y_Capital_de_Riesgo_12-06_06413/final_results.json",
        "statistics": "crData/Alianzas_y_Capital_de_Riesgo_4489/Alianzas_y_Capital_de_Riesgo_12-06_06413/statistics_results.json"
      },
      "processing_time": 5.277255058288574,
      "total_crossref": 285253,
      "crossref_percentage": 0.0017528299439444983
    },
    "12-07": {
      "tool_name": "Alianzas y Capital de Riesgo",
      "batch_id": "06481",
      "date": "12-07",
      "initial_count": 496,
      "filtered_count": 12,
      "final_count": 12,
      "duplicate_count": 0,
      "terms": {
        "“Strategic": 449,
        "Venture”": 50
      },
      "file_paths": {
        "base_folder": "crData/Alianzas_y_Capital_de_Riesgo_4489/Alianzas_y_Capital_de_Riesgo_12-07_06481",
        "term_results_folder": "crData/Alianzas_y_Capital_de_Riesgo_4489/Alianzas_y_Capital_de_Riesgo_12-07_06481/term_results",
        "merged": "crData/Alianzas_y_Capital_de_Riesgo_4489/Alianzas_y_Capital_de_Riesgo_12-07_06481/merged_results.json",
        "filtered": "crData/Alianzas_y_Capital_de_Riesgo_4489/Alianzas_y_Capital_de_Riesgo_12-07_06481/filtered_results.json",
        "final": "crData/Alianzas_y_Capital_de_Riesgo_4489/Alianzas_y_Capital_de_Riesgo_12-07_06481/final_results.json",
        "statistics": "crData/Alianzas_y_Capital_de_Riesgo_4489/Alianzas_y_Capital_de_Riesgo_12-07_06481/statistics_results.json"
      },
      "processing_time": 4.4797749519348145,
      "total_crossref": 252456,
      "crossref_percentage": 0.004753303545964445
    },
    "12-08": {
      "tool_name": "Alianzas y Capital de Riesgo",
      "batch_id": "06541",
      "date": "12-08",
      "initial_count": 547,
      "filtered_count": 5,
      "final_count": 5,
      "duplicate_count": 0,
      "terms": {
        "“Strategic": 528,
        "Venture”": 21
      },
      "file_paths": {
        "base_folder": "crData/Alianzas_y_Capital_de_Riesgo_4489/Alianzas_y_Capital_de_Riesgo_12-08_06541",
        "term_results_folder": "crData/Alianzas_y_Capital_de_Riesgo_4489/Alianzas_y_Capital_de_Riesgo_12-08_06541/term_results",
        "merged": "crData/Alianzas_y_Capital_de_Riesgo_4489/Alianzas_y_Capital_de_Riesgo_12-08_06541/merged_results.json",
        "filtered": "crData/Alianzas_y_Capital_de_Riesgo_4489/Alianzas_y_Capital_de_Riesgo_12-08_06541/filtered_results.json",
        "final": "crData/Alianzas_y_Capital_de_Riesgo_4489/Alianzas_y_Capital_de_Riesgo_12-08_06541/final_results.json",
        "statistics": "crData/Alianzas_y_Capital_de_Riesgo_4489/Alianzas_y_Capital_de_Riesgo_12-08_06541/statistics_results.json"
      },
      "processing_time": 5.6413469314575195,
      "total_crossref": 228718,
      "crossref_percentage": 0.002186098164551981
    },
    "12-09": {
      "tool_name": "Alianzas y Capital de Riesgo",
      "batch_id": "07012",
      "date": "12-09",
      "initial_count": 845,
      "filtered_count": 4,
      "final_count": 4,
      "duplicate_count": 0,
      "terms": {
        "“Strategic": 784,
        "Venture”": 64
      },
      "file_paths": {
        "base_folder": "crData/Alianzas_y_Capital_de_Riesgo_4489/Alianzas_y_Capital_de_Riesgo_12-09_07012",
        "term_results_folder": "crData/Alianzas_y_Capital_de_Riesgo_4489/Alianzas_y_Capital_de_Riesgo_12-09_07012/term_results",
        "merged": "crData/Alianzas_y_Capital_de_Riesgo_4489/Alianzas_y_Capital_de_Riesgo_12-09_07012/merged_results.json",
        "filtered": "crData/Alianzas_y_Capital_de_Riesgo_4489/Alianzas_y_Capital_de_Riesgo_12-09_07012/filtered_results.json",
        "final": "crData/Alianzas_y_Capital_de_Riesgo_4489/Alianzas_y_Capital_de_Riesgo_12-09_07012/final_results.json",
        "statistics": "crData/Alianzas_y_Capital_de_Riesgo_4489/Alianzas_y_Capital_de_Riesgo_12-09_07012/statistics_results.json"
      },
      "processing_time": 7.085770130157471,
      "total_crossref": 281840,
      "crossref_percentage": 0.001419244961680386
    },
    "12-10": {
      "tool_name": "Alianzas y Capital de Riesgo",
      "batch_id": "07098",
      "date": "12-10",
      "initial_count": 487,
      "filtered_count": 6,
      "final_count": 6,
      "duplicate_count": 0,
      "terms": {
        "“Strategic": 436,
        "Venture”": 54
      },
      "file_paths": {
        "base_folder": "crData/Alianzas_y_Capital_de_Riesgo_4489/Alianzas_y_Capital_de_Riesgo_12-10_07098",
        "term_results_folder": "crData/Alianzas_y_Capital_de_Riesgo_4489/Alianzas_y_Capital_de_Riesgo_12-10_07098/term_results",
        "merged": "crData/Alianzas_y_Capital_de_Riesgo_4489/Alianzas_y_Capital_de_Riesgo_12-10_07098/merged_results.json",
        "filtered": "crData/Alianzas_y_Capital_de_Riesgo_4489/Alianzas_y_Capital_de_Riesgo_12-10_07098/filtered_results.json",
        "final": "crData/Alianzas_y_Capital_de_Riesgo_4489/Alianzas_y_Capital_de_Riesgo_12-10_07098/final_results.json",
        "statistics": "crData/Alianzas_y_Capital_de_Riesgo_4489/Alianzas_y_Capital_de_Riesgo_12-10_07098/statistics_results.json"
      },
      "processing_time": 5.2618749141693115,
      "total_crossref": 313635,
      "crossref_percentage": 0.0019130517958773734
    },
    "12-11": {
      "tool_name": "Alianzas y Capital de Riesgo",
      "batch_id": "07166",
      "date": "12-11",
      "initial_count": 506,
      "filtered_count": 6,
      "final_count": 6,
      "duplicate_count": 0,
      "terms": {
        "“Strategic": 459,
        "Venture”": 51
      },
      "file_paths": {
        "base_folder": "crData/Alianzas_y_Capital_de_Riesgo_4489/Alianzas_y_Capital_de_Riesgo_12-11_07166",
        "term_results_folder": "crData/Alianzas_y_Capital_de_Riesgo_4489/Alianzas_y_Capital_de_Riesgo_12-11_07166/term_results",
        "merged": "crData/Alianzas_y_Capital_de_Riesgo_4489/Alianzas_y_Capital_de_Riesgo_12-11_07166/merged_results.json",
        "filtered": "crData/Alianzas_y_Capital_de_Riesgo_4489/Alianzas_y_Capital_de_Riesgo_12-11_07166/filtered_results.json",
        "final": "crData/Alianzas_y_Capital_de_Riesgo_4489/Alianzas_y_Capital_de_Riesgo_12-11_07166/final_results.json",
        "statistics": "crData/Alianzas_y_Capital_de_Riesgo_4489/Alianzas_y_Capital_de_Riesgo_12-11_07166/statistics_results.json"
      },
      "processing_time": 3.6725618839263916,
      "total_crossref": 283663,
      "crossref_percentage": 0.0021151859777270915
    },
    "12-12": {
      "tool_name": "Alianzas y Capital de Riesgo",
      "batch_id": "07218",
      "date": "12-12",
      "initial_count": 485,
      "filtered_count": 2,
      "final_count": 2,
      "duplicate_count": 0,
      "terms": {
        "“Strategic": 447,
        "Venture”": 43
      },
      "file_paths": {
        "base_folder": "crData/Alianzas_y_Capital_de_Riesgo_4489/Alianzas_y_Capital_de_Riesgo_12-12_07218",
        "term_results_folder": "crData/Alianzas_y_Capital_de_Riesgo_4489/Alianzas_y_Capital_de_Riesgo_12-12_07218/term_results",
        "merged": "crData/Alianzas_y_Capital_de_Riesgo_4489/Alianzas_y_Capital_de_Riesgo_12-12_07218/merged_results.json",
        "filtered": "crData/Alianzas_y_Capital_de_Riesgo_4489/Alianzas_y_Capital_de_Riesgo_12-12_07218/filtered_results.json",
        "final": "crData/Alianzas_y_Capital_de_Riesgo_4489/Alianzas_y_Capital_de_Riesgo_12-12_07218/final_results.json",
        "statistics": "crData/Alianzas_y_Capital_de_Riesgo_4489/Alianzas_y_Capital_de_Riesgo_12-12_07218/statistics_results.json"
      },
      "processing_time": 4.936131238937378,
      "total_crossref": 347500,
      "crossref_percentage": 0.0005755395683453237
    }
  },
  "total_duplicates": 0,
  "monthly_files": {
    "12-01": {
      "base_folder": "crData/Alianzas_y_Capital_de_Riesgo_4489/Alianzas_y_Capital_de_Riesgo_12-01_06060",
      "term_results_folder": "crData/Alianzas_y_Capital_de_Riesgo_4489/Alianzas_y_Capital_de_Riesgo_12-01_06060/term_results",
      "merged": "crData/Alianzas_y_Capital_de_Riesgo_4489/Alianzas_y_Capital_de_Riesgo_12-01_06060/merged_results.json",
      "filtered": "crData/Alianzas_y_Capital_de_Riesgo_4489/Alianzas_y_Capital_de_Riesgo_12-01_06060/filtered_results.json",
      "final": "crData/Alianzas_y_Capital_de_Riesgo_4489/Alianzas_y_Capital_de_Riesgo_12-01_06060/final_results.json",
      "statistics": "crData/Alianzas_y_Capital_de_Riesgo_4489/Alianzas_y_Capital_de_Riesgo_12-01_06060/statistics_results.json"
    },
    "12-02": {
      "base_folder": "crData/Alianzas_y_Capital_de_Riesgo_4489/Alianzas_y_Capital_de_Riesgo_12-02_06165",
      "term_results_folder": "crData/Alianzas_y_Capital_de_Riesgo_4489/Alianzas_y_Capital_de_Riesgo_12-02_06165/term_results",
      "merged": "crData/Alianzas_y_Capital_de_Riesgo_4489/Alianzas_y_Capital_de_Riesgo_12-02_06165/merged_results.json",
      "filtered": "crData/Alianzas_y_Capital_de_Riesgo_4489/Alianzas_y_Capital_de_Riesgo_12-02_06165/filtered_results.json",
      "final": "crData/Alianzas_y_Capital_de_Riesgo_4489/Alianzas_y_Capital_de_Riesgo_12-02_06165/final_results.json",
      "statistics": "crData/Alianzas_y_Capital_de_Riesgo_4489/Alianzas_y_Capital_de_Riesgo_12-02_06165/statistics_results.json"
    },
    "12-03": {
      "base_folder": "crData/Alianzas_y_Capital_de_Riesgo_4489/Alianzas_y_Capital_de_Riesgo_12-03_06224",
      "term_results_folder": "crData/Alianzas_y_Capital_de_Riesgo_4489/Alianzas_y_Capital_de_Riesgo_12-03_06224/term_results",
      "merged": "crData/Alianzas_y_Capital_de_Riesgo_4489/Alianzas_y_Capital_de_Riesgo_12-03_06224/merged_results.json",
      "filtered": "crData/Alianzas_y_Capital_de_Riesgo_4489/Alianzas_y_Capital_de_Riesgo_12-03_06224/filtered_results.json",
      "final": "crData/Alianzas_y_Capital_de_Riesgo_4489/Alianzas_y_Capital_de_Riesgo_12-03_06224/final_results.json",
      "statistics": "crData/Alianzas_y_Capital_de_Riesgo_4489/Alianzas_y_Capital_de_Riesgo_12-03_06224/statistics_results.json"
    },
    "12-04": {
      "base_folder": "crData/Alianzas_y_Capital_de_Riesgo_4489/Alianzas_y_Capital_de_Riesgo_12-04_06283",
      "term_results_folder": "crData/Alianzas_y_Capital_de_Riesgo_4489/Alianzas_y_Capital_de_Riesgo_12-04_06283/term_results",
      "merged": "crData/Alianzas_y_Capital_de_Riesgo_4489/Alianzas_y_Capital_de_Riesgo_12-04_06283/merged_results.json",
      "filtered": "crData/Alianzas_y_Capital_de_Riesgo_4489/Alianzas_y_Capital_de_Riesgo_12-04_06283/filtered_results.json",
      "final": "crData/Alianzas_y_Capital_de_Riesgo_4489/Alianzas_y_Capital_de_Riesgo_12-04_06283/final_results.json",
      "statistics": "crData/Alianzas_y_Capital_de_Riesgo_4489/Alianzas_y_Capital_de_Riesgo_12-04_06283/statistics_results.json"
    },
    "12-05": {
      "base_folder": "crData/Alianzas_y_Capital_de_Riesgo_4489/Alianzas_y_Capital_de_Riesgo_12-05_06343",
      "term_results_folder": "crData/Alianzas_y_Capital_de_Riesgo_4489/Alianzas_y_Capital_de_Riesgo_12-05_06343/term_results",
      "merged": "crData/Alianzas_y_Capital_de_Riesgo_4489/Alianzas_y_Capital_de_Riesgo_12-05_06343/merged_results.json",
      "filtered": "crData/Alianzas_y_Capital_de_Riesgo_4489/Alianzas_y_Capital_de_Riesgo_12-05_06343/filtered_results.json",
      "final": "crData/Alianzas_y_Capital_de_Riesgo_4489/Alianzas_y_Capital_de_Riesgo_12-05_06343/final_results.json",
      "statistics": "crData/Alianzas_y_Capital_de_Riesgo_4489/Alianzas_y_Capital_de_Riesgo_12-05_06343/statistics_results.json"
    },
    "12-06": {
      "base_folder": "crData/Alianzas_y_Capital_de_Riesgo_4489/Alianzas_y_Capital_de_Riesgo_12-06_06413",
      "term_results_folder": "crData/Alianzas_y_Capital_de_Riesgo_4489/Alianzas_y_Capital_de_Riesgo_12-06_06413/term_results",
      "merged": "crData/Alianzas_y_Capital_de_Riesgo_4489/Alianzas_y_Capital_de_Riesgo_12-06_06413/merged_results.json",
      "filtered": "crData/Alianzas_y_Capital_de_Riesgo_4489/Alianzas_y_Capital_de_Riesgo_12-06_06413/filtered_results.json",
      "final": "crData/Alianzas_y_Capital_de_Riesgo_4489/Alianzas_y_Capital_de_Riesgo_12-06_06413/final_results.json",
      "statistics": "crData/Alianzas_y_Capital_de_Riesgo_4489/Alianzas_y_Capital_de_Riesgo_12-06_06413/statistics_results.json"
    },
    "12-07": {
      "base_folder": "crData/Alianzas_y_Capital_de_Riesgo_4489/Alianzas_y_Capital_de_Riesgo_12-07_06481",
      "term_results_folder": "crData/Alianzas_y_Capital_de_Riesgo_4489/Alianzas_y_Capital_de_Riesgo_12-07_06481/term_results",
      "merged": "crData/Alianzas_y_Capital_de_Riesgo_4489/Alianzas_y_Capital_de_Riesgo_12-07_06481/merged_results.json",
      "filtered": "crData/Alianzas_y_Capital_de_Riesgo_4489/Alianzas_y_Capital_de_Riesgo_12-07_06481/filtered_results.json",
      "final": "crData/Alianzas_y_Capital_de_Riesgo_4489/Alianzas_y_Capital_de_Riesgo_12-07_06481/final_results.json",
      "statistics": "crData/Alianzas_y_Capital_de_Riesgo_4489/Alianzas_y_Capital_de_Riesgo_12-07_06481/statistics_results.json"
    },
    "12-08": {
      "base_folder": "crData/Alianzas_y_Capital_de_Riesgo_4489/Alianzas_y_Capital_de_Riesgo_12-08_06541",
      "term_results_folder": "crData/Alianzas_y_Capital_de_Riesgo_4489/Alianzas_y_Capital_de_Riesgo_12-08_06541/term_results",
      "merged": "crData/Alianzas_y_Capital_de_Riesgo_4489/Alianzas_y_Capital_de_Riesgo_12-08_06541/merged_results.json",
      "filtered": "crData/Alianzas_y_Capital_de_Riesgo_4489/Alianzas_y_Capital_de_Riesgo_12-08_06541/filtered_results.json",
      "final": "crData/Alianzas_y_Capital_de_Riesgo_4489/Alianzas_y_Capital_de_Riesgo_12-08_06541/final_results.json",
      "statistics": "crData/Alianzas_y_Capital_de_Riesgo_4489/Alianzas_y_Capital_de_Riesgo_12-08_06541/statistics_results.json"
    },
    "12-09": {
      "base_folder": "crData/Alianzas_y_Capital_de_Riesgo_4489/Alianzas_y_Capital_de_Riesgo_12-09_07012",
      "term_results_folder": "crData/Alianzas_y_Capital_de_Riesgo_4489/Alianzas_y_Capital_de_Riesgo_12-09_07012/term_results",
      "merged": "crData/Alianzas_y_Capital_de_Riesgo_4489/Alianzas_y_Capital_de_Riesgo_12-09_07012/merged_results.json",
      "filtered": "crData/Alianzas_y_Capital_de_Riesgo_4489/Alianzas_y_Capital_de_Riesgo_12-09_07012/filtered_results.json",
      "final": "crData/Alianzas_y_Capital_de_Riesgo_4489/Alianzas_y_Capital_de_Riesgo_12-09_07012/final_results.json",
      "statistics": "crData/Alianzas_y_Capital_de_Riesgo_4489/Alianzas_y_Capital_de_Riesgo_12-09_07012/statistics_results.json"
    },
    "12-10": {
      "base_folder": "crData/Alianzas_y_Capital_de_Riesgo_4489/Alianzas_y_Capital_de_Riesgo_12-10_07098",
      "term_results_folder": "crData/Alianzas_y_Capital_de_Riesgo_4489/Alianzas_y_Capital_de_Riesgo_12-10_07098/term_results",
      "merged": "crData/Alianzas_y_Capital_de_Riesgo_4489/Alianzas_y_Capital_de_Riesgo_12-10_07098/merged_results.json",
      "filtered": "crData/Alianzas_y_Capital_de_Riesgo_4489/Alianzas_y_Capital_de_Riesgo_12-10_07098/filtered_results.json",
      "final": "crData/Alianzas_y_Capital_de_Riesgo_4489/Alianzas_y_Capital_de_Riesgo_12-10_07098/final_results.json",
      "statistics": "crData/Alianzas_y_Capital_de_Riesgo_4489/Alianzas_y_Capital_de_Riesgo_12-10_07098/statistics_results.json"
    },
    "12-11": {
      "base_folder": "crData/Alianzas_y_Capital_de_Riesgo_4489/Alianzas_y_Capital_de_Riesgo_12-11_07166",
      "term_results_folder": "crData/Alianzas_y_Capital_de_Riesgo_4489/Alianzas_y_Capital_de_Riesgo_12-11_07166/term_results",
      "merged": "crData/Alianzas_y_Capital_de_Riesgo_4489/Alianzas_y_Capital_de_Riesgo_12-11_07166/merged_results.json",
      "filtered": "crData/Alianzas_y_Capital_de_Riesgo_4489/Alianzas_y_Capital_de_Riesgo_12-11_07166/filtered_results.json",
      "final": "crData/Alianzas_y_Capital_de_Riesgo_4489/Alianzas_y_Capital_de_Riesgo_12-11_07166/final_results.json",
      "statistics": "crData/Alianzas_y_Capital_de_Riesgo_4489/Alianzas_y_Capital_de_Riesgo_12-11_07166/statistics_results.json"
    },
    "12-12": {
      "base_folder": "crData/Alianzas_y_Capital_de_Riesgo_4489/Alianzas_y_Capital_de_Riesgo_12-12_07218",
      "term_results_folder": "crData/Alianzas_y_Capital_de_Riesgo_4489/Alianzas_y_Capital_de_Riesgo_12-12_07218/term_results",
      "merged": "crData/Alianzas_y_Capital_de_Riesgo_4489/Alianzas_y_Capital_de_Riesgo_12-12_07218/merged_results.json",
      "filtered": "crData/Alianzas_y_Capital_de_Riesgo_4489/Alianzas_y_Capital_de_Riesgo_12-12_07218/filtered_results.json",
      "final": "crData/Alianzas_y_Capital_de_Riesgo_4489/Alianzas_y_Capital_de_Riesgo_12-12_07218/final_results.json",
      "statistics": "crData/Alianzas_y_Capital_de_Riesgo_4489/Alianzas_y_Capital_de_Riesgo_12-12_07218/statistics_results.json"
    }
  }
}