{
  "tool_name": "Alianzas y Capital de Riesgo",
  "year": "1987",
  "monthly_stats": {
    "87-01": {
      "tool_name": "Alianzas y Capital de Riesgo",
      "batch_id": "38504",
      "date": "87-01",
      "initial_count": 305,
      "filtered_count": 2,
      "final_count": 2,
      "duplicate_count": 0,
      "terms": {
        "“Strategic": 290,
        "Venture”": 16
      },
      "file_paths": {
        "base_folder": "crData/Alianzas_y_Capital_de_Riesgo_4489/Alianzas_y_Capital_de_Riesgo_87-01_38504",
        "term_results_folder": "crData/Alianzas_y_Capital_de_Riesgo_4489/Alianzas_y_Capital_de_Riesgo_87-01_38504/term_results",
        "merged": "crData/Alianzas_y_Capital_de_Riesgo_4489/Alianzas_y_Capital_de_Riesgo_87-01_38504/merged_results.json",
        "filtered": "crData/Alianzas_y_Capital_de_Riesgo_4489/Alianzas_y_Capital_de_Riesgo_87-01_38504/filtered_results.json",
        "final": "crData/Alianzas_y_Capital_de_Riesgo_4489/Alianzas_y_Capital_de_Riesgo_87-01_38504/final_results.json",
        "statistics": "crData/Alianzas_y_Capital_de_Riesgo_4489/Alianzas_y_Capital_de_Riesgo_87-01_38504/statistics_results.json"
      },
      "processing_time": 5.100576162338257,
      "total_crossref": 363762,
      "crossref_percentage": 0.000549810040630962
    },
    "87-02": {
      "tool_name": "Alianzas y Capital de Riesgo",
      "batch_id": "38570",
      "date": "87-02",
      "initial_count": 28,
      "filtered_count": 0,
      "final_count": 0,
      "duplicate_count": 0,
      "terms": {
        "“Strategic": 27,
        "Venture”": 1
      },
      "file_paths": {
        "base_folder": "crData/Alianzas_y_Capital_de_Riesgo_4489/Alianzas_y_Capital_de_Riesgo_87-02_38570",
        "term_results_folder": "crData/Alianzas_y_Capital_de_Riesgo_4489/Alianzas_y_Capital_de_Riesgo_87-02_38570/term_results",
        "merged": "crData/Alianzas_y_Capital_de_Riesgo_4489/Alianzas_y_Capital_de_Riesgo_87-02_38570/merged_results.json",
        "filtered": "crData/Alianzas_y_Capital_de_Riesgo_4489/Alianzas_y_Capital_de_Riesgo_87-02_38570/filtered_results.json",
        "final": "crData/Alianzas_y_Capital_de_Riesgo_4489/Alianzas_y_Capital_de_Riesgo_87-02_38570/final_results.json",
        "statistics": "crData/Alianzas_y_Capital_de_Riesgo_4489/Alianzas_y_Capital_de_Riesgo_87-02_38570/statistics_results.json"
      },
      "processing_time": 2.0002939701080322,
      "total_crossref": 47510,
      "crossref_percentage": 0.0
    },
    "87-03": {
      "tool_name": "Alianzas y Capital de Riesgo",
      "batch_id": "39005",
      "date": "87-03",
      "initial_count": 82,
      "filtered_count": 0,
      "final_count": 0,
      "duplicate_count": 0,
      "terms": {
        "“Strategic": 76,
        "Venture”": 7
      },
      "file_paths": {
        "base_folder": "crData/Alianzas_y_Capital_de_Riesgo_4489/Alianzas_y_Capital_de_Riesgo_87-03_39005",
        "term_results_folder": "crData/Alianzas_y_Capital_de_Riesgo_4489/Alianzas_y_Capital_de_Riesgo_87-03_39005/term_results",
        "merged": "crData/Alianzas_y_Capital_de_Riesgo_4489/Alianzas_y_Capital_de_Riesgo_87-03_39005/merged_results.json",
        "filtered": "crData/Alianzas_y_Capital_de_Riesgo_4489/Alianzas_y_Capital_de_Riesgo_87-03_39005/filtered_results.json",
        "final": "crData/Alianzas_y_Capital_de_Riesgo_4489/Alianzas_y_Capital_de_Riesgo_87-03_39005/final_results.json",
        "statistics": "crData/Alianzas_y_Capital_de_Riesgo_4489/Alianzas_y_Capital_de_Riesgo_87-03_39005/statistics_results.json"
      },
      "processing_time": 3.3304200172424316,
      "total_crossref": 61932,
      "crossref_percentage": 0.0
    },
    "87-04": {
      "tool_name": "Alianzas y Capital de Riesgo",
      "batch_id": "39054",
      "date": "87-04",
      "initial_count": 48,
      "filtered_count": 0,
      "final_count": 0,
      "duplicate_count": 0,
      "terms": {
        "“Strategic": 46,
        "Venture”": 2
      },
      "file_paths": {
        "base_folder": "crData/Alianzas_y_Capital_de_Riesgo_4489/Alianzas_y_Capital_de_Riesgo_87-04_39054",
        "term_results_folder": "crData/Alianzas_y_Capital_de_Riesgo_4489/Alianzas_y_Capital_de_Riesgo_87-04_39054/term_results",
        "merged": "crData/Alianzas_y_Capital_de_Riesgo_4489/Alianzas_y_Capital_de_Riesgo_87-04_39054/merged_results.json",
        "filtered": "crData/Alianzas_y_Capital_de_Riesgo_4489/Alianzas_y_Capital_de_Riesgo_87-04_39054/filtered_results.json",
        "final": "crData/Alianzas_y_Capital_de_Riesgo_4489/Alianzas_y_Capital_de_Riesgo_87-04_39054/final_results.json",
        "statistics": "crData/Alianzas_y_Capital_de_Riesgo_4489/Alianzas_y_Capital_de_Riesgo_87-04_39054/statistics_results.json"
      },
      "processing_time": 2.7431209087371826,
      "total_crossref": 55149,
      "crossref_percentage": 0.0
    },
    "87-05": {
      "tool_name": "Alianzas y Capital de Riesgo",
      "batch_id": "39096",
      "date": "87-05",
      "initial_count": 26,
      "filtered_count": 0,
      "final_count": 0,
      "duplicate_count": 0,
      "terms": {
        "“Strategic": 23,
        "Venture”": 4
      },
      "file_paths": {
        "base_folder": "crData/Alianzas_y_Capital_de_Riesgo_4489/Alianzas_y_Capital_de_Riesgo_87-05_39096",
        "term_results_folder": "crData/Alianzas_y_Capital_de_Riesgo_4489/Alianzas_y_Capital_de_Riesgo_87-05_39096/term_results",
        "merged": "crData/Alianzas_y_Capital_de_Riesgo_4489/Alianzas_y_Capital_de_Riesgo_87-05_39096/merged_results.json",
        "filtered": "crData/Alianzas_y_Capital_de_Riesgo_4489/Alianzas_y_Capital_de_Riesgo_87-05_39096/filtered_results.json",
        "final": "crData/Alianzas_y_Capital_de_Riesgo_4489/Alianzas_y_Capital_de_Riesgo_87-05_39096/final_results.json",
        "statistics": "crData/Alianzas_y_Capital_de_Riesgo_4489/Alianzas_y_Capital_de_Riesgo_87-05_39096/statistics_results.json"
      },
      "processing_time": 2.576685905456543,
      "total_crossref": 49035,
      "crossref_percentage": 0.0
    },
    "87-06": {
      "tool_name": "Alianzas y Capital de Riesgo",
      "batch_id": "39137",
      "date": "87-06",
      "initial_count": 60,
      "filtered_count": 0,
      "final_count": 0,
      "duplicate_count": 0,
      "terms": {
        "“Strategic": 53,
        "Venture”": 7
      },
      "file_paths": {
        "base_folder": "crData/Alianzas_y_Capital_de_Riesgo_4489/Alianzas_y_Capital_de_Riesgo_87-06_39137",
        "term_results_folder": "crData/Alianzas_y_Capital_de_Riesgo_4489/Alianzas_y_Capital_de_Riesgo_87-06_39137/term_results",
        "merged": "crData/Alianzas_y_Capital_de_Riesgo_4489/Alianzas_y_Capital_de_Riesgo_87-06_39137/merged_results.json",
        "filtered": "crData/Alianzas_y_Capital_de_Riesgo_4489/Alianzas_y_Capital_de_Riesgo_87-06_39137/filtered_results.json",
        "final": "crData/Alianzas_y_Capital_de_Riesgo_4489/Alianzas_y_Capital_de_Riesgo_87-06_39137/final_results.json",
        "statistics": "crData/Alianzas_y_Capital_de_Riesgo_4489/Alianzas_y_Capital_de_Riesgo_87-06_39137/statistics_results.json"
      },
      "processing_time": 2.487549304962158,
      "total_crossref": 60076,
      "crossref_percentage": 0.0
    },
    "87-07": {
      "tool_name": "Alianzas y Capital de Riesgo",
      "batch_id": "39177",
      "date": "87-07",
      "initial_count": 44,
      "filtered_count": 0,
      "final_count": 0,
      "duplicate_count": 0,
      "terms": {
        "“Strategic": 40,
        "Venture”": 5
      },
      "file_paths": {
        "base_folder": "crData/Alianzas_y_Capital_de_Riesgo_4489/Alianzas_y_Capital_de_Riesgo_87-07_39177",
        "term_results_folder": "crData/Alianzas_y_Capital_de_Riesgo_4489/Alianzas_y_Capital_de_Riesgo_87-07_39177/term_results",
        "merged": "crData/Alianzas_y_Capital_de_Riesgo_4489/Alianzas_y_Capital_de_Riesgo_87-07_39177/merged_results.json",
        "filtered": "crData/Alianzas_y_Capital_de_Riesgo_4489/Alianzas_y_Capital_de_Riesgo_87-07_39177/filtered_results.json",
        "final": "crData/Alianzas_y_Capital_de_Riesgo_4489/Alianzas_y_Capital_de_Riesgo_87-07_39177/final_results.json",
        "statistics": "crData/Alianzas_y_Capital_de_Riesgo_4489/Alianzas_y_Capital_de_Riesgo_87-07_39177/statistics_results.json"
      },
      "processing_time": 3.7433488368988037,
      "total_crossref": 52661,
      "crossref_percentage": 0.0
    },
    "87-08": {
      "tool_name": "Alianzas y Capital de Riesgo",
      "batch_id": "39230",
      "date": "87-08",
      "initial_count": 32,
      "filtered_count": 0,
      "final_count": 0,
      "duplicate_count": 0,
      "terms": {
        "“Strategic": 31,
        "Venture”": 1
      },
      "file_paths": {
        "base_folder": "crData/Alianzas_y_Capital_de_Riesgo_4489/Alianzas_y_Capital_de_Riesgo_87-08_39230",
        "term_results_folder": "crData/Alianzas_y_Capital_de_Riesgo_4489/Alianzas_y_Capital_de_Riesgo_87-08_39230/term_results",
        "merged": "crData/Alianzas_y_Capital_de_Riesgo_4489/Alianzas_y_Capital_de_Riesgo_87-08_39230/merged_results.json",
        "filtered": "crData/Alianzas_y_Capital_de_Riesgo_4489/Alianzas_y_Capital_de_Riesgo_87-08_39230/filtered_results.json",
        "final": "crData/Alianzas_y_Capital_de_Riesgo_4489/Alianzas_y_Capital_de_Riesgo_87-08_39230/final_results.json",
        "statistics": "crData/Alianzas_y_Capital_de_Riesgo_4489/Alianzas_y_Capital_de_Riesgo_87-08_39230/statistics_results.json"
      },
      "processing_time": 2.727080821990967,
      "total_crossref": 47857,
      "crossref_percentage": 0.0
    },
    "87-09": {
      "tool_name": "Alianzas y Capital de Riesgo",
      "batch_id": "39272",
      "date": "87-09",
      "initial_count": 78,
      "filtered_count": 0,
      "final_count": 0,
      "duplicate_count": 0,
      "terms": {
        "“Strategic": 69,
        "Venture”": 10
      },
      "file_paths": {
        "base_folder": "crData/Alianzas_y_Capital_de_Riesgo_4489/Alianzas_y_Capital_de_Riesgo_87-09_39272",
        "term_results_folder": "crData/Alianzas_y_Capital_de_Riesgo_4489/Alianzas_y_Capital_de_Riesgo_87-09_39272/term_results",
        "merged": "crData/Alianzas_y_Capital_de_Riesgo_4489/Alianzas_y_Capital_de_Riesgo_87-09_39272/merged_results.json",
        "filtered": "crData/Alianzas_y_Capital_de_Riesgo_4489/Alianzas_y_Capital_de_Riesgo_87-09_39272/filtered_results.json",
        "final": "crData/Alianzas_y_Capital_de_Riesgo_4489/Alianzas_y_Capital_de_Riesgo_87-09_39272/final_results.json",
        "statistics": "crData/Alianzas_y_Capital_de_Riesgo_4489/Alianzas_y_Capital_de_Riesgo_87-09_39272/statistics_results.json"
      },
      "processing_time": 2.414398193359375,
      "total_crossref": 62743,
      "crossref_percentage": 0.0
    },
    "87-10": {
      "tool_name": "Alianzas y Capital de Riesgo",
      "batch_id": "39311",
      "date": "87-10",
      "initial_count": 37,
      "filtered_count": 0,
      "final_count": 0,
      "duplicate_count": 0,
      "terms": {
        "“Strategic": 34,
        "Venture”": 3
      },
      "file_paths": {
        "base_folder": "crData/Alianzas_y_Capital_de_Riesgo_4489/Alianzas_y_Capital_de_Riesgo_87-10_39311",
        "term_results_folder": "crData/Alianzas_y_Capital_de_Riesgo_4489/Alianzas_y_Capital_de_Riesgo_87-10_39311/term_results",
        "merged": "crData/Alianzas_y_Capital_de_Riesgo_4489/Alianzas_y_Capital_de_Riesgo_87-10_39311/merged_results.json",
        "filtered": "crData/Alianzas_y_Capital_de_Riesgo_4489/Alianzas_y_Capital_de_Riesgo_87-10_39311/filtered_results.json",
        "final": "crData/Alianzas_y_Capital_de_Riesgo_4489/Alianzas_y_Capital_de_Riesgo_87-10_39311/final_results.json",
        "statistics": "crData/Alianzas_y_Capital_de_Riesgo_4489/Alianzas_y_Capital_de_Riesgo_87-10_39311/statistics_results.json"
      },
      "processing_time": 2.2512848377227783,
      "total_crossref": 54562,
      "crossref_percentage": 0.0
    },
    "87-11": {
      "tool_name": "Alianzas y Capital de Riesgo",
      "batch_id": "39349",
      "date": "87-11",
      "initial_count": 29,
      "filtered_count": 0,
      "final_count": 0,
      "duplicate_count": 0,
      "terms": {
        "“Strategic": 24,
        "Venture”": 6
      },
      "file_paths": {
        "base_folder": "crData/Alianzas_y_Capital_de_Riesgo_4489/Alianzas_y_Capital_de_Riesgo_87-11_39349",
        "term_results_folder": "crData/Alianzas_y_Capital_de_Riesgo_4489/Alianzas_y_Capital_de_Riesgo_87-11_39349/term_results",
        "merged": "crData/Alianzas_y_Capital_de_Riesgo_4489/Alianzas_y_Capital_de_Riesgo_87-11_39349/merged_results.json",
        "filtered": "crData/Alianzas_y_Capital_de_Riesgo_4489/Alianzas_y_Capital_de_Riesgo_87-11_39349/filtered_results.json",
        "final": "crData/Alianzas_y_Capital_de_Riesgo_4489/Alianzas_y_Capital_de_Riesgo_87-11_39349/final_results.json",
        "statistics": "crData/Alianzas_y_Capital_de_Riesgo_4489/Alianzas_y_Capital_de_Riesgo_87-11_39349/statistics_results.json"
      },
      "processing_time": 2.7945780754089355,
      "total_crossref": 50466,
      "crossref_percentage": 0.0
    },
    "87-12": {
      "tool_name": "Alianzas y Capital de Riesgo",
      "batch_id": "39392",
      "date": "87-12",
      "initial_count": 113,
      "filtered_count": 1,
      "final_count": 1,
      "duplicate_count": 0,
      "terms": {
        "“Strategic": 106,
        "Venture”": 7
      },
      "file_paths": {
        "base_folder": "crData/Alianzas_y_Capital_de_Riesgo_4489/Alianzas_y_Capital_de_Riesgo_87-12_39392",
        "term_results_folder": "crData/Alianzas_y_Capital_de_Riesgo_4489/Alianzas_y_Capital_de_Riesgo_87-12_39392/term_results",
        "merged": "crData/Alianzas_y_Capital_de_Riesgo_4489/Alianzas_y_Capital_de_Riesgo_87-12_39392/merged_results.json",
        "filtered": "crData/Alianzas_y_Capital_de_Riesgo_4489/Alianzas_y_Capital_de_Riesgo_87-12_39392/filtered_results.json",
        "final": "crData/Alianzas_y_Capital_de_Riesgo_4489/Alianzas_y_Capital_de_Riesgo_87-12_39392/final_results.json",
        "statistics": "crData/Alianzas_y_Capital_de_Riesgo_4489/Alianzas_y_Capital_de_Riesgo_87-12_39392/statistics_results.json"
      },
      "processing_time": 3.2652390003204346,
      "total_crossref": 86946,
      "crossref_percentage": 0.0011501391668391875
    }
  },
  "total_duplicates": 0,
  "monthly_files": {
    "87-01": {
      "base_folder": "crData/Alianzas_y_Capital_de_Riesgo_4489/Alianzas_y_Capital_de_Riesgo_87-01_38504",
      "term_results_folder": "crData/Alianzas_y_Capital_de_Riesgo_4489/Alianzas_y_Capital_de_Riesgo_87-01_38504/term_results",
      "merged": "crData/Alianzas_y_Capital_de_Riesgo_4489/Alianzas_y_Capital_de_Riesgo_87-01_38504/merged_results.json",
      "filtered": "crData/Alianzas_y_Capital_de_Riesgo_4489/Alianzas_y_Capital_de_Riesgo_87-01_38504/filtered_results.json",
      "final": "crData/Alianzas_y_Capital_de_Riesgo_4489/Alianzas_y_Capital_de_Riesgo_87-01_38504/final_results.json",
      "statistics": "crData/Alianzas_y_Capital_de_Riesgo_4489/Alianzas_y_Capital_de_Riesgo_87-01_38504/statistics_results.json"
    },
    "87-02": {
      "base_folder": "crData/Alianzas_y_Capital_de_Riesgo_4489/Alianzas_y_Capital_de_Riesgo_87-02_38570",
      "term_results_folder": "crData/Alianzas_y_Capital_de_Riesgo_4489/Alianzas_y_Capital_de_Riesgo_87-02_38570/term_results",
      "merged": "crData/Alianzas_y_Capital_de_Riesgo_4489/Alianzas_y_Capital_de_Riesgo_87-02_38570/merged_results.json",
      "filtered": "crData/Alianzas_y_Capital_de_Riesgo_4489/Alianzas_y_Capital_de_Riesgo_87-02_38570/filtered_results.json",
      "final": "crData/Alianzas_y_Capital_de_Riesgo_4489/Alianzas_y_Capital_de_Riesgo_87-02_38570/final_results.json",
      "statistics": "crData/Alianzas_y_Capital_de_Riesgo_4489/Alianzas_y_Capital_de_Riesgo_87-02_38570/statistics_results.json"
    },
    "87-03": {
      "base_folder": "crData/Alianzas_y_Capital_de_Riesgo_4489/Alianzas_y_Capital_de_Riesgo_87-03_39005",
      "term_results_folder": "crData/Alianzas_y_Capital_de_Riesgo_4489/Alianzas_y_Capital_de_Riesgo_87-03_39005/term_results",
      "merged": "crData/Alianzas_y_Capital_de_Riesgo_4489/Alianzas_y_Capital_de_Riesgo_87-03_39005/merged_results.json",
      "filtered": "crData/Alianzas_y_Capital_de_Riesgo_4489/Alianzas_y_Capital_de_Riesgo_87-03_39005/filtered_results.json",
      "final": "crData/Alianzas_y_Capital_de_Riesgo_4489/Alianzas_y_Capital_de_Riesgo_87-03_39005/final_results.json",
      "statistics": "crData/Alianzas_y_Capital_de_Riesgo_4489/Alianzas_y_Capital_de_Riesgo_87-03_39005/statistics_results.json"
    },
    "87-04": {
      "base_folder": "crData/Alianzas_y_Capital_de_Riesgo_4489/Alianzas_y_Capital_de_Riesgo_87-04_39054",
      "term_results_folder": "crData/Alianzas_y_Capital_de_Riesgo_4489/Alianzas_y_Capital_de_Riesgo_87-04_39054/term_results",
      "merged": "crData/Alianzas_y_Capital_de_Riesgo_4489/Alianzas_y_Capital_de_Riesgo_87-04_39054/merged_results.json",
      "filtered": "crData/Alianzas_y_Capital_de_Riesgo_4489/Alianzas_y_Capital_de_Riesgo_87-04_39054/filtered_results.json",
      "final": "crData/Alianzas_y_Capital_de_Riesgo_4489/Alianzas_y_Capital_de_Riesgo_87-04_39054/final_results.json",
      "statistics": "crData/Alianzas_y_Capital_de_Riesgo_4489/Alianzas_y_Capital_de_Riesgo_87-04_39054/statistics_results.json"
    },
    "87-05": {
      "base_folder": "crData/Alianzas_y_Capital_de_Riesgo_4489/Alianzas_y_Capital_de_Riesgo_87-05_39096",
      "term_results_folder": "crData/Alianzas_y_Capital_de_Riesgo_4489/Alianzas_y_Capital_de_Riesgo_87-05_39096/term_results",
      "merged": "crData/Alianzas_y_Capital_de_Riesgo_4489/Alianzas_y_Capital_de_Riesgo_87-05_39096/merged_results.json",
      "filtered": "crData/Alianzas_y_Capital_de_Riesgo_4489/Alianzas_y_Capital_de_Riesgo_87-05_39096/filtered_results.json",
      "final": "crData/Alianzas_y_Capital_de_Riesgo_4489/Alianzas_y_Capital_de_Riesgo_87-05_39096/final_results.json",
      "statistics": "crData/Alianzas_y_Capital_de_Riesgo_4489/Alianzas_y_Capital_de_Riesgo_87-05_39096/statistics_results.json"
    },
    "87-06": {
      "base_folder": "crData/Alianzas_y_Capital_de_Riesgo_4489/Alianzas_y_Capital_de_Riesgo_87-06_39137",
      "term_results_folder": "crData/Alianzas_y_Capital_de_Riesgo_4489/Alianzas_y_Capital_de_Riesgo_87-06_39137/term_results",
      "merged": "crData/Alianzas_y_Capital_de_Riesgo_4489/Alianzas_y_Capital_de_Riesgo_87-06_39137/merged_results.json",
      "filtered": "crData/Alianzas_y_Capital_de_Riesgo_4489/Alianzas_y_Capital_de_Riesgo_87-06_39137/filtered_results.json",
      "final": "crData/Alianzas_y_Capital_de_Riesgo_4489/Alianzas_y_Capital_de_Riesgo_87-06_39137/final_results.json",
      "statistics": "crData/Alianzas_y_Capital_de_Riesgo_4489/Alianzas_y_Capital_de_Riesgo_87-06_39137/statistics_results.json"
    },
    "87-07": {
      "base_folder": "crData/Alianzas_y_Capital_de_Riesgo_4489/Alianzas_y_Capital_de_Riesgo_87-07_39177",
      "term_results_folder": "crData/Alianzas_y_Capital_de_Riesgo_4489/Alianzas_y_Capital_de_Riesgo_87-07_39177/term_results",
      "merged": "crData/Alianzas_y_Capital_de_Riesgo_4489/Alianzas_y_Capital_de_Riesgo_87-07_39177/merged_results.json",
      "filtered": "crData/Alianzas_y_Capital_de_Riesgo_4489/Alianzas_y_Capital_de_Riesgo_87-07_39177/filtered_results.json",
      "final": "crData/Alianzas_y_Capital_de_Riesgo_4489/Alianzas_y_Capital_de_Riesgo_87-07_39177/final_results.json",
      "statistics": "crData/Alianzas_y_Capital_de_Riesgo_4489/Alianzas_y_Capital_de_Riesgo_87-07_39177/statistics_results.json"
    },
    "87-08": {
      "base_folder": "crData/Alianzas_y_Capital_de_Riesgo_4489/Alianzas_y_Capital_de_Riesgo_87-08_39230",
      "term_results_folder": "crData/Alianzas_y_Capital_de_Riesgo_4489/Alianzas_y_Capital_de_Riesgo_87-08_39230/term_results",
      "merged": "crData/Alianzas_y_Capital_de_Riesgo_4489/Alianzas_y_Capital_de_Riesgo_87-08_39230/merged_results.json",
      "filtered": "crData/Alianzas_y_Capital_de_Riesgo_4489/Alianzas_y_Capital_de_Riesgo_87-08_39230/filtered_results.json",
      "final": "crData/Alianzas_y_Capital_de_Riesgo_4489/Alianzas_y_Capital_de_Riesgo_87-08_39230/final_results.json",
      "statistics": "crData/Alianzas_y_Capital_de_Riesgo_4489/Alianzas_y_Capital_de_Riesgo_87-08_39230/statistics_results.json"
    },
    "87-09": {
      "base_folder": "crData/Alianzas_y_Capital_de_Riesgo_4489/Alianzas_y_Capital_de_Riesgo_87-09_39272",
      "term_results_folder": "crData/Alianzas_y_Capital_de_Riesgo_4489/Alianzas_y_Capital_de_Riesgo_87-09_39272/term_results",
      "merged": "crData/Alianzas_y_Capital_de_Riesgo_4489/Alianzas_y_Capital_de_Riesgo_87-09_39272/merged_results.json",
      "filtered": "crData/Alianzas_y_Capital_de_Riesgo_4489/Alianzas_y_Capital_de_Riesgo_87-09_39272/filtered_results.json",
      "final": "crData/Alianzas_y_Capital_de_Riesgo_4489/Alianzas_y_Capital_de_Riesgo_87-09_39272/final_results.json",
      "statistics": "crData/Alianzas_y_Capital_de_Riesgo_4489/Alianzas_y_Capital_de_Riesgo_87-09_39272/statistics_results.json"
    },
    "87-10": {
      "base_folder": "crData/Alianzas_y_Capital_de_Riesgo_4489/Alianzas_y_Capital_de_Riesgo_87-10_39311",
      "term_results_folder": "crData/Alianzas_y_Capital_de_Riesgo_4489/Alianzas_y_Capital_de_Riesgo_87-10_39311/term_results",
      "merged": "crData/Alianzas_y_Capital_de_Riesgo_4489/Alianzas_y_Capital_de_Riesgo_87-10_39311/merged_results.json",
      "filtered": "crData/Alianzas_y_Capital_de_Riesgo_4489/Alianzas_y_Capital_de_Riesgo_87-10_39311/filtered_results.json",
      "final": "crData/Alianzas_y_Capital_de_Riesgo_4489/Alianzas_y_Capital_de_Riesgo_87-10_39311/final_results.json",
      "statistics": "crData/Alianzas_y_Capital_de_Riesgo_4489/Alianzas_y_Capital_de_Riesgo_87-10_39311/statistics_results.json"
    },
    "87-11": {
      "base_folder": "crData/Alianzas_y_Capital_de_Riesgo_4489/Alianzas_y_Capital_de_Riesgo_87-11_39349",
      "term_results_folder": "crData/Alianzas_y_Capital_de_Riesgo_4489/Alianzas_y_Capital_de_Riesgo_87-11_39349/term_results",
      "merged": "crData/Alianzas_y_Capital_de_Riesgo_4489/Alianzas_y_Capital_de_Riesgo_87-11_39349/merged_results.json",
      "filtered": "crData/Alianzas_y_Capital_de_Riesgo_4489/Alianzas_y_Capital_de_Riesgo_87-11_39349/filtered_results.json",
      "final": "crData/Alianzas_y_Capital_de_Riesgo_4489/Alianzas_y_Capital_de_Riesgo_87-11_39349/final_results.json",
      "statistics": "crData/Alianzas_y_Capital_de_Riesgo_4489/Alianzas_y_Capital_de_Riesgo_87-11_39349/statistics_results.json"
    },
    "87-12": {
      "base_folder": "crData/Alianzas_y_Capital_de_Riesgo_4489/Alianzas_y_Capital_de_Riesgo_87-12_39392",
      "term_results_folder": "crData/Alianzas_y_Capital_de_Riesgo_4489/Alianzas_y_Capital_de_Riesgo_87-12_39392/term_results",
      "merged": "crData/Alianzas_y_Capital_de_Riesgo_4489/Alianzas_y_Capital_de_Riesgo_87-12_39392/merged_results.json",
      "filtered": "crData/Alianzas_y_Capital_de_Riesgo_4489/Alianzas_y_Capital_de_Riesgo_87-12_39392/filtered_results.json",
      "final": "crData/Alianzas_y_Capital_de_Riesgo_4489/Alianzas_y_Capital_de_Riesgo_87-12_39392/final_results.json",
      "statistics": "crData/Alianzas_y_Capital_de_Riesgo_4489/Alianzas_y_Capital_de_Riesgo_87-12_39392/statistics_results.json"
    }
  }
}