{
  "tool_name": "Alianzas y Capital de Riesgo",
  "year": "2020",
  "monthly_stats": {
    "20-01": {
      "tool_name": "Alianzas y Capital de Riesgo",
      "batch_id": "21008",
      "date": "20-01",
      "initial_count": 4291,
      "filtered_count": 28,
      "final_count": 28,
      "duplicate_count": 0,
      "terms": {
        "“Strategic": 3966,
        "Venture”": 338
      },
      "file_paths": {
        "base_folder": "crData/Alianzas_y_Capital_de_Riesgo_4489/Alianzas_y_Capital_de_Riesgo_20-01_21008",
        "term_results_folder": "crData/Alianzas_y_Capital_de_Riesgo_4489/Alianzas_y_Capital_de_Riesgo_20-01_21008/term_results",
        "merged": "crData/Alianzas_y_Capital_de_Riesgo_4489/Alianzas_y_Capital_de_Riesgo_20-01_21008/merged_results.json",
        "filtered": "crData/Alianzas_y_Capital_de_Riesgo_4489/Alianzas_y_Capital_de_Riesgo_20-01_21008/filtered_results.json",
        "final": "crData/Alianzas_y_Capital_de_Riesgo_4489/Alianzas_y_Capital_de_Riesgo_20-01_21008/final_results.json",
        "statistics": "crData/Alianzas_y_Capital_de_Riesgo_4489/Alianzas_y_Capital_de_Riesgo_20-01_21008/statistics_results.json"
      },
      "processing_time": 16.77122735977173,
      "total_crossref": 1623106,
      "crossref_percentage": 0.0017250875789997695
    },
    "20-02": {
      "tool_name": "Alianzas y Capital de Riesgo",
      "batch_id": "21191",
      "date": "20-02",
      "initial_count": 1007,
      "filtered_count": 2,
      "final_count": 2,
      "duplicate_count": 0,
      "terms": {
        "“Strategic": 946,
        "Venture”": 62
      },
      "file_paths": {
        "base_folder": "crData/Alianzas_y_Capital_de_Riesgo_4489/Alianzas_y_Capital_de_Riesgo_20-02_21191",
        "term_results_folder": "crData/Alianzas_y_Capital_de_Riesgo_4489/Alianzas_y_Capital_de_Riesgo_20-02_21191/term_results",
        "merged": "crData/Alianzas_y_Capital_de_Riesgo_4489/Alianzas_y_Capital_de_Riesgo_20-02_21191/merged_results.json",
        "filtered": "crData/Alianzas_y_Capital_de_Riesgo_4489/Alianzas_y_Capital_de_Riesgo_20-02_21191/filtered_results.json",
        "final": "crData/Alianzas_y_Capital_de_Riesgo_4489/Alianzas_y_Capital_de_Riesgo_20-02_21191/final_results.json",
        "statistics": "crData/Alianzas_y_Capital_de_Riesgo_4489/Alianzas_y_Capital_de_Riesgo_20-02_21191/statistics_results.json"
      },
      "processing_time": 7.118563175201416,
      "total_crossref": 510326,
      "crossref_percentage": 0.00039190635005859
    },
    "20-03": {
      "tool_name": "Alianzas y Capital de Riesgo",
      "batch_id": "21277",
      "date": "20-03",
      "initial_count": 1369,
      "filtered_count": 6,
      "final_count": 6,
      "duplicate_count": 0,
      "terms": {
        "“Strategic": 1257,
        "Venture”": 120
      },
      "file_paths": {
        "base_folder": "crData/Alianzas_y_Capital_de_Riesgo_4489/Alianzas_y_Capital_de_Riesgo_20-03_21277",
        "term_results_folder": "crData/Alianzas_y_Capital_de_Riesgo_4489/Alianzas_y_Capital_de_Riesgo_20-03_21277/term_results",
        "merged": "crData/Alianzas_y_Capital_de_Riesgo_4489/Alianzas_y_Capital_de_Riesgo_20-03_21277/merged_results.json",
        "filtered": "crData/Alianzas_y_Capital_de_Riesgo_4489/Alianzas_y_Capital_de_Riesgo_20-03_21277/filtered_results.json",
        "final": "crData/Alianzas_y_Capital_de_Riesgo_4489/Alianzas_y_Capital_de_Riesgo_20-03_21277/final_results.json",
        "statistics": "crData/Alianzas_y_Capital_de_Riesgo_4489/Alianzas_y_Capital_de_Riesgo_20-03_21277/statistics_results.json"
      },
      "processing_time": 8.37308382987976,
      "total_crossref": 472951,
      "crossref_percentage": 0.0012686303655135521
    },
    "20-04": {
      "tool_name": "Alianzas y Capital de Riesgo",
      "batch_id": "21376",
      "date": "20-04",
      "initial_count": 1089,
      "filtered_count": 4,
      "final_count": 4,
      "duplicate_count": 0,
      "terms": {
        "“Strategic": 1017,
        "Venture”": 77
      },
      "file_paths": {
        "base_folder": "crData/Alianzas_y_Capital_de_Riesgo_4489/Alianzas_y_Capital_de_Riesgo_20-04_21376",
        "term_results_folder": "crData/Alianzas_y_Capital_de_Riesgo_4489/Alianzas_y_Capital_de_Riesgo_20-04_21376/term_results",
        "merged": "crData/Alianzas_y_Capital_de_Riesgo_4489/Alianzas_y_Capital_de_Riesgo_20-04_21376/merged_results.json",
        "filtered": "crData/Alianzas_y_Capital_de_Riesgo_4489/Alianzas_y_Capital_de_Riesgo_20-04_21376/filtered_results.json",
        "final": "crData/Alianzas_y_Capital_de_Riesgo_4489/Alianzas_y_Capital_de_Riesgo_20-04_21376/final_results.json",
        "statistics": "crData/Alianzas_y_Capital_de_Riesgo_4489/Alianzas_y_Capital_de_Riesgo_20-04_21376/statistics_results.json"
      },
      "processing_time": 8.15404200553894,
      "total_crossref": 462523,
      "crossref_percentage": 0.0008648218575076265
    },
    "20-05": {
      "tool_name": "Alianzas y Capital de Riesgo",
      "batch_id": "21473",
      "date": "20-05",
      "initial_count": 1103,
      "filtered_count": 4,
      "final_count": 4,
      "duplicate_count": 0,
      "terms": {
        "“Strategic": 1017,
        "Venture”": 90
      },
      "file_paths": {
        "base_folder": "crData/Alianzas_y_Capital_de_Riesgo_4489/Alianzas_y_Capital_de_Riesgo_20-05_21473",
        "term_results_folder": "crData/Alianzas_y_Capital_de_Riesgo_4489/Alianzas_y_Capital_de_Riesgo_20-05_21473/term_results",
        "merged": "crData/Alianzas_y_Capital_de_Riesgo_4489/Alianzas_y_Capital_de_Riesgo_20-05_21473/merged_results.json",
        "filtered": "crData/Alianzas_y_Capital_de_Riesgo_4489/Alianzas_y_Capital_de_Riesgo_20-05_21473/filtered_results.json",
        "final": "crData/Alianzas_y_Capital_de_Riesgo_4489/Alianzas_y_Capital_de_Riesgo_20-05_21473/final_results.json",
        "statistics": "crData/Alianzas_y_Capital_de_Riesgo_4489/Alianzas_y_Capital_de_Riesgo_20-05_21473/statistics_results.json"
      },
      "processing_time": 8.179903984069824,
      "total_crossref": 433733,
      "crossref_percentage": 0.0009222263466233835
    },
    "20-06": {
      "tool_name": "Alianzas y Capital de Riesgo",
      "batch_id": "21570",
      "date": "20-06",
      "initial_count": 1397,
      "filtered_count": 3,
      "final_count": 2,
      "duplicate_count": 0,
      "terms": {
        "“Strategic": 1307,
        "Venture”": 97
      },
      "file_paths": {
        "base_folder": "crData/Alianzas_y_Capital_de_Riesgo_4489/Alianzas_y_Capital_de_Riesgo_20-06_21570",
        "term_results_folder": "crData/Alianzas_y_Capital_de_Riesgo_4489/Alianzas_y_Capital_de_Riesgo_20-06_21570/term_results",
        "merged": "crData/Alianzas_y_Capital_de_Riesgo_4489/Alianzas_y_Capital_de_Riesgo_20-06_21570/merged_results.json",
        "filtered": "crData/Alianzas_y_Capital_de_Riesgo_4489/Alianzas_y_Capital_de_Riesgo_20-06_21570/filtered_results.json",
        "final": "crData/Alianzas_y_Capital_de_Riesgo_4489/Alianzas_y_Capital_de_Riesgo_20-06_21570/final_results.json",
        "statistics": "crData/Alianzas_y_Capital_de_Riesgo_4489/Alianzas_y_Capital_de_Riesgo_20-06_21570/statistics_results.json"
      },
      "processing_time": 9.866440057754517,
      "total_crossref": 514010,
      "crossref_percentage": 0.00038909748837571257
    },
    "20-07": {
      "tool_name": "Alianzas y Capital de Riesgo",
      "batch_id": "22084",
      "date": "20-07",
      "initial_count": 1328,
      "filtered_count": 6,
      "final_count": 5,
      "duplicate_count": 0,
      "terms": {
        "“Strategic": 1272,
        "Venture”": 63
      },
      "file_paths": {
        "base_folder": "crData/Alianzas_y_Capital_de_Riesgo_4489/Alianzas_y_Capital_de_Riesgo_20-07_22084",
        "term_results_folder": "crData/Alianzas_y_Capital_de_Riesgo_4489/Alianzas_y_Capital_de_Riesgo_20-07_22084/term_results",
        "merged": "crData/Alianzas_y_Capital_de_Riesgo_4489/Alianzas_y_Capital_de_Riesgo_20-07_22084/merged_results.json",
        "filtered": "crData/Alianzas_y_Capital_de_Riesgo_4489/Alianzas_y_Capital_de_Riesgo_20-07_22084/filtered_results.json",
        "final": "crData/Alianzas_y_Capital_de_Riesgo_4489/Alianzas_y_Capital_de_Riesgo_20-07_22084/final_results.json",
        "statistics": "crData/Alianzas_y_Capital_de_Riesgo_4489/Alianzas_y_Capital_de_Riesgo_20-07_22084/statistics_results.json"
      },
      "processing_time": 10.550862073898315,
      "total_crossref": 483577,
      "crossref_percentage": 0.001033961499409608
    },
    "20-08": {
      "tool_name": "Alianzas y Capital de Riesgo",
      "batch_id": "22204",
      "date": "20-08",
      "initial_count": 1193,
      "filtered_count": 9,
      "final_count": 9,
      "duplicate_count": 0,
      "terms": {
        "“Strategic": 1057,
        "Venture”": 140
      },
      "file_paths": {
        "base_folder": "crData/Alianzas_y_Capital_de_Riesgo_4489/Alianzas_y_Capital_de_Riesgo_20-08_22204",
        "term_results_folder": "crData/Alianzas_y_Capital_de_Riesgo_4489/Alianzas_y_Capital_de_Riesgo_20-08_22204/term_results",
        "merged": "crData/Alianzas_y_Capital_de_Riesgo_4489/Alianzas_y_Capital_de_Riesgo_20-08_22204/merged_results.json",
        "filtered": "crData/Alianzas_y_Capital_de_Riesgo_4489/Alianzas_y_Capital_de_Riesgo_20-08_22204/filtered_results.json",
        "final": "crData/Alianzas_y_Capital_de_Riesgo_4489/Alianzas_y_Capital_de_Riesgo_20-08_22204/final_results.json",
        "statistics": "crData/Alianzas_y_Capital_de_Riesgo_4489/Alianzas_y_Capital_de_Riesgo_20-08_22204/statistics_results.json"
      },
      "processing_time": 9.19005298614502,
      "total_crossref": 435047,
      "crossref_percentage": 0.0020687419979910217
    },
    "20-09": {
      "tool_name": "Alianzas y Capital de Riesgo",
      "batch_id": "22311",
      "date": "20-09",
      "initial_count": 1466,
      "filtered_count": 12,
      "final_count": 9,
      "duplicate_count": 0,
      "terms": {
        "“Strategic": 1403,
        "Venture”": 72
      },
      "file_paths": {
        "base_folder": "crData/Alianzas_y_Capital_de_Riesgo_4489/Alianzas_y_Capital_de_Riesgo_20-09_22311",
        "term_results_folder": "crData/Alianzas_y_Capital_de_Riesgo_4489/Alianzas_y_Capital_de_Riesgo_20-09_22311/term_results",
        "merged": "crData/Alianzas_y_Capital_de_Riesgo_4489/Alianzas_y_Capital_de_Riesgo_20-09_22311/merged_results.json",
        "filtered": "crData/Alianzas_y_Capital_de_Riesgo_4489/Alianzas_y_Capital_de_Riesgo_20-09_22311/filtered_results.json",
        "final": "crData/Alianzas_y_Capital_de_Riesgo_4489/Alianzas_y_Capital_de_Riesgo_20-09_22311/final_results.json",
        "statistics": "crData/Alianzas_y_Capital_de_Riesgo_4489/Alianzas_y_Capital_de_Riesgo_20-09_22311/statistics_results.json"
      },
      "processing_time": 10.053794145584106,
      "total_crossref": 519547,
      "crossref_percentage": 0.0017322783116830625
    },
    "20-10": {
      "tool_name": "Alianzas y Capital de Riesgo",
      "batch_id": "22427",
      "date": "20-10",
      "initial_count": 1318,
      "filtered_count": 8,
      "final_count": 8,
      "duplicate_count": 0,
      "terms": {
        "“Strategic": 1259,
        "Venture”": 65
      },
      "file_paths": {
        "base_folder": "crData/Alianzas_y_Capital_de_Riesgo_4489/Alianzas_y_Capital_de_Riesgo_20-10_22427",
        "term_results_folder": "crData/Alianzas_y_Capital_de_Riesgo_4489/Alianzas_y_Capital_de_Riesgo_20-10_22427/term_results",
        "merged": "crData/Alianzas_y_Capital_de_Riesgo_4489/Alianzas_y_Capital_de_Riesgo_20-10_22427/merged_results.json",
        "filtered": "crData/Alianzas_y_Capital_de_Riesgo_4489/Alianzas_y_Capital_de_Riesgo_20-10_22427/filtered_results.json",
        "final": "crData/Alianzas_y_Capital_de_Riesgo_4489/Alianzas_y_Capital_de_Riesgo_20-10_22427/final_results.json",
        "statistics": "crData/Alianzas_y_Capital_de_Riesgo_4489/Alianzas_y_Capital_de_Riesgo_20-10_22427/statistics_results.json"
      },
      "processing_time": 8.740135908126831,
      "total_crossref": 539730,
      "crossref_percentage": 0.0014822225927778705
    },
    "20-11": {
      "tool_name": "Alianzas y Capital de Riesgo",
      "batch_id": "22529",
      "date": "20-11",
      "initial_count": 1441,
      "filtered_count": 4,
      "final_count": 4,
      "duplicate_count": 0,
      "terms": {
        "“Strategic": 1378,
        "Venture”": 67
      },
      "file_paths": {
        "base_folder": "crData/Alianzas_y_Capital_de_Riesgo_4489/Alianzas_y_Capital_de_Riesgo_20-11_22529",
        "term_results_folder": "crData/Alianzas_y_Capital_de_Riesgo_4489/Alianzas_y_Capital_de_Riesgo_20-11_22529/term_results",
        "merged": "crData/Alianzas_y_Capital_de_Riesgo_4489/Alianzas_y_Capital_de_Riesgo_20-11_22529/merged_results.json",
        "filtered": "crData/Alianzas_y_Capital_de_Riesgo_4489/Alianzas_y_Capital_de_Riesgo_20-11_22529/filtered_results.json",
        "final": "crData/Alianzas_y_Capital_de_Riesgo_4489/Alianzas_y_Capital_de_Riesgo_20-11_22529/final_results.json",
        "statistics": "crData/Alianzas_y_Capital_de_Riesgo_4489/Alianzas_y_Capital_de_Riesgo_20-11_22529/statistics_results.json"
      },
      "processing_time": 12.364877939224243,
      "total_crossref": 541686,
      "crossref_percentage": 0.0007384351820058115
    },
    "20-12": {
      "tool_name": "Alianzas y Capital de Riesgo",
      "batch_id": "23068",
      "date": "20-12",
      "initial_count": 2495,
      "filtered_count": 6,
      "final_count": 5,
      "duplicate_count": 0,
      "terms": {
        "“Strategic": 2374,
        "Venture”": 135
      },
      "file_paths": {
        "base_folder": "crData/Alianzas_y_Capital_de_Riesgo_4489/Alianzas_y_Capital_de_Riesgo_20-12_23068",
        "term_results_folder": "crData/Alianzas_y_Capital_de_Riesgo_4489/Alianzas_y_Capital_de_Riesgo_20-12_23068/term_results",
        "merged": "crData/Alianzas_y_Capital_de_Riesgo_4489/Alianzas_y_Capital_de_Riesgo_20-12_23068/merged_results.json",
        "filtered": "crData/Alianzas_y_Capital_de_Riesgo_4489/Alianzas_y_Capital_de_Riesgo_20-12_23068/filtered_results.json",
        "final": "crData/Alianzas_y_Capital_de_Riesgo_4489/Alianzas_y_Capital_de_Riesgo_20-12_23068/final_results.json",
        "statistics": "crData/Alianzas_y_Capital_de_Riesgo_4489/Alianzas_y_Capital_de_Riesgo_20-12_23068/statistics_results.json"
      },
      "processing_time": 12.351417779922485,
      "total_crossref": 813611,
      "crossref_percentage": 0.0006145442969674698
    }
  },
  "total_duplicates": 0,
  "monthly_files": {
    "20-01": {
      "base_folder": "crData/Alianzas_y_Capital_de_Riesgo_4489/Alianzas_y_Capital_de_Riesgo_20-01_21008",
      "term_results_folder": "crData/Alianzas_y_Capital_de_Riesgo_4489/Alianzas_y_Capital_de_Riesgo_20-01_21008/term_results",
      "merged": "crData/Alianzas_y_Capital_de_Riesgo_4489/Alianzas_y_Capital_de_Riesgo_20-01_21008/merged_results.json",
      "filtered": "crData/Alianzas_y_Capital_de_Riesgo_4489/Alianzas_y_Capital_de_Riesgo_20-01_21008/filtered_results.json",
      "final": "crData/Alianzas_y_Capital_de_Riesgo_4489/Alianzas_y_Capital_de_Riesgo_20-01_21008/final_results.json",
      "statistics": "crData/Alianzas_y_Capital_de_Riesgo_4489/Alianzas_y_Capital_de_Riesgo_20-01_21008/statistics_results.json"
    },
    "20-02": {
      "base_folder": "crData/Alianzas_y_Capital_de_Riesgo_4489/Alianzas_y_Capital_de_Riesgo_20-02_21191",
      "term_results_folder": "crData/Alianzas_y_Capital_de_Riesgo_4489/Alianzas_y_Capital_de_Riesgo_20-02_21191/term_results",
      "merged": "crData/Alianzas_y_Capital_de_Riesgo_4489/Alianzas_y_Capital_de_Riesgo_20-02_21191/merged_results.json",
      "filtered": "crData/Alianzas_y_Capital_de_Riesgo_4489/Alianzas_y_Capital_de_Riesgo_20-02_21191/filtered_results.json",
      "final": "crData/Alianzas_y_Capital_de_Riesgo_4489/Alianzas_y_Capital_de_Riesgo_20-02_21191/final_results.json",
      "statistics": "crData/Alianzas_y_Capital_de_Riesgo_4489/Alianzas_y_Capital_de_Riesgo_20-02_21191/statistics_results.json"
    },
    "20-03": {
      "base_folder": "crData/Alianzas_y_Capital_de_Riesgo_4489/Alianzas_y_Capital_de_Riesgo_20-03_21277",
      "term_results_folder": "crData/Alianzas_y_Capital_de_Riesgo_4489/Alianzas_y_Capital_de_Riesgo_20-03_21277/term_results",
      "merged": "crData/Alianzas_y_Capital_de_Riesgo_4489/Alianzas_y_Capital_de_Riesgo_20-03_21277/merged_results.json",
      "filtered": "crData/Alianzas_y_Capital_de_Riesgo_4489/Alianzas_y_Capital_de_Riesgo_20-03_21277/filtered_results.json",
      "final": "crData/Alianzas_y_Capital_de_Riesgo_4489/Alianzas_y_Capital_de_Riesgo_20-03_21277/final_results.json",
      "statistics": "crData/Alianzas_y_Capital_de_Riesgo_4489/Alianzas_y_Capital_de_Riesgo_20-03_21277/statistics_results.json"
    },
    "20-04": {
      "base_folder": "crData/Alianzas_y_Capital_de_Riesgo_4489/Alianzas_y_Capital_de_Riesgo_20-04_21376",
      "term_results_folder": "crData/Alianzas_y_Capital_de_Riesgo_4489/Alianzas_y_Capital_de_Riesgo_20-04_21376/term_results",
      "merged": "crData/Alianzas_y_Capital_de_Riesgo_4489/Alianzas_y_Capital_de_Riesgo_20-04_21376/merged_results.json",
      "filtered": "crData/Alianzas_y_Capital_de_Riesgo_4489/Alianzas_y_Capital_de_Riesgo_20-04_21376/filtered_results.json",
      "final": "crData/Alianzas_y_Capital_de_Riesgo_4489/Alianzas_y_Capital_de_Riesgo_20-04_21376/final_results.json",
      "statistics": "crData/Alianzas_y_Capital_de_Riesgo_4489/Alianzas_y_Capital_de_Riesgo_20-04_21376/statistics_results.json"
    },
    "20-05": {
      "base_folder": "crData/Alianzas_y_Capital_de_Riesgo_4489/Alianzas_y_Capital_de_Riesgo_20-05_21473",
      "term_results_folder": "crData/Alianzas_y_Capital_de_Riesgo_4489/Alianzas_y_Capital_de_Riesgo_20-05_21473/term_results",
      "merged": "crData/Alianzas_y_Capital_de_Riesgo_4489/Alianzas_y_Capital_de_Riesgo_20-05_21473/merged_results.json",
      "filtered": "crData/Alianzas_y_Capital_de_Riesgo_4489/Alianzas_y_Capital_de_Riesgo_20-05_21473/filtered_results.json",
      "final": "crData/Alianzas_y_Capital_de_Riesgo_4489/Alianzas_y_Capital_de_Riesgo_20-05_21473/final_results.json",
      "statistics": "crData/Alianzas_y_Capital_de_Riesgo_4489/Alianzas_y_Capital_de_Riesgo_20-05_21473/statistics_results.json"
    },
    "20-06": {
      "base_folder": "crData/Alianzas_y_Capital_de_Riesgo_4489/Alianzas_y_Capital_de_Riesgo_20-06_21570",
      "term_results_folder": "crData/Alianzas_y_Capital_de_Riesgo_4489/Alianzas_y_Capital_de_Riesgo_20-06_21570/term_results",
      "merged": "crData/Alianzas_y_Capital_de_Riesgo_4489/Alianzas_y_Capital_de_Riesgo_20-06_21570/merged_results.json",
      "filtered": "crData/Alianzas_y_Capital_de_Riesgo_4489/Alianzas_y_Capital_de_Riesgo_20-06_21570/filtered_results.json",
      "final": "crData/Alianzas_y_Capital_de_Riesgo_4489/Alianzas_y_Capital_de_Riesgo_20-06_21570/final_results.json",
      "statistics": "crData/Alianzas_y_Capital_de_Riesgo_4489/Alianzas_y_Capital_de_Riesgo_20-06_21570/statistics_results.json"
    },
    "20-07": {
      "base_folder": "crData/Alianzas_y_Capital_de_Riesgo_4489/Alianzas_y_Capital_de_Riesgo_20-07_22084",
      "term_results_folder": "crData/Alianzas_y_Capital_de_Riesgo_4489/Alianzas_y_Capital_de_Riesgo_20-07_22084/term_results",
      "merged": "crData/Alianzas_y_Capital_de_Riesgo_4489/Alianzas_y_Capital_de_Riesgo_20-07_22084/merged_results.json",
      "filtered": "crData/Alianzas_y_Capital_de_Riesgo_4489/Alianzas_y_Capital_de_Riesgo_20-07_22084/filtered_results.json",
      "final": "crData/Alianzas_y_Capital_de_Riesgo_4489/Alianzas_y_Capital_de_Riesgo_20-07_22084/final_results.json",
      "statistics": "crData/Alianzas_y_Capital_de_Riesgo_4489/Alianzas_y_Capital_de_Riesgo_20-07_22084/statistics_results.json"
    },
    "20-08": {
      "base_folder": "crData/Alianzas_y_Capital_de_Riesgo_4489/Alianzas_y_Capital_de_Riesgo_20-08_22204",
      "term_results_folder": "crData/Alianzas_y_Capital_de_Riesgo_4489/Alianzas_y_Capital_de_Riesgo_20-08_22204/term_results",
      "merged": "crData/Alianzas_y_Capital_de_Riesgo_4489/Alianzas_y_Capital_de_Riesgo_20-08_22204/merged_results.json",
      "filtered": "crData/Alianzas_y_Capital_de_Riesgo_4489/Alianzas_y_Capital_de_Riesgo_20-08_22204/filtered_results.json",
      "final": "crData/Alianzas_y_Capital_de_Riesgo_4489/Alianzas_y_Capital_de_Riesgo_20-08_22204/final_results.json",
      "statistics": "crData/Alianzas_y_Capital_de_Riesgo_4489/Alianzas_y_Capital_de_Riesgo_20-08_22204/statistics_results.json"
    },
    "20-09": {
      "base_folder": "crData/Alianzas_y_Capital_de_Riesgo_4489/Alianzas_y_Capital_de_Riesgo_20-09_22311",
      "term_results_folder": "crData/Alianzas_y_Capital_de_Riesgo_4489/Alianzas_y_Capital_de_Riesgo_20-09_22311/term_results",
      "merged": "crData/Alianzas_y_Capital_de_Riesgo_4489/Alianzas_y_Capital_de_Riesgo_20-09_22311/merged_results.json",
      "filtered": "crData/Alianzas_y_Capital_de_Riesgo_4489/Alianzas_y_Capital_de_Riesgo_20-09_22311/filtered_results.json",
      "final": "crData/Alianzas_y_Capital_de_Riesgo_4489/Alianzas_y_Capital_de_Riesgo_20-09_22311/final_results.json",
      "statistics": "crData/Alianzas_y_Capital_de_Riesgo_4489/Alianzas_y_Capital_de_Riesgo_20-09_22311/statistics_results.json"
    },
    "20-10": {
      "base_folder": "crData/Alianzas_y_Capital_de_Riesgo_4489/Alianzas_y_Capital_de_Riesgo_20-10_22427",
      "term_results_folder": "crData/Alianzas_y_Capital_de_Riesgo_4489/Alianzas_y_Capital_de_Riesgo_20-10_22427/term_results",
      "merged": "crData/Alianzas_y_Capital_de_Riesgo_4489/Alianzas_y_Capital_de_Riesgo_20-10_22427/merged_results.json",
      "filtered": "crData/Alianzas_y_Capital_de_Riesgo_4489/Alianzas_y_Capital_de_Riesgo_20-10_22427/filtered_results.json",
      "final": "crData/Alianzas_y_Capital_de_Riesgo_4489/Alianzas_y_Capital_de_Riesgo_20-10_22427/final_results.json",
      "statistics": "crData/Alianzas_y_Capital_de_Riesgo_4489/Alianzas_y_Capital_de_Riesgo_20-10_22427/statistics_results.json"
    },
    "20-11": {
      "base_folder": "crData/Alianzas_y_Capital_de_Riesgo_4489/Alianzas_y_Capital_de_Riesgo_20-11_22529",
      "term_results_folder": "crData/Alianzas_y_Capital_de_Riesgo_4489/Alianzas_y_Capital_de_Riesgo_20-11_22529/term_results",
      "merged": "crData/Alianzas_y_Capital_de_Riesgo_4489/Alianzas_y_Capital_de_Riesgo_20-11_22529/merged_results.json",
      "filtered": "crData/Alianzas_y_Capital_de_Riesgo_4489/Alianzas_y_Capital_de_Riesgo_20-11_22529/filtered_results.json",
      "final": "crData/Alianzas_y_Capital_de_Riesgo_4489/Alianzas_y_Capital_de_Riesgo_20-11_22529/final_results.json",
      "statistics": "crData/Alianzas_y_Capital_de_Riesgo_4489/Alianzas_y_Capital_de_Riesgo_20-11_22529/statistics_results.json"
    },
    "20-12": {
      "base_folder": "crData/Alianzas_y_Capital_de_Riesgo_4489/Alianzas_y_Capital_de_Riesgo_20-12_23068",
      "term_results_folder": "crData/Alianzas_y_Capital_de_Riesgo_4489/Alianzas_y_Capital_de_Riesgo_20-12_23068/term_results",
      "merged": "crData/Alianzas_y_Capital_de_Riesgo_4489/Alianzas_y_Capital_de_Riesgo_20-12_23068/merged_results.json",
      "filtered": "crData/Alianzas_y_Capital_de_Riesgo_4489/Alianzas_y_Capital_de_Riesgo_20-12_23068/filtered_results.json",
      "final": "crData/Alianzas_y_Capital_de_Riesgo_4489/Alianzas_y_Capital_de_Riesgo_20-12_23068/final_results.json",
      "statistics": "crData/Alianzas_y_Capital_de_Riesgo_4489/Alianzas_y_Capital_de_Riesgo_20-12_23068/statistics_results.json"
    }
  }
}