{
  "tool_name": "Alianzas y Capital de Riesgo",
  "year": "1978",
  "monthly_stats": {
    "78-01": {
      "tool_name": "Alianzas y Capital de Riesgo",
      "batch_id": "30425",
      "date": "78-01",
      "initial_count": 95,
      "filtered_count": 0,
      "final_count": 0,
      "duplicate_count": 0,
      "terms": {
        "“Strategic": 84,
        "Venture”": 11
      },
      "file_paths": {
        "base_folder": "crData/Alianzas_y_Capital_de_Riesgo_4489/Alianzas_y_Capital_de_Riesgo_78-01_30425",
        "term_results_folder": "crData/Alianzas_y_Capital_de_Riesgo_4489/Alianzas_y_Capital_de_Riesgo_78-01_30425/term_results",
        "merged": "crData/Alianzas_y_Capital_de_Riesgo_4489/Alianzas_y_Capital_de_Riesgo_78-01_30425/merged_results.json",
        "filtered": "crData/Alianzas_y_Capital_de_Riesgo_4489/Alianzas_y_Capital_de_Riesgo_78-01_30425/filtered_results.json",
        "final": "crData/Alianzas_y_Capital_de_Riesgo_4489/Alianzas_y_Capital_de_Riesgo_78-01_30425/final_results.json",
        "statistics": "crData/Alianzas_y_Capital_de_Riesgo_4489/Alianzas_y_Capital_de_Riesgo_78-01_30425/statistics_results.json"
      },
      "processing_time": 3.4952938556671143,
      "total_crossref": 229358,
      "crossref_percentage": 0.0
    },
    "78-02": {
      "tool_name": "Alianzas y Capital de Riesgo",
      "batch_id": "30475",
      "date": "78-02",
      "initial_count": 5,
      "filtered_count": 0,
      "final_count": 0,
      "duplicate_count": 0,
      "terms": {
        "“Strategic": 3,
        "Venture”": 2
      },
      "file_paths": {
        "base_folder": "crData/Alianzas_y_Capital_de_Riesgo_4489/Alianzas_y_Capital_de_Riesgo_78-02_30475",
        "term_results_folder": "crData/Alianzas_y_Capital_de_Riesgo_4489/Alianzas_y_Capital_de_Riesgo_78-02_30475/term_results",
        "merged": "crData/Alianzas_y_Capital_de_Riesgo_4489/Alianzas_y_Capital_de_Riesgo_78-02_30475/merged_results.json",
        "filtered": "crData/Alianzas_y_Capital_de_Riesgo_4489/Alianzas_y_Capital_de_Riesgo_78-02_30475/filtered_results.json",
        "final": "crData/Alianzas_y_Capital_de_Riesgo_4489/Alianzas_y_Capital_de_Riesgo_78-02_30475/final_results.json",
        "statistics": "crData/Alianzas_y_Capital_de_Riesgo_4489/Alianzas_y_Capital_de_Riesgo_78-02_30475/statistics_results.json"
      },
      "processing_time": 3.6521530151367188,
      "total_crossref": 34442,
      "crossref_percentage": 0.0
    },
    "78-03": {
      "tool_name": "Alianzas y Capital de Riesgo",
      "batch_id": "30527",
      "date": "78-03",
      "initial_count": 16,
      "filtered_count": 0,
      "final_count": 0,
      "duplicate_count": 0,
      "terms": {
        "“Strategic": 15,
        "Venture”": 1
      },
      "file_paths": {
        "base_folder": "crData/Alianzas_y_Capital_de_Riesgo_4489/Alianzas_y_Capital_de_Riesgo_78-03_30527",
        "term_results_folder": "crData/Alianzas_y_Capital_de_Riesgo_4489/Alianzas_y_Capital_de_Riesgo_78-03_30527/term_results",
        "merged": "crData/Alianzas_y_Capital_de_Riesgo_4489/Alianzas_y_Capital_de_Riesgo_78-03_30527/merged_results.json",
        "filtered": "crData/Alianzas_y_Capital_de_Riesgo_4489/Alianzas_y_Capital_de_Riesgo_78-03_30527/filtered_results.json",
        "final": "crData/Alianzas_y_Capital_de_Riesgo_4489/Alianzas_y_Capital_de_Riesgo_78-03_30527/final_results.json",
        "statistics": "crData/Alianzas_y_Capital_de_Riesgo_4489/Alianzas_y_Capital_de_Riesgo_78-03_30527/statistics_results.json"
      },
      "processing_time": 2.5209131240844727,
      "total_crossref": 43036,
      "crossref_percentage": 0.0
    },
    "78-04": {
      "tool_name": "Alianzas y Capital de Riesgo",
      "batch_id": "30568",
      "date": "78-04",
      "initial_count": 13,
      "filtered_count": 0,
      "final_count": 0,
      "duplicate_count": 0,
      "terms": {
        "“Strategic": 8,
        "Venture”": 5
      },
      "file_paths": {
        "base_folder": "crData/Alianzas_y_Capital_de_Riesgo_4489/Alianzas_y_Capital_de_Riesgo_78-04_30568",
        "term_results_folder": "crData/Alianzas_y_Capital_de_Riesgo_4489/Alianzas_y_Capital_de_Riesgo_78-04_30568/term_results",
        "merged": "crData/Alianzas_y_Capital_de_Riesgo_4489/Alianzas_y_Capital_de_Riesgo_78-04_30568/merged_results.json",
        "filtered": "crData/Alianzas_y_Capital_de_Riesgo_4489/Alianzas_y_Capital_de_Riesgo_78-04_30568/filtered_results.json",
        "final": "crData/Alianzas_y_Capital_de_Riesgo_4489/Alianzas_y_Capital_de_Riesgo_78-04_30568/final_results.json",
        "statistics": "crData/Alianzas_y_Capital_de_Riesgo_4489/Alianzas_y_Capital_de_Riesgo_78-04_30568/statistics_results.json"
      },
      "processing_time": 1.941403865814209,
      "total_crossref": 39993,
      "crossref_percentage": 0.0
    },
    "78-05": {
      "tool_name": "Alianzas y Capital de Riesgo",
      "batch_id": "31002",
      "date": "78-05",
      "initial_count": 17,
      "filtered_count": 0,
      "final_count": 0,
      "duplicate_count": 0,
      "terms": {
        "“Strategic": 13,
        "Venture”": 4
      },
      "file_paths": {
        "base_folder": "crData/Alianzas_y_Capital_de_Riesgo_4489/Alianzas_y_Capital_de_Riesgo_78-05_31002",
        "term_results_folder": "crData/Alianzas_y_Capital_de_Riesgo_4489/Alianzas_y_Capital_de_Riesgo_78-05_31002/term_results",
        "merged": "crData/Alianzas_y_Capital_de_Riesgo_4489/Alianzas_y_Capital_de_Riesgo_78-05_31002/merged_results.json",
        "filtered": "crData/Alianzas_y_Capital_de_Riesgo_4489/Alianzas_y_Capital_de_Riesgo_78-05_31002/filtered_results.json",
        "final": "crData/Alianzas_y_Capital_de_Riesgo_4489/Alianzas_y_Capital_de_Riesgo_78-05_31002/final_results.json",
        "statistics": "crData/Alianzas_y_Capital_de_Riesgo_4489/Alianzas_y_Capital_de_Riesgo_78-05_31002/statistics_results.json"
      },
      "processing_time": 4.361119985580444,
      "total_crossref": 36117,
      "crossref_percentage": 0.0
    },
    "78-06": {
      "tool_name": "Alianzas y Capital de Riesgo",
      "batch_id": "31061",
      "date": "78-06",
      "initial_count": 13,
      "filtered_count": 0,
      "final_count": 0,
      "duplicate_count": 0,
      "terms": {
        "“Strategic": 10,
        "Venture”": 3
      },
      "file_paths": {
        "base_folder": "crData/Alianzas_y_Capital_de_Riesgo_4489/Alianzas_y_Capital_de_Riesgo_78-06_31061",
        "term_results_folder": "crData/Alianzas_y_Capital_de_Riesgo_4489/Alianzas_y_Capital_de_Riesgo_78-06_31061/term_results",
        "merged": "crData/Alianzas_y_Capital_de_Riesgo_4489/Alianzas_y_Capital_de_Riesgo_78-06_31061/merged_results.json",
        "filtered": "crData/Alianzas_y_Capital_de_Riesgo_4489/Alianzas_y_Capital_de_Riesgo_78-06_31061/filtered_results.json",
        "final": "crData/Alianzas_y_Capital_de_Riesgo_4489/Alianzas_y_Capital_de_Riesgo_78-06_31061/final_results.json",
        "statistics": "crData/Alianzas_y_Capital_de_Riesgo_4489/Alianzas_y_Capital_de_Riesgo_78-06_31061/statistics_results.json"
      },
      "processing_time": 2.4734508991241455,
      "total_crossref": 41136,
      "crossref_percentage": 0.0
    },
    "78-07": {
      "tool_name": "Alianzas y Capital de Riesgo",
      "batch_id": "31101",
      "date": "78-07",
      "initial_count": 34,
      "filtered_count": 0,
      "final_count": 0,
      "duplicate_count": 0,
      "terms": {
        "“Strategic": 27,
        "Venture”": 7
      },
      "file_paths": {
        "base_folder": "crData/Alianzas_y_Capital_de_Riesgo_4489/Alianzas_y_Capital_de_Riesgo_78-07_31101",
        "term_results_folder": "crData/Alianzas_y_Capital_de_Riesgo_4489/Alianzas_y_Capital_de_Riesgo_78-07_31101/term_results",
        "merged": "crData/Alianzas_y_Capital_de_Riesgo_4489/Alianzas_y_Capital_de_Riesgo_78-07_31101/merged_results.json",
        "filtered": "crData/Alianzas_y_Capital_de_Riesgo_4489/Alianzas_y_Capital_de_Riesgo_78-07_31101/filtered_results.json",
        "final": "crData/Alianzas_y_Capital_de_Riesgo_4489/Alianzas_y_Capital_de_Riesgo_78-07_31101/final_results.json",
        "statistics": "crData/Alianzas_y_Capital_de_Riesgo_4489/Alianzas_y_Capital_de_Riesgo_78-07_31101/statistics_results.json"
      },
      "processing_time": 3.4626121520996094,
      "total_crossref": 36984,
      "crossref_percentage": 0.0
    },
    "78-08": {
      "tool_name": "Alianzas y Capital de Riesgo",
      "batch_id": "31151",
      "date": "78-08",
      "initial_count": 14,
      "filtered_count": 0,
      "final_count": 0,
      "duplicate_count": 0,
      "terms": {
        "“Strategic": 11,
        "Venture”": 3
      },
      "file_paths": {
        "base_folder": "crData/Alianzas_y_Capital_de_Riesgo_4489/Alianzas_y_Capital_de_Riesgo_78-08_31151",
        "term_results_folder": "crData/Alianzas_y_Capital_de_Riesgo_4489/Alianzas_y_Capital_de_Riesgo_78-08_31151/term_results",
        "merged": "crData/Alianzas_y_Capital_de_Riesgo_4489/Alianzas_y_Capital_de_Riesgo_78-08_31151/merged_results.json",
        "filtered": "crData/Alianzas_y_Capital_de_Riesgo_4489/Alianzas_y_Capital_de_Riesgo_78-08_31151/filtered_results.json",
        "final": "crData/Alianzas_y_Capital_de_Riesgo_4489/Alianzas_y_Capital_de_Riesgo_78-08_31151/final_results.json",
        "statistics": "crData/Alianzas_y_Capital_de_Riesgo_4489/Alianzas_y_Capital_de_Riesgo_78-08_31151/statistics_results.json"
      },
      "processing_time": 2.003368854522705,
      "total_crossref": 32231,
      "crossref_percentage": 0.0
    },
    "78-09": {
      "tool_name": "Alianzas y Capital de Riesgo",
      "batch_id": "31186",
      "date": "78-09",
      "initial_count": 18,
      "filtered_count": 0,
      "final_count": 0,
      "duplicate_count": 0,
      "terms": {
        "“Strategic": 17,
        "Venture”": 1
      },
      "file_paths": {
        "base_folder": "crData/Alianzas_y_Capital_de_Riesgo_4489/Alianzas_y_Capital_de_Riesgo_78-09_31186",
        "term_results_folder": "crData/Alianzas_y_Capital_de_Riesgo_4489/Alianzas_y_Capital_de_Riesgo_78-09_31186/term_results",
        "merged": "crData/Alianzas_y_Capital_de_Riesgo_4489/Alianzas_y_Capital_de_Riesgo_78-09_31186/merged_results.json",
        "filtered": "crData/Alianzas_y_Capital_de_Riesgo_4489/Alianzas_y_Capital_de_Riesgo_78-09_31186/filtered_results.json",
        "final": "crData/Alianzas_y_Capital_de_Riesgo_4489/Alianzas_y_Capital_de_Riesgo_78-09_31186/final_results.json",
        "statistics": "crData/Alianzas_y_Capital_de_Riesgo_4489/Alianzas_y_Capital_de_Riesgo_78-09_31186/statistics_results.json"
      },
      "processing_time": 2.050877094268799,
      "total_crossref": 42672,
      "crossref_percentage": 0.0
    },
    "78-10": {
      "tool_name": "Alianzas y Capital de Riesgo",
      "batch_id": "31222",
      "date": "78-10",
      "initial_count": 17,
      "filtered_count": 0,
      "final_count": 0,
      "duplicate_count": 0,
      "terms": {
        "“Strategic": 16,
        "Venture”": 1
      },
      "file_paths": {
        "base_folder": "crData/Alianzas_y_Capital_de_Riesgo_4489/Alianzas_y_Capital_de_Riesgo_78-10_31222",
        "term_results_folder": "crData/Alianzas_y_Capital_de_Riesgo_4489/Alianzas_y_Capital_de_Riesgo_78-10_31222/term_results",
        "merged": "crData/Alianzas_y_Capital_de_Riesgo_4489/Alianzas_y_Capital_de_Riesgo_78-10_31222/merged_results.json",
        "filtered": "crData/Alianzas_y_Capital_de_Riesgo_4489/Alianzas_y_Capital_de_Riesgo_78-10_31222/filtered_results.json",
        "final": "crData/Alianzas_y_Capital_de_Riesgo_4489/Alianzas_y_Capital_de_Riesgo_78-10_31222/final_results.json",
        "statistics": "crData/Alianzas_y_Capital_de_Riesgo_4489/Alianzas_y_Capital_de_Riesgo_78-10_31222/statistics_results.json"
      },
      "processing_time": 2.894028902053833,
      "total_crossref": 40093,
      "crossref_percentage": 0.0
    },
    "78-11": {
      "tool_name": "Alianzas y Capital de Riesgo",
      "batch_id": "31266",
      "date": "78-11",
      "initial_count": 19,
      "filtered_count": 0,
      "final_count": 0,
      "duplicate_count": 0,
      "terms": {
        "“Strategic": 16,
        "Venture”": 3
      },
      "file_paths": {
        "base_folder": "crData/Alianzas_y_Capital_de_Riesgo_4489/Alianzas_y_Capital_de_Riesgo_78-11_31266",
        "term_results_folder": "crData/Alianzas_y_Capital_de_Riesgo_4489/Alianzas_y_Capital_de_Riesgo_78-11_31266/term_results",
        "merged": "crData/Alianzas_y_Capital_de_Riesgo_4489/Alianzas_y_Capital_de_Riesgo_78-11_31266/merged_results.json",
        "filtered": "crData/Alianzas_y_Capital_de_Riesgo_4489/Alianzas_y_Capital_de_Riesgo_78-11_31266/filtered_results.json",
        "final": "crData/Alianzas_y_Capital_de_Riesgo_4489/Alianzas_y_Capital_de_Riesgo_78-11_31266/final_results.json",
        "statistics": "crData/Alianzas_y_Capital_de_Riesgo_4489/Alianzas_y_Capital_de_Riesgo_78-11_31266/statistics_results.json"
      },
      "processing_time": 2.2422101497650146,
      "total_crossref": 35400,
      "crossref_percentage": 0.0
    },
    "78-12": {
      "tool_name": "Alianzas y Capital de Riesgo",
      "batch_id": "31303",
      "date": "78-12",
      "initial_count": 23,
      "filtered_count": 0,
      "final_count": 0,
      "duplicate_count": 0,
      "terms": {
        "“Strategic": 21,
        "Venture”": 2
      },
      "file_paths": {
        "base_folder": "crData/Alianzas_y_Capital_de_Riesgo_4489/Alianzas_y_Capital_de_Riesgo_78-12_31303",
        "term_results_folder": "crData/Alianzas_y_Capital_de_Riesgo_4489/Alianzas_y_Capital_de_Riesgo_78-12_31303/term_results",
        "merged": "crData/Alianzas_y_Capital_de_Riesgo_4489/Alianzas_y_Capital_de_Riesgo_78-12_31303/merged_results.json",
        "filtered": "crData/Alianzas_y_Capital_de_Riesgo_4489/Alianzas_y_Capital_de_Riesgo_78-12_31303/filtered_results.json",
        "final": "crData/Alianzas_y_Capital_de_Riesgo_4489/Alianzas_y_Capital_de_Riesgo_78-12_31303/final_results.json",
        "statistics": "crData/Alianzas_y_Capital_de_Riesgo_4489/Alianzas_y_Capital_de_Riesgo_78-12_31303/statistics_results.json"
      },
      "processing_time": 1.913132905960083,
      "total_crossref": 62920,
      "crossref_percentage": 0.0
    }
  },
  "total_duplicates": 0,
  "monthly_files": {
    "78-01": {
      "base_folder": "crData/Alianzas_y_Capital_de_Riesgo_4489/Alianzas_y_Capital_de_Riesgo_78-01_30425",
      "term_results_folder": "crData/Alianzas_y_Capital_de_Riesgo_4489/Alianzas_y_Capital_de_Riesgo_78-01_30425/term_results",
      "merged": "crData/Alianzas_y_Capital_de_Riesgo_4489/Alianzas_y_Capital_de_Riesgo_78-01_30425/merged_results.json",
      "filtered": "crData/Alianzas_y_Capital_de_Riesgo_4489/Alianzas_y_Capital_de_Riesgo_78-01_30425/filtered_results.json",
      "final": "crData/Alianzas_y_Capital_de_Riesgo_4489/Alianzas_y_Capital_de_Riesgo_78-01_30425/final_results.json",
      "statistics": "crData/Alianzas_y_Capital_de_Riesgo_4489/Alianzas_y_Capital_de_Riesgo_78-01_30425/statistics_results.json"
    },
    "78-02": {
      "base_folder": "crData/Alianzas_y_Capital_de_Riesgo_4489/Alianzas_y_Capital_de_Riesgo_78-02_30475",
      "term_results_folder": "crData/Alianzas_y_Capital_de_Riesgo_4489/Alianzas_y_Capital_de_Riesgo_78-02_30475/term_results",
      "merged": "crData/Alianzas_y_Capital_de_Riesgo_4489/Alianzas_y_Capital_de_Riesgo_78-02_30475/merged_results.json",
      "filtered": "crData/Alianzas_y_Capital_de_Riesgo_4489/Alianzas_y_Capital_de_Riesgo_78-02_30475/filtered_results.json",
      "final": "crData/Alianzas_y_Capital_de_Riesgo_4489/Alianzas_y_Capital_de_Riesgo_78-02_30475/final_results.json",
      "statistics": "crData/Alianzas_y_Capital_de_Riesgo_4489/Alianzas_y_Capital_de_Riesgo_78-02_30475/statistics_results.json"
    },
    "78-03": {
      "base_folder": "crData/Alianzas_y_Capital_de_Riesgo_4489/Alianzas_y_Capital_de_Riesgo_78-03_30527",
      "term_results_folder": "crData/Alianzas_y_Capital_de_Riesgo_4489/Alianzas_y_Capital_de_Riesgo_78-03_30527/term_results",
      "merged": "crData/Alianzas_y_Capital_de_Riesgo_4489/Alianzas_y_Capital_de_Riesgo_78-03_30527/merged_results.json",
      "filtered": "crData/Alianzas_y_Capital_de_Riesgo_4489/Alianzas_y_Capital_de_Riesgo_78-03_30527/filtered_results.json",
      "final": "crData/Alianzas_y_Capital_de_Riesgo_4489/Alianzas_y_Capital_de_Riesgo_78-03_30527/final_results.json",
      "statistics": "crData/Alianzas_y_Capital_de_Riesgo_4489/Alianzas_y_Capital_de_Riesgo_78-03_30527/statistics_results.json"
    },
    "78-04": {
      "base_folder": "crData/Alianzas_y_Capital_de_Riesgo_4489/Alianzas_y_Capital_de_Riesgo_78-04_30568",
      "term_results_folder": "crData/Alianzas_y_Capital_de_Riesgo_4489/Alianzas_y_Capital_de_Riesgo_78-04_30568/term_results",
      "merged": "crData/Alianzas_y_Capital_de_Riesgo_4489/Alianzas_y_Capital_de_Riesgo_78-04_30568/merged_results.json",
      "filtered": "crData/Alianzas_y_Capital_de_Riesgo_4489/Alianzas_y_Capital_de_Riesgo_78-04_30568/filtered_results.json",
      "final": "crData/Alianzas_y_Capital_de_Riesgo_4489/Alianzas_y_Capital_de_Riesgo_78-04_30568/final_results.json",
      "statistics": "crData/Alianzas_y_Capital_de_Riesgo_4489/Alianzas_y_Capital_de_Riesgo_78-04_30568/statistics_results.json"
    },
    "78-05": {
      "base_folder": "crData/Alianzas_y_Capital_de_Riesgo_4489/Alianzas_y_Capital_de_Riesgo_78-05_31002",
      "term_results_folder": "crData/Alianzas_y_Capital_de_Riesgo_4489/Alianzas_y_Capital_de_Riesgo_78-05_31002/term_results",
      "merged": "crData/Alianzas_y_Capital_de_Riesgo_4489/Alianzas_y_Capital_de_Riesgo_78-05_31002/merged_results.json",
      "filtered": "crData/Alianzas_y_Capital_de_Riesgo_4489/Alianzas_y_Capital_de_Riesgo_78-05_31002/filtered_results.json",
      "final": "crData/Alianzas_y_Capital_de_Riesgo_4489/Alianzas_y_Capital_de_Riesgo_78-05_31002/final_results.json",
      "statistics": "crData/Alianzas_y_Capital_de_Riesgo_4489/Alianzas_y_Capital_de_Riesgo_78-05_31002/statistics_results.json"
    },
    "78-06": {
      "base_folder": "crData/Alianzas_y_Capital_de_Riesgo_4489/Alianzas_y_Capital_de_Riesgo_78-06_31061",
      "term_results_folder": "crData/Alianzas_y_Capital_de_Riesgo_4489/Alianzas_y_Capital_de_Riesgo_78-06_31061/term_results",
      "merged": "crData/Alianzas_y_Capital_de_Riesgo_4489/Alianzas_y_Capital_de_Riesgo_78-06_31061/merged_results.json",
      "filtered": "crData/Alianzas_y_Capital_de_Riesgo_4489/Alianzas_y_Capital_de_Riesgo_78-06_31061/filtered_results.json",
      "final": "crData/Alianzas_y_Capital_de_Riesgo_4489/Alianzas_y_Capital_de_Riesgo_78-06_31061/final_results.json",
      "statistics": "crData/Alianzas_y_Capital_de_Riesgo_4489/Alianzas_y_Capital_de_Riesgo_78-06_31061/statistics_results.json"
    },
    "78-07": {
      "base_folder": "crData/Alianzas_y_Capital_de_Riesgo_4489/Alianzas_y_Capital_de_Riesgo_78-07_31101",
      "term_results_folder": "crData/Alianzas_y_Capital_de_Riesgo_4489/Alianzas_y_Capital_de_Riesgo_78-07_31101/term_results",
      "merged": "crData/Alianzas_y_Capital_de_Riesgo_4489/Alianzas_y_Capital_de_Riesgo_78-07_31101/merged_results.json",
      "filtered": "crData/Alianzas_y_Capital_de_Riesgo_4489/Alianzas_y_Capital_de_Riesgo_78-07_31101/filtered_results.json",
      "final": "crData/Alianzas_y_Capital_de_Riesgo_4489/Alianzas_y_Capital_de_Riesgo_78-07_31101/final_results.json",
      "statistics": "crData/Alianzas_y_Capital_de_Riesgo_4489/Alianzas_y_Capital_de_Riesgo_78-07_31101/statistics_results.json"
    },
    "78-08": {
      "base_folder": "crData/Alianzas_y_Capital_de_Riesgo_4489/Alianzas_y_Capital_de_Riesgo_78-08_31151",
      "term_results_folder": "crData/Alianzas_y_Capital_de_Riesgo_4489/Alianzas_y_Capital_de_Riesgo_78-08_31151/term_results",
      "merged": "crData/Alianzas_y_Capital_de_Riesgo_4489/Alianzas_y_Capital_de_Riesgo_78-08_31151/merged_results.json",
      "filtered": "crData/Alianzas_y_Capital_de_Riesgo_4489/Alianzas_y_Capital_de_Riesgo_78-08_31151/filtered_results.json",
      "final": "crData/Alianzas_y_Capital_de_Riesgo_4489/Alianzas_y_Capital_de_Riesgo_78-08_31151/final_results.json",
      "statistics": "crData/Alianzas_y_Capital_de_Riesgo_4489/Alianzas_y_Capital_de_Riesgo_78-08_31151/statistics_results.json"
    },
    "78-09": {
      "base_folder": "crData/Alianzas_y_Capital_de_Riesgo_4489/Alianzas_y_Capital_de_Riesgo_78-09_31186",
      "term_results_folder": "crData/Alianzas_y_Capital_de_Riesgo_4489/Alianzas_y_Capital_de_Riesgo_78-09_31186/term_results",
      "merged": "crData/Alianzas_y_Capital_de_Riesgo_4489/Alianzas_y_Capital_de_Riesgo_78-09_31186/merged_results.json",
      "filtered": "crData/Alianzas_y_Capital_de_Riesgo_4489/Alianzas_y_Capital_de_Riesgo_78-09_31186/filtered_results.json",
      "final": "crData/Alianzas_y_Capital_de_Riesgo_4489/Alianzas_y_Capital_de_Riesgo_78-09_31186/final_results.json",
      "statistics": "crData/Alianzas_y_Capital_de_Riesgo_4489/Alianzas_y_Capital_de_Riesgo_78-09_31186/statistics_results.json"
    },
    "78-10": {
      "base_folder": "crData/Alianzas_y_Capital_de_Riesgo_4489/Alianzas_y_Capital_de_Riesgo_78-10_31222",
      "term_results_folder": "crData/Alianzas_y_Capital_de_Riesgo_4489/Alianzas_y_Capital_de_Riesgo_78-10_31222/term_results",
      "merged": "crData/Alianzas_y_Capital_de_Riesgo_4489/Alianzas_y_Capital_de_Riesgo_78-10_31222/merged_results.json",
      "filtered": "crData/Alianzas_y_Capital_de_Riesgo_4489/Alianzas_y_Capital_de_Riesgo_78-10_31222/filtered_results.json",
      "final": "crData/Alianzas_y_Capital_de_Riesgo_4489/Alianzas_y_Capital_de_Riesgo_78-10_31222/final_results.json",
      "statistics": "crData/Alianzas_y_Capital_de_Riesgo_4489/Alianzas_y_Capital_de_Riesgo_78-10_31222/statistics_results.json"
    },
    "78-11": {
      "base_folder": "crData/Alianzas_y_Capital_de_Riesgo_4489/Alianzas_y_Capital_de_Riesgo_78-11_31266",
      "term_results_folder": "crData/Alianzas_y_Capital_de_Riesgo_4489/Alianzas_y_Capital_de_Riesgo_78-11_31266/term_results",
      "merged": "crData/Alianzas_y_Capital_de_Riesgo_4489/Alianzas_y_Capital_de_Riesgo_78-11_31266/merged_results.json",
      "filtered": "crData/Alianzas_y_Capital_de_Riesgo_4489/Alianzas_y_Capital_de_Riesgo_78-11_31266/filtered_results.json",
      "final": "crData/Alianzas_y_Capital_de_Riesgo_4489/Alianzas_y_Capital_de_Riesgo_78-11_31266/final_results.json",
      "statistics": "crData/Alianzas_y_Capital_de_Riesgo_4489/Alianzas_y_Capital_de_Riesgo_78-11_31266/statistics_results.json"
    },
    "78-12": {
      "base_folder": "crData/Alianzas_y_Capital_de_Riesgo_4489/Alianzas_y_Capital_de_Riesgo_78-12_31303",
      "term_results_folder": "crData/Alianzas_y_Capital_de_Riesgo_4489/Alianzas_y_Capital_de_Riesgo_78-12_31303/term_results",
      "merged": "crData/Alianzas_y_Capital_de_Riesgo_4489/Alianzas_y_Capital_de_Riesgo_78-12_31303/merged_results.json",
      "filtered": "crData/Alianzas_y_Capital_de_Riesgo_4489/Alianzas_y_Capital_de_Riesgo_78-12_31303/filtered_results.json",
      "final": "crData/Alianzas_y_Capital_de_Riesgo_4489/Alianzas_y_Capital_de_Riesgo_78-12_31303/final_results.json",
      "statistics": "crData/Alianzas_y_Capital_de_Riesgo_4489/Alianzas_y_Capital_de_Riesgo_78-12_31303/statistics_results.json"
    }
  }
}