{
  "tool_name": "Benchmarking",
  "year": "1976",
  "monthly_stats": {
    "76-01": {
      "tool_name": "Benchmarking",
      "batch_id": "59299",
      "date": "76-01",
      "initial_count": 1,
      "filtered_count": 1,
      "final_count": 1,
      "duplicate_count": 0,
      "terms": {
        "Benchmarking": 1
      },
      "file_paths": {
        "base_folder": "crData/Benchmarking_2088/Benchmarking_76-01_59299",
        "term_results_folder": "crData/Benchmarking_2088/Benchmarking_76-01_59299/term_results",
        "merged": "crData/Benchmarking_2088/Benchmarking_76-01_59299/merged_results.json",
        "filtered": "crData/Benchmarking_2088/Benchmarking_76-01_59299/filtered_results.json",
        "final": "crData/Benchmarking_2088/Benchmarking_76-01_59299/final_results.json",
        "statistics": "crData/Benchmarking_2088/Benchmarking_76-01_59299/statistics_results.json"
      },
      "processing_time": 1.855806827545166,
      "total_crossref": 204831,
      "crossref_percentage": 0.0004882073514262978
    },
    "76-02": {
      "tool_name": "Benchmarking",
      "batch_id": "59332",
      "date": "76-02",
      "initial_count": 0,
      "filtered_count": 0,
      "final_count": 0,
      "duplicate_count": 0,
      "terms": {
        "Benchmarking": 0
      },
      "file_paths": {
        "base_folder": "crData/Benchmarking_2088/Benchmarking_76-02_59332",
        "term_results_folder": "crData/Benchmarking_2088/Benchmarking_76-02_59332/term_results",
        "merged": "crData/Benchmarking_2088/Benchmarking_76-02_59332/merged_results.json",
        "filtered": "crData/Benchmarking_2088/Benchmarking_76-02_59332/filtered_results.json",
        "final": "crData/Benchmarking_2088/Benchmarking_76-02_59332/final_results.json",
        "statistics": "crData/Benchmarking_2088/Benchmarking_76-02_59332/statistics_results.json"
      },
      "processing_time": 1.642509937286377,
      "total_crossref": 29897,
      "crossref_percentage": 0.0
    },
    "76-03": {
      "tool_name": "Benchmarking",
      "batch_id": "59364",
      "date": "76-03",
      "initial_count": 0,
      "filtered_count": 0,
      "final_count": 0,
      "duplicate_count": 0,
      "terms": {
        "Benchmarking": 0
      },
      "file_paths": {
        "base_folder": "crData/Benchmarking_2088/Benchmarking_76-03_59364",
        "term_results_folder": "crData/Benchmarking_2088/Benchmarking_76-03_59364/term_results",
        "merged": "crData/Benchmarking_2088/Benchmarking_76-03_59364/merged_results.json",
        "filtered": "crData/Benchmarking_2088/Benchmarking_76-03_59364/filtered_results.json",
        "final": "crData/Benchmarking_2088/Benchmarking_76-03_59364/final_results.json",
        "statistics": "crData/Benchmarking_2088/Benchmarking_76-03_59364/statistics_results.json"
      },
      "processing_time": 2.0331101417541504,
      "total_crossref": 39868,
      "crossref_percentage": 0.0
    },
    "76-04": {
      "tool_name": "Benchmarking",
      "batch_id": "59399",
      "date": "76-04",
      "initial_count": 0,
      "filtered_count": 0,
      "final_count": 0,
      "duplicate_count": 0,
      "terms": {
        "Benchmarking": 0
      },
      "file_paths": {
        "base_folder": "crData/Benchmarking_2088/Benchmarking_76-04_59399",
        "term_results_folder": "crData/Benchmarking_2088/Benchmarking_76-04_59399/term_results",
        "merged": "crData/Benchmarking_2088/Benchmarking_76-04_59399/merged_results.json",
        "filtered": "crData/Benchmarking_2088/Benchmarking_76-04_59399/filtered_results.json",
        "final": "crData/Benchmarking_2088/Benchmarking_76-04_59399/final_results.json",
        "statistics": "crData/Benchmarking_2088/Benchmarking_76-04_59399/statistics_results.json"
      },
      "processing_time": 1.1559269428253174,
      "total_crossref": 37006,
      "crossref_percentage": 0.0
    },
    "76-05": {
      "tool_name": "Benchmarking",
      "batch_id": "59426",
      "date": "76-05",
      "initial_count": 0,
      "filtered_count": 0,
      "final_count": 0,
      "duplicate_count": 0,
      "terms": {
        "Benchmarking": 0
      },
      "file_paths": {
        "base_folder": "crData/Benchmarking_2088/Benchmarking_76-05_59426",
        "term_results_folder": "crData/Benchmarking_2088/Benchmarking_76-05_59426/term_results",
        "merged": "crData/Benchmarking_2088/Benchmarking_76-05_59426/merged_results.json",
        "filtered": "crData/Benchmarking_2088/Benchmarking_76-05_59426/filtered_results.json",
        "final": "crData/Benchmarking_2088/Benchmarking_76-05_59426/final_results.json",
        "statistics": "crData/Benchmarking_2088/Benchmarking_76-05_59426/statistics_results.json"
      },
      "processing_time": 1.5828099250793457,
      "total_crossref": 32011,
      "crossref_percentage": 0.0
    },
    "76-06": {
      "tool_name": "Benchmarking",
      "batch_id": "59457",
      "date": "76-06",
      "initial_count": 1,
      "filtered_count": 1,
      "final_count": 1,
      "duplicate_count": 0,
      "terms": {
        "Benchmarking": 1
      },
      "file_paths": {
        "base_folder": "crData/Benchmarking_2088/Benchmarking_76-06_59457",
        "term_results_folder": "crData/Benchmarking_2088/Benchmarking_76-06_59457/term_results",
        "merged": "crData/Benchmarking_2088/Benchmarking_76-06_59457/merged_results.json",
        "filtered": "crData/Benchmarking_2088/Benchmarking_76-06_59457/filtered_results.json",
        "final": "crData/Benchmarking_2088/Benchmarking_76-06_59457/final_results.json",
        "statistics": "crData/Benchmarking_2088/Benchmarking_76-06_59457/statistics_results.json"
      },
      "processing_time": 1.2861859798431396,
      "total_crossref": 37502,
      "crossref_percentage": 0.0026665244520292252
    },
    "76-07": {
      "tool_name": "Benchmarking",
      "batch_id": "59485",
      "date": "76-07",
      "initial_count": 0,
      "filtered_count": 0,
      "final_count": 0,
      "duplicate_count": 0,
      "terms": {
        "Benchmarking": 0
      },
      "file_paths": {
        "base_folder": "crData/Benchmarking_2088/Benchmarking_76-07_59485",
        "term_results_folder": "crData/Benchmarking_2088/Benchmarking_76-07_59485/term_results",
        "merged": "crData/Benchmarking_2088/Benchmarking_76-07_59485/merged_results.json",
        "filtered": "crData/Benchmarking_2088/Benchmarking_76-07_59485/filtered_results.json",
        "final": "crData/Benchmarking_2088/Benchmarking_76-07_59485/final_results.json",
        "statistics": "crData/Benchmarking_2088/Benchmarking_76-07_59485/statistics_results.json"
      },
      "processing_time": 2.399770975112915,
      "total_crossref": 36803,
      "crossref_percentage": 0.0
    },
    "76-08": {
      "tool_name": "Benchmarking",
      "batch_id": "59524",
      "date": "76-08",
      "initial_count": 0,
      "filtered_count": 0,
      "final_count": 0,
      "duplicate_count": 0,
      "terms": {
        "Benchmarking": 0
      },
      "file_paths": {
        "base_folder": "crData/Benchmarking_2088/Benchmarking_76-08_59524",
        "term_results_folder": "crData/Benchmarking_2088/Benchmarking_76-08_59524/term_results",
        "merged": "crData/Benchmarking_2088/Benchmarking_76-08_59524/merged_results.json",
        "filtered": "crData/Benchmarking_2088/Benchmarking_76-08_59524/filtered_results.json",
        "final": "crData/Benchmarking_2088/Benchmarking_76-08_59524/final_results.json",
        "statistics": "crData/Benchmarking_2088/Benchmarking_76-08_59524/statistics_results.json"
      },
      "processing_time": 1.6397709846496582,
      "total_crossref": 28586,
      "crossref_percentage": 0.0
    },
    "76-09": {
      "tool_name": "Benchmarking",
      "batch_id": "59555",
      "date": "76-09",
      "initial_count": 0,
      "filtered_count": 0,
      "final_count": 0,
      "duplicate_count": 0,
      "terms": {
        "Benchmarking": 0
      },
      "file_paths": {
        "base_folder": "crData/Benchmarking_2088/Benchmarking_76-09_59555",
        "term_results_folder": "crData/Benchmarking_2088/Benchmarking_76-09_59555/term_results",
        "merged": "crData/Benchmarking_2088/Benchmarking_76-09_59555/merged_results.json",
        "filtered": "crData/Benchmarking_2088/Benchmarking_76-09_59555/filtered_results.json",
        "final": "crData/Benchmarking_2088/Benchmarking_76-09_59555/final_results.json",
        "statistics": "crData/Benchmarking_2088/Benchmarking_76-09_59555/statistics_results.json"
      },
      "processing_time": 2.2904441356658936,
      "total_crossref": 38013,
      "crossref_percentage": 0.0
    },
    "76-10": {
      "tool_name": "Benchmarking",
      "batch_id": "59593",
      "date": "76-10",
      "initial_count": 0,
      "filtered_count": 0,
      "final_count": 0,
      "duplicate_count": 0,
      "terms": {
        "Benchmarking": 0
      },
      "file_paths": {
        "base_folder": "crData/Benchmarking_2088/Benchmarking_76-10_59593",
        "term_results_folder": "crData/Benchmarking_2088/Benchmarking_76-10_59593/term_results",
        "merged": "crData/Benchmarking_2088/Benchmarking_76-10_59593/merged_results.json",
        "filtered": "crData/Benchmarking_2088/Benchmarking_76-10_59593/filtered_results.json",
        "final": "crData/Benchmarking_2088/Benchmarking_76-10_59593/final_results.json",
        "statistics": "crData/Benchmarking_2088/Benchmarking_76-10_59593/statistics_results.json"
      },
      "processing_time": 5.661516904830933,
      "total_crossref": 36349,
      "crossref_percentage": 0.0
    },
    "76-11": {
      "tool_name": "Benchmarking",
      "batch_id": "00065",
      "date": "76-11",
      "initial_count": 0,
      "filtered_count": 0,
      "final_count": 0,
      "duplicate_count": 0,
      "terms": {
        "Benchmarking": 0
      },
      "file_paths": {
        "base_folder": "crData/Benchmarking_2088/Benchmarking_76-11_00065",
        "term_results_folder": "crData/Benchmarking_2088/Benchmarking_76-11_00065/term_results",
        "merged": "crData/Benchmarking_2088/Benchmarking_76-11_00065/merged_results.json",
        "filtered": "crData/Benchmarking_2088/Benchmarking_76-11_00065/filtered_results.json",
        "final": "crData/Benchmarking_2088/Benchmarking_76-11_00065/final_results.json",
        "statistics": "crData/Benchmarking_2088/Benchmarking_76-11_00065/statistics_results.json"
      },
      "processing_time": 4.450446844100952,
      "total_crossref": 32448,
      "crossref_percentage": 0.0
    },
    "76-12": {
      "tool_name": "Benchmarking",
      "batch_id": "00124",
      "date": "76-12",
      "initial_count": 0,
      "filtered_count": 0,
      "final_count": 0,
      "duplicate_count": 0,
      "terms": {
        "Benchmarking": 0
      },
      "file_paths": {
        "base_folder": "crData/Benchmarking_2088/Benchmarking_76-12_00124",
        "term_results_folder": "crData/Benchmarking_2088/Benchmarking_76-12_00124/term_results",
        "merged": "crData/Benchmarking_2088/Benchmarking_76-12_00124/merged_results.json",
        "filtered": "crData/Benchmarking_2088/Benchmarking_76-12_00124/filtered_results.json",
        "final": "crData/Benchmarking_2088/Benchmarking_76-12_00124/final_results.json",
        "statistics": "crData/Benchmarking_2088/Benchmarking_76-12_00124/statistics_results.json"
      },
      "processing_time": 1.5607140064239502,
      "total_crossref": 59347,
      "crossref_percentage": 0.0
    }
  },
  "total_duplicates": 0,
  "monthly_files": {
    "76-01": {
      "base_folder": "crData/Benchmarking_2088/Benchmarking_76-01_59299",
      "term_results_folder": "crData/Benchmarking_2088/Benchmarking_76-01_59299/term_results",
      "merged": "crData/Benchmarking_2088/Benchmarking_76-01_59299/merged_results.json",
      "filtered": "crData/Benchmarking_2088/Benchmarking_76-01_59299/filtered_results.json",
      "final": "crData/Benchmarking_2088/Benchmarking_76-01_59299/final_results.json",
      "statistics": "crData/Benchmarking_2088/Benchmarking_76-01_59299/statistics_results.json"
    },
    "76-02": {
      "base_folder": "crData/Benchmarking_2088/Benchmarking_76-02_59332",
      "term_results_folder": "crData/Benchmarking_2088/Benchmarking_76-02_59332/term_results",
      "merged": "crData/Benchmarking_2088/Benchmarking_76-02_59332/merged_results.json",
      "filtered": "crData/Benchmarking_2088/Benchmarking_76-02_59332/filtered_results.json",
      "final": "crData/Benchmarking_2088/Benchmarking_76-02_59332/final_results.json",
      "statistics": "crData/Benchmarking_2088/Benchmarking_76-02_59332/statistics_results.json"
    },
    "76-03": {
      "base_folder": "crData/Benchmarking_2088/Benchmarking_76-03_59364",
      "term_results_folder": "crData/Benchmarking_2088/Benchmarking_76-03_59364/term_results",
      "merged": "crData/Benchmarking_2088/Benchmarking_76-03_59364/merged_results.json",
      "filtered": "crData/Benchmarking_2088/Benchmarking_76-03_59364/filtered_results.json",
      "final": "crData/Benchmarking_2088/Benchmarking_76-03_59364/final_results.json",
      "statistics": "crData/Benchmarking_2088/Benchmarking_76-03_59364/statistics_results.json"
    },
    "76-04": {
      "base_folder": "crData/Benchmarking_2088/Benchmarking_76-04_59399",
      "term_results_folder": "crData/Benchmarking_2088/Benchmarking_76-04_59399/term_results",
      "merged": "crData/Benchmarking_2088/Benchmarking_76-04_59399/merged_results.json",
      "filtered": "crData/Benchmarking_2088/Benchmarking_76-04_59399/filtered_results.json",
      "final": "crData/Benchmarking_2088/Benchmarking_76-04_59399/final_results.json",
      "statistics": "crData/Benchmarking_2088/Benchmarking_76-04_59399/statistics_results.json"
    },
    "76-05": {
      "base_folder": "crData/Benchmarking_2088/Benchmarking_76-05_59426",
      "term_results_folder": "crData/Benchmarking_2088/Benchmarking_76-05_59426/term_results",
      "merged": "crData/Benchmarking_2088/Benchmarking_76-05_59426/merged_results.json",
      "filtered": "crData/Benchmarking_2088/Benchmarking_76-05_59426/filtered_results.json",
      "final": "crData/Benchmarking_2088/Benchmarking_76-05_59426/final_results.json",
      "statistics": "crData/Benchmarking_2088/Benchmarking_76-05_59426/statistics_results.json"
    },
    "76-06": {
      "base_folder": "crData/Benchmarking_2088/Benchmarking_76-06_59457",
      "term_results_folder": "crData/Benchmarking_2088/Benchmarking_76-06_59457/term_results",
      "merged": "crData/Benchmarking_2088/Benchmarking_76-06_59457/merged_results.json",
      "filtered": "crData/Benchmarking_2088/Benchmarking_76-06_59457/filtered_results.json",
      "final": "crData/Benchmarking_2088/Benchmarking_76-06_59457/final_results.json",
      "statistics": "crData/Benchmarking_2088/Benchmarking_76-06_59457/statistics_results.json"
    },
    "76-07": {
      "base_folder": "crData/Benchmarking_2088/Benchmarking_76-07_59485",
      "term_results_folder": "crData/Benchmarking_2088/Benchmarking_76-07_59485/term_results",
      "merged": "crData/Benchmarking_2088/Benchmarking_76-07_59485/merged_results.json",
      "filtered": "crData/Benchmarking_2088/Benchmarking_76-07_59485/filtered_results.json",
      "final": "crData/Benchmarking_2088/Benchmarking_76-07_59485/final_results.json",
      "statistics": "crData/Benchmarking_2088/Benchmarking_76-07_59485/statistics_results.json"
    },
    "76-08": {
      "base_folder": "crData/Benchmarking_2088/Benchmarking_76-08_59524",
      "term_results_folder": "crData/Benchmarking_2088/Benchmarking_76-08_59524/term_results",
      "merged": "crData/Benchmarking_2088/Benchmarking_76-08_59524/merged_results.json",
      "filtered": "crData/Benchmarking_2088/Benchmarking_76-08_59524/filtered_results.json",
      "final": "crData/Benchmarking_2088/Benchmarking_76-08_59524/final_results.json",
      "statistics": "crData/Benchmarking_2088/Benchmarking_76-08_59524/statistics_results.json"
    },
    "76-09": {
      "base_folder": "crData/Benchmarking_2088/Benchmarking_76-09_59555",
      "term_results_folder": "crData/Benchmarking_2088/Benchmarking_76-09_59555/term_results",
      "merged": "crData/Benchmarking_2088/Benchmarking_76-09_59555/merged_results.json",
      "filtered": "crData/Benchmarking_2088/Benchmarking_76-09_59555/filtered_results.json",
      "final": "crData/Benchmarking_2088/Benchmarking_76-09_59555/final_results.json",
      "statistics": "crData/Benchmarking_2088/Benchmarking_76-09_59555/statistics_results.json"
    },
    "76-10": {
      "base_folder": "crData/Benchmarking_2088/Benchmarking_76-10_59593",
      "term_results_folder": "crData/Benchmarking_2088/Benchmarking_76-10_59593/term_results",
      "merged": "crData/Benchmarking_2088/Benchmarking_76-10_59593/merged_results.json",
      "filtered": "crData/Benchmarking_2088/Benchmarking_76-10_59593/filtered_results.json",
      "final": "crData/Benchmarking_2088/Benchmarking_76-10_59593/final_results.json",
      "statistics": "crData/Benchmarking_2088/Benchmarking_76-10_59593/statistics_results.json"
    },
    "76-11": {
      "base_folder": "crData/Benchmarking_2088/Benchmarking_76-11_00065",
      "term_results_folder": "crData/Benchmarking_2088/Benchmarking_76-11_00065/term_results",
      "merged": "crData/Benchmarking_2088/Benchmarking_76-11_00065/merged_results.json",
      "filtered": "crData/Benchmarking_2088/Benchmarking_76-11_00065/filtered_results.json",
      "final": "crData/Benchmarking_2088/Benchmarking_76-11_00065/final_results.json",
      "statistics": "crData/Benchmarking_2088/Benchmarking_76-11_00065/statistics_results.json"
    },
    "76-12": {
      "base_folder": "crData/Benchmarking_2088/Benchmarking_76-12_00124",
      "term_results_folder": "crData/Benchmarking_2088/Benchmarking_76-12_00124/term_results",
      "merged": "crData/Benchmarking_2088/Benchmarking_76-12_00124/merged_results.json",
      "filtered": "crData/Benchmarking_2088/Benchmarking_76-12_00124/filtered_results.json",
      "final": "crData/Benchmarking_2088/Benchmarking_76-12_00124/final_results.json",
      "statistics": "crData/Benchmarking_2088/Benchmarking_76-12_00124/statistics_results.json"
    }
  }
}