{
  "tool_name": "Benchmarking",
  "year": "1986",
  "monthly_stats": {
    "86-01": {
      "tool_name": "Benchmarking",
      "batch_id": "07137",
      "date": "86-01",
      "initial_count": 1,
      "filtered_count": 1,
      "final_count": 1,
      "duplicate_count": 0,
      "terms": {
        "Benchmarking": 1
      },
      "file_paths": {
        "base_folder": "crData/Benchmarking_2088/Benchmarking_86-01_07137",
        "term_results_folder": "crData/Benchmarking_2088/Benchmarking_86-01_07137/term_results",
        "merged": "crData/Benchmarking_2088/Benchmarking_86-01_07137/merged_results.json",
        "filtered": "crData/Benchmarking_2088/Benchmarking_86-01_07137/filtered_results.json",
        "final": "crData/Benchmarking_2088/Benchmarking_86-01_07137/final_results.json",
        "statistics": "crData/Benchmarking_2088/Benchmarking_86-01_07137/statistics_results.json"
      },
      "processing_time": 2.427910089492798,
      "total_crossref": 342222,
      "crossref_percentage": 0.00029220798195323504
    },
    "86-02": {
      "tool_name": "Benchmarking",
      "batch_id": "07176",
      "date": "86-02",
      "initial_count": 0,
      "filtered_count": 0,
      "final_count": 0,
      "duplicate_count": 0,
      "terms": {
        "Benchmarking": 0
      },
      "file_paths": {
        "base_folder": "crData/Benchmarking_2088/Benchmarking_86-02_07176",
        "term_results_folder": "crData/Benchmarking_2088/Benchmarking_86-02_07176/term_results",
        "merged": "crData/Benchmarking_2088/Benchmarking_86-02_07176/merged_results.json",
        "filtered": "crData/Benchmarking_2088/Benchmarking_86-02_07176/filtered_results.json",
        "final": "crData/Benchmarking_2088/Benchmarking_86-02_07176/final_results.json",
        "statistics": "crData/Benchmarking_2088/Benchmarking_86-02_07176/statistics_results.json"
      },
      "processing_time": 2.6886091232299805,
      "total_crossref": 45989,
      "crossref_percentage": 0.0
    },
    "86-03": {
      "tool_name": "Benchmarking",
      "batch_id": "07218",
      "date": "86-03",
      "initial_count": 0,
      "filtered_count": 0,
      "final_count": 0,
      "duplicate_count": 0,
      "terms": {
        "Benchmarking": 0
      },
      "file_paths": {
        "base_folder": "crData/Benchmarking_2088/Benchmarking_86-03_07218",
        "term_results_folder": "crData/Benchmarking_2088/Benchmarking_86-03_07218/term_results",
        "merged": "crData/Benchmarking_2088/Benchmarking_86-03_07218/merged_results.json",
        "filtered": "crData/Benchmarking_2088/Benchmarking_86-03_07218/filtered_results.json",
        "final": "crData/Benchmarking_2088/Benchmarking_86-03_07218/final_results.json",
        "statistics": "crData/Benchmarking_2088/Benchmarking_86-03_07218/statistics_results.json"
      },
      "processing_time": 2.315397024154663,
      "total_crossref": 57672,
      "crossref_percentage": 0.0
    },
    "86-04": {
      "tool_name": "Benchmarking",
      "batch_id": "07257",
      "date": "86-04",
      "initial_count": 0,
      "filtered_count": 0,
      "final_count": 0,
      "duplicate_count": 0,
      "terms": {
        "Benchmarking": 0
      },
      "file_paths": {
        "base_folder": "crData/Benchmarking_2088/Benchmarking_86-04_07257",
        "term_results_folder": "crData/Benchmarking_2088/Benchmarking_86-04_07257/term_results",
        "merged": "crData/Benchmarking_2088/Benchmarking_86-04_07257/merged_results.json",
        "filtered": "crData/Benchmarking_2088/Benchmarking_86-04_07257/filtered_results.json",
        "final": "crData/Benchmarking_2088/Benchmarking_86-04_07257/final_results.json",
        "statistics": "crData/Benchmarking_2088/Benchmarking_86-04_07257/statistics_results.json"
      },
      "processing_time": 1.6011989116668701,
      "total_crossref": 53080,
      "crossref_percentage": 0.0
    },
    "86-05": {
      "tool_name": "Benchmarking",
      "batch_id": "07288",
      "date": "86-05",
      "initial_count": 1,
      "filtered_count": 1,
      "final_count": 1,
      "duplicate_count": 0,
      "terms": {
        "Benchmarking": 1
      },
      "file_paths": {
        "base_folder": "crData/Benchmarking_2088/Benchmarking_86-05_07288",
        "term_results_folder": "crData/Benchmarking_2088/Benchmarking_86-05_07288/term_results",
        "merged": "crData/Benchmarking_2088/Benchmarking_86-05_07288/merged_results.json",
        "filtered": "crData/Benchmarking_2088/Benchmarking_86-05_07288/filtered_results.json",
        "final": "crData/Benchmarking_2088/Benchmarking_86-05_07288/final_results.json",
        "statistics": "crData/Benchmarking_2088/Benchmarking_86-05_07288/statistics_results.json"
      },
      "processing_time": 2.956979990005493,
      "total_crossref": 48346,
      "crossref_percentage": 0.0020684234476482026
    },
    "86-06": {
      "tool_name": "Benchmarking",
      "batch_id": "07332",
      "date": "86-06",
      "initial_count": 1,
      "filtered_count": 1,
      "final_count": 1,
      "duplicate_count": 0,
      "terms": {
        "Benchmarking": 1
      },
      "file_paths": {
        "base_folder": "crData/Benchmarking_2088/Benchmarking_86-06_07332",
        "term_results_folder": "crData/Benchmarking_2088/Benchmarking_86-06_07332/term_results",
        "merged": "crData/Benchmarking_2088/Benchmarking_86-06_07332/merged_results.json",
        "filtered": "crData/Benchmarking_2088/Benchmarking_86-06_07332/filtered_results.json",
        "final": "crData/Benchmarking_2088/Benchmarking_86-06_07332/final_results.json",
        "statistics": "crData/Benchmarking_2088/Benchmarking_86-06_07332/statistics_results.json"
      },
      "processing_time": 1.609194040298462,
      "total_crossref": 55878,
      "crossref_percentage": 0.0017896130856508822
    },
    "86-07": {
      "tool_name": "Benchmarking",
      "batch_id": "07363",
      "date": "86-07",
      "initial_count": 0,
      "filtered_count": 0,
      "final_count": 0,
      "duplicate_count": 0,
      "terms": {
        "Benchmarking": 0
      },
      "file_paths": {
        "base_folder": "crData/Benchmarking_2088/Benchmarking_86-07_07363",
        "term_results_folder": "crData/Benchmarking_2088/Benchmarking_86-07_07363/term_results",
        "merged": "crData/Benchmarking_2088/Benchmarking_86-07_07363/merged_results.json",
        "filtered": "crData/Benchmarking_2088/Benchmarking_86-07_07363/filtered_results.json",
        "final": "crData/Benchmarking_2088/Benchmarking_86-07_07363/final_results.json",
        "statistics": "crData/Benchmarking_2088/Benchmarking_86-07_07363/statistics_results.json"
      },
      "processing_time": 3.452443838119507,
      "total_crossref": 51081,
      "crossref_percentage": 0.0
    },
    "86-08": {
      "tool_name": "Benchmarking",
      "batch_id": "07413",
      "date": "86-08",
      "initial_count": 0,
      "filtered_count": 0,
      "final_count": 0,
      "duplicate_count": 0,
      "terms": {
        "Benchmarking": 0
      },
      "file_paths": {
        "base_folder": "crData/Benchmarking_2088/Benchmarking_86-08_07413",
        "term_results_folder": "crData/Benchmarking_2088/Benchmarking_86-08_07413/term_results",
        "merged": "crData/Benchmarking_2088/Benchmarking_86-08_07413/merged_results.json",
        "filtered": "crData/Benchmarking_2088/Benchmarking_86-08_07413/filtered_results.json",
        "final": "crData/Benchmarking_2088/Benchmarking_86-08_07413/final_results.json",
        "statistics": "crData/Benchmarking_2088/Benchmarking_86-08_07413/statistics_results.json"
      },
      "processing_time": 3.1595511436462402,
      "total_crossref": 43548,
      "crossref_percentage": 0.0
    },
    "86-09": {
      "tool_name": "Benchmarking",
      "batch_id": "07460",
      "date": "86-09",
      "initial_count": 0,
      "filtered_count": 0,
      "final_count": 0,
      "duplicate_count": 0,
      "terms": {
        "Benchmarking": 0
      },
      "file_paths": {
        "base_folder": "crData/Benchmarking_2088/Benchmarking_86-09_07460",
        "term_results_folder": "crData/Benchmarking_2088/Benchmarking_86-09_07460/term_results",
        "merged": "crData/Benchmarking_2088/Benchmarking_86-09_07460/merged_results.json",
        "filtered": "crData/Benchmarking_2088/Benchmarking_86-09_07460/filtered_results.json",
        "final": "crData/Benchmarking_2088/Benchmarking_86-09_07460/final_results.json",
        "statistics": "crData/Benchmarking_2088/Benchmarking_86-09_07460/statistics_results.json"
      },
      "processing_time": 2.3799829483032227,
      "total_crossref": 56991,
      "crossref_percentage": 0.0
    },
    "86-10": {
      "tool_name": "Benchmarking",
      "batch_id": "07499",
      "date": "86-10",
      "initial_count": 1,
      "filtered_count": 1,
      "final_count": 1,
      "duplicate_count": 0,
      "terms": {
        "Benchmarking": 1
      },
      "file_paths": {
        "base_folder": "crData/Benchmarking_2088/Benchmarking_86-10_07499",
        "term_results_folder": "crData/Benchmarking_2088/Benchmarking_86-10_07499/term_results",
        "merged": "crData/Benchmarking_2088/Benchmarking_86-10_07499/merged_results.json",
        "filtered": "crData/Benchmarking_2088/Benchmarking_86-10_07499/filtered_results.json",
        "final": "crData/Benchmarking_2088/Benchmarking_86-10_07499/final_results.json",
        "statistics": "crData/Benchmarking_2088/Benchmarking_86-10_07499/statistics_results.json"
      },
      "processing_time": 1.7614340782165527,
      "total_crossref": 53096,
      "crossref_percentage": 0.0018833810456531565
    },
    "86-11": {
      "tool_name": "Benchmarking",
      "batch_id": "07531",
      "date": "86-11",
      "initial_count": 0,
      "filtered_count": 0,
      "final_count": 0,
      "duplicate_count": 0,
      "terms": {
        "Benchmarking": 0
      },
      "file_paths": {
        "base_folder": "crData/Benchmarking_2088/Benchmarking_86-11_07531",
        "term_results_folder": "crData/Benchmarking_2088/Benchmarking_86-11_07531/term_results",
        "merged": "crData/Benchmarking_2088/Benchmarking_86-11_07531/merged_results.json",
        "filtered": "crData/Benchmarking_2088/Benchmarking_86-11_07531/filtered_results.json",
        "final": "crData/Benchmarking_2088/Benchmarking_86-11_07531/final_results.json",
        "statistics": "crData/Benchmarking_2088/Benchmarking_86-11_07531/statistics_results.json"
      },
      "processing_time": 2.374742031097412,
      "total_crossref": 48405,
      "crossref_percentage": 0.0
    },
    "86-12": {
      "tool_name": "Benchmarking",
      "batch_id": "07570",
      "date": "86-12",
      "initial_count": 0,
      "filtered_count": 0,
      "final_count": 0,
      "duplicate_count": 0,
      "terms": {
        "Benchmarking": 0
      },
      "file_paths": {
        "base_folder": "crData/Benchmarking_2088/Benchmarking_86-12_07570",
        "term_results_folder": "crData/Benchmarking_2088/Benchmarking_86-12_07570/term_results",
        "merged": "crData/Benchmarking_2088/Benchmarking_86-12_07570/merged_results.json",
        "filtered": "crData/Benchmarking_2088/Benchmarking_86-12_07570/filtered_results.json",
        "final": "crData/Benchmarking_2088/Benchmarking_86-12_07570/final_results.json",
        "statistics": "crData/Benchmarking_2088/Benchmarking_86-12_07570/statistics_results.json"
      },
      "processing_time": 1.95204496383667,
      "total_crossref": 83071,
      "crossref_percentage": 0.0
    }
  },
  "total_duplicates": 0,
  "monthly_files": {
    "86-01": {
      "base_folder": "crData/Benchmarking_2088/Benchmarking_86-01_07137",
      "term_results_folder": "crData/Benchmarking_2088/Benchmarking_86-01_07137/term_results",
      "merged": "crData/Benchmarking_2088/Benchmarking_86-01_07137/merged_results.json",
      "filtered": "crData/Benchmarking_2088/Benchmarking_86-01_07137/filtered_results.json",
      "final": "crData/Benchmarking_2088/Benchmarking_86-01_07137/final_results.json",
      "statistics": "crData/Benchmarking_2088/Benchmarking_86-01_07137/statistics_results.json"
    },
    "86-02": {
      "base_folder": "crData/Benchmarking_2088/Benchmarking_86-02_07176",
      "term_results_folder": "crData/Benchmarking_2088/Benchmarking_86-02_07176/term_results",
      "merged": "crData/Benchmarking_2088/Benchmarking_86-02_07176/merged_results.json",
      "filtered": "crData/Benchmarking_2088/Benchmarking_86-02_07176/filtered_results.json",
      "final": "crData/Benchmarking_2088/Benchmarking_86-02_07176/final_results.json",
      "statistics": "crData/Benchmarking_2088/Benchmarking_86-02_07176/statistics_results.json"
    },
    "86-03": {
      "base_folder": "crData/Benchmarking_2088/Benchmarking_86-03_07218",
      "term_results_folder": "crData/Benchmarking_2088/Benchmarking_86-03_07218/term_results",
      "merged": "crData/Benchmarking_2088/Benchmarking_86-03_07218/merged_results.json",
      "filtered": "crData/Benchmarking_2088/Benchmarking_86-03_07218/filtered_results.json",
      "final": "crData/Benchmarking_2088/Benchmarking_86-03_07218/final_results.json",
      "statistics": "crData/Benchmarking_2088/Benchmarking_86-03_07218/statistics_results.json"
    },
    "86-04": {
      "base_folder": "crData/Benchmarking_2088/Benchmarking_86-04_07257",
      "term_results_folder": "crData/Benchmarking_2088/Benchmarking_86-04_07257/term_results",
      "merged": "crData/Benchmarking_2088/Benchmarking_86-04_07257/merged_results.json",
      "filtered": "crData/Benchmarking_2088/Benchmarking_86-04_07257/filtered_results.json",
      "final": "crData/Benchmarking_2088/Benchmarking_86-04_07257/final_results.json",
      "statistics": "crData/Benchmarking_2088/Benchmarking_86-04_07257/statistics_results.json"
    },
    "86-05": {
      "base_folder": "crData/Benchmarking_2088/Benchmarking_86-05_07288",
      "term_results_folder": "crData/Benchmarking_2088/Benchmarking_86-05_07288/term_results",
      "merged": "crData/Benchmarking_2088/Benchmarking_86-05_07288/merged_results.json",
      "filtered": "crData/Benchmarking_2088/Benchmarking_86-05_07288/filtered_results.json",
      "final": "crData/Benchmarking_2088/Benchmarking_86-05_07288/final_results.json",
      "statistics": "crData/Benchmarking_2088/Benchmarking_86-05_07288/statistics_results.json"
    },
    "86-06": {
      "base_folder": "crData/Benchmarking_2088/Benchmarking_86-06_07332",
      "term_results_folder": "crData/Benchmarking_2088/Benchmarking_86-06_07332/term_results",
      "merged": "crData/Benchmarking_2088/Benchmarking_86-06_07332/merged_results.json",
      "filtered": "crData/Benchmarking_2088/Benchmarking_86-06_07332/filtered_results.json",
      "final": "crData/Benchmarking_2088/Benchmarking_86-06_07332/final_results.json",
      "statistics": "crData/Benchmarking_2088/Benchmarking_86-06_07332/statistics_results.json"
    },
    "86-07": {
      "base_folder": "crData/Benchmarking_2088/Benchmarking_86-07_07363",
      "term_results_folder": "crData/Benchmarking_2088/Benchmarking_86-07_07363/term_results",
      "merged": "crData/Benchmarking_2088/Benchmarking_86-07_07363/merged_results.json",
      "filtered": "crData/Benchmarking_2088/Benchmarking_86-07_07363/filtered_results.json",
      "final": "crData/Benchmarking_2088/Benchmarking_86-07_07363/final_results.json",
      "statistics": "crData/Benchmarking_2088/Benchmarking_86-07_07363/statistics_results.json"
    },
    "86-08": {
      "base_folder": "crData/Benchmarking_2088/Benchmarking_86-08_07413",
      "term_results_folder": "crData/Benchmarking_2088/Benchmarking_86-08_07413/term_results",
      "merged": "crData/Benchmarking_2088/Benchmarking_86-08_07413/merged_results.json",
      "filtered": "crData/Benchmarking_2088/Benchmarking_86-08_07413/filtered_results.json",
      "final": "crData/Benchmarking_2088/Benchmarking_86-08_07413/final_results.json",
      "statistics": "crData/Benchmarking_2088/Benchmarking_86-08_07413/statistics_results.json"
    },
    "86-09": {
      "base_folder": "crData/Benchmarking_2088/Benchmarking_86-09_07460",
      "term_results_folder": "crData/Benchmarking_2088/Benchmarking_86-09_07460/term_results",
      "merged": "crData/Benchmarking_2088/Benchmarking_86-09_07460/merged_results.json",
      "filtered": "crData/Benchmarking_2088/Benchmarking_86-09_07460/filtered_results.json",
      "final": "crData/Benchmarking_2088/Benchmarking_86-09_07460/final_results.json",
      "statistics": "crData/Benchmarking_2088/Benchmarking_86-09_07460/statistics_results.json"
    },
    "86-10": {
      "base_folder": "crData/Benchmarking_2088/Benchmarking_86-10_07499",
      "term_results_folder": "crData/Benchmarking_2088/Benchmarking_86-10_07499/term_results",
      "merged": "crData/Benchmarking_2088/Benchmarking_86-10_07499/merged_results.json",
      "filtered": "crData/Benchmarking_2088/Benchmarking_86-10_07499/filtered_results.json",
      "final": "crData/Benchmarking_2088/Benchmarking_86-10_07499/final_results.json",
      "statistics": "crData/Benchmarking_2088/Benchmarking_86-10_07499/statistics_results.json"
    },
    "86-11": {
      "base_folder": "crData/Benchmarking_2088/Benchmarking_86-11_07531",
      "term_results_folder": "crData/Benchmarking_2088/Benchmarking_86-11_07531/term_results",
      "merged": "crData/Benchmarking_2088/Benchmarking_86-11_07531/merged_results.json",
      "filtered": "crData/Benchmarking_2088/Benchmarking_86-11_07531/filtered_results.json",
      "final": "crData/Benchmarking_2088/Benchmarking_86-11_07531/final_results.json",
      "statistics": "crData/Benchmarking_2088/Benchmarking_86-11_07531/statistics_results.json"
    },
    "86-12": {
      "base_folder": "crData/Benchmarking_2088/Benchmarking_86-12_07570",
      "term_results_folder": "crData/Benchmarking_2088/Benchmarking_86-12_07570/term_results",
      "merged": "crData/Benchmarking_2088/Benchmarking_86-12_07570/merged_results.json",
      "filtered": "crData/Benchmarking_2088/Benchmarking_86-12_07570/filtered_results.json",
      "final": "crData/Benchmarking_2088/Benchmarking_86-12_07570/final_results.json",
      "statistics": "crData/Benchmarking_2088/Benchmarking_86-12_07570/statistics_results.json"
    }
  }
}