{
  "tool_name": "Benchmarking",
  "year": "2016",
  "monthly_stats": {
    "16-01": {
      "tool_name": "Benchmarking",
      "batch_id": "35305",
      "date": "16-01",
      "initial_count": 255,
      "filtered_count": 205,
      "final_count": 205,
      "duplicate_count": 0,
      "terms": {
        "Benchmarking": 255
      },
      "file_paths": {
        "base_folder": "crData/Benchmarking_2088/Benchmarking_16-01_35305",
        "term_results_folder": "crData/Benchmarking_2088/Benchmarking_16-01_35305/term_results",
        "merged": "crData/Benchmarking_2088/Benchmarking_16-01_35305/merged_results.json",
        "filtered": "crData/Benchmarking_2088/Benchmarking_16-01_35305/filtered_results.json",
        "final": "crData/Benchmarking_2088/Benchmarking_16-01_35305/final_results.json",
        "statistics": "crData/Benchmarking_2088/Benchmarking_16-01_35305/statistics_results.json"
      },
      "processing_time": 3.5134358406066895,
      "total_crossref": 1319335,
      "crossref_percentage": 0.015538130952335838
    },
    "16-02": {
      "tool_name": "Benchmarking",
      "batch_id": "35355",
      "date": "16-02",
      "initial_count": 46,
      "filtered_count": 37,
      "final_count": 37,
      "duplicate_count": 0,
      "terms": {
        "Benchmarking": 46
      },
      "file_paths": {
        "base_folder": "crData/Benchmarking_2088/Benchmarking_16-02_35355",
        "term_results_folder": "crData/Benchmarking_2088/Benchmarking_16-02_35355/term_results",
        "merged": "crData/Benchmarking_2088/Benchmarking_16-02_35355/merged_results.json",
        "filtered": "crData/Benchmarking_2088/Benchmarking_16-02_35355/filtered_results.json",
        "final": "crData/Benchmarking_2088/Benchmarking_16-02_35355/final_results.json",
        "statistics": "crData/Benchmarking_2088/Benchmarking_16-02_35355/statistics_results.json"
      },
      "processing_time": 3.3652150630950928,
      "total_crossref": 268399,
      "crossref_percentage": 0.013785446294509293
    },
    "16-03": {
      "tool_name": "Benchmarking",
      "batch_id": "35404",
      "date": "16-03",
      "initial_count": 89,
      "filtered_count": 61,
      "final_count": 61,
      "duplicate_count": 0,
      "terms": {
        "Benchmarking": 89
      },
      "file_paths": {
        "base_folder": "crData/Benchmarking_2088/Benchmarking_16-03_35404",
        "term_results_folder": "crData/Benchmarking_2088/Benchmarking_16-03_35404/term_results",
        "merged": "crData/Benchmarking_2088/Benchmarking_16-03_35404/merged_results.json",
        "filtered": "crData/Benchmarking_2088/Benchmarking_16-03_35404/filtered_results.json",
        "final": "crData/Benchmarking_2088/Benchmarking_16-03_35404/final_results.json",
        "statistics": "crData/Benchmarking_2088/Benchmarking_16-03_35404/statistics_results.json"
      },
      "processing_time": 3.6835601329803467,
      "total_crossref": 342708,
      "crossref_percentage": 0.017799409409759912
    },
    "16-04": {
      "tool_name": "Benchmarking",
      "batch_id": "35456",
      "date": "16-04",
      "initial_count": 98,
      "filtered_count": 87,
      "final_count": 87,
      "duplicate_count": 0,
      "terms": {
        "Benchmarking": 98
      },
      "file_paths": {
        "base_folder": "crData/Benchmarking_2088/Benchmarking_16-04_35456",
        "term_results_folder": "crData/Benchmarking_2088/Benchmarking_16-04_35456/term_results",
        "merged": "crData/Benchmarking_2088/Benchmarking_16-04_35456/merged_results.json",
        "filtered": "crData/Benchmarking_2088/Benchmarking_16-04_35456/filtered_results.json",
        "final": "crData/Benchmarking_2088/Benchmarking_16-04_35456/final_results.json",
        "statistics": "crData/Benchmarking_2088/Benchmarking_16-04_35456/statistics_results.json"
      },
      "processing_time": 3.148266077041626,
      "total_crossref": 358037,
      "crossref_percentage": 0.024299164611478703
    },
    "16-05": {
      "tool_name": "Benchmarking",
      "batch_id": "35503",
      "date": "16-05",
      "initial_count": 63,
      "filtered_count": 56,
      "final_count": 56,
      "duplicate_count": 0,
      "terms": {
        "Benchmarking": 63
      },
      "file_paths": {
        "base_folder": "crData/Benchmarking_2088/Benchmarking_16-05_35503",
        "term_results_folder": "crData/Benchmarking_2088/Benchmarking_16-05_35503/term_results",
        "merged": "crData/Benchmarking_2088/Benchmarking_16-05_35503/merged_results.json",
        "filtered": "crData/Benchmarking_2088/Benchmarking_16-05_35503/filtered_results.json",
        "final": "crData/Benchmarking_2088/Benchmarking_16-05_35503/final_results.json",
        "statistics": "crData/Benchmarking_2088/Benchmarking_16-05_35503/statistics_results.json"
      },
      "processing_time": 3.044416904449463,
      "total_crossref": 313690,
      "crossref_percentage": 0.017852019509707034
    },
    "16-06": {
      "tool_name": "Benchmarking",
      "batch_id": "35548",
      "date": "16-06",
      "initial_count": 75,
      "filtered_count": 75,
      "final_count": 75,
      "duplicate_count": 0,
      "terms": {
        "Benchmarking": 75
      },
      "file_paths": {
        "base_folder": "crData/Benchmarking_2088/Benchmarking_16-06_35548",
        "term_results_folder": "crData/Benchmarking_2088/Benchmarking_16-06_35548/term_results",
        "merged": "crData/Benchmarking_2088/Benchmarking_16-06_35548/merged_results.json",
        "filtered": "crData/Benchmarking_2088/Benchmarking_16-06_35548/filtered_results.json",
        "final": "crData/Benchmarking_2088/Benchmarking_16-06_35548/final_results.json",
        "statistics": "crData/Benchmarking_2088/Benchmarking_16-06_35548/statistics_results.json"
      },
      "processing_time": 3.13199520111084,
      "total_crossref": 356774,
      "crossref_percentage": 0.021021711223351478
    },
    "16-07": {
      "tool_name": "Benchmarking",
      "batch_id": "35594",
      "date": "16-07",
      "initial_count": 81,
      "filtered_count": 67,
      "final_count": 67,
      "duplicate_count": 0,
      "terms": {
        "Benchmarking": 81
      },
      "file_paths": {
        "base_folder": "crData/Benchmarking_2088/Benchmarking_16-07_35594",
        "term_results_folder": "crData/Benchmarking_2088/Benchmarking_16-07_35594/term_results",
        "merged": "crData/Benchmarking_2088/Benchmarking_16-07_35594/merged_results.json",
        "filtered": "crData/Benchmarking_2088/Benchmarking_16-07_35594/filtered_results.json",
        "final": "crData/Benchmarking_2088/Benchmarking_16-07_35594/final_results.json",
        "statistics": "crData/Benchmarking_2088/Benchmarking_16-07_35594/statistics_results.json"
      },
      "processing_time": 4.758454084396362,
      "total_crossref": 319315,
      "crossref_percentage": 0.020982415483143602
    },
    "16-08": {
      "tool_name": "Benchmarking",
      "batch_id": "36057",
      "date": "16-08",
      "initial_count": 63,
      "filtered_count": 43,
      "final_count": 43,
      "duplicate_count": 0,
      "terms": {
        "Benchmarking": 63
      },
      "file_paths": {
        "base_folder": "crData/Benchmarking_2088/Benchmarking_16-08_36057",
        "term_results_folder": "crData/Benchmarking_2088/Benchmarking_16-08_36057/term_results",
        "merged": "crData/Benchmarking_2088/Benchmarking_16-08_36057/merged_results.json",
        "filtered": "crData/Benchmarking_2088/Benchmarking_16-08_36057/filtered_results.json",
        "final": "crData/Benchmarking_2088/Benchmarking_16-08_36057/final_results.json",
        "statistics": "crData/Benchmarking_2088/Benchmarking_16-08_36057/statistics_results.json"
      },
      "processing_time": 3.1502559185028076,
      "total_crossref": 292218,
      "crossref_percentage": 0.014715041510105468
    },
    "16-09": {
      "tool_name": "Benchmarking",
      "batch_id": "36104",
      "date": "16-09",
      "initial_count": 78,
      "filtered_count": 75,
      "final_count": 75,
      "duplicate_count": 0,
      "terms": {
        "Benchmarking": 78
      },
      "file_paths": {
        "base_folder": "crData/Benchmarking_2088/Benchmarking_16-09_36104",
        "term_results_folder": "crData/Benchmarking_2088/Benchmarking_16-09_36104/term_results",
        "merged": "crData/Benchmarking_2088/Benchmarking_16-09_36104/merged_results.json",
        "filtered": "crData/Benchmarking_2088/Benchmarking_16-09_36104/filtered_results.json",
        "final": "crData/Benchmarking_2088/Benchmarking_16-09_36104/final_results.json",
        "statistics": "crData/Benchmarking_2088/Benchmarking_16-09_36104/statistics_results.json"
      },
      "processing_time": 3.241960048675537,
      "total_crossref": 374982,
      "crossref_percentage": 0.020000960046082213
    },
    "16-10": {
      "tool_name": "Benchmarking",
      "batch_id": "36152",
      "date": "16-10",
      "initial_count": 97,
      "filtered_count": 75,
      "final_count": 75,
      "duplicate_count": 0,
      "terms": {
        "Benchmarking": 97
      },
      "file_paths": {
        "base_folder": "crData/Benchmarking_2088/Benchmarking_16-10_36152",
        "term_results_folder": "crData/Benchmarking_2088/Benchmarking_16-10_36152/term_results",
        "merged": "crData/Benchmarking_2088/Benchmarking_16-10_36152/merged_results.json",
        "filtered": "crData/Benchmarking_2088/Benchmarking_16-10_36152/filtered_results.json",
        "final": "crData/Benchmarking_2088/Benchmarking_16-10_36152/final_results.json",
        "statistics": "crData/Benchmarking_2088/Benchmarking_16-10_36152/statistics_results.json"
      },
      "processing_time": 3.0627708435058594,
      "total_crossref": 364465,
      "crossref_percentage": 0.02057810763722168
    },
    "16-11": {
      "tool_name": "Benchmarking",
      "batch_id": "36197",
      "date": "16-11",
      "initial_count": 105,
      "filtered_count": 70,
      "final_count": 70,
      "duplicate_count": 0,
      "terms": {
        "Benchmarking": 105
      },
      "file_paths": {
        "base_folder": "crData/Benchmarking_2088/Benchmarking_16-11_36197",
        "term_results_folder": "crData/Benchmarking_2088/Benchmarking_16-11_36197/term_results",
        "merged": "crData/Benchmarking_2088/Benchmarking_16-11_36197/merged_results.json",
        "filtered": "crData/Benchmarking_2088/Benchmarking_16-11_36197/filtered_results.json",
        "final": "crData/Benchmarking_2088/Benchmarking_16-11_36197/final_results.json",
        "statistics": "crData/Benchmarking_2088/Benchmarking_16-11_36197/statistics_results.json"
      },
      "processing_time": 3.80607533454895,
      "total_crossref": 326198,
      "crossref_percentage": 0.021459359039601715
    },
    "16-12": {
      "tool_name": "Benchmarking",
      "batch_id": "36251",
      "date": "16-12",
      "initial_count": 95,
      "filtered_count": 84,
      "final_count": 84,
      "duplicate_count": 0,
      "terms": {
        "Benchmarking": 95
      },
      "file_paths": {
        "base_folder": "crData/Benchmarking_2088/Benchmarking_16-12_36251",
        "term_results_folder": "crData/Benchmarking_2088/Benchmarking_16-12_36251/term_results",
        "merged": "crData/Benchmarking_2088/Benchmarking_16-12_36251/merged_results.json",
        "filtered": "crData/Benchmarking_2088/Benchmarking_16-12_36251/filtered_results.json",
        "final": "crData/Benchmarking_2088/Benchmarking_16-12_36251/final_results.json",
        "statistics": "crData/Benchmarking_2088/Benchmarking_16-12_36251/statistics_results.json"
      },
      "processing_time": 4.167939901351929,
      "total_crossref": 436952,
      "crossref_percentage": 0.019224079532763325
    }
  },
  "total_duplicates": 0,
  "monthly_files": {
    "16-01": {
      "base_folder": "crData/Benchmarking_2088/Benchmarking_16-01_35305",
      "term_results_folder": "crData/Benchmarking_2088/Benchmarking_16-01_35305/term_results",
      "merged": "crData/Benchmarking_2088/Benchmarking_16-01_35305/merged_results.json",
      "filtered": "crData/Benchmarking_2088/Benchmarking_16-01_35305/filtered_results.json",
      "final": "crData/Benchmarking_2088/Benchmarking_16-01_35305/final_results.json",
      "statistics": "crData/Benchmarking_2088/Benchmarking_16-01_35305/statistics_results.json"
    },
    "16-02": {
      "base_folder": "crData/Benchmarking_2088/Benchmarking_16-02_35355",
      "term_results_folder": "crData/Benchmarking_2088/Benchmarking_16-02_35355/term_results",
      "merged": "crData/Benchmarking_2088/Benchmarking_16-02_35355/merged_results.json",
      "filtered": "crData/Benchmarking_2088/Benchmarking_16-02_35355/filtered_results.json",
      "final": "crData/Benchmarking_2088/Benchmarking_16-02_35355/final_results.json",
      "statistics": "crData/Benchmarking_2088/Benchmarking_16-02_35355/statistics_results.json"
    },
    "16-03": {
      "base_folder": "crData/Benchmarking_2088/Benchmarking_16-03_35404",
      "term_results_folder": "crData/Benchmarking_2088/Benchmarking_16-03_35404/term_results",
      "merged": "crData/Benchmarking_2088/Benchmarking_16-03_35404/merged_results.json",
      "filtered": "crData/Benchmarking_2088/Benchmarking_16-03_35404/filtered_results.json",
      "final": "crData/Benchmarking_2088/Benchmarking_16-03_35404/final_results.json",
      "statistics": "crData/Benchmarking_2088/Benchmarking_16-03_35404/statistics_results.json"
    },
    "16-04": {
      "base_folder": "crData/Benchmarking_2088/Benchmarking_16-04_35456",
      "term_results_folder": "crData/Benchmarking_2088/Benchmarking_16-04_35456/term_results",
      "merged": "crData/Benchmarking_2088/Benchmarking_16-04_35456/merged_results.json",
      "filtered": "crData/Benchmarking_2088/Benchmarking_16-04_35456/filtered_results.json",
      "final": "crData/Benchmarking_2088/Benchmarking_16-04_35456/final_results.json",
      "statistics": "crData/Benchmarking_2088/Benchmarking_16-04_35456/statistics_results.json"
    },
    "16-05": {
      "base_folder": "crData/Benchmarking_2088/Benchmarking_16-05_35503",
      "term_results_folder": "crData/Benchmarking_2088/Benchmarking_16-05_35503/term_results",
      "merged": "crData/Benchmarking_2088/Benchmarking_16-05_35503/merged_results.json",
      "filtered": "crData/Benchmarking_2088/Benchmarking_16-05_35503/filtered_results.json",
      "final": "crData/Benchmarking_2088/Benchmarking_16-05_35503/final_results.json",
      "statistics": "crData/Benchmarking_2088/Benchmarking_16-05_35503/statistics_results.json"
    },
    "16-06": {
      "base_folder": "crData/Benchmarking_2088/Benchmarking_16-06_35548",
      "term_results_folder": "crData/Benchmarking_2088/Benchmarking_16-06_35548/term_results",
      "merged": "crData/Benchmarking_2088/Benchmarking_16-06_35548/merged_results.json",
      "filtered": "crData/Benchmarking_2088/Benchmarking_16-06_35548/filtered_results.json",
      "final": "crData/Benchmarking_2088/Benchmarking_16-06_35548/final_results.json",
      "statistics": "crData/Benchmarking_2088/Benchmarking_16-06_35548/statistics_results.json"
    },
    "16-07": {
      "base_folder": "crData/Benchmarking_2088/Benchmarking_16-07_35594",
      "term_results_folder": "crData/Benchmarking_2088/Benchmarking_16-07_35594/term_results",
      "merged": "crData/Benchmarking_2088/Benchmarking_16-07_35594/merged_results.json",
      "filtered": "crData/Benchmarking_2088/Benchmarking_16-07_35594/filtered_results.json",
      "final": "crData/Benchmarking_2088/Benchmarking_16-07_35594/final_results.json",
      "statistics": "crData/Benchmarking_2088/Benchmarking_16-07_35594/statistics_results.json"
    },
    "16-08": {
      "base_folder": "crData/Benchmarking_2088/Benchmarking_16-08_36057",
      "term_results_folder": "crData/Benchmarking_2088/Benchmarking_16-08_36057/term_results",
      "merged": "crData/Benchmarking_2088/Benchmarking_16-08_36057/merged_results.json",
      "filtered": "crData/Benchmarking_2088/Benchmarking_16-08_36057/filtered_results.json",
      "final": "crData/Benchmarking_2088/Benchmarking_16-08_36057/final_results.json",
      "statistics": "crData/Benchmarking_2088/Benchmarking_16-08_36057/statistics_results.json"
    },
    "16-09": {
      "base_folder": "crData/Benchmarking_2088/Benchmarking_16-09_36104",
      "term_results_folder": "crData/Benchmarking_2088/Benchmarking_16-09_36104/term_results",
      "merged": "crData/Benchmarking_2088/Benchmarking_16-09_36104/merged_results.json",
      "filtered": "crData/Benchmarking_2088/Benchmarking_16-09_36104/filtered_results.json",
      "final": "crData/Benchmarking_2088/Benchmarking_16-09_36104/final_results.json",
      "statistics": "crData/Benchmarking_2088/Benchmarking_16-09_36104/statistics_results.json"
    },
    "16-10": {
      "base_folder": "crData/Benchmarking_2088/Benchmarking_16-10_36152",
      "term_results_folder": "crData/Benchmarking_2088/Benchmarking_16-10_36152/term_results",
      "merged": "crData/Benchmarking_2088/Benchmarking_16-10_36152/merged_results.json",
      "filtered": "crData/Benchmarking_2088/Benchmarking_16-10_36152/filtered_results.json",
      "final": "crData/Benchmarking_2088/Benchmarking_16-10_36152/final_results.json",
      "statistics": "crData/Benchmarking_2088/Benchmarking_16-10_36152/statistics_results.json"
    },
    "16-11": {
      "base_folder": "crData/Benchmarking_2088/Benchmarking_16-11_36197",
      "term_results_folder": "crData/Benchmarking_2088/Benchmarking_16-11_36197/term_results",
      "merged": "crData/Benchmarking_2088/Benchmarking_16-11_36197/merged_results.json",
      "filtered": "crData/Benchmarking_2088/Benchmarking_16-11_36197/filtered_results.json",
      "final": "crData/Benchmarking_2088/Benchmarking_16-11_36197/final_results.json",
      "statistics": "crData/Benchmarking_2088/Benchmarking_16-11_36197/statistics_results.json"
    },
    "16-12": {
      "base_folder": "crData/Benchmarking_2088/Benchmarking_16-12_36251",
      "term_results_folder": "crData/Benchmarking_2088/Benchmarking_16-12_36251/term_results",
      "merged": "crData/Benchmarking_2088/Benchmarking_16-12_36251/merged_results.json",
      "filtered": "crData/Benchmarking_2088/Benchmarking_16-12_36251/filtered_results.json",
      "final": "crData/Benchmarking_2088/Benchmarking_16-12_36251/final_results.json",
      "statistics": "crData/Benchmarking_2088/Benchmarking_16-12_36251/statistics_results.json"
    }
  }
}