{
  "tool_name": "Benchmarking",
  "year": "1972",
  "monthly_stats": {
    "72-01": {
      "tool_name": "Benchmarking",
      "batch_id": "56336",
      "date": "72-01",
      "initial_count": 0,
      "filtered_count": 0,
      "final_count": 0,
      "duplicate_count": 0,
      "terms": {
        "Benchmarking": 0
      },
      "file_paths": {
        "base_folder": "crData/Benchmarking_2088/Benchmarking_72-01_56336",
        "term_results_folder": "crData/Benchmarking_2088/Benchmarking_72-01_56336/term_results",
        "merged": "crData/Benchmarking_2088/Benchmarking_72-01_56336/merged_results.json",
        "filtered": "crData/Benchmarking_2088/Benchmarking_72-01_56336/filtered_results.json",
        "final": "crData/Benchmarking_2088/Benchmarking_72-01_56336/final_results.json",
        "statistics": "crData/Benchmarking_2088/Benchmarking_72-01_56336/statistics_results.json"
      },
      "processing_time": 2.0651350021362305,
      "total_crossref": 166736,
      "crossref_percentage": 0.0
    },
    "72-02": {
      "tool_name": "Benchmarking",
      "batch_id": "56372",
      "date": "72-02",
      "initial_count": 0,
      "filtered_count": 0,
      "final_count": 0,
      "duplicate_count": 0,
      "terms": {
        "Benchmarking": 0
      },
      "file_paths": {
        "base_folder": "crData/Benchmarking_2088/Benchmarking_72-02_56372",
        "term_results_folder": "crData/Benchmarking_2088/Benchmarking_72-02_56372/term_results",
        "merged": "crData/Benchmarking_2088/Benchmarking_72-02_56372/merged_results.json",
        "filtered": "crData/Benchmarking_2088/Benchmarking_72-02_56372/filtered_results.json",
        "final": "crData/Benchmarking_2088/Benchmarking_72-02_56372/final_results.json",
        "statistics": "crData/Benchmarking_2088/Benchmarking_72-02_56372/statistics_results.json"
      },
      "processing_time": 1.1642229557037354,
      "total_crossref": 28635,
      "crossref_percentage": 0.0
    },
    "72-03": {
      "tool_name": "Benchmarking",
      "batch_id": "56399",
      "date": "72-03",
      "initial_count": 0,
      "filtered_count": 0,
      "final_count": 0,
      "duplicate_count": 0,
      "terms": {
        "Benchmarking": 0
      },
      "file_paths": {
        "base_folder": "crData/Benchmarking_2088/Benchmarking_72-03_56399",
        "term_results_folder": "crData/Benchmarking_2088/Benchmarking_72-03_56399/term_results",
        "merged": "crData/Benchmarking_2088/Benchmarking_72-03_56399/merged_results.json",
        "filtered": "crData/Benchmarking_2088/Benchmarking_72-03_56399/filtered_results.json",
        "final": "crData/Benchmarking_2088/Benchmarking_72-03_56399/final_results.json",
        "statistics": "crData/Benchmarking_2088/Benchmarking_72-03_56399/statistics_results.json"
      },
      "processing_time": 1.920248031616211,
      "total_crossref": 35510,
      "crossref_percentage": 0.0
    },
    "72-04": {
      "tool_name": "Benchmarking",
      "batch_id": "56433",
      "date": "72-04",
      "initial_count": 0,
      "filtered_count": 0,
      "final_count": 0,
      "duplicate_count": 0,
      "terms": {
        "Benchmarking": 0
      },
      "file_paths": {
        "base_folder": "crData/Benchmarking_2088/Benchmarking_72-04_56433",
        "term_results_folder": "crData/Benchmarking_2088/Benchmarking_72-04_56433/term_results",
        "merged": "crData/Benchmarking_2088/Benchmarking_72-04_56433/merged_results.json",
        "filtered": "crData/Benchmarking_2088/Benchmarking_72-04_56433/filtered_results.json",
        "final": "crData/Benchmarking_2088/Benchmarking_72-04_56433/final_results.json",
        "statistics": "crData/Benchmarking_2088/Benchmarking_72-04_56433/statistics_results.json"
      },
      "processing_time": 1.5743720531463623,
      "total_crossref": 32685,
      "crossref_percentage": 0.0
    },
    "72-05": {
      "tool_name": "Benchmarking",
      "batch_id": "56464",
      "date": "72-05",
      "initial_count": 0,
      "filtered_count": 0,
      "final_count": 0,
      "duplicate_count": 0,
      "terms": {
        "Benchmarking": 0
      },
      "file_paths": {
        "base_folder": "crData/Benchmarking_2088/Benchmarking_72-05_56464",
        "term_results_folder": "crData/Benchmarking_2088/Benchmarking_72-05_56464/term_results",
        "merged": "crData/Benchmarking_2088/Benchmarking_72-05_56464/merged_results.json",
        "filtered": "crData/Benchmarking_2088/Benchmarking_72-05_56464/filtered_results.json",
        "final": "crData/Benchmarking_2088/Benchmarking_72-05_56464/final_results.json",
        "statistics": "crData/Benchmarking_2088/Benchmarking_72-05_56464/statistics_results.json"
      },
      "processing_time": 1.050034999847412,
      "total_crossref": 29422,
      "crossref_percentage": 0.0
    },
    "72-06": {
      "tool_name": "Benchmarking",
      "batch_id": "56489",
      "date": "72-06",
      "initial_count": 0,
      "filtered_count": 0,
      "final_count": 0,
      "duplicate_count": 0,
      "terms": {
        "Benchmarking": 0
      },
      "file_paths": {
        "base_folder": "crData/Benchmarking_2088/Benchmarking_72-06_56489",
        "term_results_folder": "crData/Benchmarking_2088/Benchmarking_72-06_56489/term_results",
        "merged": "crData/Benchmarking_2088/Benchmarking_72-06_56489/merged_results.json",
        "filtered": "crData/Benchmarking_2088/Benchmarking_72-06_56489/filtered_results.json",
        "final": "crData/Benchmarking_2088/Benchmarking_72-06_56489/final_results.json",
        "statistics": "crData/Benchmarking_2088/Benchmarking_72-06_56489/statistics_results.json"
      },
      "processing_time": 1.5432798862457275,
      "total_crossref": 35517,
      "crossref_percentage": 0.0
    },
    "72-07": {
      "tool_name": "Benchmarking",
      "batch_id": "56520",
      "date": "72-07",
      "initial_count": 0,
      "filtered_count": 0,
      "final_count": 0,
      "duplicate_count": 0,
      "terms": {
        "Benchmarking": 0
      },
      "file_paths": {
        "base_folder": "crData/Benchmarking_2088/Benchmarking_72-07_56520",
        "term_results_folder": "crData/Benchmarking_2088/Benchmarking_72-07_56520/term_results",
        "merged": "crData/Benchmarking_2088/Benchmarking_72-07_56520/merged_results.json",
        "filtered": "crData/Benchmarking_2088/Benchmarking_72-07_56520/filtered_results.json",
        "final": "crData/Benchmarking_2088/Benchmarking_72-07_56520/final_results.json",
        "statistics": "crData/Benchmarking_2088/Benchmarking_72-07_56520/statistics_results.json"
      },
      "processing_time": 1.3165819644927979,
      "total_crossref": 31056,
      "crossref_percentage": 0.0
    },
    "72-08": {
      "tool_name": "Benchmarking",
      "batch_id": "56548",
      "date": "72-08",
      "initial_count": 0,
      "filtered_count": 0,
      "final_count": 0,
      "duplicate_count": 0,
      "terms": {
        "Benchmarking": 0
      },
      "file_paths": {
        "base_folder": "crData/Benchmarking_2088/Benchmarking_72-08_56548",
        "term_results_folder": "crData/Benchmarking_2088/Benchmarking_72-08_56548/term_results",
        "merged": "crData/Benchmarking_2088/Benchmarking_72-08_56548/merged_results.json",
        "filtered": "crData/Benchmarking_2088/Benchmarking_72-08_56548/filtered_results.json",
        "final": "crData/Benchmarking_2088/Benchmarking_72-08_56548/final_results.json",
        "statistics": "crData/Benchmarking_2088/Benchmarking_72-08_56548/statistics_results.json"
      },
      "processing_time": 1.3739800453186035,
      "total_crossref": 27118,
      "crossref_percentage": 0.0
    },
    "72-09": {
      "tool_name": "Benchmarking",
      "batch_id": "56577",
      "date": "72-09",
      "initial_count": 0,
      "filtered_count": 0,
      "final_count": 0,
      "duplicate_count": 0,
      "terms": {
        "Benchmarking": 0
      },
      "file_paths": {
        "base_folder": "crData/Benchmarking_2088/Benchmarking_72-09_56577",
        "term_results_folder": "crData/Benchmarking_2088/Benchmarking_72-09_56577/term_results",
        "merged": "crData/Benchmarking_2088/Benchmarking_72-09_56577/merged_results.json",
        "filtered": "crData/Benchmarking_2088/Benchmarking_72-09_56577/filtered_results.json",
        "final": "crData/Benchmarking_2088/Benchmarking_72-09_56577/final_results.json",
        "statistics": "crData/Benchmarking_2088/Benchmarking_72-09_56577/statistics_results.json"
      },
      "processing_time": 1.8355481624603271,
      "total_crossref": 34685,
      "crossref_percentage": 0.0
    },
    "72-10": {
      "tool_name": "Benchmarking",
      "batch_id": "57010",
      "date": "72-10",
      "initial_count": 0,
      "filtered_count": 0,
      "final_count": 0,
      "duplicate_count": 0,
      "terms": {
        "Benchmarking": 0
      },
      "file_paths": {
        "base_folder": "crData/Benchmarking_2088/Benchmarking_72-10_57010",
        "term_results_folder": "crData/Benchmarking_2088/Benchmarking_72-10_57010/term_results",
        "merged": "crData/Benchmarking_2088/Benchmarking_72-10_57010/merged_results.json",
        "filtered": "crData/Benchmarking_2088/Benchmarking_72-10_57010/filtered_results.json",
        "final": "crData/Benchmarking_2088/Benchmarking_72-10_57010/final_results.json",
        "statistics": "crData/Benchmarking_2088/Benchmarking_72-10_57010/statistics_results.json"
      },
      "processing_time": 3.3670098781585693,
      "total_crossref": 32997,
      "crossref_percentage": 0.0
    },
    "72-11": {
      "tool_name": "Benchmarking",
      "batch_id": "57059",
      "date": "72-11",
      "initial_count": 0,
      "filtered_count": 0,
      "final_count": 0,
      "duplicate_count": 0,
      "terms": {
        "Benchmarking": 0
      },
      "file_paths": {
        "base_folder": "crData/Benchmarking_2088/Benchmarking_72-11_57059",
        "term_results_folder": "crData/Benchmarking_2088/Benchmarking_72-11_57059/term_results",
        "merged": "crData/Benchmarking_2088/Benchmarking_72-11_57059/merged_results.json",
        "filtered": "crData/Benchmarking_2088/Benchmarking_72-11_57059/filtered_results.json",
        "final": "crData/Benchmarking_2088/Benchmarking_72-11_57059/final_results.json",
        "statistics": "crData/Benchmarking_2088/Benchmarking_72-11_57059/statistics_results.json"
      },
      "processing_time": 2.79644513130188,
      "total_crossref": 29347,
      "crossref_percentage": 0.0
    },
    "72-12": {
      "tool_name": "Benchmarking",
      "batch_id": "57102",
      "date": "72-12",
      "initial_count": 0,
      "filtered_count": 0,
      "final_count": 0,
      "duplicate_count": 0,
      "terms": {
        "Benchmarking": 0
      },
      "file_paths": {
        "base_folder": "crData/Benchmarking_2088/Benchmarking_72-12_57102",
        "term_results_folder": "crData/Benchmarking_2088/Benchmarking_72-12_57102/term_results",
        "merged": "crData/Benchmarking_2088/Benchmarking_72-12_57102/merged_results.json",
        "filtered": "crData/Benchmarking_2088/Benchmarking_72-12_57102/filtered_results.json",
        "final": "crData/Benchmarking_2088/Benchmarking_72-12_57102/final_results.json",
        "statistics": "crData/Benchmarking_2088/Benchmarking_72-12_57102/statistics_results.json"
      },
      "processing_time": 1.1263859272003174,
      "total_crossref": 55851,
      "crossref_percentage": 0.0
    }
  },
  "total_duplicates": 0,
  "monthly_files": {
    "72-01": {
      "base_folder": "crData/Benchmarking_2088/Benchmarking_72-01_56336",
      "term_results_folder": "crData/Benchmarking_2088/Benchmarking_72-01_56336/term_results",
      "merged": "crData/Benchmarking_2088/Benchmarking_72-01_56336/merged_results.json",
      "filtered": "crData/Benchmarking_2088/Benchmarking_72-01_56336/filtered_results.json",
      "final": "crData/Benchmarking_2088/Benchmarking_72-01_56336/final_results.json",
      "statistics": "crData/Benchmarking_2088/Benchmarking_72-01_56336/statistics_results.json"
    },
    "72-02": {
      "base_folder": "crData/Benchmarking_2088/Benchmarking_72-02_56372",
      "term_results_folder": "crData/Benchmarking_2088/Benchmarking_72-02_56372/term_results",
      "merged": "crData/Benchmarking_2088/Benchmarking_72-02_56372/merged_results.json",
      "filtered": "crData/Benchmarking_2088/Benchmarking_72-02_56372/filtered_results.json",
      "final": "crData/Benchmarking_2088/Benchmarking_72-02_56372/final_results.json",
      "statistics": "crData/Benchmarking_2088/Benchmarking_72-02_56372/statistics_results.json"
    },
    "72-03": {
      "base_folder": "crData/Benchmarking_2088/Benchmarking_72-03_56399",
      "term_results_folder": "crData/Benchmarking_2088/Benchmarking_72-03_56399/term_results",
      "merged": "crData/Benchmarking_2088/Benchmarking_72-03_56399/merged_results.json",
      "filtered": "crData/Benchmarking_2088/Benchmarking_72-03_56399/filtered_results.json",
      "final": "crData/Benchmarking_2088/Benchmarking_72-03_56399/final_results.json",
      "statistics": "crData/Benchmarking_2088/Benchmarking_72-03_56399/statistics_results.json"
    },
    "72-04": {
      "base_folder": "crData/Benchmarking_2088/Benchmarking_72-04_56433",
      "term_results_folder": "crData/Benchmarking_2088/Benchmarking_72-04_56433/term_results",
      "merged": "crData/Benchmarking_2088/Benchmarking_72-04_56433/merged_results.json",
      "filtered": "crData/Benchmarking_2088/Benchmarking_72-04_56433/filtered_results.json",
      "final": "crData/Benchmarking_2088/Benchmarking_72-04_56433/final_results.json",
      "statistics": "crData/Benchmarking_2088/Benchmarking_72-04_56433/statistics_results.json"
    },
    "72-05": {
      "base_folder": "crData/Benchmarking_2088/Benchmarking_72-05_56464",
      "term_results_folder": "crData/Benchmarking_2088/Benchmarking_72-05_56464/term_results",
      "merged": "crData/Benchmarking_2088/Benchmarking_72-05_56464/merged_results.json",
      "filtered": "crData/Benchmarking_2088/Benchmarking_72-05_56464/filtered_results.json",
      "final": "crData/Benchmarking_2088/Benchmarking_72-05_56464/final_results.json",
      "statistics": "crData/Benchmarking_2088/Benchmarking_72-05_56464/statistics_results.json"
    },
    "72-06": {
      "base_folder": "crData/Benchmarking_2088/Benchmarking_72-06_56489",
      "term_results_folder": "crData/Benchmarking_2088/Benchmarking_72-06_56489/term_results",
      "merged": "crData/Benchmarking_2088/Benchmarking_72-06_56489/merged_results.json",
      "filtered": "crData/Benchmarking_2088/Benchmarking_72-06_56489/filtered_results.json",
      "final": "crData/Benchmarking_2088/Benchmarking_72-06_56489/final_results.json",
      "statistics": "crData/Benchmarking_2088/Benchmarking_72-06_56489/statistics_results.json"
    },
    "72-07": {
      "base_folder": "crData/Benchmarking_2088/Benchmarking_72-07_56520",
      "term_results_folder": "crData/Benchmarking_2088/Benchmarking_72-07_56520/term_results",
      "merged": "crData/Benchmarking_2088/Benchmarking_72-07_56520/merged_results.json",
      "filtered": "crData/Benchmarking_2088/Benchmarking_72-07_56520/filtered_results.json",
      "final": "crData/Benchmarking_2088/Benchmarking_72-07_56520/final_results.json",
      "statistics": "crData/Benchmarking_2088/Benchmarking_72-07_56520/statistics_results.json"
    },
    "72-08": {
      "base_folder": "crData/Benchmarking_2088/Benchmarking_72-08_56548",
      "term_results_folder": "crData/Benchmarking_2088/Benchmarking_72-08_56548/term_results",
      "merged": "crData/Benchmarking_2088/Benchmarking_72-08_56548/merged_results.json",
      "filtered": "crData/Benchmarking_2088/Benchmarking_72-08_56548/filtered_results.json",
      "final": "crData/Benchmarking_2088/Benchmarking_72-08_56548/final_results.json",
      "statistics": "crData/Benchmarking_2088/Benchmarking_72-08_56548/statistics_results.json"
    },
    "72-09": {
      "base_folder": "crData/Benchmarking_2088/Benchmarking_72-09_56577",
      "term_results_folder": "crData/Benchmarking_2088/Benchmarking_72-09_56577/term_results",
      "merged": "crData/Benchmarking_2088/Benchmarking_72-09_56577/merged_results.json",
      "filtered": "crData/Benchmarking_2088/Benchmarking_72-09_56577/filtered_results.json",
      "final": "crData/Benchmarking_2088/Benchmarking_72-09_56577/final_results.json",
      "statistics": "crData/Benchmarking_2088/Benchmarking_72-09_56577/statistics_results.json"
    },
    "72-10": {
      "base_folder": "crData/Benchmarking_2088/Benchmarking_72-10_57010",
      "term_results_folder": "crData/Benchmarking_2088/Benchmarking_72-10_57010/term_results",
      "merged": "crData/Benchmarking_2088/Benchmarking_72-10_57010/merged_results.json",
      "filtered": "crData/Benchmarking_2088/Benchmarking_72-10_57010/filtered_results.json",
      "final": "crData/Benchmarking_2088/Benchmarking_72-10_57010/final_results.json",
      "statistics": "crData/Benchmarking_2088/Benchmarking_72-10_57010/statistics_results.json"
    },
    "72-11": {
      "base_folder": "crData/Benchmarking_2088/Benchmarking_72-11_57059",
      "term_results_folder": "crData/Benchmarking_2088/Benchmarking_72-11_57059/term_results",
      "merged": "crData/Benchmarking_2088/Benchmarking_72-11_57059/merged_results.json",
      "filtered": "crData/Benchmarking_2088/Benchmarking_72-11_57059/filtered_results.json",
      "final": "crData/Benchmarking_2088/Benchmarking_72-11_57059/final_results.json",
      "statistics": "crData/Benchmarking_2088/Benchmarking_72-11_57059/statistics_results.json"
    },
    "72-12": {
      "base_folder": "crData/Benchmarking_2088/Benchmarking_72-12_57102",
      "term_results_folder": "crData/Benchmarking_2088/Benchmarking_72-12_57102/term_results",
      "merged": "crData/Benchmarking_2088/Benchmarking_72-12_57102/merged_results.json",
      "filtered": "crData/Benchmarking_2088/Benchmarking_72-12_57102/filtered_results.json",
      "final": "crData/Benchmarking_2088/Benchmarking_72-12_57102/final_results.json",
      "statistics": "crData/Benchmarking_2088/Benchmarking_72-12_57102/statistics_results.json"
    }
  }
}