{
  "tool_name": "Benchmarking",
  "year": "2015",
  "monthly_stats": {
    "15-01": {
      "tool_name": "Benchmarking",
      "batch_id": "34253",
      "date": "15-01",
      "initial_count": 306,
      "filtered_count": 230,
      "final_count": 230,
      "duplicate_count": 0,
      "terms": {
        "Benchmarking": 306
      },
      "file_paths": {
        "base_folder": "crData/Benchmarking_2088/Benchmarking_15-01_34253",
        "term_results_folder": "crData/Benchmarking_2088/Benchmarking_15-01_34253/term_results",
        "merged": "crData/Benchmarking_2088/Benchmarking_15-01_34253/merged_results.json",
        "filtered": "crData/Benchmarking_2088/Benchmarking_15-01_34253/filtered_results.json",
        "final": "crData/Benchmarking_2088/Benchmarking_15-01_34253/final_results.json",
        "statistics": "crData/Benchmarking_2088/Benchmarking_15-01_34253/statistics_results.json"
      },
      "processing_time": 3.69028902053833,
      "total_crossref": 1208127,
      "crossref_percentage": 0.019037733615753973
    },
    "15-02": {
      "tool_name": "Benchmarking",
      "batch_id": "34304",
      "date": "15-02",
      "initial_count": 45,
      "filtered_count": 40,
      "final_count": 40,
      "duplicate_count": 0,
      "terms": {
        "Benchmarking": 45
      },
      "file_paths": {
        "base_folder": "crData/Benchmarking_2088/Benchmarking_15-02_34304",
        "term_results_folder": "crData/Benchmarking_2088/Benchmarking_15-02_34304/term_results",
        "merged": "crData/Benchmarking_2088/Benchmarking_15-02_34304/merged_results.json",
        "filtered": "crData/Benchmarking_2088/Benchmarking_15-02_34304/filtered_results.json",
        "final": "crData/Benchmarking_2088/Benchmarking_15-02_34304/final_results.json",
        "statistics": "crData/Benchmarking_2088/Benchmarking_15-02_34304/statistics_results.json"
      },
      "processing_time": 3.2093777656555176,
      "total_crossref": 231584,
      "crossref_percentage": 0.01727235042144535
    },
    "15-03": {
      "tool_name": "Benchmarking",
      "batch_id": "34352",
      "date": "15-03",
      "initial_count": 67,
      "filtered_count": 54,
      "final_count": 54,
      "duplicate_count": 0,
      "terms": {
        "Benchmarking": 67
      },
      "file_paths": {
        "base_folder": "crData/Benchmarking_2088/Benchmarking_15-03_34352",
        "term_results_folder": "crData/Benchmarking_2088/Benchmarking_15-03_34352/term_results",
        "merged": "crData/Benchmarking_2088/Benchmarking_15-03_34352/merged_results.json",
        "filtered": "crData/Benchmarking_2088/Benchmarking_15-03_34352/filtered_results.json",
        "final": "crData/Benchmarking_2088/Benchmarking_15-03_34352/final_results.json",
        "statistics": "crData/Benchmarking_2088/Benchmarking_15-03_34352/statistics_results.json"
      },
      "processing_time": 2.806488037109375,
      "total_crossref": 297783,
      "crossref_percentage": 0.01813401033638589
    },
    "15-04": {
      "tool_name": "Benchmarking",
      "batch_id": "34395",
      "date": "15-04",
      "initial_count": 75,
      "filtered_count": 65,
      "final_count": 65,
      "duplicate_count": 0,
      "terms": {
        "Benchmarking": 75
      },
      "file_paths": {
        "base_folder": "crData/Benchmarking_2088/Benchmarking_15-04_34395",
        "term_results_folder": "crData/Benchmarking_2088/Benchmarking_15-04_34395/term_results",
        "merged": "crData/Benchmarking_2088/Benchmarking_15-04_34395/merged_results.json",
        "filtered": "crData/Benchmarking_2088/Benchmarking_15-04_34395/filtered_results.json",
        "final": "crData/Benchmarking_2088/Benchmarking_15-04_34395/final_results.json",
        "statistics": "crData/Benchmarking_2088/Benchmarking_15-04_34395/statistics_results.json"
      },
      "processing_time": 3.494251012802124,
      "total_crossref": 304667,
      "crossref_percentage": 0.021334768780340505
    },
    "15-05": {
      "tool_name": "Benchmarking",
      "batch_id": "34445",
      "date": "15-05",
      "initial_count": 73,
      "filtered_count": 59,
      "final_count": 59,
      "duplicate_count": 0,
      "terms": {
        "Benchmarking": 73
      },
      "file_paths": {
        "base_folder": "crData/Benchmarking_2088/Benchmarking_15-05_34445",
        "term_results_folder": "crData/Benchmarking_2088/Benchmarking_15-05_34445/term_results",
        "merged": "crData/Benchmarking_2088/Benchmarking_15-05_34445/merged_results.json",
        "filtered": "crData/Benchmarking_2088/Benchmarking_15-05_34445/filtered_results.json",
        "final": "crData/Benchmarking_2088/Benchmarking_15-05_34445/final_results.json",
        "statistics": "crData/Benchmarking_2088/Benchmarking_15-05_34445/statistics_results.json"
      },
      "processing_time": 4.466679096221924,
      "total_crossref": 289086,
      "crossref_percentage": 0.020409151601945442
    },
    "15-06": {
      "tool_name": "Benchmarking",
      "batch_id": "34505",
      "date": "15-06",
      "initial_count": 53,
      "filtered_count": 52,
      "final_count": 52,
      "duplicate_count": 0,
      "terms": {
        "Benchmarking": 53
      },
      "file_paths": {
        "base_folder": "crData/Benchmarking_2088/Benchmarking_15-06_34505",
        "term_results_folder": "crData/Benchmarking_2088/Benchmarking_15-06_34505/term_results",
        "merged": "crData/Benchmarking_2088/Benchmarking_15-06_34505/merged_results.json",
        "filtered": "crData/Benchmarking_2088/Benchmarking_15-06_34505/filtered_results.json",
        "final": "crData/Benchmarking_2088/Benchmarking_15-06_34505/final_results.json",
        "statistics": "crData/Benchmarking_2088/Benchmarking_15-06_34505/statistics_results.json"
      },
      "processing_time": 2.9104812145233154,
      "total_crossref": 332669,
      "crossref_percentage": 0.015631152887705196
    },
    "15-07": {
      "tool_name": "Benchmarking",
      "batch_id": "34549",
      "date": "15-07",
      "initial_count": 63,
      "filtered_count": 49,
      "final_count": 49,
      "duplicate_count": 0,
      "terms": {
        "Benchmarking": 63
      },
      "file_paths": {
        "base_folder": "crData/Benchmarking_2088/Benchmarking_15-07_34549",
        "term_results_folder": "crData/Benchmarking_2088/Benchmarking_15-07_34549/term_results",
        "merged": "crData/Benchmarking_2088/Benchmarking_15-07_34549/merged_results.json",
        "filtered": "crData/Benchmarking_2088/Benchmarking_15-07_34549/filtered_results.json",
        "final": "crData/Benchmarking_2088/Benchmarking_15-07_34549/final_results.json",
        "statistics": "crData/Benchmarking_2088/Benchmarking_15-07_34549/statistics_results.json"
      },
      "processing_time": 2.978160858154297,
      "total_crossref": 287389,
      "crossref_percentage": 0.017050061067055453
    },
    "15-08": {
      "tool_name": "Benchmarking",
      "batch_id": "34594",
      "date": "15-08",
      "initial_count": 94,
      "filtered_count": 55,
      "final_count": 55,
      "duplicate_count": 0,
      "terms": {
        "Benchmarking": 94
      },
      "file_paths": {
        "base_folder": "crData/Benchmarking_2088/Benchmarking_15-08_34594",
        "term_results_folder": "crData/Benchmarking_2088/Benchmarking_15-08_34594/term_results",
        "merged": "crData/Benchmarking_2088/Benchmarking_15-08_34594/merged_results.json",
        "filtered": "crData/Benchmarking_2088/Benchmarking_15-08_34594/filtered_results.json",
        "final": "crData/Benchmarking_2088/Benchmarking_15-08_34594/final_results.json",
        "statistics": "crData/Benchmarking_2088/Benchmarking_15-08_34594/statistics_results.json"
      },
      "processing_time": 5.359307050704956,
      "total_crossref": 272170,
      "crossref_percentage": 0.020207958261380755
    },
    "15-09": {
      "tool_name": "Benchmarking",
      "batch_id": "35063",
      "date": "15-09",
      "initial_count": 57,
      "filtered_count": 55,
      "final_count": 55,
      "duplicate_count": 0,
      "terms": {
        "Benchmarking": 57
      },
      "file_paths": {
        "base_folder": "crData/Benchmarking_2088/Benchmarking_15-09_35063",
        "term_results_folder": "crData/Benchmarking_2088/Benchmarking_15-09_35063/term_results",
        "merged": "crData/Benchmarking_2088/Benchmarking_15-09_35063/merged_results.json",
        "filtered": "crData/Benchmarking_2088/Benchmarking_15-09_35063/filtered_results.json",
        "final": "crData/Benchmarking_2088/Benchmarking_15-09_35063/final_results.json",
        "statistics": "crData/Benchmarking_2088/Benchmarking_15-09_35063/statistics_results.json"
      },
      "processing_time": 4.28187108039856,
      "total_crossref": 340199,
      "crossref_percentage": 0.016167008133474818
    },
    "15-10": {
      "tool_name": "Benchmarking",
      "batch_id": "35121",
      "date": "15-10",
      "initial_count": 53,
      "filtered_count": 40,
      "final_count": 40,
      "duplicate_count": 0,
      "terms": {
        "Benchmarking": 53
      },
      "file_paths": {
        "base_folder": "crData/Benchmarking_2088/Benchmarking_15-10_35121",
        "term_results_folder": "crData/Benchmarking_2088/Benchmarking_15-10_35121/term_results",
        "merged": "crData/Benchmarking_2088/Benchmarking_15-10_35121/merged_results.json",
        "filtered": "crData/Benchmarking_2088/Benchmarking_15-10_35121/filtered_results.json",
        "final": "crData/Benchmarking_2088/Benchmarking_15-10_35121/final_results.json",
        "statistics": "crData/Benchmarking_2088/Benchmarking_15-10_35121/statistics_results.json"
      },
      "processing_time": 4.228975772857666,
      "total_crossref": 329870,
      "crossref_percentage": 0.01212598902597993
    },
    "15-11": {
      "tool_name": "Benchmarking",
      "batch_id": "35179",
      "date": "15-11",
      "initial_count": 71,
      "filtered_count": 54,
      "final_count": 54,
      "duplicate_count": 0,
      "terms": {
        "Benchmarking": 71
      },
      "file_paths": {
        "base_folder": "crData/Benchmarking_2088/Benchmarking_15-11_35179",
        "term_results_folder": "crData/Benchmarking_2088/Benchmarking_15-11_35179/term_results",
        "merged": "crData/Benchmarking_2088/Benchmarking_15-11_35179/merged_results.json",
        "filtered": "crData/Benchmarking_2088/Benchmarking_15-11_35179/filtered_results.json",
        "final": "crData/Benchmarking_2088/Benchmarking_15-11_35179/final_results.json",
        "statistics": "crData/Benchmarking_2088/Benchmarking_15-11_35179/statistics_results.json"
      },
      "processing_time": 2.926406145095825,
      "total_crossref": 309898,
      "crossref_percentage": 0.017425088254845143
    },
    "15-12": {
      "tool_name": "Benchmarking",
      "batch_id": "35223",
      "date": "15-12",
      "initial_count": 80,
      "filtered_count": 78,
      "final_count": 78,
      "duplicate_count": 0,
      "terms": {
        "Benchmarking": 80
      },
      "file_paths": {
        "base_folder": "crData/Benchmarking_2088/Benchmarking_15-12_35223",
        "term_results_folder": "crData/Benchmarking_2088/Benchmarking_15-12_35223/term_results",
        "merged": "crData/Benchmarking_2088/Benchmarking_15-12_35223/merged_results.json",
        "filtered": "crData/Benchmarking_2088/Benchmarking_15-12_35223/filtered_results.json",
        "final": "crData/Benchmarking_2088/Benchmarking_15-12_35223/final_results.json",
        "statistics": "crData/Benchmarking_2088/Benchmarking_15-12_35223/statistics_results.json"
      },
      "processing_time": 3.5796680450439453,
      "total_crossref": 451834,
      "crossref_percentage": 0.01726297711106291
    }
  },
  "total_duplicates": 0,
  "monthly_files": {
    "15-01": {
      "base_folder": "crData/Benchmarking_2088/Benchmarking_15-01_34253",
      "term_results_folder": "crData/Benchmarking_2088/Benchmarking_15-01_34253/term_results",
      "merged": "crData/Benchmarking_2088/Benchmarking_15-01_34253/merged_results.json",
      "filtered": "crData/Benchmarking_2088/Benchmarking_15-01_34253/filtered_results.json",
      "final": "crData/Benchmarking_2088/Benchmarking_15-01_34253/final_results.json",
      "statistics": "crData/Benchmarking_2088/Benchmarking_15-01_34253/statistics_results.json"
    },
    "15-02": {
      "base_folder": "crData/Benchmarking_2088/Benchmarking_15-02_34304",
      "term_results_folder": "crData/Benchmarking_2088/Benchmarking_15-02_34304/term_results",
      "merged": "crData/Benchmarking_2088/Benchmarking_15-02_34304/merged_results.json",
      "filtered": "crData/Benchmarking_2088/Benchmarking_15-02_34304/filtered_results.json",
      "final": "crData/Benchmarking_2088/Benchmarking_15-02_34304/final_results.json",
      "statistics": "crData/Benchmarking_2088/Benchmarking_15-02_34304/statistics_results.json"
    },
    "15-03": {
      "base_folder": "crData/Benchmarking_2088/Benchmarking_15-03_34352",
      "term_results_folder": "crData/Benchmarking_2088/Benchmarking_15-03_34352/term_results",
      "merged": "crData/Benchmarking_2088/Benchmarking_15-03_34352/merged_results.json",
      "filtered": "crData/Benchmarking_2088/Benchmarking_15-03_34352/filtered_results.json",
      "final": "crData/Benchmarking_2088/Benchmarking_15-03_34352/final_results.json",
      "statistics": "crData/Benchmarking_2088/Benchmarking_15-03_34352/statistics_results.json"
    },
    "15-04": {
      "base_folder": "crData/Benchmarking_2088/Benchmarking_15-04_34395",
      "term_results_folder": "crData/Benchmarking_2088/Benchmarking_15-04_34395/term_results",
      "merged": "crData/Benchmarking_2088/Benchmarking_15-04_34395/merged_results.json",
      "filtered": "crData/Benchmarking_2088/Benchmarking_15-04_34395/filtered_results.json",
      "final": "crData/Benchmarking_2088/Benchmarking_15-04_34395/final_results.json",
      "statistics": "crData/Benchmarking_2088/Benchmarking_15-04_34395/statistics_results.json"
    },
    "15-05": {
      "base_folder": "crData/Benchmarking_2088/Benchmarking_15-05_34445",
      "term_results_folder": "crData/Benchmarking_2088/Benchmarking_15-05_34445/term_results",
      "merged": "crData/Benchmarking_2088/Benchmarking_15-05_34445/merged_results.json",
      "filtered": "crData/Benchmarking_2088/Benchmarking_15-05_34445/filtered_results.json",
      "final": "crData/Benchmarking_2088/Benchmarking_15-05_34445/final_results.json",
      "statistics": "crData/Benchmarking_2088/Benchmarking_15-05_34445/statistics_results.json"
    },
    "15-06": {
      "base_folder": "crData/Benchmarking_2088/Benchmarking_15-06_34505",
      "term_results_folder": "crData/Benchmarking_2088/Benchmarking_15-06_34505/term_results",
      "merged": "crData/Benchmarking_2088/Benchmarking_15-06_34505/merged_results.json",
      "filtered": "crData/Benchmarking_2088/Benchmarking_15-06_34505/filtered_results.json",
      "final": "crData/Benchmarking_2088/Benchmarking_15-06_34505/final_results.json",
      "statistics": "crData/Benchmarking_2088/Benchmarking_15-06_34505/statistics_results.json"
    },
    "15-07": {
      "base_folder": "crData/Benchmarking_2088/Benchmarking_15-07_34549",
      "term_results_folder": "crData/Benchmarking_2088/Benchmarking_15-07_34549/term_results",
      "merged": "crData/Benchmarking_2088/Benchmarking_15-07_34549/merged_results.json",
      "filtered": "crData/Benchmarking_2088/Benchmarking_15-07_34549/filtered_results.json",
      "final": "crData/Benchmarking_2088/Benchmarking_15-07_34549/final_results.json",
      "statistics": "crData/Benchmarking_2088/Benchmarking_15-07_34549/statistics_results.json"
    },
    "15-08": {
      "base_folder": "crData/Benchmarking_2088/Benchmarking_15-08_34594",
      "term_results_folder": "crData/Benchmarking_2088/Benchmarking_15-08_34594/term_results",
      "merged": "crData/Benchmarking_2088/Benchmarking_15-08_34594/merged_results.json",
      "filtered": "crData/Benchmarking_2088/Benchmarking_15-08_34594/filtered_results.json",
      "final": "crData/Benchmarking_2088/Benchmarking_15-08_34594/final_results.json",
      "statistics": "crData/Benchmarking_2088/Benchmarking_15-08_34594/statistics_results.json"
    },
    "15-09": {
      "base_folder": "crData/Benchmarking_2088/Benchmarking_15-09_35063",
      "term_results_folder": "crData/Benchmarking_2088/Benchmarking_15-09_35063/term_results",
      "merged": "crData/Benchmarking_2088/Benchmarking_15-09_35063/merged_results.json",
      "filtered": "crData/Benchmarking_2088/Benchmarking_15-09_35063/filtered_results.json",
      "final": "crData/Benchmarking_2088/Benchmarking_15-09_35063/final_results.json",
      "statistics": "crData/Benchmarking_2088/Benchmarking_15-09_35063/statistics_results.json"
    },
    "15-10": {
      "base_folder": "crData/Benchmarking_2088/Benchmarking_15-10_35121",
      "term_results_folder": "crData/Benchmarking_2088/Benchmarking_15-10_35121/term_results",
      "merged": "crData/Benchmarking_2088/Benchmarking_15-10_35121/merged_results.json",
      "filtered": "crData/Benchmarking_2088/Benchmarking_15-10_35121/filtered_results.json",
      "final": "crData/Benchmarking_2088/Benchmarking_15-10_35121/final_results.json",
      "statistics": "crData/Benchmarking_2088/Benchmarking_15-10_35121/statistics_results.json"
    },
    "15-11": {
      "base_folder": "crData/Benchmarking_2088/Benchmarking_15-11_35179",
      "term_results_folder": "crData/Benchmarking_2088/Benchmarking_15-11_35179/term_results",
      "merged": "crData/Benchmarking_2088/Benchmarking_15-11_35179/merged_results.json",
      "filtered": "crData/Benchmarking_2088/Benchmarking_15-11_35179/filtered_results.json",
      "final": "crData/Benchmarking_2088/Benchmarking_15-11_35179/final_results.json",
      "statistics": "crData/Benchmarking_2088/Benchmarking_15-11_35179/statistics_results.json"
    },
    "15-12": {
      "base_folder": "crData/Benchmarking_2088/Benchmarking_15-12_35223",
      "term_results_folder": "crData/Benchmarking_2088/Benchmarking_15-12_35223/term_results",
      "merged": "crData/Benchmarking_2088/Benchmarking_15-12_35223/merged_results.json",
      "filtered": "crData/Benchmarking_2088/Benchmarking_15-12_35223/filtered_results.json",
      "final": "crData/Benchmarking_2088/Benchmarking_15-12_35223/final_results.json",
      "statistics": "crData/Benchmarking_2088/Benchmarking_15-12_35223/statistics_results.json"
    }
  }
}