{
  "tool_name": "Benchmarking",
  "year": "1977",
  "monthly_stats": {
    "77-01": {
      "tool_name": "Benchmarking",
      "batch_id": "00185",
      "date": "77-01",
      "initial_count": 1,
      "filtered_count": 1,
      "final_count": 1,
      "duplicate_count": 0,
      "terms": {
        "Benchmarking": 1
      },
      "file_paths": {
        "base_folder": "crData/Benchmarking_2088/Benchmarking_77-01_00185",
        "term_results_folder": "crData/Benchmarking_2088/Benchmarking_77-01_00185/term_results",
        "merged": "crData/Benchmarking_2088/Benchmarking_77-01_00185/merged_results.json",
        "filtered": "crData/Benchmarking_2088/Benchmarking_77-01_00185/filtered_results.json",
        "final": "crData/Benchmarking_2088/Benchmarking_77-01_00185/final_results.json",
        "statistics": "crData/Benchmarking_2088/Benchmarking_77-01_00185/statistics_results.json"
      },
      "processing_time": 1.1128959655761719,
      "total_crossref": 216891,
      "crossref_percentage": 0.0004610610859832819
    },
    "77-02": {
      "tool_name": "Benchmarking",
      "batch_id": "00211",
      "date": "77-02",
      "initial_count": 0,
      "filtered_count": 0,
      "final_count": 0,
      "duplicate_count": 0,
      "terms": {
        "Benchmarking": 0
      },
      "file_paths": {
        "base_folder": "crData/Benchmarking_2088/Benchmarking_77-02_00211",
        "term_results_folder": "crData/Benchmarking_2088/Benchmarking_77-02_00211/term_results",
        "merged": "crData/Benchmarking_2088/Benchmarking_77-02_00211/merged_results.json",
        "filtered": "crData/Benchmarking_2088/Benchmarking_77-02_00211/filtered_results.json",
        "final": "crData/Benchmarking_2088/Benchmarking_77-02_00211/final_results.json",
        "statistics": "crData/Benchmarking_2088/Benchmarking_77-02_00211/statistics_results.json"
      },
      "processing_time": 1.6926548480987549,
      "total_crossref": 31688,
      "crossref_percentage": 0.0
    },
    "77-03": {
      "tool_name": "Benchmarking",
      "batch_id": "00243",
      "date": "77-03",
      "initial_count": 1,
      "filtered_count": 1,
      "final_count": 1,
      "duplicate_count": 0,
      "terms": {
        "Benchmarking": 1
      },
      "file_paths": {
        "base_folder": "crData/Benchmarking_2088/Benchmarking_77-03_00243",
        "term_results_folder": "crData/Benchmarking_2088/Benchmarking_77-03_00243/term_results",
        "merged": "crData/Benchmarking_2088/Benchmarking_77-03_00243/merged_results.json",
        "filtered": "crData/Benchmarking_2088/Benchmarking_77-03_00243/filtered_results.json",
        "final": "crData/Benchmarking_2088/Benchmarking_77-03_00243/final_results.json",
        "statistics": "crData/Benchmarking_2088/Benchmarking_77-03_00243/statistics_results.json"
      },
      "processing_time": 2.1883928775787354,
      "total_crossref": 42071,
      "crossref_percentage": 0.0023769342302298493
    },
    "77-04": {
      "tool_name": "Benchmarking",
      "batch_id": "00280",
      "date": "77-04",
      "initial_count": 0,
      "filtered_count": 0,
      "final_count": 0,
      "duplicate_count": 0,
      "terms": {
        "Benchmarking": 0
      },
      "file_paths": {
        "base_folder": "crData/Benchmarking_2088/Benchmarking_77-04_00280",
        "term_results_folder": "crData/Benchmarking_2088/Benchmarking_77-04_00280/term_results",
        "merged": "crData/Benchmarking_2088/Benchmarking_77-04_00280/merged_results.json",
        "filtered": "crData/Benchmarking_2088/Benchmarking_77-04_00280/filtered_results.json",
        "final": "crData/Benchmarking_2088/Benchmarking_77-04_00280/final_results.json",
        "statistics": "crData/Benchmarking_2088/Benchmarking_77-04_00280/statistics_results.json"
      },
      "processing_time": 2.476085901260376,
      "total_crossref": 38132,
      "crossref_percentage": 0.0
    },
    "77-05": {
      "tool_name": "Benchmarking",
      "batch_id": "00320",
      "date": "77-05",
      "initial_count": 0,
      "filtered_count": 0,
      "final_count": 0,
      "duplicate_count": 0,
      "terms": {
        "Benchmarking": 0
      },
      "file_paths": {
        "base_folder": "crData/Benchmarking_2088/Benchmarking_77-05_00320",
        "term_results_folder": "crData/Benchmarking_2088/Benchmarking_77-05_00320/term_results",
        "merged": "crData/Benchmarking_2088/Benchmarking_77-05_00320/merged_results.json",
        "filtered": "crData/Benchmarking_2088/Benchmarking_77-05_00320/filtered_results.json",
        "final": "crData/Benchmarking_2088/Benchmarking_77-05_00320/final_results.json",
        "statistics": "crData/Benchmarking_2088/Benchmarking_77-05_00320/statistics_results.json"
      },
      "processing_time": 1.8851866722106934,
      "total_crossref": 32947,
      "crossref_percentage": 0.0
    },
    "77-06": {
      "tool_name": "Benchmarking",
      "batch_id": "00354",
      "date": "77-06",
      "initial_count": 0,
      "filtered_count": 0,
      "final_count": 0,
      "duplicate_count": 0,
      "terms": {
        "Benchmarking": 0
      },
      "file_paths": {
        "base_folder": "crData/Benchmarking_2088/Benchmarking_77-06_00354",
        "term_results_folder": "crData/Benchmarking_2088/Benchmarking_77-06_00354/term_results",
        "merged": "crData/Benchmarking_2088/Benchmarking_77-06_00354/merged_results.json",
        "filtered": "crData/Benchmarking_2088/Benchmarking_77-06_00354/filtered_results.json",
        "final": "crData/Benchmarking_2088/Benchmarking_77-06_00354/final_results.json",
        "statistics": "crData/Benchmarking_2088/Benchmarking_77-06_00354/statistics_results.json"
      },
      "processing_time": 1.7144660949707031,
      "total_crossref": 40598,
      "crossref_percentage": 0.0
    },
    "77-07": {
      "tool_name": "Benchmarking",
      "batch_id": "00386",
      "date": "77-07",
      "initial_count": 0,
      "filtered_count": 0,
      "final_count": 0,
      "duplicate_count": 0,
      "terms": {
        "Benchmarking": 0
      },
      "file_paths": {
        "base_folder": "crData/Benchmarking_2088/Benchmarking_77-07_00386",
        "term_results_folder": "crData/Benchmarking_2088/Benchmarking_77-07_00386/term_results",
        "merged": "crData/Benchmarking_2088/Benchmarking_77-07_00386/merged_results.json",
        "filtered": "crData/Benchmarking_2088/Benchmarking_77-07_00386/filtered_results.json",
        "final": "crData/Benchmarking_2088/Benchmarking_77-07_00386/final_results.json",
        "statistics": "crData/Benchmarking_2088/Benchmarking_77-07_00386/statistics_results.json"
      },
      "processing_time": 1.6814360618591309,
      "total_crossref": 35252,
      "crossref_percentage": 0.0
    },
    "77-08": {
      "tool_name": "Benchmarking",
      "batch_id": "00418",
      "date": "77-08",
      "initial_count": 0,
      "filtered_count": 0,
      "final_count": 0,
      "duplicate_count": 0,
      "terms": {
        "Benchmarking": 0
      },
      "file_paths": {
        "base_folder": "crData/Benchmarking_2088/Benchmarking_77-08_00418",
        "term_results_folder": "crData/Benchmarking_2088/Benchmarking_77-08_00418/term_results",
        "merged": "crData/Benchmarking_2088/Benchmarking_77-08_00418/merged_results.json",
        "filtered": "crData/Benchmarking_2088/Benchmarking_77-08_00418/filtered_results.json",
        "final": "crData/Benchmarking_2088/Benchmarking_77-08_00418/final_results.json",
        "statistics": "crData/Benchmarking_2088/Benchmarking_77-08_00418/statistics_results.json"
      },
      "processing_time": 3.192370891571045,
      "total_crossref": 30444,
      "crossref_percentage": 0.0
    },
    "77-09": {
      "tool_name": "Benchmarking",
      "batch_id": "00465",
      "date": "77-09",
      "initial_count": 0,
      "filtered_count": 0,
      "final_count": 0,
      "duplicate_count": 0,
      "terms": {
        "Benchmarking": 0
      },
      "file_paths": {
        "base_folder": "crData/Benchmarking_2088/Benchmarking_77-09_00465",
        "term_results_folder": "crData/Benchmarking_2088/Benchmarking_77-09_00465/term_results",
        "merged": "crData/Benchmarking_2088/Benchmarking_77-09_00465/merged_results.json",
        "filtered": "crData/Benchmarking_2088/Benchmarking_77-09_00465/filtered_results.json",
        "final": "crData/Benchmarking_2088/Benchmarking_77-09_00465/final_results.json",
        "statistics": "crData/Benchmarking_2088/Benchmarking_77-09_00465/statistics_results.json"
      },
      "processing_time": 2.204123020172119,
      "total_crossref": 40600,
      "crossref_percentage": 0.0
    },
    "77-10": {
      "tool_name": "Benchmarking",
      "batch_id": "00503",
      "date": "77-10",
      "initial_count": 1,
      "filtered_count": 1,
      "final_count": 1,
      "duplicate_count": 0,
      "terms": {
        "Benchmarking": 1
      },
      "file_paths": {
        "base_folder": "crData/Benchmarking_2088/Benchmarking_77-10_00503",
        "term_results_folder": "crData/Benchmarking_2088/Benchmarking_77-10_00503/term_results",
        "merged": "crData/Benchmarking_2088/Benchmarking_77-10_00503/merged_results.json",
        "filtered": "crData/Benchmarking_2088/Benchmarking_77-10_00503/filtered_results.json",
        "final": "crData/Benchmarking_2088/Benchmarking_77-10_00503/final_results.json",
        "statistics": "crData/Benchmarking_2088/Benchmarking_77-10_00503/statistics_results.json"
      },
      "processing_time": 1.1993920803070068,
      "total_crossref": 38138,
      "crossref_percentage": 0.002622056741307882
    },
    "77-11": {
      "tool_name": "Benchmarking",
      "batch_id": "00530",
      "date": "77-11",
      "initial_count": 0,
      "filtered_count": 0,
      "final_count": 0,
      "duplicate_count": 0,
      "terms": {
        "Benchmarking": 0
      },
      "file_paths": {
        "base_folder": "crData/Benchmarking_2088/Benchmarking_77-11_00530",
        "term_results_folder": "crData/Benchmarking_2088/Benchmarking_77-11_00530/term_results",
        "merged": "crData/Benchmarking_2088/Benchmarking_77-11_00530/merged_results.json",
        "filtered": "crData/Benchmarking_2088/Benchmarking_77-11_00530/filtered_results.json",
        "final": "crData/Benchmarking_2088/Benchmarking_77-11_00530/final_results.json",
        "statistics": "crData/Benchmarking_2088/Benchmarking_77-11_00530/statistics_results.json"
      },
      "processing_time": 2.2847201824188232,
      "total_crossref": 33808,
      "crossref_percentage": 0.0
    },
    "77-12": {
      "tool_name": "Benchmarking",
      "batch_id": "00568",
      "date": "77-12",
      "initial_count": 0,
      "filtered_count": 0,
      "final_count": 0,
      "duplicate_count": 0,
      "terms": {
        "Benchmarking": 0
      },
      "file_paths": {
        "base_folder": "crData/Benchmarking_2088/Benchmarking_77-12_00568",
        "term_results_folder": "crData/Benchmarking_2088/Benchmarking_77-12_00568/term_results",
        "merged": "crData/Benchmarking_2088/Benchmarking_77-12_00568/merged_results.json",
        "filtered": "crData/Benchmarking_2088/Benchmarking_77-12_00568/filtered_results.json",
        "final": "crData/Benchmarking_2088/Benchmarking_77-12_00568/final_results.json",
        "statistics": "crData/Benchmarking_2088/Benchmarking_77-12_00568/statistics_results.json"
      },
      "processing_time": 1.4656531810760498,
      "total_crossref": 61725,
      "crossref_percentage": 0.0
    }
  },
  "total_duplicates": 0,
  "monthly_files": {
    "77-01": {
      "base_folder": "crData/Benchmarking_2088/Benchmarking_77-01_00185",
      "term_results_folder": "crData/Benchmarking_2088/Benchmarking_77-01_00185/term_results",
      "merged": "crData/Benchmarking_2088/Benchmarking_77-01_00185/merged_results.json",
      "filtered": "crData/Benchmarking_2088/Benchmarking_77-01_00185/filtered_results.json",
      "final": "crData/Benchmarking_2088/Benchmarking_77-01_00185/final_results.json",
      "statistics": "crData/Benchmarking_2088/Benchmarking_77-01_00185/statistics_results.json"
    },
    "77-02": {
      "base_folder": "crData/Benchmarking_2088/Benchmarking_77-02_00211",
      "term_results_folder": "crData/Benchmarking_2088/Benchmarking_77-02_00211/term_results",
      "merged": "crData/Benchmarking_2088/Benchmarking_77-02_00211/merged_results.json",
      "filtered": "crData/Benchmarking_2088/Benchmarking_77-02_00211/filtered_results.json",
      "final": "crData/Benchmarking_2088/Benchmarking_77-02_00211/final_results.json",
      "statistics": "crData/Benchmarking_2088/Benchmarking_77-02_00211/statistics_results.json"
    },
    "77-03": {
      "base_folder": "crData/Benchmarking_2088/Benchmarking_77-03_00243",
      "term_results_folder": "crData/Benchmarking_2088/Benchmarking_77-03_00243/term_results",
      "merged": "crData/Benchmarking_2088/Benchmarking_77-03_00243/merged_results.json",
      "filtered": "crData/Benchmarking_2088/Benchmarking_77-03_00243/filtered_results.json",
      "final": "crData/Benchmarking_2088/Benchmarking_77-03_00243/final_results.json",
      "statistics": "crData/Benchmarking_2088/Benchmarking_77-03_00243/statistics_results.json"
    },
    "77-04": {
      "base_folder": "crData/Benchmarking_2088/Benchmarking_77-04_00280",
      "term_results_folder": "crData/Benchmarking_2088/Benchmarking_77-04_00280/term_results",
      "merged": "crData/Benchmarking_2088/Benchmarking_77-04_00280/merged_results.json",
      "filtered": "crData/Benchmarking_2088/Benchmarking_77-04_00280/filtered_results.json",
      "final": "crData/Benchmarking_2088/Benchmarking_77-04_00280/final_results.json",
      "statistics": "crData/Benchmarking_2088/Benchmarking_77-04_00280/statistics_results.json"
    },
    "77-05": {
      "base_folder": "crData/Benchmarking_2088/Benchmarking_77-05_00320",
      "term_results_folder": "crData/Benchmarking_2088/Benchmarking_77-05_00320/term_results",
      "merged": "crData/Benchmarking_2088/Benchmarking_77-05_00320/merged_results.json",
      "filtered": "crData/Benchmarking_2088/Benchmarking_77-05_00320/filtered_results.json",
      "final": "crData/Benchmarking_2088/Benchmarking_77-05_00320/final_results.json",
      "statistics": "crData/Benchmarking_2088/Benchmarking_77-05_00320/statistics_results.json"
    },
    "77-06": {
      "base_folder": "crData/Benchmarking_2088/Benchmarking_77-06_00354",
      "term_results_folder": "crData/Benchmarking_2088/Benchmarking_77-06_00354/term_results",
      "merged": "crData/Benchmarking_2088/Benchmarking_77-06_00354/merged_results.json",
      "filtered": "crData/Benchmarking_2088/Benchmarking_77-06_00354/filtered_results.json",
      "final": "crData/Benchmarking_2088/Benchmarking_77-06_00354/final_results.json",
      "statistics": "crData/Benchmarking_2088/Benchmarking_77-06_00354/statistics_results.json"
    },
    "77-07": {
      "base_folder": "crData/Benchmarking_2088/Benchmarking_77-07_00386",
      "term_results_folder": "crData/Benchmarking_2088/Benchmarking_77-07_00386/term_results",
      "merged": "crData/Benchmarking_2088/Benchmarking_77-07_00386/merged_results.json",
      "filtered": "crData/Benchmarking_2088/Benchmarking_77-07_00386/filtered_results.json",
      "final": "crData/Benchmarking_2088/Benchmarking_77-07_00386/final_results.json",
      "statistics": "crData/Benchmarking_2088/Benchmarking_77-07_00386/statistics_results.json"
    },
    "77-08": {
      "base_folder": "crData/Benchmarking_2088/Benchmarking_77-08_00418",
      "term_results_folder": "crData/Benchmarking_2088/Benchmarking_77-08_00418/term_results",
      "merged": "crData/Benchmarking_2088/Benchmarking_77-08_00418/merged_results.json",
      "filtered": "crData/Benchmarking_2088/Benchmarking_77-08_00418/filtered_results.json",
      "final": "crData/Benchmarking_2088/Benchmarking_77-08_00418/final_results.json",
      "statistics": "crData/Benchmarking_2088/Benchmarking_77-08_00418/statistics_results.json"
    },
    "77-09": {
      "base_folder": "crData/Benchmarking_2088/Benchmarking_77-09_00465",
      "term_results_folder": "crData/Benchmarking_2088/Benchmarking_77-09_00465/term_results",
      "merged": "crData/Benchmarking_2088/Benchmarking_77-09_00465/merged_results.json",
      "filtered": "crData/Benchmarking_2088/Benchmarking_77-09_00465/filtered_results.json",
      "final": "crData/Benchmarking_2088/Benchmarking_77-09_00465/final_results.json",
      "statistics": "crData/Benchmarking_2088/Benchmarking_77-09_00465/statistics_results.json"
    },
    "77-10": {
      "base_folder": "crData/Benchmarking_2088/Benchmarking_77-10_00503",
      "term_results_folder": "crData/Benchmarking_2088/Benchmarking_77-10_00503/term_results",
      "merged": "crData/Benchmarking_2088/Benchmarking_77-10_00503/merged_results.json",
      "filtered": "crData/Benchmarking_2088/Benchmarking_77-10_00503/filtered_results.json",
      "final": "crData/Benchmarking_2088/Benchmarking_77-10_00503/final_results.json",
      "statistics": "crData/Benchmarking_2088/Benchmarking_77-10_00503/statistics_results.json"
    },
    "77-11": {
      "base_folder": "crData/Benchmarking_2088/Benchmarking_77-11_00530",
      "term_results_folder": "crData/Benchmarking_2088/Benchmarking_77-11_00530/term_results",
      "merged": "crData/Benchmarking_2088/Benchmarking_77-11_00530/merged_results.json",
      "filtered": "crData/Benchmarking_2088/Benchmarking_77-11_00530/filtered_results.json",
      "final": "crData/Benchmarking_2088/Benchmarking_77-11_00530/final_results.json",
      "statistics": "crData/Benchmarking_2088/Benchmarking_77-11_00530/statistics_results.json"
    },
    "77-12": {
      "base_folder": "crData/Benchmarking_2088/Benchmarking_77-12_00568",
      "term_results_folder": "crData/Benchmarking_2088/Benchmarking_77-12_00568/term_results",
      "merged": "crData/Benchmarking_2088/Benchmarking_77-12_00568/merged_results.json",
      "filtered": "crData/Benchmarking_2088/Benchmarking_77-12_00568/filtered_results.json",
      "final": "crData/Benchmarking_2088/Benchmarking_77-12_00568/final_results.json",
      "statistics": "crData/Benchmarking_2088/Benchmarking_77-12_00568/statistics_results.json"
    }
  }
}