{
  "tool_name": "Benchmarking",
  "year": "1978",
  "monthly_stats": {
    "78-01": {
      "tool_name": "Benchmarking",
      "batch_id": "01028",
      "date": "78-01",
      "initial_count": 0,
      "filtered_count": 0,
      "final_count": 0,
      "duplicate_count": 0,
      "terms": {
        "Benchmarking": 0
      },
      "file_paths": {
        "base_folder": "crData/Benchmarking_2088/Benchmarking_78-01_01028",
        "term_results_folder": "crData/Benchmarking_2088/Benchmarking_78-01_01028/term_results",
        "merged": "crData/Benchmarking_2088/Benchmarking_78-01_01028/merged_results.json",
        "filtered": "crData/Benchmarking_2088/Benchmarking_78-01_01028/filtered_results.json",
        "final": "crData/Benchmarking_2088/Benchmarking_78-01_01028/final_results.json",
        "statistics": "crData/Benchmarking_2088/Benchmarking_78-01_01028/statistics_results.json"
      },
      "processing_time": 2.7080578804016113,
      "total_crossref": 229358,
      "crossref_percentage": 0.0
    },
    "78-02": {
      "tool_name": "Benchmarking",
      "batch_id": "01070",
      "date": "78-02",
      "initial_count": 0,
      "filtered_count": 0,
      "final_count": 0,
      "duplicate_count": 0,
      "terms": {
        "Benchmarking": 0
      },
      "file_paths": {
        "base_folder": "crData/Benchmarking_2088/Benchmarking_78-02_01070",
        "term_results_folder": "crData/Benchmarking_2088/Benchmarking_78-02_01070/term_results",
        "merged": "crData/Benchmarking_2088/Benchmarking_78-02_01070/merged_results.json",
        "filtered": "crData/Benchmarking_2088/Benchmarking_78-02_01070/filtered_results.json",
        "final": "crData/Benchmarking_2088/Benchmarking_78-02_01070/final_results.json",
        "statistics": "crData/Benchmarking_2088/Benchmarking_78-02_01070/statistics_results.json"
      },
      "processing_time": 1.7936058044433594,
      "total_crossref": 34442,
      "crossref_percentage": 0.0
    },
    "78-03": {
      "tool_name": "Benchmarking",
      "batch_id": "01103",
      "date": "78-03",
      "initial_count": 0,
      "filtered_count": 0,
      "final_count": 0,
      "duplicate_count": 0,
      "terms": {
        "Benchmarking": 0
      },
      "file_paths": {
        "base_folder": "crData/Benchmarking_2088/Benchmarking_78-03_01103",
        "term_results_folder": "crData/Benchmarking_2088/Benchmarking_78-03_01103/term_results",
        "merged": "crData/Benchmarking_2088/Benchmarking_78-03_01103/merged_results.json",
        "filtered": "crData/Benchmarking_2088/Benchmarking_78-03_01103/filtered_results.json",
        "final": "crData/Benchmarking_2088/Benchmarking_78-03_01103/final_results.json",
        "statistics": "crData/Benchmarking_2088/Benchmarking_78-03_01103/statistics_results.json"
      },
      "processing_time": 1.01680326461792,
      "total_crossref": 43036,
      "crossref_percentage": 0.0
    },
    "78-04": {
      "tool_name": "Benchmarking",
      "batch_id": "01129",
      "date": "78-04",
      "initial_count": 0,
      "filtered_count": 0,
      "final_count": 0,
      "duplicate_count": 0,
      "terms": {
        "Benchmarking": 0
      },
      "file_paths": {
        "base_folder": "crData/Benchmarking_2088/Benchmarking_78-04_01129",
        "term_results_folder": "crData/Benchmarking_2088/Benchmarking_78-04_01129/term_results",
        "merged": "crData/Benchmarking_2088/Benchmarking_78-04_01129/merged_results.json",
        "filtered": "crData/Benchmarking_2088/Benchmarking_78-04_01129/filtered_results.json",
        "final": "crData/Benchmarking_2088/Benchmarking_78-04_01129/final_results.json",
        "statistics": "crData/Benchmarking_2088/Benchmarking_78-04_01129/statistics_results.json"
      },
      "processing_time": 1.9721789360046387,
      "total_crossref": 39993,
      "crossref_percentage": 0.0
    },
    "78-05": {
      "tool_name": "Benchmarking",
      "batch_id": "01163",
      "date": "78-05",
      "initial_count": 0,
      "filtered_count": 0,
      "final_count": 0,
      "duplicate_count": 0,
      "terms": {
        "Benchmarking": 0
      },
      "file_paths": {
        "base_folder": "crData/Benchmarking_2088/Benchmarking_78-05_01163",
        "term_results_folder": "crData/Benchmarking_2088/Benchmarking_78-05_01163/term_results",
        "merged": "crData/Benchmarking_2088/Benchmarking_78-05_01163/merged_results.json",
        "filtered": "crData/Benchmarking_2088/Benchmarking_78-05_01163/filtered_results.json",
        "final": "crData/Benchmarking_2088/Benchmarking_78-05_01163/final_results.json",
        "statistics": "crData/Benchmarking_2088/Benchmarking_78-05_01163/statistics_results.json"
      },
      "processing_time": 1.2817223072052002,
      "total_crossref": 36117,
      "crossref_percentage": 0.0
    },
    "78-06": {
      "tool_name": "Benchmarking",
      "batch_id": "01191",
      "date": "78-06",
      "initial_count": 0,
      "filtered_count": 0,
      "final_count": 0,
      "duplicate_count": 0,
      "terms": {
        "Benchmarking": 0
      },
      "file_paths": {
        "base_folder": "crData/Benchmarking_2088/Benchmarking_78-06_01191",
        "term_results_folder": "crData/Benchmarking_2088/Benchmarking_78-06_01191/term_results",
        "merged": "crData/Benchmarking_2088/Benchmarking_78-06_01191/merged_results.json",
        "filtered": "crData/Benchmarking_2088/Benchmarking_78-06_01191/filtered_results.json",
        "final": "crData/Benchmarking_2088/Benchmarking_78-06_01191/final_results.json",
        "statistics": "crData/Benchmarking_2088/Benchmarking_78-06_01191/statistics_results.json"
      },
      "processing_time": 2.2922251224517822,
      "total_crossref": 41136,
      "crossref_percentage": 0.0
    },
    "78-07": {
      "tool_name": "Benchmarking",
      "batch_id": "01229",
      "date": "78-07",
      "initial_count": 0,
      "filtered_count": 0,
      "final_count": 0,
      "duplicate_count": 0,
      "terms": {
        "Benchmarking": 0
      },
      "file_paths": {
        "base_folder": "crData/Benchmarking_2088/Benchmarking_78-07_01229",
        "term_results_folder": "crData/Benchmarking_2088/Benchmarking_78-07_01229/term_results",
        "merged": "crData/Benchmarking_2088/Benchmarking_78-07_01229/merged_results.json",
        "filtered": "crData/Benchmarking_2088/Benchmarking_78-07_01229/filtered_results.json",
        "final": "crData/Benchmarking_2088/Benchmarking_78-07_01229/final_results.json",
        "statistics": "crData/Benchmarking_2088/Benchmarking_78-07_01229/statistics_results.json"
      },
      "processing_time": 1.4451889991760254,
      "total_crossref": 36984,
      "crossref_percentage": 0.0
    },
    "78-08": {
      "tool_name": "Benchmarking",
      "batch_id": "01259",
      "date": "78-08",
      "initial_count": 0,
      "filtered_count": 0,
      "final_count": 0,
      "duplicate_count": 0,
      "terms": {
        "Benchmarking": 0
      },
      "file_paths": {
        "base_folder": "crData/Benchmarking_2088/Benchmarking_78-08_01259",
        "term_results_folder": "crData/Benchmarking_2088/Benchmarking_78-08_01259/term_results",
        "merged": "crData/Benchmarking_2088/Benchmarking_78-08_01259/merged_results.json",
        "filtered": "crData/Benchmarking_2088/Benchmarking_78-08_01259/filtered_results.json",
        "final": "crData/Benchmarking_2088/Benchmarking_78-08_01259/final_results.json",
        "statistics": "crData/Benchmarking_2088/Benchmarking_78-08_01259/statistics_results.json"
      },
      "processing_time": 2.486985921859741,
      "total_crossref": 32231,
      "crossref_percentage": 0.0
    },
    "78-09": {
      "tool_name": "Benchmarking",
      "batch_id": "01299",
      "date": "78-09",
      "initial_count": 0,
      "filtered_count": 0,
      "final_count": 0,
      "duplicate_count": 0,
      "terms": {
        "Benchmarking": 0
      },
      "file_paths": {
        "base_folder": "crData/Benchmarking_2088/Benchmarking_78-09_01299",
        "term_results_folder": "crData/Benchmarking_2088/Benchmarking_78-09_01299/term_results",
        "merged": "crData/Benchmarking_2088/Benchmarking_78-09_01299/merged_results.json",
        "filtered": "crData/Benchmarking_2088/Benchmarking_78-09_01299/filtered_results.json",
        "final": "crData/Benchmarking_2088/Benchmarking_78-09_01299/final_results.json",
        "statistics": "crData/Benchmarking_2088/Benchmarking_78-09_01299/statistics_results.json"
      },
      "processing_time": 1.6751632690429688,
      "total_crossref": 42672,
      "crossref_percentage": 0.0
    },
    "78-10": {
      "tool_name": "Benchmarking",
      "batch_id": "01331",
      "date": "78-10",
      "initial_count": 0,
      "filtered_count": 0,
      "final_count": 0,
      "duplicate_count": 0,
      "terms": {
        "Benchmarking": 0
      },
      "file_paths": {
        "base_folder": "crData/Benchmarking_2088/Benchmarking_78-10_01331",
        "term_results_folder": "crData/Benchmarking_2088/Benchmarking_78-10_01331/term_results",
        "merged": "crData/Benchmarking_2088/Benchmarking_78-10_01331/merged_results.json",
        "filtered": "crData/Benchmarking_2088/Benchmarking_78-10_01331/filtered_results.json",
        "final": "crData/Benchmarking_2088/Benchmarking_78-10_01331/final_results.json",
        "statistics": "crData/Benchmarking_2088/Benchmarking_78-10_01331/statistics_results.json"
      },
      "processing_time": 1.626535177230835,
      "total_crossref": 40093,
      "crossref_percentage": 0.0
    },
    "78-11": {
      "tool_name": "Benchmarking",
      "batch_id": "01362",
      "date": "78-11",
      "initial_count": 0,
      "filtered_count": 0,
      "final_count": 0,
      "duplicate_count": 0,
      "terms": {
        "Benchmarking": 0
      },
      "file_paths": {
        "base_folder": "crData/Benchmarking_2088/Benchmarking_78-11_01362",
        "term_results_folder": "crData/Benchmarking_2088/Benchmarking_78-11_01362/term_results",
        "merged": "crData/Benchmarking_2088/Benchmarking_78-11_01362/merged_results.json",
        "filtered": "crData/Benchmarking_2088/Benchmarking_78-11_01362/filtered_results.json",
        "final": "crData/Benchmarking_2088/Benchmarking_78-11_01362/final_results.json",
        "statistics": "crData/Benchmarking_2088/Benchmarking_78-11_01362/statistics_results.json"
      },
      "processing_time": 1.578700065612793,
      "total_crossref": 35400,
      "crossref_percentage": 0.0
    },
    "78-12": {
      "tool_name": "Benchmarking",
      "batch_id": "01393",
      "date": "78-12",
      "initial_count": 1,
      "filtered_count": 1,
      "final_count": 1,
      "duplicate_count": 0,
      "terms": {
        "Benchmarking": 1
      },
      "file_paths": {
        "base_folder": "crData/Benchmarking_2088/Benchmarking_78-12_01393",
        "term_results_folder": "crData/Benchmarking_2088/Benchmarking_78-12_01393/term_results",
        "merged": "crData/Benchmarking_2088/Benchmarking_78-12_01393/merged_results.json",
        "filtered": "crData/Benchmarking_2088/Benchmarking_78-12_01393/filtered_results.json",
        "final": "crData/Benchmarking_2088/Benchmarking_78-12_01393/final_results.json",
        "statistics": "crData/Benchmarking_2088/Benchmarking_78-12_01393/statistics_results.json"
      },
      "processing_time": 1.6869628429412842,
      "total_crossref": 62920,
      "crossref_percentage": 0.001589319771137953
    }
  },
  "total_duplicates": 0,
  "monthly_files": {
    "78-01": {
      "base_folder": "crData/Benchmarking_2088/Benchmarking_78-01_01028",
      "term_results_folder": "crData/Benchmarking_2088/Benchmarking_78-01_01028/term_results",
      "merged": "crData/Benchmarking_2088/Benchmarking_78-01_01028/merged_results.json",
      "filtered": "crData/Benchmarking_2088/Benchmarking_78-01_01028/filtered_results.json",
      "final": "crData/Benchmarking_2088/Benchmarking_78-01_01028/final_results.json",
      "statistics": "crData/Benchmarking_2088/Benchmarking_78-01_01028/statistics_results.json"
    },
    "78-02": {
      "base_folder": "crData/Benchmarking_2088/Benchmarking_78-02_01070",
      "term_results_folder": "crData/Benchmarking_2088/Benchmarking_78-02_01070/term_results",
      "merged": "crData/Benchmarking_2088/Benchmarking_78-02_01070/merged_results.json",
      "filtered": "crData/Benchmarking_2088/Benchmarking_78-02_01070/filtered_results.json",
      "final": "crData/Benchmarking_2088/Benchmarking_78-02_01070/final_results.json",
      "statistics": "crData/Benchmarking_2088/Benchmarking_78-02_01070/statistics_results.json"
    },
    "78-03": {
      "base_folder": "crData/Benchmarking_2088/Benchmarking_78-03_01103",
      "term_results_folder": "crData/Benchmarking_2088/Benchmarking_78-03_01103/term_results",
      "merged": "crData/Benchmarking_2088/Benchmarking_78-03_01103/merged_results.json",
      "filtered": "crData/Benchmarking_2088/Benchmarking_78-03_01103/filtered_results.json",
      "final": "crData/Benchmarking_2088/Benchmarking_78-03_01103/final_results.json",
      "statistics": "crData/Benchmarking_2088/Benchmarking_78-03_01103/statistics_results.json"
    },
    "78-04": {
      "base_folder": "crData/Benchmarking_2088/Benchmarking_78-04_01129",
      "term_results_folder": "crData/Benchmarking_2088/Benchmarking_78-04_01129/term_results",
      "merged": "crData/Benchmarking_2088/Benchmarking_78-04_01129/merged_results.json",
      "filtered": "crData/Benchmarking_2088/Benchmarking_78-04_01129/filtered_results.json",
      "final": "crData/Benchmarking_2088/Benchmarking_78-04_01129/final_results.json",
      "statistics": "crData/Benchmarking_2088/Benchmarking_78-04_01129/statistics_results.json"
    },
    "78-05": {
      "base_folder": "crData/Benchmarking_2088/Benchmarking_78-05_01163",
      "term_results_folder": "crData/Benchmarking_2088/Benchmarking_78-05_01163/term_results",
      "merged": "crData/Benchmarking_2088/Benchmarking_78-05_01163/merged_results.json",
      "filtered": "crData/Benchmarking_2088/Benchmarking_78-05_01163/filtered_results.json",
      "final": "crData/Benchmarking_2088/Benchmarking_78-05_01163/final_results.json",
      "statistics": "crData/Benchmarking_2088/Benchmarking_78-05_01163/statistics_results.json"
    },
    "78-06": {
      "base_folder": "crData/Benchmarking_2088/Benchmarking_78-06_01191",
      "term_results_folder": "crData/Benchmarking_2088/Benchmarking_78-06_01191/term_results",
      "merged": "crData/Benchmarking_2088/Benchmarking_78-06_01191/merged_results.json",
      "filtered": "crData/Benchmarking_2088/Benchmarking_78-06_01191/filtered_results.json",
      "final": "crData/Benchmarking_2088/Benchmarking_78-06_01191/final_results.json",
      "statistics": "crData/Benchmarking_2088/Benchmarking_78-06_01191/statistics_results.json"
    },
    "78-07": {
      "base_folder": "crData/Benchmarking_2088/Benchmarking_78-07_01229",
      "term_results_folder": "crData/Benchmarking_2088/Benchmarking_78-07_01229/term_results",
      "merged": "crData/Benchmarking_2088/Benchmarking_78-07_01229/merged_results.json",
      "filtered": "crData/Benchmarking_2088/Benchmarking_78-07_01229/filtered_results.json",
      "final": "crData/Benchmarking_2088/Benchmarking_78-07_01229/final_results.json",
      "statistics": "crData/Benchmarking_2088/Benchmarking_78-07_01229/statistics_results.json"
    },
    "78-08": {
      "base_folder": "crData/Benchmarking_2088/Benchmarking_78-08_01259",
      "term_results_folder": "crData/Benchmarking_2088/Benchmarking_78-08_01259/term_results",
      "merged": "crData/Benchmarking_2088/Benchmarking_78-08_01259/merged_results.json",
      "filtered": "crData/Benchmarking_2088/Benchmarking_78-08_01259/filtered_results.json",
      "final": "crData/Benchmarking_2088/Benchmarking_78-08_01259/final_results.json",
      "statistics": "crData/Benchmarking_2088/Benchmarking_78-08_01259/statistics_results.json"
    },
    "78-09": {
      "base_folder": "crData/Benchmarking_2088/Benchmarking_78-09_01299",
      "term_results_folder": "crData/Benchmarking_2088/Benchmarking_78-09_01299/term_results",
      "merged": "crData/Benchmarking_2088/Benchmarking_78-09_01299/merged_results.json",
      "filtered": "crData/Benchmarking_2088/Benchmarking_78-09_01299/filtered_results.json",
      "final": "crData/Benchmarking_2088/Benchmarking_78-09_01299/final_results.json",
      "statistics": "crData/Benchmarking_2088/Benchmarking_78-09_01299/statistics_results.json"
    },
    "78-10": {
      "base_folder": "crData/Benchmarking_2088/Benchmarking_78-10_01331",
      "term_results_folder": "crData/Benchmarking_2088/Benchmarking_78-10_01331/term_results",
      "merged": "crData/Benchmarking_2088/Benchmarking_78-10_01331/merged_results.json",
      "filtered": "crData/Benchmarking_2088/Benchmarking_78-10_01331/filtered_results.json",
      "final": "crData/Benchmarking_2088/Benchmarking_78-10_01331/final_results.json",
      "statistics": "crData/Benchmarking_2088/Benchmarking_78-10_01331/statistics_results.json"
    },
    "78-11": {
      "base_folder": "crData/Benchmarking_2088/Benchmarking_78-11_01362",
      "term_results_folder": "crData/Benchmarking_2088/Benchmarking_78-11_01362/term_results",
      "merged": "crData/Benchmarking_2088/Benchmarking_78-11_01362/merged_results.json",
      "filtered": "crData/Benchmarking_2088/Benchmarking_78-11_01362/filtered_results.json",
      "final": "crData/Benchmarking_2088/Benchmarking_78-11_01362/final_results.json",
      "statistics": "crData/Benchmarking_2088/Benchmarking_78-11_01362/statistics_results.json"
    },
    "78-12": {
      "base_folder": "crData/Benchmarking_2088/Benchmarking_78-12_01393",
      "term_results_folder": "crData/Benchmarking_2088/Benchmarking_78-12_01393/term_results",
      "merged": "crData/Benchmarking_2088/Benchmarking_78-12_01393/merged_results.json",
      "filtered": "crData/Benchmarking_2088/Benchmarking_78-12_01393/filtered_results.json",
      "final": "crData/Benchmarking_2088/Benchmarking_78-12_01393/final_results.json",
      "statistics": "crData/Benchmarking_2088/Benchmarking_78-12_01393/statistics_results.json"
    }
  }
}