{
  "tool_name": "Benchmarking",
  "year": "2022",
  "monthly_stats": {
    "22-01": {
      "tool_name": "Benchmarking",
      "batch_id": "42106",
      "date": "22-01",
      "initial_count": 499,
      "filtered_count": 361,
      "final_count": 361,
      "duplicate_count": 0,
      "terms": {
        "Benchmarking": 499
      },
      "file_paths": {
        "base_folder": "crData/Benchmarking_2088/Benchmarking_22-01_42106",
        "term_results_folder": "crData/Benchmarking_2088/Benchmarking_22-01_42106/term_results",
        "merged": "crData/Benchmarking_2088/Benchmarking_22-01_42106/merged_results.json",
        "filtered": "crData/Benchmarking_2088/Benchmarking_22-01_42106/filtered_results.json",
        "final": "crData/Benchmarking_2088/Benchmarking_22-01_42106/final_results.json",
        "statistics": "crData/Benchmarking_2088/Benchmarking_22-01_42106/statistics_results.json"
      },
      "processing_time": 3.841252088546753,
      "total_crossref": 1790409,
      "crossref_percentage": 0.020162990690953855
    },
    "22-02": {
      "tool_name": "Benchmarking",
      "batch_id": "42159",
      "date": "22-02",
      "initial_count": 87,
      "filtered_count": 79,
      "final_count": 79,
      "duplicate_count": 0,
      "terms": {
        "Benchmarking": 87
      },
      "file_paths": {
        "base_folder": "crData/Benchmarking_2088/Benchmarking_22-02_42159",
        "term_results_folder": "crData/Benchmarking_2088/Benchmarking_22-02_42159/term_results",
        "merged": "crData/Benchmarking_2088/Benchmarking_22-02_42159/merged_results.json",
        "filtered": "crData/Benchmarking_2088/Benchmarking_22-02_42159/filtered_results.json",
        "final": "crData/Benchmarking_2088/Benchmarking_22-02_42159/final_results.json",
        "statistics": "crData/Benchmarking_2088/Benchmarking_22-02_42159/statistics_results.json"
      },
      "processing_time": 2.668966054916382,
      "total_crossref": 419171,
      "crossref_percentage": 0.01884672365216105
    },
    "22-03": {
      "tool_name": "Benchmarking",
      "batch_id": "42201",
      "date": "22-03",
      "initial_count": 143,
      "filtered_count": 122,
      "final_count": 122,
      "duplicate_count": 0,
      "terms": {
        "Benchmarking": 143
      },
      "file_paths": {
        "base_folder": "crData/Benchmarking_2088/Benchmarking_22-03_42201",
        "term_results_folder": "crData/Benchmarking_2088/Benchmarking_22-03_42201/term_results",
        "merged": "crData/Benchmarking_2088/Benchmarking_22-03_42201/merged_results.json",
        "filtered": "crData/Benchmarking_2088/Benchmarking_22-03_42201/filtered_results.json",
        "final": "crData/Benchmarking_2088/Benchmarking_22-03_42201/final_results.json",
        "statistics": "crData/Benchmarking_2088/Benchmarking_22-03_42201/statistics_results.json"
      },
      "processing_time": 5.20332407951355,
      "total_crossref": 904663,
      "crossref_percentage": 0.01348568472458805
    },
    "22-04": {
      "tool_name": "Benchmarking",
      "batch_id": "42268",
      "date": "22-04",
      "initial_count": 127,
      "filtered_count": 108,
      "final_count": 108,
      "duplicate_count": 0,
      "terms": {
        "Benchmarking": 127
      },
      "file_paths": {
        "base_folder": "crData/Benchmarking_2088/Benchmarking_22-04_42268",
        "term_results_folder": "crData/Benchmarking_2088/Benchmarking_22-04_42268/term_results",
        "merged": "crData/Benchmarking_2088/Benchmarking_22-04_42268/merged_results.json",
        "filtered": "crData/Benchmarking_2088/Benchmarking_22-04_42268/filtered_results.json",
        "final": "crData/Benchmarking_2088/Benchmarking_22-04_42268/final_results.json",
        "statistics": "crData/Benchmarking_2088/Benchmarking_22-04_42268/statistics_results.json"
      },
      "processing_time": 4.180140018463135,
      "total_crossref": 481416,
      "crossref_percentage": 0.022433820230320554
    },
    "22-05": {
      "tool_name": "Benchmarking",
      "batch_id": "42325",
      "date": "22-05",
      "initial_count": 166,
      "filtered_count": 123,
      "final_count": 123,
      "duplicate_count": 0,
      "terms": {
        "Benchmarking": 166
      },
      "file_paths": {
        "base_folder": "crData/Benchmarking_2088/Benchmarking_22-05_42325",
        "term_results_folder": "crData/Benchmarking_2088/Benchmarking_22-05_42325/term_results",
        "merged": "crData/Benchmarking_2088/Benchmarking_22-05_42325/merged_results.json",
        "filtered": "crData/Benchmarking_2088/Benchmarking_22-05_42325/filtered_results.json",
        "final": "crData/Benchmarking_2088/Benchmarking_22-05_42325/final_results.json",
        "statistics": "crData/Benchmarking_2088/Benchmarking_22-05_42325/statistics_results.json"
      },
      "processing_time": 2.971437692642212,
      "total_crossref": 505031,
      "crossref_percentage": 0.0243549405878055
    },
    "22-06": {
      "tool_name": "Benchmarking",
      "batch_id": "42370",
      "date": "22-06",
      "initial_count": 162,
      "filtered_count": 132,
      "final_count": 132,
      "duplicate_count": 0,
      "terms": {
        "Benchmarking": 162
      },
      "file_paths": {
        "base_folder": "crData/Benchmarking_2088/Benchmarking_22-06_42370",
        "term_results_folder": "crData/Benchmarking_2088/Benchmarking_22-06_42370/term_results",
        "merged": "crData/Benchmarking_2088/Benchmarking_22-06_42370/merged_results.json",
        "filtered": "crData/Benchmarking_2088/Benchmarking_22-06_42370/filtered_results.json",
        "final": "crData/Benchmarking_2088/Benchmarking_22-06_42370/final_results.json",
        "statistics": "crData/Benchmarking_2088/Benchmarking_22-06_42370/statistics_results.json"
      },
      "processing_time": 3.5824732780456543,
      "total_crossref": 603276,
      "crossref_percentage": 0.021880532293676525
    },
    "22-07": {
      "tool_name": "Benchmarking",
      "batch_id": "42421",
      "date": "22-07",
      "initial_count": 150,
      "filtered_count": 130,
      "final_count": 130,
      "duplicate_count": 0,
      "terms": {
        "Benchmarking": 150
      },
      "file_paths": {
        "base_folder": "crData/Benchmarking_2088/Benchmarking_22-07_42421",
        "term_results_folder": "crData/Benchmarking_2088/Benchmarking_22-07_42421/term_results",
        "merged": "crData/Benchmarking_2088/Benchmarking_22-07_42421/merged_results.json",
        "filtered": "crData/Benchmarking_2088/Benchmarking_22-07_42421/filtered_results.json",
        "final": "crData/Benchmarking_2088/Benchmarking_22-07_42421/final_results.json",
        "statistics": "crData/Benchmarking_2088/Benchmarking_22-07_42421/statistics_results.json"
      },
      "processing_time": 3.215008020401001,
      "total_crossref": 498533,
      "crossref_percentage": 0.0260765084758682
    },
    "22-08": {
      "tool_name": "Benchmarking",
      "batch_id": "42468",
      "date": "22-08",
      "initial_count": 119,
      "filtered_count": 98,
      "final_count": 98,
      "duplicate_count": 0,
      "terms": {
        "Benchmarking": 120
      },
      "file_paths": {
        "base_folder": "crData/Benchmarking_2088/Benchmarking_22-08_42468",
        "term_results_folder": "crData/Benchmarking_2088/Benchmarking_22-08_42468/term_results",
        "merged": "crData/Benchmarking_2088/Benchmarking_22-08_42468/merged_results.json",
        "filtered": "crData/Benchmarking_2088/Benchmarking_22-08_42468/filtered_results.json",
        "final": "crData/Benchmarking_2088/Benchmarking_22-08_42468/final_results.json",
        "statistics": "crData/Benchmarking_2088/Benchmarking_22-08_42468/statistics_results.json"
      },
      "processing_time": 3.7831928730010986,
      "total_crossref": 485221,
      "crossref_percentage": 0.020196982405955223
    },
    "22-09": {
      "tool_name": "Benchmarking",
      "batch_id": "42522",
      "date": "22-09",
      "initial_count": 163,
      "filtered_count": 138,
      "final_count": 138,
      "duplicate_count": 0,
      "terms": {
        "Benchmarking": 163
      },
      "file_paths": {
        "base_folder": "crData/Benchmarking_2088/Benchmarking_22-09_42522",
        "term_results_folder": "crData/Benchmarking_2088/Benchmarking_22-09_42522/term_results",
        "merged": "crData/Benchmarking_2088/Benchmarking_22-09_42522/merged_results.json",
        "filtered": "crData/Benchmarking_2088/Benchmarking_22-09_42522/filtered_results.json",
        "final": "crData/Benchmarking_2088/Benchmarking_22-09_42522/final_results.json",
        "statistics": "crData/Benchmarking_2088/Benchmarking_22-09_42522/statistics_results.json"
      },
      "processing_time": 3.228381872177124,
      "total_crossref": 555285,
      "crossref_percentage": 0.02485210297414841
    },
    "22-10": {
      "tool_name": "Benchmarking",
      "batch_id": "42569",
      "date": "22-10",
      "initial_count": 111,
      "filtered_count": 106,
      "final_count": 106,
      "duplicate_count": 0,
      "terms": {
        "Benchmarking": 111
      },
      "file_paths": {
        "base_folder": "crData/Benchmarking_2088/Benchmarking_22-10_42569",
        "term_results_folder": "crData/Benchmarking_2088/Benchmarking_22-10_42569/term_results",
        "merged": "crData/Benchmarking_2088/Benchmarking_22-10_42569/merged_results.json",
        "filtered": "crData/Benchmarking_2088/Benchmarking_22-10_42569/filtered_results.json",
        "final": "crData/Benchmarking_2088/Benchmarking_22-10_42569/final_results.json",
        "statistics": "crData/Benchmarking_2088/Benchmarking_22-10_42569/statistics_results.json"
      },
      "processing_time": 3.854564905166626,
      "total_crossref": 539324,
      "crossref_percentage": 0.019654233818632214
    },
    "22-11": {
      "tool_name": "Benchmarking",
      "batch_id": "43023",
      "date": "22-11",
      "initial_count": 150,
      "filtered_count": 111,
      "final_count": 111,
      "duplicate_count": 0,
      "terms": {
        "Benchmarking": 150
      },
      "file_paths": {
        "base_folder": "crData/Benchmarking_2088/Benchmarking_22-11_43023",
        "term_results_folder": "crData/Benchmarking_2088/Benchmarking_22-11_43023/term_results",
        "merged": "crData/Benchmarking_2088/Benchmarking_22-11_43023/merged_results.json",
        "filtered": "crData/Benchmarking_2088/Benchmarking_22-11_43023/filtered_results.json",
        "final": "crData/Benchmarking_2088/Benchmarking_22-11_43023/final_results.json",
        "statistics": "crData/Benchmarking_2088/Benchmarking_22-11_43023/statistics_results.json"
      },
      "processing_time": 5.911699056625366,
      "total_crossref": 569213,
      "crossref_percentage": 0.019500608735218625
    },
    "22-12": {
      "tool_name": "Benchmarking",
      "batch_id": "43097",
      "date": "22-12",
      "initial_count": 145,
      "filtered_count": 129,
      "final_count": 129,
      "duplicate_count": 0,
      "terms": {
        "Benchmarking": 146
      },
      "file_paths": {
        "base_folder": "crData/Benchmarking_2088/Benchmarking_22-12_43097",
        "term_results_folder": "crData/Benchmarking_2088/Benchmarking_22-12_43097/term_results",
        "merged": "crData/Benchmarking_2088/Benchmarking_22-12_43097/merged_results.json",
        "filtered": "crData/Benchmarking_2088/Benchmarking_22-12_43097/filtered_results.json",
        "final": "crData/Benchmarking_2088/Benchmarking_22-12_43097/final_results.json",
        "statistics": "crData/Benchmarking_2088/Benchmarking_22-12_43097/statistics_results.json"
      },
      "processing_time": 2.9253251552581787,
      "total_crossref": 830155,
      "crossref_percentage": 0.015539266763435743
    }
  },
  "total_duplicates": 0,
  "monthly_files": {
    "22-01": {
      "base_folder": "crData/Benchmarking_2088/Benchmarking_22-01_42106",
      "term_results_folder": "crData/Benchmarking_2088/Benchmarking_22-01_42106/term_results",
      "merged": "crData/Benchmarking_2088/Benchmarking_22-01_42106/merged_results.json",
      "filtered": "crData/Benchmarking_2088/Benchmarking_22-01_42106/filtered_results.json",
      "final": "crData/Benchmarking_2088/Benchmarking_22-01_42106/final_results.json",
      "statistics": "crData/Benchmarking_2088/Benchmarking_22-01_42106/statistics_results.json"
    },
    "22-02": {
      "base_folder": "crData/Benchmarking_2088/Benchmarking_22-02_42159",
      "term_results_folder": "crData/Benchmarking_2088/Benchmarking_22-02_42159/term_results",
      "merged": "crData/Benchmarking_2088/Benchmarking_22-02_42159/merged_results.json",
      "filtered": "crData/Benchmarking_2088/Benchmarking_22-02_42159/filtered_results.json",
      "final": "crData/Benchmarking_2088/Benchmarking_22-02_42159/final_results.json",
      "statistics": "crData/Benchmarking_2088/Benchmarking_22-02_42159/statistics_results.json"
    },
    "22-03": {
      "base_folder": "crData/Benchmarking_2088/Benchmarking_22-03_42201",
      "term_results_folder": "crData/Benchmarking_2088/Benchmarking_22-03_42201/term_results",
      "merged": "crData/Benchmarking_2088/Benchmarking_22-03_42201/merged_results.json",
      "filtered": "crData/Benchmarking_2088/Benchmarking_22-03_42201/filtered_results.json",
      "final": "crData/Benchmarking_2088/Benchmarking_22-03_42201/final_results.json",
      "statistics": "crData/Benchmarking_2088/Benchmarking_22-03_42201/statistics_results.json"
    },
    "22-04": {
      "base_folder": "crData/Benchmarking_2088/Benchmarking_22-04_42268",
      "term_results_folder": "crData/Benchmarking_2088/Benchmarking_22-04_42268/term_results",
      "merged": "crData/Benchmarking_2088/Benchmarking_22-04_42268/merged_results.json",
      "filtered": "crData/Benchmarking_2088/Benchmarking_22-04_42268/filtered_results.json",
      "final": "crData/Benchmarking_2088/Benchmarking_22-04_42268/final_results.json",
      "statistics": "crData/Benchmarking_2088/Benchmarking_22-04_42268/statistics_results.json"
    },
    "22-05": {
      "base_folder": "crData/Benchmarking_2088/Benchmarking_22-05_42325",
      "term_results_folder": "crData/Benchmarking_2088/Benchmarking_22-05_42325/term_results",
      "merged": "crData/Benchmarking_2088/Benchmarking_22-05_42325/merged_results.json",
      "filtered": "crData/Benchmarking_2088/Benchmarking_22-05_42325/filtered_results.json",
      "final": "crData/Benchmarking_2088/Benchmarking_22-05_42325/final_results.json",
      "statistics": "crData/Benchmarking_2088/Benchmarking_22-05_42325/statistics_results.json"
    },
    "22-06": {
      "base_folder": "crData/Benchmarking_2088/Benchmarking_22-06_42370",
      "term_results_folder": "crData/Benchmarking_2088/Benchmarking_22-06_42370/term_results",
      "merged": "crData/Benchmarking_2088/Benchmarking_22-06_42370/merged_results.json",
      "filtered": "crData/Benchmarking_2088/Benchmarking_22-06_42370/filtered_results.json",
      "final": "crData/Benchmarking_2088/Benchmarking_22-06_42370/final_results.json",
      "statistics": "crData/Benchmarking_2088/Benchmarking_22-06_42370/statistics_results.json"
    },
    "22-07": {
      "base_folder": "crData/Benchmarking_2088/Benchmarking_22-07_42421",
      "term_results_folder": "crData/Benchmarking_2088/Benchmarking_22-07_42421/term_results",
      "merged": "crData/Benchmarking_2088/Benchmarking_22-07_42421/merged_results.json",
      "filtered": "crData/Benchmarking_2088/Benchmarking_22-07_42421/filtered_results.json",
      "final": "crData/Benchmarking_2088/Benchmarking_22-07_42421/final_results.json",
      "statistics": "crData/Benchmarking_2088/Benchmarking_22-07_42421/statistics_results.json"
    },
    "22-08": {
      "base_folder": "crData/Benchmarking_2088/Benchmarking_22-08_42468",
      "term_results_folder": "crData/Benchmarking_2088/Benchmarking_22-08_42468/term_results",
      "merged": "crData/Benchmarking_2088/Benchmarking_22-08_42468/merged_results.json",
      "filtered": "crData/Benchmarking_2088/Benchmarking_22-08_42468/filtered_results.json",
      "final": "crData/Benchmarking_2088/Benchmarking_22-08_42468/final_results.json",
      "statistics": "crData/Benchmarking_2088/Benchmarking_22-08_42468/statistics_results.json"
    },
    "22-09": {
      "base_folder": "crData/Benchmarking_2088/Benchmarking_22-09_42522",
      "term_results_folder": "crData/Benchmarking_2088/Benchmarking_22-09_42522/term_results",
      "merged": "crData/Benchmarking_2088/Benchmarking_22-09_42522/merged_results.json",
      "filtered": "crData/Benchmarking_2088/Benchmarking_22-09_42522/filtered_results.json",
      "final": "crData/Benchmarking_2088/Benchmarking_22-09_42522/final_results.json",
      "statistics": "crData/Benchmarking_2088/Benchmarking_22-09_42522/statistics_results.json"
    },
    "22-10": {
      "base_folder": "crData/Benchmarking_2088/Benchmarking_22-10_42569",
      "term_results_folder": "crData/Benchmarking_2088/Benchmarking_22-10_42569/term_results",
      "merged": "crData/Benchmarking_2088/Benchmarking_22-10_42569/merged_results.json",
      "filtered": "crData/Benchmarking_2088/Benchmarking_22-10_42569/filtered_results.json",
      "final": "crData/Benchmarking_2088/Benchmarking_22-10_42569/final_results.json",
      "statistics": "crData/Benchmarking_2088/Benchmarking_22-10_42569/statistics_results.json"
    },
    "22-11": {
      "base_folder": "crData/Benchmarking_2088/Benchmarking_22-11_43023",
      "term_results_folder": "crData/Benchmarking_2088/Benchmarking_22-11_43023/term_results",
      "merged": "crData/Benchmarking_2088/Benchmarking_22-11_43023/merged_results.json",
      "filtered": "crData/Benchmarking_2088/Benchmarking_22-11_43023/filtered_results.json",
      "final": "crData/Benchmarking_2088/Benchmarking_22-11_43023/final_results.json",
      "statistics": "crData/Benchmarking_2088/Benchmarking_22-11_43023/statistics_results.json"
    },
    "22-12": {
      "base_folder": "crData/Benchmarking_2088/Benchmarking_22-12_43097",
      "term_results_folder": "crData/Benchmarking_2088/Benchmarking_22-12_43097/term_results",
      "merged": "crData/Benchmarking_2088/Benchmarking_22-12_43097/merged_results.json",
      "filtered": "crData/Benchmarking_2088/Benchmarking_22-12_43097/filtered_results.json",
      "final": "crData/Benchmarking_2088/Benchmarking_22-12_43097/final_results.json",
      "statistics": "crData/Benchmarking_2088/Benchmarking_22-12_43097/statistics_results.json"
    }
  }
}