{
  "tool_name": "Calidad Total",
  "year": "1998",
  "monthly_stats": {
    "98-01": {
      "tool_name": "Calidad Total",
      "batch_id": "45224",
      "date": "98-01",
      "initial_count": 4285,
      "filtered_count": 110,
      "final_count": 55,
      "duplicate_count": 0,
      "terms": {
        "Total": 1356,
        "Quality": 3253
      },
      "file_paths": {
        "base_folder": "crData/Calidad_Total_0227/Calidad_Total_98-01_45224",
        "term_results_folder": "crData/Calidad_Total_0227/Calidad_Total_98-01_45224/term_results",
        "merged": "crData/Calidad_Total_0227/Calidad_Total_98-01_45224/merged_results.json",
        "filtered": "crData/Calidad_Total_0227/Calidad_Total_98-01_45224/filtered_results.json",
        "final": "crData/Calidad_Total_0227/Calidad_Total_98-01_45224/final_results.json",
        "statistics": "crData/Calidad_Total_0227/Calidad_Total_98-01_45224/statistics_results.json"
      },
      "processing_time": 22.449301958084106,
      "total_crossref": 512954,
      "crossref_percentage": 0.01072220900899496
    },
    "98-02": {
      "tool_name": "Calidad Total",
      "batch_id": "45464",
      "date": "98-02",
      "initial_count": 693,
      "filtered_count": 16,
      "final_count": 8,
      "duplicate_count": 0,
      "terms": {
        "Total": 282,
        "Quality": 411
      },
      "file_paths": {
        "base_folder": "crData/Calidad_Total_0227/Calidad_Total_98-02_45464",
        "term_results_folder": "crData/Calidad_Total_0227/Calidad_Total_98-02_45464/term_results",
        "merged": "crData/Calidad_Total_0227/Calidad_Total_98-02_45464/merged_results.json",
        "filtered": "crData/Calidad_Total_0227/Calidad_Total_98-02_45464/filtered_results.json",
        "final": "crData/Calidad_Total_0227/Calidad_Total_98-02_45464/final_results.json",
        "statistics": "crData/Calidad_Total_0227/Calidad_Total_98-02_45464/statistics_results.json"
      },
      "processing_time": 7.403698205947876,
      "total_crossref": 81911,
      "crossref_percentage": 0.00976669800148942
    },
    "98-03": {
      "tool_name": "Calidad Total",
      "batch_id": "45553",
      "date": "98-03",
      "initial_count": 1055,
      "filtered_count": 30,
      "final_count": 15,
      "duplicate_count": 0,
      "terms": {
        "Total": 346,
        "Quality": 712
      },
      "file_paths": {
        "base_folder": "crData/Calidad_Total_0227/Calidad_Total_98-03_45553",
        "term_results_folder": "crData/Calidad_Total_0227/Calidad_Total_98-03_45553/term_results",
        "merged": "crData/Calidad_Total_0227/Calidad_Total_98-03_45553/merged_results.json",
        "filtered": "crData/Calidad_Total_0227/Calidad_Total_98-03_45553/filtered_results.json",
        "final": "crData/Calidad_Total_0227/Calidad_Total_98-03_45553/final_results.json",
        "statistics": "crData/Calidad_Total_0227/Calidad_Total_98-03_45553/statistics_results.json"
      },
      "processing_time": 8.494300365447998,
      "total_crossref": 101554,
      "crossref_percentage": 0.01477046694369498
    },
    "98-04": {
      "tool_name": "Calidad Total",
      "batch_id": "46053",
      "date": "98-04",
      "initial_count": 958,
      "filtered_count": 12,
      "final_count": 6,
      "duplicate_count": 0,
      "terms": {
        "Total": 325,
        "Quality": 634
      },
      "file_paths": {
        "base_folder": "crData/Calidad_Total_0227/Calidad_Total_98-04_46053",
        "term_results_folder": "crData/Calidad_Total_0227/Calidad_Total_98-04_46053/term_results",
        "merged": "crData/Calidad_Total_0227/Calidad_Total_98-04_46053/merged_results.json",
        "filtered": "crData/Calidad_Total_0227/Calidad_Total_98-04_46053/filtered_results.json",
        "final": "crData/Calidad_Total_0227/Calidad_Total_98-04_46053/final_results.json",
        "statistics": "crData/Calidad_Total_0227/Calidad_Total_98-04_46053/statistics_results.json"
      },
      "processing_time": 7.749920129776001,
      "total_crossref": 101510,
      "crossref_percentage": 0.005910747709585263
    },
    "98-05": {
      "tool_name": "Calidad Total",
      "batch_id": "46146",
      "date": "98-05",
      "initial_count": 922,
      "filtered_count": 10,
      "final_count": 5,
      "duplicate_count": 0,
      "terms": {
        "Total": 307,
        "Quality": 618
      },
      "file_paths": {
        "base_folder": "crData/Calidad_Total_0227/Calidad_Total_98-05_46146",
        "term_results_folder": "crData/Calidad_Total_0227/Calidad_Total_98-05_46146/term_results",
        "merged": "crData/Calidad_Total_0227/Calidad_Total_98-05_46146/merged_results.json",
        "filtered": "crData/Calidad_Total_0227/Calidad_Total_98-05_46146/filtered_results.json",
        "final": "crData/Calidad_Total_0227/Calidad_Total_98-05_46146/final_results.json",
        "statistics": "crData/Calidad_Total_0227/Calidad_Total_98-05_46146/statistics_results.json"
      },
      "processing_time": 7.4338696002960205,
      "total_crossref": 93822,
      "crossref_percentage": 0.005329240476647268
    },
    "98-06": {
      "tool_name": "Calidad Total",
      "batch_id": "46235",
      "date": "98-06",
      "initial_count": 1117,
      "filtered_count": 20,
      "final_count": 10,
      "duplicate_count": 0,
      "terms": {
        "Total": 350,
        "Quality": 769
      },
      "file_paths": {
        "base_folder": "crData/Calidad_Total_0227/Calidad_Total_98-06_46235",
        "term_results_folder": "crData/Calidad_Total_0227/Calidad_Total_98-06_46235/term_results",
        "merged": "crData/Calidad_Total_0227/Calidad_Total_98-06_46235/merged_results.json",
        "filtered": "crData/Calidad_Total_0227/Calidad_Total_98-06_46235/filtered_results.json",
        "final": "crData/Calidad_Total_0227/Calidad_Total_98-06_46235/final_results.json",
        "statistics": "crData/Calidad_Total_0227/Calidad_Total_98-06_46235/statistics_results.json"
      },
      "processing_time": 8.895892858505249,
      "total_crossref": 104315,
      "crossref_percentage": 0.00958634903896851
    },
    "98-07": {
      "tool_name": "Calidad Total",
      "batch_id": "46339",
      "date": "98-07",
      "initial_count": 1028,
      "filtered_count": 16,
      "final_count": 8,
      "duplicate_count": 0,
      "terms": {
        "Total": 343,
        "Quality": 688
      },
      "file_paths": {
        "base_folder": "crData/Calidad_Total_0227/Calidad_Total_98-07_46339",
        "term_results_folder": "crData/Calidad_Total_0227/Calidad_Total_98-07_46339/term_results",
        "merged": "crData/Calidad_Total_0227/Calidad_Total_98-07_46339/merged_results.json",
        "filtered": "crData/Calidad_Total_0227/Calidad_Total_98-07_46339/filtered_results.json",
        "final": "crData/Calidad_Total_0227/Calidad_Total_98-07_46339/final_results.json",
        "statistics": "crData/Calidad_Total_0227/Calidad_Total_98-07_46339/statistics_results.json"
      },
      "processing_time": 10.613368034362793,
      "total_crossref": 93177,
      "crossref_percentage": 0.008585809802848341
    },
    "98-08": {
      "tool_name": "Calidad Total",
      "batch_id": "46460",
      "date": "98-08",
      "initial_count": 835,
      "filtered_count": 22,
      "final_count": 11,
      "duplicate_count": 0,
      "terms": {
        "Total": 319,
        "Quality": 516
      },
      "file_paths": {
        "base_folder": "crData/Calidad_Total_0227/Calidad_Total_98-08_46460",
        "term_results_folder": "crData/Calidad_Total_0227/Calidad_Total_98-08_46460/term_results",
        "merged": "crData/Calidad_Total_0227/Calidad_Total_98-08_46460/merged_results.json",
        "filtered": "crData/Calidad_Total_0227/Calidad_Total_98-08_46460/filtered_results.json",
        "final": "crData/Calidad_Total_0227/Calidad_Total_98-08_46460/final_results.json",
        "statistics": "crData/Calidad_Total_0227/Calidad_Total_98-08_46460/statistics_results.json"
      },
      "processing_time": 11.172417879104614,
      "total_crossref": 82268,
      "crossref_percentage": 0.013370934020518307
    },
    "98-09": {
      "tool_name": "Calidad Total",
      "batch_id": "46587",
      "date": "98-09",
      "initial_count": 1125,
      "filtered_count": 14,
      "final_count": 7,
      "duplicate_count": 0,
      "terms": {
        "Total": 337,
        "Quality": 792
      },
      "file_paths": {
        "base_folder": "crData/Calidad_Total_0227/Calidad_Total_98-09_46587",
        "term_results_folder": "crData/Calidad_Total_0227/Calidad_Total_98-09_46587/term_results",
        "merged": "crData/Calidad_Total_0227/Calidad_Total_98-09_46587/merged_results.json",
        "filtered": "crData/Calidad_Total_0227/Calidad_Total_98-09_46587/filtered_results.json",
        "final": "crData/Calidad_Total_0227/Calidad_Total_98-09_46587/final_results.json",
        "statistics": "crData/Calidad_Total_0227/Calidad_Total_98-09_46587/statistics_results.json"
      },
      "processing_time": 10.858271360397339,
      "total_crossref": 108586,
      "crossref_percentage": 0.0064465032324609066
    },
    "98-10": {
      "tool_name": "Calidad Total",
      "batch_id": "47111",
      "date": "98-10",
      "initial_count": 864,
      "filtered_count": 16,
      "final_count": 8,
      "duplicate_count": 0,
      "terms": {
        "Total": 317,
        "Quality": 547
      },
      "file_paths": {
        "base_folder": "crData/Calidad_Total_0227/Calidad_Total_98-10_47111",
        "term_results_folder": "crData/Calidad_Total_0227/Calidad_Total_98-10_47111/term_results",
        "merged": "crData/Calidad_Total_0227/Calidad_Total_98-10_47111/merged_results.json",
        "filtered": "crData/Calidad_Total_0227/Calidad_Total_98-10_47111/filtered_results.json",
        "final": "crData/Calidad_Total_0227/Calidad_Total_98-10_47111/final_results.json",
        "statistics": "crData/Calidad_Total_0227/Calidad_Total_98-10_47111/statistics_results.json"
      },
      "processing_time": 5.856733798980713,
      "total_crossref": 90544,
      "crossref_percentage": 0.008835483300936562
    },
    "98-11": {
      "tool_name": "Calidad Total",
      "batch_id": "47185",
      "date": "98-11",
      "initial_count": 821,
      "filtered_count": 4,
      "final_count": 2,
      "duplicate_count": 0,
      "terms": {
        "Total": 253,
        "Quality": 570
      },
      "file_paths": {
        "base_folder": "crData/Calidad_Total_0227/Calidad_Total_98-11_47185",
        "term_results_folder": "crData/Calidad_Total_0227/Calidad_Total_98-11_47185/term_results",
        "merged": "crData/Calidad_Total_0227/Calidad_Total_98-11_47185/merged_results.json",
        "filtered": "crData/Calidad_Total_0227/Calidad_Total_98-11_47185/filtered_results.json",
        "final": "crData/Calidad_Total_0227/Calidad_Total_98-11_47185/final_results.json",
        "statistics": "crData/Calidad_Total_0227/Calidad_Total_98-11_47185/statistics_results.json"
      },
      "processing_time": 6.994924068450928,
      "total_crossref": 86985,
      "crossref_percentage": 0.0022992469966086108
    },
    "98-12": {
      "tool_name": "Calidad Total",
      "batch_id": "47270",
      "date": "98-12",
      "initial_count": 1098,
      "filtered_count": 28,
      "final_count": 14,
      "duplicate_count": 0,
      "terms": {
        "Total": 323,
        "Quality": 778
      },
      "file_paths": {
        "base_folder": "crData/Calidad_Total_0227/Calidad_Total_98-12_47270",
        "term_results_folder": "crData/Calidad_Total_0227/Calidad_Total_98-12_47270/term_results",
        "merged": "crData/Calidad_Total_0227/Calidad_Total_98-12_47270/merged_results.json",
        "filtered": "crData/Calidad_Total_0227/Calidad_Total_98-12_47270/filtered_results.json",
        "final": "crData/Calidad_Total_0227/Calidad_Total_98-12_47270/final_results.json",
        "statistics": "crData/Calidad_Total_0227/Calidad_Total_98-12_47270/statistics_results.json"
      },
      "processing_time": 8.949106216430664,
      "total_crossref": 130327,
      "crossref_percentage": 0.01074220997951307
    }
  },
  "total_duplicates": 0,
  "monthly_files": {
    "98-01": {
      "base_folder": "crData/Calidad_Total_0227/Calidad_Total_98-01_45224",
      "term_results_folder": "crData/Calidad_Total_0227/Calidad_Total_98-01_45224/term_results",
      "merged": "crData/Calidad_Total_0227/Calidad_Total_98-01_45224/merged_results.json",
      "filtered": "crData/Calidad_Total_0227/Calidad_Total_98-01_45224/filtered_results.json",
      "final": "crData/Calidad_Total_0227/Calidad_Total_98-01_45224/final_results.json",
      "statistics": "crData/Calidad_Total_0227/Calidad_Total_98-01_45224/statistics_results.json"
    },
    "98-02": {
      "base_folder": "crData/Calidad_Total_0227/Calidad_Total_98-02_45464",
      "term_results_folder": "crData/Calidad_Total_0227/Calidad_Total_98-02_45464/term_results",
      "merged": "crData/Calidad_Total_0227/Calidad_Total_98-02_45464/merged_results.json",
      "filtered": "crData/Calidad_Total_0227/Calidad_Total_98-02_45464/filtered_results.json",
      "final": "crData/Calidad_Total_0227/Calidad_Total_98-02_45464/final_results.json",
      "statistics": "crData/Calidad_Total_0227/Calidad_Total_98-02_45464/statistics_results.json"
    },
    "98-03": {
      "base_folder": "crData/Calidad_Total_0227/Calidad_Total_98-03_45553",
      "term_results_folder": "crData/Calidad_Total_0227/Calidad_Total_98-03_45553/term_results",
      "merged": "crData/Calidad_Total_0227/Calidad_Total_98-03_45553/merged_results.json",
      "filtered": "crData/Calidad_Total_0227/Calidad_Total_98-03_45553/filtered_results.json",
      "final": "crData/Calidad_Total_0227/Calidad_Total_98-03_45553/final_results.json",
      "statistics": "crData/Calidad_Total_0227/Calidad_Total_98-03_45553/statistics_results.json"
    },
    "98-04": {
      "base_folder": "crData/Calidad_Total_0227/Calidad_Total_98-04_46053",
      "term_results_folder": "crData/Calidad_Total_0227/Calidad_Total_98-04_46053/term_results",
      "merged": "crData/Calidad_Total_0227/Calidad_Total_98-04_46053/merged_results.json",
      "filtered": "crData/Calidad_Total_0227/Calidad_Total_98-04_46053/filtered_results.json",
      "final": "crData/Calidad_Total_0227/Calidad_Total_98-04_46053/final_results.json",
      "statistics": "crData/Calidad_Total_0227/Calidad_Total_98-04_46053/statistics_results.json"
    },
    "98-05": {
      "base_folder": "crData/Calidad_Total_0227/Calidad_Total_98-05_46146",
      "term_results_folder": "crData/Calidad_Total_0227/Calidad_Total_98-05_46146/term_results",
      "merged": "crData/Calidad_Total_0227/Calidad_Total_98-05_46146/merged_results.json",
      "filtered": "crData/Calidad_Total_0227/Calidad_Total_98-05_46146/filtered_results.json",
      "final": "crData/Calidad_Total_0227/Calidad_Total_98-05_46146/final_results.json",
      "statistics": "crData/Calidad_Total_0227/Calidad_Total_98-05_46146/statistics_results.json"
    },
    "98-06": {
      "base_folder": "crData/Calidad_Total_0227/Calidad_Total_98-06_46235",
      "term_results_folder": "crData/Calidad_Total_0227/Calidad_Total_98-06_46235/term_results",
      "merged": "crData/Calidad_Total_0227/Calidad_Total_98-06_46235/merged_results.json",
      "filtered": "crData/Calidad_Total_0227/Calidad_Total_98-06_46235/filtered_results.json",
      "final": "crData/Calidad_Total_0227/Calidad_Total_98-06_46235/final_results.json",
      "statistics": "crData/Calidad_Total_0227/Calidad_Total_98-06_46235/statistics_results.json"
    },
    "98-07": {
      "base_folder": "crData/Calidad_Total_0227/Calidad_Total_98-07_46339",
      "term_results_folder": "crData/Calidad_Total_0227/Calidad_Total_98-07_46339/term_results",
      "merged": "crData/Calidad_Total_0227/Calidad_Total_98-07_46339/merged_results.json",
      "filtered": "crData/Calidad_Total_0227/Calidad_Total_98-07_46339/filtered_results.json",
      "final": "crData/Calidad_Total_0227/Calidad_Total_98-07_46339/final_results.json",
      "statistics": "crData/Calidad_Total_0227/Calidad_Total_98-07_46339/statistics_results.json"
    },
    "98-08": {
      "base_folder": "crData/Calidad_Total_0227/Calidad_Total_98-08_46460",
      "term_results_folder": "crData/Calidad_Total_0227/Calidad_Total_98-08_46460/term_results",
      "merged": "crData/Calidad_Total_0227/Calidad_Total_98-08_46460/merged_results.json",
      "filtered": "crData/Calidad_Total_0227/Calidad_Total_98-08_46460/filtered_results.json",
      "final": "crData/Calidad_Total_0227/Calidad_Total_98-08_46460/final_results.json",
      "statistics": "crData/Calidad_Total_0227/Calidad_Total_98-08_46460/statistics_results.json"
    },
    "98-09": {
      "base_folder": "crData/Calidad_Total_0227/Calidad_Total_98-09_46587",
      "term_results_folder": "crData/Calidad_Total_0227/Calidad_Total_98-09_46587/term_results",
      "merged": "crData/Calidad_Total_0227/Calidad_Total_98-09_46587/merged_results.json",
      "filtered": "crData/Calidad_Total_0227/Calidad_Total_98-09_46587/filtered_results.json",
      "final": "crData/Calidad_Total_0227/Calidad_Total_98-09_46587/final_results.json",
      "statistics": "crData/Calidad_Total_0227/Calidad_Total_98-09_46587/statistics_results.json"
    },
    "98-10": {
      "base_folder": "crData/Calidad_Total_0227/Calidad_Total_98-10_47111",
      "term_results_folder": "crData/Calidad_Total_0227/Calidad_Total_98-10_47111/term_results",
      "merged": "crData/Calidad_Total_0227/Calidad_Total_98-10_47111/merged_results.json",
      "filtered": "crData/Calidad_Total_0227/Calidad_Total_98-10_47111/filtered_results.json",
      "final": "crData/Calidad_Total_0227/Calidad_Total_98-10_47111/final_results.json",
      "statistics": "crData/Calidad_Total_0227/Calidad_Total_98-10_47111/statistics_results.json"
    },
    "98-11": {
      "base_folder": "crData/Calidad_Total_0227/Calidad_Total_98-11_47185",
      "term_results_folder": "crData/Calidad_Total_0227/Calidad_Total_98-11_47185/term_results",
      "merged": "crData/Calidad_Total_0227/Calidad_Total_98-11_47185/merged_results.json",
      "filtered": "crData/Calidad_Total_0227/Calidad_Total_98-11_47185/filtered_results.json",
      "final": "crData/Calidad_Total_0227/Calidad_Total_98-11_47185/final_results.json",
      "statistics": "crData/Calidad_Total_0227/Calidad_Total_98-11_47185/statistics_results.json"
    },
    "98-12": {
      "base_folder": "crData/Calidad_Total_0227/Calidad_Total_98-12_47270",
      "term_results_folder": "crData/Calidad_Total_0227/Calidad_Total_98-12_47270/term_results",
      "merged": "crData/Calidad_Total_0227/Calidad_Total_98-12_47270/merged_results.json",
      "filtered": "crData/Calidad_Total_0227/Calidad_Total_98-12_47270/filtered_results.json",
      "final": "crData/Calidad_Total_0227/Calidad_Total_98-12_47270/final_results.json",
      "statistics": "crData/Calidad_Total_0227/Calidad_Total_98-12_47270/statistics_results.json"
    }
  }
}