{
  "tool_name": "Calidad Total",
  "year": "1958",
  "monthly_stats": {
    "58-01": {
      "tool_name": "Calidad Total",
      "batch_id": "48047",
      "date": "58-01",
      "initial_count": 140,
      "filtered_count": 0,
      "final_count": 0,
      "duplicate_count": 0,
      "terms": {
        "Total": 67,
        "Quality": 73
      },
      "file_paths": {
        "base_folder": "crData/Calidad_Total_0227/Calidad_Total_58-01_48047",
        "term_results_folder": "crData/Calidad_Total_0227/Calidad_Total_58-01_48047/term_results",
        "merged": "crData/Calidad_Total_0227/Calidad_Total_58-01_48047/merged_results.json",
        "filtered": "crData/Calidad_Total_0227/Calidad_Total_58-01_48047/filtered_results.json",
        "final": "crData/Calidad_Total_0227/Calidad_Total_58-01_48047/final_results.json",
        "statistics": "crData/Calidad_Total_0227/Calidad_Total_58-01_48047/statistics_results.json"
      },
      "processing_time": 4.744781970977783,
      "total_crossref": 74515,
      "crossref_percentage": 0.0
    },
    "58-02": {
      "tool_name": "Calidad Total",
      "batch_id": "48109",
      "date": "58-02",
      "initial_count": 43,
      "filtered_count": 0,
      "final_count": 0,
      "duplicate_count": 0,
      "terms": {
        "Total": 29,
        "Quality": 14
      },
      "file_paths": {
        "base_folder": "crData/Calidad_Total_0227/Calidad_Total_58-02_48109",
        "term_results_folder": "crData/Calidad_Total_0227/Calidad_Total_58-02_48109/term_results",
        "merged": "crData/Calidad_Total_0227/Calidad_Total_58-02_48109/merged_results.json",
        "filtered": "crData/Calidad_Total_0227/Calidad_Total_58-02_48109/filtered_results.json",
        "final": "crData/Calidad_Total_0227/Calidad_Total_58-02_48109/final_results.json",
        "statistics": "crData/Calidad_Total_0227/Calidad_Total_58-02_48109/statistics_results.json"
      },
      "processing_time": 1.4066648483276367,
      "total_crossref": 11277,
      "crossref_percentage": 0.0
    },
    "58-03": {
      "tool_name": "Calidad Total",
      "batch_id": "48138",
      "date": "58-03",
      "initial_count": 46,
      "filtered_count": 0,
      "final_count": 0,
      "duplicate_count": 0,
      "terms": {
        "Total": 22,
        "Quality": 24
      },
      "file_paths": {
        "base_folder": "crData/Calidad_Total_0227/Calidad_Total_58-03_48138",
        "term_results_folder": "crData/Calidad_Total_0227/Calidad_Total_58-03_48138/term_results",
        "merged": "crData/Calidad_Total_0227/Calidad_Total_58-03_48138/merged_results.json",
        "filtered": "crData/Calidad_Total_0227/Calidad_Total_58-03_48138/filtered_results.json",
        "final": "crData/Calidad_Total_0227/Calidad_Total_58-03_48138/final_results.json",
        "statistics": "crData/Calidad_Total_0227/Calidad_Total_58-03_48138/statistics_results.json"
      },
      "processing_time": 2.0773658752441406,
      "total_crossref": 15700,
      "crossref_percentage": 0.0
    },
    "58-04": {
      "tool_name": "Calidad Total",
      "batch_id": "48174",
      "date": "58-04",
      "initial_count": 37,
      "filtered_count": 0,
      "final_count": 0,
      "duplicate_count": 0,
      "terms": {
        "Total": 24,
        "Quality": 13
      },
      "file_paths": {
        "base_folder": "crData/Calidad_Total_0227/Calidad_Total_58-04_48174",
        "term_results_folder": "crData/Calidad_Total_0227/Calidad_Total_58-04_48174/term_results",
        "merged": "crData/Calidad_Total_0227/Calidad_Total_58-04_48174/merged_results.json",
        "filtered": "crData/Calidad_Total_0227/Calidad_Total_58-04_48174/filtered_results.json",
        "final": "crData/Calidad_Total_0227/Calidad_Total_58-04_48174/final_results.json",
        "statistics": "crData/Calidad_Total_0227/Calidad_Total_58-04_48174/statistics_results.json"
      },
      "processing_time": 2.8890068531036377,
      "total_crossref": 14982,
      "crossref_percentage": 0.0
    },
    "58-05": {
      "tool_name": "Calidad Total",
      "batch_id": "48218",
      "date": "58-05",
      "initial_count": 43,
      "filtered_count": 0,
      "final_count": 0,
      "duplicate_count": 0,
      "terms": {
        "Total": 22,
        "Quality": 21
      },
      "file_paths": {
        "base_folder": "crData/Calidad_Total_0227/Calidad_Total_58-05_48218",
        "term_results_folder": "crData/Calidad_Total_0227/Calidad_Total_58-05_48218/term_results",
        "merged": "crData/Calidad_Total_0227/Calidad_Total_58-05_48218/merged_results.json",
        "filtered": "crData/Calidad_Total_0227/Calidad_Total_58-05_48218/filtered_results.json",
        "final": "crData/Calidad_Total_0227/Calidad_Total_58-05_48218/final_results.json",
        "statistics": "crData/Calidad_Total_0227/Calidad_Total_58-05_48218/statistics_results.json"
      },
      "processing_time": 2.9391701221466064,
      "total_crossref": 12636,
      "crossref_percentage": 0.0
    },
    "58-06": {
      "tool_name": "Calidad Total",
      "batch_id": "48263",
      "date": "58-06",
      "initial_count": 30,
      "filtered_count": 0,
      "final_count": 0,
      "duplicate_count": 0,
      "terms": {
        "Total": 16,
        "Quality": 14
      },
      "file_paths": {
        "base_folder": "crData/Calidad_Total_0227/Calidad_Total_58-06_48263",
        "term_results_folder": "crData/Calidad_Total_0227/Calidad_Total_58-06_48263/term_results",
        "merged": "crData/Calidad_Total_0227/Calidad_Total_58-06_48263/merged_results.json",
        "filtered": "crData/Calidad_Total_0227/Calidad_Total_58-06_48263/filtered_results.json",
        "final": "crData/Calidad_Total_0227/Calidad_Total_58-06_48263/final_results.json",
        "statistics": "crData/Calidad_Total_0227/Calidad_Total_58-06_48263/statistics_results.json"
      },
      "processing_time": 2.8142569065093994,
      "total_crossref": 14084,
      "crossref_percentage": 0.0
    },
    "58-07": {
      "tool_name": "Calidad Total",
      "batch_id": "48306",
      "date": "58-07",
      "initial_count": 47,
      "filtered_count": 0,
      "final_count": 0,
      "duplicate_count": 0,
      "terms": {
        "Total": 21,
        "Quality": 26
      },
      "file_paths": {
        "base_folder": "crData/Calidad_Total_0227/Calidad_Total_58-07_48306",
        "term_results_folder": "crData/Calidad_Total_0227/Calidad_Total_58-07_48306/term_results",
        "merged": "crData/Calidad_Total_0227/Calidad_Total_58-07_48306/merged_results.json",
        "filtered": "crData/Calidad_Total_0227/Calidad_Total_58-07_48306/filtered_results.json",
        "final": "crData/Calidad_Total_0227/Calidad_Total_58-07_48306/final_results.json",
        "statistics": "crData/Calidad_Total_0227/Calidad_Total_58-07_48306/statistics_results.json"
      },
      "processing_time": 2.09114408493042,
      "total_crossref": 14054,
      "crossref_percentage": 0.0
    },
    "58-08": {
      "tool_name": "Calidad Total",
      "batch_id": "48342",
      "date": "58-08",
      "initial_count": 27,
      "filtered_count": 0,
      "final_count": 0,
      "duplicate_count": 0,
      "terms": {
        "Total": 17,
        "Quality": 10
      },
      "file_paths": {
        "base_folder": "crData/Calidad_Total_0227/Calidad_Total_58-08_48342",
        "term_results_folder": "crData/Calidad_Total_0227/Calidad_Total_58-08_48342/term_results",
        "merged": "crData/Calidad_Total_0227/Calidad_Total_58-08_48342/merged_results.json",
        "filtered": "crData/Calidad_Total_0227/Calidad_Total_58-08_48342/filtered_results.json",
        "final": "crData/Calidad_Total_0227/Calidad_Total_58-08_48342/final_results.json",
        "statistics": "crData/Calidad_Total_0227/Calidad_Total_58-08_48342/statistics_results.json"
      },
      "processing_time": 4.203686952590942,
      "total_crossref": 10867,
      "crossref_percentage": 0.0
    },
    "58-09": {
      "tool_name": "Calidad Total",
      "batch_id": "48399",
      "date": "58-09",
      "initial_count": 60,
      "filtered_count": 0,
      "final_count": 0,
      "duplicate_count": 0,
      "terms": {
        "Total": 21,
        "Quality": 39
      },
      "file_paths": {
        "base_folder": "crData/Calidad_Total_0227/Calidad_Total_58-09_48399",
        "term_results_folder": "crData/Calidad_Total_0227/Calidad_Total_58-09_48399/term_results",
        "merged": "crData/Calidad_Total_0227/Calidad_Total_58-09_48399/merged_results.json",
        "filtered": "crData/Calidad_Total_0227/Calidad_Total_58-09_48399/filtered_results.json",
        "final": "crData/Calidad_Total_0227/Calidad_Total_58-09_48399/final_results.json",
        "statistics": "crData/Calidad_Total_0227/Calidad_Total_58-09_48399/statistics_results.json"
      },
      "processing_time": 3.010385751724243,
      "total_crossref": 14765,
      "crossref_percentage": 0.0
    },
    "58-10": {
      "tool_name": "Calidad Total",
      "batch_id": "48444",
      "date": "58-10",
      "initial_count": 37,
      "filtered_count": 0,
      "final_count": 0,
      "duplicate_count": 0,
      "terms": {
        "Total": 20,
        "Quality": 17
      },
      "file_paths": {
        "base_folder": "crData/Calidad_Total_0227/Calidad_Total_58-10_48444",
        "term_results_folder": "crData/Calidad_Total_0227/Calidad_Total_58-10_48444/term_results",
        "merged": "crData/Calidad_Total_0227/Calidad_Total_58-10_48444/merged_results.json",
        "filtered": "crData/Calidad_Total_0227/Calidad_Total_58-10_48444/filtered_results.json",
        "final": "crData/Calidad_Total_0227/Calidad_Total_58-10_48444/final_results.json",
        "statistics": "crData/Calidad_Total_0227/Calidad_Total_58-10_48444/statistics_results.json"
      },
      "processing_time": 3.623075008392334,
      "total_crossref": 14765,
      "crossref_percentage": 0.0
    },
    "58-11": {
      "tool_name": "Calidad Total",
      "batch_id": "48496",
      "date": "58-11",
      "initial_count": 37,
      "filtered_count": 0,
      "final_count": 0,
      "duplicate_count": 0,
      "terms": {
        "Total": 16,
        "Quality": 21
      },
      "file_paths": {
        "base_folder": "crData/Calidad_Total_0227/Calidad_Total_58-11_48496",
        "term_results_folder": "crData/Calidad_Total_0227/Calidad_Total_58-11_48496/term_results",
        "merged": "crData/Calidad_Total_0227/Calidad_Total_58-11_48496/merged_results.json",
        "filtered": "crData/Calidad_Total_0227/Calidad_Total_58-11_48496/filtered_results.json",
        "final": "crData/Calidad_Total_0227/Calidad_Total_58-11_48496/final_results.json",
        "statistics": "crData/Calidad_Total_0227/Calidad_Total_58-11_48496/statistics_results.json"
      },
      "processing_time": 2.197754144668579,
      "total_crossref": 13230,
      "crossref_percentage": 0.0
    },
    "58-12": {
      "tool_name": "Calidad Total",
      "batch_id": "48533",
      "date": "58-12",
      "initial_count": 50,
      "filtered_count": 0,
      "final_count": 0,
      "duplicate_count": 0,
      "terms": {
        "Total": 22,
        "Quality": 28
      },
      "file_paths": {
        "base_folder": "crData/Calidad_Total_0227/Calidad_Total_58-12_48533",
        "term_results_folder": "crData/Calidad_Total_0227/Calidad_Total_58-12_48533/term_results",
        "merged": "crData/Calidad_Total_0227/Calidad_Total_58-12_48533/merged_results.json",
        "filtered": "crData/Calidad_Total_0227/Calidad_Total_58-12_48533/filtered_results.json",
        "final": "crData/Calidad_Total_0227/Calidad_Total_58-12_48533/final_results.json",
        "statistics": "crData/Calidad_Total_0227/Calidad_Total_58-12_48533/statistics_results.json"
      },
      "processing_time": 3.795830011367798,
      "total_crossref": 26453,
      "crossref_percentage": 0.0
    }
  },
  "total_duplicates": 0,
  "monthly_files": {
    "58-01": {
      "base_folder": "crData/Calidad_Total_0227/Calidad_Total_58-01_48047",
      "term_results_folder": "crData/Calidad_Total_0227/Calidad_Total_58-01_48047/term_results",
      "merged": "crData/Calidad_Total_0227/Calidad_Total_58-01_48047/merged_results.json",
      "filtered": "crData/Calidad_Total_0227/Calidad_Total_58-01_48047/filtered_results.json",
      "final": "crData/Calidad_Total_0227/Calidad_Total_58-01_48047/final_results.json",
      "statistics": "crData/Calidad_Total_0227/Calidad_Total_58-01_48047/statistics_results.json"
    },
    "58-02": {
      "base_folder": "crData/Calidad_Total_0227/Calidad_Total_58-02_48109",
      "term_results_folder": "crData/Calidad_Total_0227/Calidad_Total_58-02_48109/term_results",
      "merged": "crData/Calidad_Total_0227/Calidad_Total_58-02_48109/merged_results.json",
      "filtered": "crData/Calidad_Total_0227/Calidad_Total_58-02_48109/filtered_results.json",
      "final": "crData/Calidad_Total_0227/Calidad_Total_58-02_48109/final_results.json",
      "statistics": "crData/Calidad_Total_0227/Calidad_Total_58-02_48109/statistics_results.json"
    },
    "58-03": {
      "base_folder": "crData/Calidad_Total_0227/Calidad_Total_58-03_48138",
      "term_results_folder": "crData/Calidad_Total_0227/Calidad_Total_58-03_48138/term_results",
      "merged": "crData/Calidad_Total_0227/Calidad_Total_58-03_48138/merged_results.json",
      "filtered": "crData/Calidad_Total_0227/Calidad_Total_58-03_48138/filtered_results.json",
      "final": "crData/Calidad_Total_0227/Calidad_Total_58-03_48138/final_results.json",
      "statistics": "crData/Calidad_Total_0227/Calidad_Total_58-03_48138/statistics_results.json"
    },
    "58-04": {
      "base_folder": "crData/Calidad_Total_0227/Calidad_Total_58-04_48174",
      "term_results_folder": "crData/Calidad_Total_0227/Calidad_Total_58-04_48174/term_results",
      "merged": "crData/Calidad_Total_0227/Calidad_Total_58-04_48174/merged_results.json",
      "filtered": "crData/Calidad_Total_0227/Calidad_Total_58-04_48174/filtered_results.json",
      "final": "crData/Calidad_Total_0227/Calidad_Total_58-04_48174/final_results.json",
      "statistics": "crData/Calidad_Total_0227/Calidad_Total_58-04_48174/statistics_results.json"
    },
    "58-05": {
      "base_folder": "crData/Calidad_Total_0227/Calidad_Total_58-05_48218",
      "term_results_folder": "crData/Calidad_Total_0227/Calidad_Total_58-05_48218/term_results",
      "merged": "crData/Calidad_Total_0227/Calidad_Total_58-05_48218/merged_results.json",
      "filtered": "crData/Calidad_Total_0227/Calidad_Total_58-05_48218/filtered_results.json",
      "final": "crData/Calidad_Total_0227/Calidad_Total_58-05_48218/final_results.json",
      "statistics": "crData/Calidad_Total_0227/Calidad_Total_58-05_48218/statistics_results.json"
    },
    "58-06": {
      "base_folder": "crData/Calidad_Total_0227/Calidad_Total_58-06_48263",
      "term_results_folder": "crData/Calidad_Total_0227/Calidad_Total_58-06_48263/term_results",
      "merged": "crData/Calidad_Total_0227/Calidad_Total_58-06_48263/merged_results.json",
      "filtered": "crData/Calidad_Total_0227/Calidad_Total_58-06_48263/filtered_results.json",
      "final": "crData/Calidad_Total_0227/Calidad_Total_58-06_48263/final_results.json",
      "statistics": "crData/Calidad_Total_0227/Calidad_Total_58-06_48263/statistics_results.json"
    },
    "58-07": {
      "base_folder": "crData/Calidad_Total_0227/Calidad_Total_58-07_48306",
      "term_results_folder": "crData/Calidad_Total_0227/Calidad_Total_58-07_48306/term_results",
      "merged": "crData/Calidad_Total_0227/Calidad_Total_58-07_48306/merged_results.json",
      "filtered": "crData/Calidad_Total_0227/Calidad_Total_58-07_48306/filtered_results.json",
      "final": "crData/Calidad_Total_0227/Calidad_Total_58-07_48306/final_results.json",
      "statistics": "crData/Calidad_Total_0227/Calidad_Total_58-07_48306/statistics_results.json"
    },
    "58-08": {
      "base_folder": "crData/Calidad_Total_0227/Calidad_Total_58-08_48342",
      "term_results_folder": "crData/Calidad_Total_0227/Calidad_Total_58-08_48342/term_results",
      "merged": "crData/Calidad_Total_0227/Calidad_Total_58-08_48342/merged_results.json",
      "filtered": "crData/Calidad_Total_0227/Calidad_Total_58-08_48342/filtered_results.json",
      "final": "crData/Calidad_Total_0227/Calidad_Total_58-08_48342/final_results.json",
      "statistics": "crData/Calidad_Total_0227/Calidad_Total_58-08_48342/statistics_results.json"
    },
    "58-09": {
      "base_folder": "crData/Calidad_Total_0227/Calidad_Total_58-09_48399",
      "term_results_folder": "crData/Calidad_Total_0227/Calidad_Total_58-09_48399/term_results",
      "merged": "crData/Calidad_Total_0227/Calidad_Total_58-09_48399/merged_results.json",
      "filtered": "crData/Calidad_Total_0227/Calidad_Total_58-09_48399/filtered_results.json",
      "final": "crData/Calidad_Total_0227/Calidad_Total_58-09_48399/final_results.json",
      "statistics": "crData/Calidad_Total_0227/Calidad_Total_58-09_48399/statistics_results.json"
    },
    "58-10": {
      "base_folder": "crData/Calidad_Total_0227/Calidad_Total_58-10_48444",
      "term_results_folder": "crData/Calidad_Total_0227/Calidad_Total_58-10_48444/term_results",
      "merged": "crData/Calidad_Total_0227/Calidad_Total_58-10_48444/merged_results.json",
      "filtered": "crData/Calidad_Total_0227/Calidad_Total_58-10_48444/filtered_results.json",
      "final": "crData/Calidad_Total_0227/Calidad_Total_58-10_48444/final_results.json",
      "statistics": "crData/Calidad_Total_0227/Calidad_Total_58-10_48444/statistics_results.json"
    },
    "58-11": {
      "base_folder": "crData/Calidad_Total_0227/Calidad_Total_58-11_48496",
      "term_results_folder": "crData/Calidad_Total_0227/Calidad_Total_58-11_48496/term_results",
      "merged": "crData/Calidad_Total_0227/Calidad_Total_58-11_48496/merged_results.json",
      "filtered": "crData/Calidad_Total_0227/Calidad_Total_58-11_48496/filtered_results.json",
      "final": "crData/Calidad_Total_0227/Calidad_Total_58-11_48496/final_results.json",
      "statistics": "crData/Calidad_Total_0227/Calidad_Total_58-11_48496/statistics_results.json"
    },
    "58-12": {
      "base_folder": "crData/Calidad_Total_0227/Calidad_Total_58-12_48533",
      "term_results_folder": "crData/Calidad_Total_0227/Calidad_Total_58-12_48533/term_results",
      "merged": "crData/Calidad_Total_0227/Calidad_Total_58-12_48533/merged_results.json",
      "filtered": "crData/Calidad_Total_0227/Calidad_Total_58-12_48533/filtered_results.json",
      "final": "crData/Calidad_Total_0227/Calidad_Total_58-12_48533/final_results.json",
      "statistics": "crData/Calidad_Total_0227/Calidad_Total_58-12_48533/statistics_results.json"
    }
  }
}