{
  "tool_name": "Calidad Total",
  "year": "1961",
  "monthly_stats": {
    "61-01": {
      "tool_name": "Calidad Total",
      "batch_id": "51070",
      "date": "61-01",
      "initial_count": 213,
      "filtered_count": 0,
      "final_count": 0,
      "duplicate_count": 0,
      "terms": {
        "Total": 115,
        "Quality": 98
      },
      "file_paths": {
        "base_folder": "crData/Calidad_Total_0227/Calidad_Total_61-01_51070",
        "term_results_folder": "crData/Calidad_Total_0227/Calidad_Total_61-01_51070/term_results",
        "merged": "crData/Calidad_Total_0227/Calidad_Total_61-01_51070/merged_results.json",
        "filtered": "crData/Calidad_Total_0227/Calidad_Total_61-01_51070/filtered_results.json",
        "final": "crData/Calidad_Total_0227/Calidad_Total_61-01_51070/final_results.json",
        "statistics": "crData/Calidad_Total_0227/Calidad_Total_61-01_51070/statistics_results.json"
      },
      "processing_time": 3.105680227279663,
      "total_crossref": 90991,
      "crossref_percentage": 0.0
    },
    "61-02": {
      "tool_name": "Calidad Total",
      "batch_id": "51116",
      "date": "61-02",
      "initial_count": 30,
      "filtered_count": 0,
      "final_count": 0,
      "duplicate_count": 0,
      "terms": {
        "Total": 16,
        "Quality": 14
      },
      "file_paths": {
        "base_folder": "crData/Calidad_Total_0227/Calidad_Total_61-02_51116",
        "term_results_folder": "crData/Calidad_Total_0227/Calidad_Total_61-02_51116/term_results",
        "merged": "crData/Calidad_Total_0227/Calidad_Total_61-02_51116/merged_results.json",
        "filtered": "crData/Calidad_Total_0227/Calidad_Total_61-02_51116/filtered_results.json",
        "final": "crData/Calidad_Total_0227/Calidad_Total_61-02_51116/final_results.json",
        "statistics": "crData/Calidad_Total_0227/Calidad_Total_61-02_51116/statistics_results.json"
      },
      "processing_time": 2.1809558868408203,
      "total_crossref": 13091,
      "crossref_percentage": 0.0
    },
    "61-03": {
      "tool_name": "Calidad Total",
      "batch_id": "51153",
      "date": "61-03",
      "initial_count": 54,
      "filtered_count": 0,
      "final_count": 0,
      "duplicate_count": 0,
      "terms": {
        "Total": 22,
        "Quality": 32
      },
      "file_paths": {
        "base_folder": "crData/Calidad_Total_0227/Calidad_Total_61-03_51153",
        "term_results_folder": "crData/Calidad_Total_0227/Calidad_Total_61-03_51153/term_results",
        "merged": "crData/Calidad_Total_0227/Calidad_Total_61-03_51153/merged_results.json",
        "filtered": "crData/Calidad_Total_0227/Calidad_Total_61-03_51153/filtered_results.json",
        "final": "crData/Calidad_Total_0227/Calidad_Total_61-03_51153/final_results.json",
        "statistics": "crData/Calidad_Total_0227/Calidad_Total_61-03_51153/statistics_results.json"
      },
      "processing_time": 1.9085721969604492,
      "total_crossref": 18874,
      "crossref_percentage": 0.0
    },
    "61-04": {
      "tool_name": "Calidad Total",
      "batch_id": "51187",
      "date": "61-04",
      "initial_count": 43,
      "filtered_count": 0,
      "final_count": 0,
      "duplicate_count": 0,
      "terms": {
        "Total": 25,
        "Quality": 18
      },
      "file_paths": {
        "base_folder": "crData/Calidad_Total_0227/Calidad_Total_61-04_51187",
        "term_results_folder": "crData/Calidad_Total_0227/Calidad_Total_61-04_51187/term_results",
        "merged": "crData/Calidad_Total_0227/Calidad_Total_61-04_51187/merged_results.json",
        "filtered": "crData/Calidad_Total_0227/Calidad_Total_61-04_51187/filtered_results.json",
        "final": "crData/Calidad_Total_0227/Calidad_Total_61-04_51187/final_results.json",
        "statistics": "crData/Calidad_Total_0227/Calidad_Total_61-04_51187/statistics_results.json"
      },
      "processing_time": 3.057957172393799,
      "total_crossref": 16988,
      "crossref_percentage": 0.0
    },
    "61-05": {
      "tool_name": "Calidad Total",
      "batch_id": "51233",
      "date": "61-05",
      "initial_count": 48,
      "filtered_count": 0,
      "final_count": 0,
      "duplicate_count": 0,
      "terms": {
        "Total": 24,
        "Quality": 24
      },
      "file_paths": {
        "base_folder": "crData/Calidad_Total_0227/Calidad_Total_61-05_51233",
        "term_results_folder": "crData/Calidad_Total_0227/Calidad_Total_61-05_51233/term_results",
        "merged": "crData/Calidad_Total_0227/Calidad_Total_61-05_51233/merged_results.json",
        "filtered": "crData/Calidad_Total_0227/Calidad_Total_61-05_51233/filtered_results.json",
        "final": "crData/Calidad_Total_0227/Calidad_Total_61-05_51233/final_results.json",
        "statistics": "crData/Calidad_Total_0227/Calidad_Total_61-05_51233/statistics_results.json"
      },
      "processing_time": 2.4738171100616455,
      "total_crossref": 14824,
      "crossref_percentage": 0.0
    },
    "61-06": {
      "tool_name": "Calidad Total",
      "batch_id": "51273",
      "date": "61-06",
      "initial_count": 36,
      "filtered_count": 0,
      "final_count": 0,
      "duplicate_count": 0,
      "terms": {
        "Total": 17,
        "Quality": 19
      },
      "file_paths": {
        "base_folder": "crData/Calidad_Total_0227/Calidad_Total_61-06_51273",
        "term_results_folder": "crData/Calidad_Total_0227/Calidad_Total_61-06_51273/term_results",
        "merged": "crData/Calidad_Total_0227/Calidad_Total_61-06_51273/merged_results.json",
        "filtered": "crData/Calidad_Total_0227/Calidad_Total_61-06_51273/filtered_results.json",
        "final": "crData/Calidad_Total_0227/Calidad_Total_61-06_51273/final_results.json",
        "statistics": "crData/Calidad_Total_0227/Calidad_Total_61-06_51273/statistics_results.json"
      },
      "processing_time": 3.1301262378692627,
      "total_crossref": 16301,
      "crossref_percentage": 0.0
    },
    "61-07": {
      "tool_name": "Calidad Total",
      "batch_id": "51319",
      "date": "61-07",
      "initial_count": 55,
      "filtered_count": 0,
      "final_count": 0,
      "duplicate_count": 0,
      "terms": {
        "Total": 29,
        "Quality": 26
      },
      "file_paths": {
        "base_folder": "crData/Calidad_Total_0227/Calidad_Total_61-07_51319",
        "term_results_folder": "crData/Calidad_Total_0227/Calidad_Total_61-07_51319/term_results",
        "merged": "crData/Calidad_Total_0227/Calidad_Total_61-07_51319/merged_results.json",
        "filtered": "crData/Calidad_Total_0227/Calidad_Total_61-07_51319/filtered_results.json",
        "final": "crData/Calidad_Total_0227/Calidad_Total_61-07_51319/final_results.json",
        "statistics": "crData/Calidad_Total_0227/Calidad_Total_61-07_51319/statistics_results.json"
      },
      "processing_time": 3.4599790573120117,
      "total_crossref": 16660,
      "crossref_percentage": 0.0
    },
    "61-08": {
      "tool_name": "Calidad Total",
      "batch_id": "51369",
      "date": "61-08",
      "initial_count": 45,
      "filtered_count": 0,
      "final_count": 0,
      "duplicate_count": 0,
      "terms": {
        "Total": 23,
        "Quality": 22
      },
      "file_paths": {
        "base_folder": "crData/Calidad_Total_0227/Calidad_Total_61-08_51369",
        "term_results_folder": "crData/Calidad_Total_0227/Calidad_Total_61-08_51369/term_results",
        "merged": "crData/Calidad_Total_0227/Calidad_Total_61-08_51369/merged_results.json",
        "filtered": "crData/Calidad_Total_0227/Calidad_Total_61-08_51369/filtered_results.json",
        "final": "crData/Calidad_Total_0227/Calidad_Total_61-08_51369/final_results.json",
        "statistics": "crData/Calidad_Total_0227/Calidad_Total_61-08_51369/statistics_results.json"
      },
      "processing_time": 3.591186285018921,
      "total_crossref": 12762,
      "crossref_percentage": 0.0
    },
    "61-09": {
      "tool_name": "Calidad Total",
      "batch_id": "51420",
      "date": "61-09",
      "initial_count": 52,
      "filtered_count": 0,
      "final_count": 0,
      "duplicate_count": 0,
      "terms": {
        "Total": 27,
        "Quality": 25
      },
      "file_paths": {
        "base_folder": "crData/Calidad_Total_0227/Calidad_Total_61-09_51420",
        "term_results_folder": "crData/Calidad_Total_0227/Calidad_Total_61-09_51420/term_results",
        "merged": "crData/Calidad_Total_0227/Calidad_Total_61-09_51420/merged_results.json",
        "filtered": "crData/Calidad_Total_0227/Calidad_Total_61-09_51420/filtered_results.json",
        "final": "crData/Calidad_Total_0227/Calidad_Total_61-09_51420/final_results.json",
        "statistics": "crData/Calidad_Total_0227/Calidad_Total_61-09_51420/statistics_results.json"
      },
      "processing_time": 4.111893177032471,
      "total_crossref": 17549,
      "crossref_percentage": 0.0
    },
    "61-10": {
      "tool_name": "Calidad Total",
      "batch_id": "51476",
      "date": "61-10",
      "initial_count": 47,
      "filtered_count": 0,
      "final_count": 0,
      "duplicate_count": 0,
      "terms": {
        "Total": 29,
        "Quality": 18
      },
      "file_paths": {
        "base_folder": "crData/Calidad_Total_0227/Calidad_Total_61-10_51476",
        "term_results_folder": "crData/Calidad_Total_0227/Calidad_Total_61-10_51476/term_results",
        "merged": "crData/Calidad_Total_0227/Calidad_Total_61-10_51476/merged_results.json",
        "filtered": "crData/Calidad_Total_0227/Calidad_Total_61-10_51476/filtered_results.json",
        "final": "crData/Calidad_Total_0227/Calidad_Total_61-10_51476/final_results.json",
        "statistics": "crData/Calidad_Total_0227/Calidad_Total_61-10_51476/statistics_results.json"
      },
      "processing_time": 2.1794939041137695,
      "total_crossref": 16506,
      "crossref_percentage": 0.0
    },
    "61-11": {
      "tool_name": "Calidad Total",
      "batch_id": "51513",
      "date": "61-11",
      "initial_count": 63,
      "filtered_count": 0,
      "final_count": 0,
      "duplicate_count": 0,
      "terms": {
        "Total": 30,
        "Quality": 33
      },
      "file_paths": {
        "base_folder": "crData/Calidad_Total_0227/Calidad_Total_61-11_51513",
        "term_results_folder": "crData/Calidad_Total_0227/Calidad_Total_61-11_51513/term_results",
        "merged": "crData/Calidad_Total_0227/Calidad_Total_61-11_51513/merged_results.json",
        "filtered": "crData/Calidad_Total_0227/Calidad_Total_61-11_51513/filtered_results.json",
        "final": "crData/Calidad_Total_0227/Calidad_Total_61-11_51513/final_results.json",
        "statistics": "crData/Calidad_Total_0227/Calidad_Total_61-11_51513/statistics_results.json"
      },
      "processing_time": 2.9479711055755615,
      "total_crossref": 15980,
      "crossref_percentage": 0.0
    },
    "61-12": {
      "tool_name": "Calidad Total",
      "batch_id": "51558",
      "date": "61-12",
      "initial_count": 49,
      "filtered_count": 0,
      "final_count": 0,
      "duplicate_count": 0,
      "terms": {
        "Total": 28,
        "Quality": 21
      },
      "file_paths": {
        "base_folder": "crData/Calidad_Total_0227/Calidad_Total_61-12_51558",
        "term_results_folder": "crData/Calidad_Total_0227/Calidad_Total_61-12_51558/term_results",
        "merged": "crData/Calidad_Total_0227/Calidad_Total_61-12_51558/merged_results.json",
        "filtered": "crData/Calidad_Total_0227/Calidad_Total_61-12_51558/filtered_results.json",
        "final": "crData/Calidad_Total_0227/Calidad_Total_61-12_51558/final_results.json",
        "statistics": "crData/Calidad_Total_0227/Calidad_Total_61-12_51558/statistics_results.json"
      },
      "processing_time": 3.215100049972534,
      "total_crossref": 32227,
      "crossref_percentage": 0.0
    }
  },
  "total_duplicates": 0,
  "monthly_files": {
    "61-01": {
      "base_folder": "crData/Calidad_Total_0227/Calidad_Total_61-01_51070",
      "term_results_folder": "crData/Calidad_Total_0227/Calidad_Total_61-01_51070/term_results",
      "merged": "crData/Calidad_Total_0227/Calidad_Total_61-01_51070/merged_results.json",
      "filtered": "crData/Calidad_Total_0227/Calidad_Total_61-01_51070/filtered_results.json",
      "final": "crData/Calidad_Total_0227/Calidad_Total_61-01_51070/final_results.json",
      "statistics": "crData/Calidad_Total_0227/Calidad_Total_61-01_51070/statistics_results.json"
    },
    "61-02": {
      "base_folder": "crData/Calidad_Total_0227/Calidad_Total_61-02_51116",
      "term_results_folder": "crData/Calidad_Total_0227/Calidad_Total_61-02_51116/term_results",
      "merged": "crData/Calidad_Total_0227/Calidad_Total_61-02_51116/merged_results.json",
      "filtered": "crData/Calidad_Total_0227/Calidad_Total_61-02_51116/filtered_results.json",
      "final": "crData/Calidad_Total_0227/Calidad_Total_61-02_51116/final_results.json",
      "statistics": "crData/Calidad_Total_0227/Calidad_Total_61-02_51116/statistics_results.json"
    },
    "61-03": {
      "base_folder": "crData/Calidad_Total_0227/Calidad_Total_61-03_51153",
      "term_results_folder": "crData/Calidad_Total_0227/Calidad_Total_61-03_51153/term_results",
      "merged": "crData/Calidad_Total_0227/Calidad_Total_61-03_51153/merged_results.json",
      "filtered": "crData/Calidad_Total_0227/Calidad_Total_61-03_51153/filtered_results.json",
      "final": "crData/Calidad_Total_0227/Calidad_Total_61-03_51153/final_results.json",
      "statistics": "crData/Calidad_Total_0227/Calidad_Total_61-03_51153/statistics_results.json"
    },
    "61-04": {
      "base_folder": "crData/Calidad_Total_0227/Calidad_Total_61-04_51187",
      "term_results_folder": "crData/Calidad_Total_0227/Calidad_Total_61-04_51187/term_results",
      "merged": "crData/Calidad_Total_0227/Calidad_Total_61-04_51187/merged_results.json",
      "filtered": "crData/Calidad_Total_0227/Calidad_Total_61-04_51187/filtered_results.json",
      "final": "crData/Calidad_Total_0227/Calidad_Total_61-04_51187/final_results.json",
      "statistics": "crData/Calidad_Total_0227/Calidad_Total_61-04_51187/statistics_results.json"
    },
    "61-05": {
      "base_folder": "crData/Calidad_Total_0227/Calidad_Total_61-05_51233",
      "term_results_folder": "crData/Calidad_Total_0227/Calidad_Total_61-05_51233/term_results",
      "merged": "crData/Calidad_Total_0227/Calidad_Total_61-05_51233/merged_results.json",
      "filtered": "crData/Calidad_Total_0227/Calidad_Total_61-05_51233/filtered_results.json",
      "final": "crData/Calidad_Total_0227/Calidad_Total_61-05_51233/final_results.json",
      "statistics": "crData/Calidad_Total_0227/Calidad_Total_61-05_51233/statistics_results.json"
    },
    "61-06": {
      "base_folder": "crData/Calidad_Total_0227/Calidad_Total_61-06_51273",
      "term_results_folder": "crData/Calidad_Total_0227/Calidad_Total_61-06_51273/term_results",
      "merged": "crData/Calidad_Total_0227/Calidad_Total_61-06_51273/merged_results.json",
      "filtered": "crData/Calidad_Total_0227/Calidad_Total_61-06_51273/filtered_results.json",
      "final": "crData/Calidad_Total_0227/Calidad_Total_61-06_51273/final_results.json",
      "statistics": "crData/Calidad_Total_0227/Calidad_Total_61-06_51273/statistics_results.json"
    },
    "61-07": {
      "base_folder": "crData/Calidad_Total_0227/Calidad_Total_61-07_51319",
      "term_results_folder": "crData/Calidad_Total_0227/Calidad_Total_61-07_51319/term_results",
      "merged": "crData/Calidad_Total_0227/Calidad_Total_61-07_51319/merged_results.json",
      "filtered": "crData/Calidad_Total_0227/Calidad_Total_61-07_51319/filtered_results.json",
      "final": "crData/Calidad_Total_0227/Calidad_Total_61-07_51319/final_results.json",
      "statistics": "crData/Calidad_Total_0227/Calidad_Total_61-07_51319/statistics_results.json"
    },
    "61-08": {
      "base_folder": "crData/Calidad_Total_0227/Calidad_Total_61-08_51369",
      "term_results_folder": "crData/Calidad_Total_0227/Calidad_Total_61-08_51369/term_results",
      "merged": "crData/Calidad_Total_0227/Calidad_Total_61-08_51369/merged_results.json",
      "filtered": "crData/Calidad_Total_0227/Calidad_Total_61-08_51369/filtered_results.json",
      "final": "crData/Calidad_Total_0227/Calidad_Total_61-08_51369/final_results.json",
      "statistics": "crData/Calidad_Total_0227/Calidad_Total_61-08_51369/statistics_results.json"
    },
    "61-09": {
      "base_folder": "crData/Calidad_Total_0227/Calidad_Total_61-09_51420",
      "term_results_folder": "crData/Calidad_Total_0227/Calidad_Total_61-09_51420/term_results",
      "merged": "crData/Calidad_Total_0227/Calidad_Total_61-09_51420/merged_results.json",
      "filtered": "crData/Calidad_Total_0227/Calidad_Total_61-09_51420/filtered_results.json",
      "final": "crData/Calidad_Total_0227/Calidad_Total_61-09_51420/final_results.json",
      "statistics": "crData/Calidad_Total_0227/Calidad_Total_61-09_51420/statistics_results.json"
    },
    "61-10": {
      "base_folder": "crData/Calidad_Total_0227/Calidad_Total_61-10_51476",
      "term_results_folder": "crData/Calidad_Total_0227/Calidad_Total_61-10_51476/term_results",
      "merged": "crData/Calidad_Total_0227/Calidad_Total_61-10_51476/merged_results.json",
      "filtered": "crData/Calidad_Total_0227/Calidad_Total_61-10_51476/filtered_results.json",
      "final": "crData/Calidad_Total_0227/Calidad_Total_61-10_51476/final_results.json",
      "statistics": "crData/Calidad_Total_0227/Calidad_Total_61-10_51476/statistics_results.json"
    },
    "61-11": {
      "base_folder": "crData/Calidad_Total_0227/Calidad_Total_61-11_51513",
      "term_results_folder": "crData/Calidad_Total_0227/Calidad_Total_61-11_51513/term_results",
      "merged": "crData/Calidad_Total_0227/Calidad_Total_61-11_51513/merged_results.json",
      "filtered": "crData/Calidad_Total_0227/Calidad_Total_61-11_51513/filtered_results.json",
      "final": "crData/Calidad_Total_0227/Calidad_Total_61-11_51513/final_results.json",
      "statistics": "crData/Calidad_Total_0227/Calidad_Total_61-11_51513/statistics_results.json"
    },
    "61-12": {
      "base_folder": "crData/Calidad_Total_0227/Calidad_Total_61-12_51558",
      "term_results_folder": "crData/Calidad_Total_0227/Calidad_Total_61-12_51558/term_results",
      "merged": "crData/Calidad_Total_0227/Calidad_Total_61-12_51558/merged_results.json",
      "filtered": "crData/Calidad_Total_0227/Calidad_Total_61-12_51558/filtered_results.json",
      "final": "crData/Calidad_Total_0227/Calidad_Total_61-12_51558/final_results.json",
      "statistics": "crData/Calidad_Total_0227/Calidad_Total_61-12_51558/statistics_results.json"
    }
  }
}