{
  "tool_name": "Calidad Total",
  "year": "2007",
  "monthly_stats": {
    "07-01": {
      "tool_name": "Calidad Total",
      "batch_id": "07400",
      "date": "07-01",
      "initial_count": 6821,
      "filtered_count": 38,
      "final_count": 19,
      "duplicate_count": 0,
      "terms": {
        "Total": 1647,
        "Quality": 5176
      },
      "file_paths": {
        "base_folder": "crData/Calidad_Total_0227/Calidad_Total_07-01_07400",
        "term_results_folder": "crData/Calidad_Total_0227/Calidad_Total_07-01_07400/term_results",
        "merged": "crData/Calidad_Total_0227/Calidad_Total_07-01_07400/merged_results.json",
        "filtered": "crData/Calidad_Total_0227/Calidad_Total_07-01_07400/filtered_results.json",
        "final": "crData/Calidad_Total_0227/Calidad_Total_07-01_07400/final_results.json",
        "statistics": "crData/Calidad_Total_0227/Calidad_Total_07-01_07400/statistics_results.json"
      },
      "processing_time": 29.98210883140564,
      "total_crossref": 787808,
      "crossref_percentage": 0.0024117551484625697
    },
    "07-02": {
      "tool_name": "Calidad Total",
      "batch_id": "08115",
      "date": "07-02",
      "initial_count": 1630,
      "filtered_count": 2,
      "final_count": 1,
      "duplicate_count": 0,
      "terms": {
        "Total": 553,
        "Quality": 1079
      },
      "file_paths": {
        "base_folder": "crData/Calidad_Total_0227/Calidad_Total_07-02_08115",
        "term_results_folder": "crData/Calidad_Total_0227/Calidad_Total_07-02_08115/term_results",
        "merged": "crData/Calidad_Total_0227/Calidad_Total_07-02_08115/merged_results.json",
        "filtered": "crData/Calidad_Total_0227/Calidad_Total_07-02_08115/filtered_results.json",
        "final": "crData/Calidad_Total_0227/Calidad_Total_07-02_08115/final_results.json",
        "statistics": "crData/Calidad_Total_0227/Calidad_Total_07-02_08115/statistics_results.json"
      },
      "processing_time": 11.697206020355225,
      "total_crossref": 143677,
      "crossref_percentage": 0.0006960056237254398
    },
    "07-03": {
      "tool_name": "Calidad Total",
      "batch_id": "08247",
      "date": "07-03",
      "initial_count": 2190,
      "filtered_count": 8,
      "final_count": 4,
      "duplicate_count": 0,
      "terms": {
        "Total": 493,
        "Quality": 1702
      },
      "file_paths": {
        "base_folder": "crData/Calidad_Total_0227/Calidad_Total_07-03_08247",
        "term_results_folder": "crData/Calidad_Total_0227/Calidad_Total_07-03_08247/term_results",
        "merged": "crData/Calidad_Total_0227/Calidad_Total_07-03_08247/merged_results.json",
        "filtered": "crData/Calidad_Total_0227/Calidad_Total_07-03_08247/filtered_results.json",
        "final": "crData/Calidad_Total_0227/Calidad_Total_07-03_08247/final_results.json",
        "statistics": "crData/Calidad_Total_0227/Calidad_Total_07-03_08247/statistics_results.json"
      },
      "processing_time": 12.365384817123413,
      "total_crossref": 193963,
      "crossref_percentage": 0.00206224898563128
    },
    "07-04": {
      "tool_name": "Calidad Total",
      "batch_id": "08385",
      "date": "07-04",
      "initial_count": 1843,
      "filtered_count": 2,
      "final_count": 1,
      "duplicate_count": 0,
      "terms": {
        "Total": 522,
        "Quality": 1325
      },
      "file_paths": {
        "base_folder": "crData/Calidad_Total_0227/Calidad_Total_07-04_08385",
        "term_results_folder": "crData/Calidad_Total_0227/Calidad_Total_07-04_08385/term_results",
        "merged": "crData/Calidad_Total_0227/Calidad_Total_07-04_08385/merged_results.json",
        "filtered": "crData/Calidad_Total_0227/Calidad_Total_07-04_08385/filtered_results.json",
        "final": "crData/Calidad_Total_0227/Calidad_Total_07-04_08385/final_results.json",
        "statistics": "crData/Calidad_Total_0227/Calidad_Total_07-04_08385/statistics_results.json"
      },
      "processing_time": 12.37678599357605,
      "total_crossref": 185827,
      "crossref_percentage": 0.0005381349319528378
    },
    "07-05": {
      "tool_name": "Calidad Total",
      "batch_id": "08524",
      "date": "07-05",
      "initial_count": 1835,
      "filtered_count": 2,
      "final_count": 1,
      "duplicate_count": 0,
      "terms": {
        "Total": 474,
        "Quality": 1363
      },
      "file_paths": {
        "base_folder": "crData/Calidad_Total_0227/Calidad_Total_07-05_08524",
        "term_results_folder": "crData/Calidad_Total_0227/Calidad_Total_07-05_08524/term_results",
        "merged": "crData/Calidad_Total_0227/Calidad_Total_07-05_08524/merged_results.json",
        "filtered": "crData/Calidad_Total_0227/Calidad_Total_07-05_08524/filtered_results.json",
        "final": "crData/Calidad_Total_0227/Calidad_Total_07-05_08524/final_results.json",
        "statistics": "crData/Calidad_Total_0227/Calidad_Total_07-05_08524/statistics_results.json"
      },
      "processing_time": 14.358827114105225,
      "total_crossref": 170838,
      "crossref_percentage": 0.0005853498636134818
    },
    "07-06": {
      "tool_name": "Calidad Total",
      "batch_id": "09083",
      "date": "07-06",
      "initial_count": 2174,
      "filtered_count": 6,
      "final_count": 3,
      "duplicate_count": 0,
      "terms": {
        "Total": 502,
        "Quality": 1676
      },
      "file_paths": {
        "base_folder": "crData/Calidad_Total_0227/Calidad_Total_07-06_09083",
        "term_results_folder": "crData/Calidad_Total_0227/Calidad_Total_07-06_09083/term_results",
        "merged": "crData/Calidad_Total_0227/Calidad_Total_07-06_09083/merged_results.json",
        "filtered": "crData/Calidad_Total_0227/Calidad_Total_07-06_09083/filtered_results.json",
        "final": "crData/Calidad_Total_0227/Calidad_Total_07-06_09083/final_results.json",
        "statistics": "crData/Calidad_Total_0227/Calidad_Total_07-06_09083/statistics_results.json"
      },
      "processing_time": 13.070007085800171,
      "total_crossref": 209029,
      "crossref_percentage": 0.0014352075549325693
    },
    "07-07": {
      "tool_name": "Calidad Total",
      "batch_id": "09229",
      "date": "07-07",
      "initial_count": 1708,
      "filtered_count": 6,
      "final_count": 3,
      "duplicate_count": 0,
      "terms": {
        "Total": 436,
        "Quality": 1274
      },
      "file_paths": {
        "base_folder": "crData/Calidad_Total_0227/Calidad_Total_07-07_09229",
        "term_results_folder": "crData/Calidad_Total_0227/Calidad_Total_07-07_09229/term_results",
        "merged": "crData/Calidad_Total_0227/Calidad_Total_07-07_09229/merged_results.json",
        "filtered": "crData/Calidad_Total_0227/Calidad_Total_07-07_09229/filtered_results.json",
        "final": "crData/Calidad_Total_0227/Calidad_Total_07-07_09229/final_results.json",
        "statistics": "crData/Calidad_Total_0227/Calidad_Total_07-07_09229/statistics_results.json"
      },
      "processing_time": 13.393524885177612,
      "total_crossref": 164328,
      "crossref_percentage": 0.001825617058565795
    },
    "07-08": {
      "tool_name": "Calidad Total",
      "batch_id": "09378",
      "date": "07-08",
      "initial_count": 1851,
      "filtered_count": 2,
      "final_count": 1,
      "duplicate_count": 0,
      "terms": {
        "Total": 493,
        "Quality": 1360
      },
      "file_paths": {
        "base_folder": "crData/Calidad_Total_0227/Calidad_Total_07-08_09378",
        "term_results_folder": "crData/Calidad_Total_0227/Calidad_Total_07-08_09378/term_results",
        "merged": "crData/Calidad_Total_0227/Calidad_Total_07-08_09378/merged_results.json",
        "filtered": "crData/Calidad_Total_0227/Calidad_Total_07-08_09378/filtered_results.json",
        "final": "crData/Calidad_Total_0227/Calidad_Total_07-08_09378/final_results.json",
        "statistics": "crData/Calidad_Total_0227/Calidad_Total_07-08_09378/statistics_results.json"
      },
      "processing_time": 10.175214767456055,
      "total_crossref": 160550,
      "crossref_percentage": 0.0006228589224540641
    },
    "07-09": {
      "tool_name": "Calidad Total",
      "batch_id": "09494",
      "date": "07-09",
      "initial_count": 2318,
      "filtered_count": 8,
      "final_count": 4,
      "duplicate_count": 0,
      "terms": {
        "Total": 594,
        "Quality": 1728
      },
      "file_paths": {
        "base_folder": "crData/Calidad_Total_0227/Calidad_Total_07-09_09494",
        "term_results_folder": "crData/Calidad_Total_0227/Calidad_Total_07-09_09494/term_results",
        "merged": "crData/Calidad_Total_0227/Calidad_Total_07-09_09494/merged_results.json",
        "filtered": "crData/Calidad_Total_0227/Calidad_Total_07-09_09494/filtered_results.json",
        "final": "crData/Calidad_Total_0227/Calidad_Total_07-09_09494/final_results.json",
        "statistics": "crData/Calidad_Total_0227/Calidad_Total_07-09_09494/statistics_results.json"
      },
      "processing_time": 11.455920934677124,
      "total_crossref": 204587,
      "crossref_percentage": 0.001955158441152175
    },
    "07-10": {
      "tool_name": "Calidad Total",
      "batch_id": "10024",
      "date": "07-10",
      "initial_count": 2177,
      "filtered_count": 4,
      "final_count": 2,
      "duplicate_count": 0,
      "terms": {
        "Total": 543,
        "Quality": 1637
      },
      "file_paths": {
        "base_folder": "crData/Calidad_Total_0227/Calidad_Total_07-10_10024",
        "term_results_folder": "crData/Calidad_Total_0227/Calidad_Total_07-10_10024/term_results",
        "merged": "crData/Calidad_Total_0227/Calidad_Total_07-10_10024/merged_results.json",
        "filtered": "crData/Calidad_Total_0227/Calidad_Total_07-10_10024/filtered_results.json",
        "final": "crData/Calidad_Total_0227/Calidad_Total_07-10_10024/final_results.json",
        "statistics": "crData/Calidad_Total_0227/Calidad_Total_07-10_10024/statistics_results.json"
      },
      "processing_time": 14.335694074630737,
      "total_crossref": 191292,
      "crossref_percentage": 0.0010455220291491541
    },
    "07-11": {
      "tool_name": "Calidad Total",
      "batch_id": "10182",
      "date": "07-11",
      "initial_count": 1851,
      "filtered_count": 4,
      "final_count": 2,
      "duplicate_count": 0,
      "terms": {
        "Total": 497,
        "Quality": 1357
      },
      "file_paths": {
        "base_folder": "crData/Calidad_Total_0227/Calidad_Total_07-11_10182",
        "term_results_folder": "crData/Calidad_Total_0227/Calidad_Total_07-11_10182/term_results",
        "merged": "crData/Calidad_Total_0227/Calidad_Total_07-11_10182/merged_results.json",
        "filtered": "crData/Calidad_Total_0227/Calidad_Total_07-11_10182/filtered_results.json",
        "final": "crData/Calidad_Total_0227/Calidad_Total_07-11_10182/final_results.json",
        "statistics": "crData/Calidad_Total_0227/Calidad_Total_07-11_10182/statistics_results.json"
      },
      "processing_time": 10.191115140914917,
      "total_crossref": 173706,
      "crossref_percentage": 0.001151370706826477
    },
    "07-12": {
      "tool_name": "Calidad Total",
      "batch_id": "10299",
      "date": "07-12",
      "initial_count": 2549,
      "filtered_count": 8,
      "final_count": 4,
      "duplicate_count": 0,
      "terms": {
        "Total": 576,
        "Quality": 1976
      },
      "file_paths": {
        "base_folder": "crData/Calidad_Total_0227/Calidad_Total_07-12_10299",
        "term_results_folder": "crData/Calidad_Total_0227/Calidad_Total_07-12_10299/term_results",
        "merged": "crData/Calidad_Total_0227/Calidad_Total_07-12_10299/merged_results.json",
        "filtered": "crData/Calidad_Total_0227/Calidad_Total_07-12_10299/filtered_results.json",
        "final": "crData/Calidad_Total_0227/Calidad_Total_07-12_10299/final_results.json",
        "statistics": "crData/Calidad_Total_0227/Calidad_Total_07-12_10299/statistics_results.json"
      },
      "processing_time": 10.830995082855225,
      "total_crossref": 371860,
      "crossref_percentage": 0.0010756736406174368
    }
  },
  "total_duplicates": 0,
  "monthly_files": {
    "07-01": {
      "base_folder": "crData/Calidad_Total_0227/Calidad_Total_07-01_07400",
      "term_results_folder": "crData/Calidad_Total_0227/Calidad_Total_07-01_07400/term_results",
      "merged": "crData/Calidad_Total_0227/Calidad_Total_07-01_07400/merged_results.json",
      "filtered": "crData/Calidad_Total_0227/Calidad_Total_07-01_07400/filtered_results.json",
      "final": "crData/Calidad_Total_0227/Calidad_Total_07-01_07400/final_results.json",
      "statistics": "crData/Calidad_Total_0227/Calidad_Total_07-01_07400/statistics_results.json"
    },
    "07-02": {
      "base_folder": "crData/Calidad_Total_0227/Calidad_Total_07-02_08115",
      "term_results_folder": "crData/Calidad_Total_0227/Calidad_Total_07-02_08115/term_results",
      "merged": "crData/Calidad_Total_0227/Calidad_Total_07-02_08115/merged_results.json",
      "filtered": "crData/Calidad_Total_0227/Calidad_Total_07-02_08115/filtered_results.json",
      "final": "crData/Calidad_Total_0227/Calidad_Total_07-02_08115/final_results.json",
      "statistics": "crData/Calidad_Total_0227/Calidad_Total_07-02_08115/statistics_results.json"
    },
    "07-03": {
      "base_folder": "crData/Calidad_Total_0227/Calidad_Total_07-03_08247",
      "term_results_folder": "crData/Calidad_Total_0227/Calidad_Total_07-03_08247/term_results",
      "merged": "crData/Calidad_Total_0227/Calidad_Total_07-03_08247/merged_results.json",
      "filtered": "crData/Calidad_Total_0227/Calidad_Total_07-03_08247/filtered_results.json",
      "final": "crData/Calidad_Total_0227/Calidad_Total_07-03_08247/final_results.json",
      "statistics": "crData/Calidad_Total_0227/Calidad_Total_07-03_08247/statistics_results.json"
    },
    "07-04": {
      "base_folder": "crData/Calidad_Total_0227/Calidad_Total_07-04_08385",
      "term_results_folder": "crData/Calidad_Total_0227/Calidad_Total_07-04_08385/term_results",
      "merged": "crData/Calidad_Total_0227/Calidad_Total_07-04_08385/merged_results.json",
      "filtered": "crData/Calidad_Total_0227/Calidad_Total_07-04_08385/filtered_results.json",
      "final": "crData/Calidad_Total_0227/Calidad_Total_07-04_08385/final_results.json",
      "statistics": "crData/Calidad_Total_0227/Calidad_Total_07-04_08385/statistics_results.json"
    },
    "07-05": {
      "base_folder": "crData/Calidad_Total_0227/Calidad_Total_07-05_08524",
      "term_results_folder": "crData/Calidad_Total_0227/Calidad_Total_07-05_08524/term_results",
      "merged": "crData/Calidad_Total_0227/Calidad_Total_07-05_08524/merged_results.json",
      "filtered": "crData/Calidad_Total_0227/Calidad_Total_07-05_08524/filtered_results.json",
      "final": "crData/Calidad_Total_0227/Calidad_Total_07-05_08524/final_results.json",
      "statistics": "crData/Calidad_Total_0227/Calidad_Total_07-05_08524/statistics_results.json"
    },
    "07-06": {
      "base_folder": "crData/Calidad_Total_0227/Calidad_Total_07-06_09083",
      "term_results_folder": "crData/Calidad_Total_0227/Calidad_Total_07-06_09083/term_results",
      "merged": "crData/Calidad_Total_0227/Calidad_Total_07-06_09083/merged_results.json",
      "filtered": "crData/Calidad_Total_0227/Calidad_Total_07-06_09083/filtered_results.json",
      "final": "crData/Calidad_Total_0227/Calidad_Total_07-06_09083/final_results.json",
      "statistics": "crData/Calidad_Total_0227/Calidad_Total_07-06_09083/statistics_results.json"
    },
    "07-07": {
      "base_folder": "crData/Calidad_Total_0227/Calidad_Total_07-07_09229",
      "term_results_folder": "crData/Calidad_Total_0227/Calidad_Total_07-07_09229/term_results",
      "merged": "crData/Calidad_Total_0227/Calidad_Total_07-07_09229/merged_results.json",
      "filtered": "crData/Calidad_Total_0227/Calidad_Total_07-07_09229/filtered_results.json",
      "final": "crData/Calidad_Total_0227/Calidad_Total_07-07_09229/final_results.json",
      "statistics": "crData/Calidad_Total_0227/Calidad_Total_07-07_09229/statistics_results.json"
    },
    "07-08": {
      "base_folder": "crData/Calidad_Total_0227/Calidad_Total_07-08_09378",
      "term_results_folder": "crData/Calidad_Total_0227/Calidad_Total_07-08_09378/term_results",
      "merged": "crData/Calidad_Total_0227/Calidad_Total_07-08_09378/merged_results.json",
      "filtered": "crData/Calidad_Total_0227/Calidad_Total_07-08_09378/filtered_results.json",
      "final": "crData/Calidad_Total_0227/Calidad_Total_07-08_09378/final_results.json",
      "statistics": "crData/Calidad_Total_0227/Calidad_Total_07-08_09378/statistics_results.json"
    },
    "07-09": {
      "base_folder": "crData/Calidad_Total_0227/Calidad_Total_07-09_09494",
      "term_results_folder": "crData/Calidad_Total_0227/Calidad_Total_07-09_09494/term_results",
      "merged": "crData/Calidad_Total_0227/Calidad_Total_07-09_09494/merged_results.json",
      "filtered": "crData/Calidad_Total_0227/Calidad_Total_07-09_09494/filtered_results.json",
      "final": "crData/Calidad_Total_0227/Calidad_Total_07-09_09494/final_results.json",
      "statistics": "crData/Calidad_Total_0227/Calidad_Total_07-09_09494/statistics_results.json"
    },
    "07-10": {
      "base_folder": "crData/Calidad_Total_0227/Calidad_Total_07-10_10024",
      "term_results_folder": "crData/Calidad_Total_0227/Calidad_Total_07-10_10024/term_results",
      "merged": "crData/Calidad_Total_0227/Calidad_Total_07-10_10024/merged_results.json",
      "filtered": "crData/Calidad_Total_0227/Calidad_Total_07-10_10024/filtered_results.json",
      "final": "crData/Calidad_Total_0227/Calidad_Total_07-10_10024/final_results.json",
      "statistics": "crData/Calidad_Total_0227/Calidad_Total_07-10_10024/statistics_results.json"
    },
    "07-11": {
      "base_folder": "crData/Calidad_Total_0227/Calidad_Total_07-11_10182",
      "term_results_folder": "crData/Calidad_Total_0227/Calidad_Total_07-11_10182/term_results",
      "merged": "crData/Calidad_Total_0227/Calidad_Total_07-11_10182/merged_results.json",
      "filtered": "crData/Calidad_Total_0227/Calidad_Total_07-11_10182/filtered_results.json",
      "final": "crData/Calidad_Total_0227/Calidad_Total_07-11_10182/final_results.json",
      "statistics": "crData/Calidad_Total_0227/Calidad_Total_07-11_10182/statistics_results.json"
    },
    "07-12": {
      "base_folder": "crData/Calidad_Total_0227/Calidad_Total_07-12_10299",
      "term_results_folder": "crData/Calidad_Total_0227/Calidad_Total_07-12_10299/term_results",
      "merged": "crData/Calidad_Total_0227/Calidad_Total_07-12_10299/merged_results.json",
      "filtered": "crData/Calidad_Total_0227/Calidad_Total_07-12_10299/filtered_results.json",
      "final": "crData/Calidad_Total_0227/Calidad_Total_07-12_10299/final_results.json",
      "statistics": "crData/Calidad_Total_0227/Calidad_Total_07-12_10299/statistics_results.json"
    }
  }
}