{
  "tool_name": "Calidad Total",
  "year": "1957",
  "monthly_stats": {
    "57-01": {
      "tool_name": "Calidad Total",
      "batch_id": "47042",
      "date": "57-01",
      "initial_count": 169,
      "filtered_count": 0,
      "final_count": 0,
      "duplicate_count": 0,
      "terms": {
        "Total": 80,
        "Quality": 89
      },
      "file_paths": {
        "base_folder": "crData/Calidad_Total_0227/Calidad_Total_57-01_47042",
        "term_results_folder": "crData/Calidad_Total_0227/Calidad_Total_57-01_47042/term_results",
        "merged": "crData/Calidad_Total_0227/Calidad_Total_57-01_47042/merged_results.json",
        "filtered": "crData/Calidad_Total_0227/Calidad_Total_57-01_47042/filtered_results.json",
        "final": "crData/Calidad_Total_0227/Calidad_Total_57-01_47042/final_results.json",
        "statistics": "crData/Calidad_Total_0227/Calidad_Total_57-01_47042/statistics_results.json"
      },
      "processing_time": 3.143995761871338,
      "total_crossref": 71905,
      "crossref_percentage": 0.0
    },
    "57-02": {
      "tool_name": "Calidad Total",
      "batch_id": "47088",
      "date": "57-02",
      "initial_count": 30,
      "filtered_count": 0,
      "final_count": 0,
      "duplicate_count": 0,
      "terms": {
        "Total": 18,
        "Quality": 12
      },
      "file_paths": {
        "base_folder": "crData/Calidad_Total_0227/Calidad_Total_57-02_47088",
        "term_results_folder": "crData/Calidad_Total_0227/Calidad_Total_57-02_47088/term_results",
        "merged": "crData/Calidad_Total_0227/Calidad_Total_57-02_47088/merged_results.json",
        "filtered": "crData/Calidad_Total_0227/Calidad_Total_57-02_47088/filtered_results.json",
        "final": "crData/Calidad_Total_0227/Calidad_Total_57-02_47088/final_results.json",
        "statistics": "crData/Calidad_Total_0227/Calidad_Total_57-02_47088/statistics_results.json"
      },
      "processing_time": 3.947086811065674,
      "total_crossref": 10665,
      "crossref_percentage": 0.0
    },
    "57-03": {
      "tool_name": "Calidad Total",
      "batch_id": "47143",
      "date": "57-03",
      "initial_count": 45,
      "filtered_count": 0,
      "final_count": 0,
      "duplicate_count": 0,
      "terms": {
        "Total": 30,
        "Quality": 15
      },
      "file_paths": {
        "base_folder": "crData/Calidad_Total_0227/Calidad_Total_57-03_47143",
        "term_results_folder": "crData/Calidad_Total_0227/Calidad_Total_57-03_47143/term_results",
        "merged": "crData/Calidad_Total_0227/Calidad_Total_57-03_47143/merged_results.json",
        "filtered": "crData/Calidad_Total_0227/Calidad_Total_57-03_47143/filtered_results.json",
        "final": "crData/Calidad_Total_0227/Calidad_Total_57-03_47143/final_results.json",
        "statistics": "crData/Calidad_Total_0227/Calidad_Total_57-03_47143/statistics_results.json"
      },
      "processing_time": 2.9859678745269775,
      "total_crossref": 14980,
      "crossref_percentage": 0.0
    },
    "57-04": {
      "tool_name": "Calidad Total",
      "batch_id": "47188",
      "date": "57-04",
      "initial_count": 33,
      "filtered_count": 0,
      "final_count": 0,
      "duplicate_count": 0,
      "terms": {
        "Total": 16,
        "Quality": 17
      },
      "file_paths": {
        "base_folder": "crData/Calidad_Total_0227/Calidad_Total_57-04_47188",
        "term_results_folder": "crData/Calidad_Total_0227/Calidad_Total_57-04_47188/term_results",
        "merged": "crData/Calidad_Total_0227/Calidad_Total_57-04_47188/merged_results.json",
        "filtered": "crData/Calidad_Total_0227/Calidad_Total_57-04_47188/filtered_results.json",
        "final": "crData/Calidad_Total_0227/Calidad_Total_57-04_47188/final_results.json",
        "statistics": "crData/Calidad_Total_0227/Calidad_Total_57-04_47188/statistics_results.json"
      },
      "processing_time": 2.7327611446380615,
      "total_crossref": 14446,
      "crossref_percentage": 0.0
    },
    "57-05": {
      "tool_name": "Calidad Total",
      "batch_id": "47230",
      "date": "57-05",
      "initial_count": 28,
      "filtered_count": 0,
      "final_count": 0,
      "duplicate_count": 0,
      "terms": {
        "Total": 16,
        "Quality": 12
      },
      "file_paths": {
        "base_folder": "crData/Calidad_Total_0227/Calidad_Total_57-05_47230",
        "term_results_folder": "crData/Calidad_Total_0227/Calidad_Total_57-05_47230/term_results",
        "merged": "crData/Calidad_Total_0227/Calidad_Total_57-05_47230/merged_results.json",
        "filtered": "crData/Calidad_Total_0227/Calidad_Total_57-05_47230/filtered_results.json",
        "final": "crData/Calidad_Total_0227/Calidad_Total_57-05_47230/final_results.json",
        "statistics": "crData/Calidad_Total_0227/Calidad_Total_57-05_47230/statistics_results.json"
      },
      "processing_time": 3.251105785369873,
      "total_crossref": 11554,
      "crossref_percentage": 0.0
    },
    "57-06": {
      "tool_name": "Calidad Total",
      "batch_id": "47278",
      "date": "57-06",
      "initial_count": 40,
      "filtered_count": 0,
      "final_count": 0,
      "duplicate_count": 0,
      "terms": {
        "Total": 15,
        "Quality": 25
      },
      "file_paths": {
        "base_folder": "crData/Calidad_Total_0227/Calidad_Total_57-06_47278",
        "term_results_folder": "crData/Calidad_Total_0227/Calidad_Total_57-06_47278/term_results",
        "merged": "crData/Calidad_Total_0227/Calidad_Total_57-06_47278/merged_results.json",
        "filtered": "crData/Calidad_Total_0227/Calidad_Total_57-06_47278/filtered_results.json",
        "final": "crData/Calidad_Total_0227/Calidad_Total_57-06_47278/final_results.json",
        "statistics": "crData/Calidad_Total_0227/Calidad_Total_57-06_47278/statistics_results.json"
      },
      "processing_time": 3.7367489337921143,
      "total_crossref": 13839,
      "crossref_percentage": 0.0
    },
    "57-07": {
      "tool_name": "Calidad Total",
      "batch_id": "47330",
      "date": "57-07",
      "initial_count": 31,
      "filtered_count": 0,
      "final_count": 0,
      "duplicate_count": 0,
      "terms": {
        "Total": 14,
        "Quality": 17
      },
      "file_paths": {
        "base_folder": "crData/Calidad_Total_0227/Calidad_Total_57-07_47330",
        "term_results_folder": "crData/Calidad_Total_0227/Calidad_Total_57-07_47330/term_results",
        "merged": "crData/Calidad_Total_0227/Calidad_Total_57-07_47330/merged_results.json",
        "filtered": "crData/Calidad_Total_0227/Calidad_Total_57-07_47330/filtered_results.json",
        "final": "crData/Calidad_Total_0227/Calidad_Total_57-07_47330/final_results.json",
        "statistics": "crData/Calidad_Total_0227/Calidad_Total_57-07_47330/statistics_results.json"
      },
      "processing_time": 3.8079118728637695,
      "total_crossref": 12444,
      "crossref_percentage": 0.0
    },
    "57-08": {
      "tool_name": "Calidad Total",
      "batch_id": "47384",
      "date": "57-08",
      "initial_count": 38,
      "filtered_count": 0,
      "final_count": 0,
      "duplicate_count": 0,
      "terms": {
        "Total": 10,
        "Quality": 28
      },
      "file_paths": {
        "base_folder": "crData/Calidad_Total_0227/Calidad_Total_57-08_47384",
        "term_results_folder": "crData/Calidad_Total_0227/Calidad_Total_57-08_47384/term_results",
        "merged": "crData/Calidad_Total_0227/Calidad_Total_57-08_47384/merged_results.json",
        "filtered": "crData/Calidad_Total_0227/Calidad_Total_57-08_47384/filtered_results.json",
        "final": "crData/Calidad_Total_0227/Calidad_Total_57-08_47384/final_results.json",
        "statistics": "crData/Calidad_Total_0227/Calidad_Total_57-08_47384/statistics_results.json"
      },
      "processing_time": 3.9373779296875,
      "total_crossref": 10044,
      "crossref_percentage": 0.0
    },
    "57-09": {
      "tool_name": "Calidad Total",
      "batch_id": "47438",
      "date": "57-09",
      "initial_count": 35,
      "filtered_count": 0,
      "final_count": 0,
      "duplicate_count": 0,
      "terms": {
        "Total": 16,
        "Quality": 19
      },
      "file_paths": {
        "base_folder": "crData/Calidad_Total_0227/Calidad_Total_57-09_47438",
        "term_results_folder": "crData/Calidad_Total_0227/Calidad_Total_57-09_47438/term_results",
        "merged": "crData/Calidad_Total_0227/Calidad_Total_57-09_47438/merged_results.json",
        "filtered": "crData/Calidad_Total_0227/Calidad_Total_57-09_47438/filtered_results.json",
        "final": "crData/Calidad_Total_0227/Calidad_Total_57-09_47438/final_results.json",
        "statistics": "crData/Calidad_Total_0227/Calidad_Total_57-09_47438/statistics_results.json"
      },
      "processing_time": 3.3633270263671875,
      "total_crossref": 13287,
      "crossref_percentage": 0.0
    },
    "57-10": {
      "tool_name": "Calidad Total",
      "batch_id": "47487",
      "date": "57-10",
      "initial_count": 51,
      "filtered_count": 0,
      "final_count": 0,
      "duplicate_count": 0,
      "terms": {
        "Total": 29,
        "Quality": 22
      },
      "file_paths": {
        "base_folder": "crData/Calidad_Total_0227/Calidad_Total_57-10_47487",
        "term_results_folder": "crData/Calidad_Total_0227/Calidad_Total_57-10_47487/term_results",
        "merged": "crData/Calidad_Total_0227/Calidad_Total_57-10_47487/merged_results.json",
        "filtered": "crData/Calidad_Total_0227/Calidad_Total_57-10_47487/filtered_results.json",
        "final": "crData/Calidad_Total_0227/Calidad_Total_57-10_47487/final_results.json",
        "statistics": "crData/Calidad_Total_0227/Calidad_Total_57-10_47487/statistics_results.json"
      },
      "processing_time": 2.3708889484405518,
      "total_crossref": 13939,
      "crossref_percentage": 0.0
    },
    "57-11": {
      "tool_name": "Calidad Total",
      "batch_id": "47525",
      "date": "57-11",
      "initial_count": 45,
      "filtered_count": 0,
      "final_count": 0,
      "duplicate_count": 0,
      "terms": {
        "Total": 17,
        "Quality": 28
      },
      "file_paths": {
        "base_folder": "crData/Calidad_Total_0227/Calidad_Total_57-11_47525",
        "term_results_folder": "crData/Calidad_Total_0227/Calidad_Total_57-11_47525/term_results",
        "merged": "crData/Calidad_Total_0227/Calidad_Total_57-11_47525/merged_results.json",
        "filtered": "crData/Calidad_Total_0227/Calidad_Total_57-11_47525/filtered_results.json",
        "final": "crData/Calidad_Total_0227/Calidad_Total_57-11_47525/final_results.json",
        "statistics": "crData/Calidad_Total_0227/Calidad_Total_57-11_47525/statistics_results.json"
      },
      "processing_time": 3.6141140460968018,
      "total_crossref": 12105,
      "crossref_percentage": 0.0
    },
    "57-12": {
      "tool_name": "Calidad Total",
      "batch_id": "47577",
      "date": "57-12",
      "initial_count": 40,
      "filtered_count": 0,
      "final_count": 0,
      "duplicate_count": 0,
      "terms": {
        "Total": 20,
        "Quality": 20
      },
      "file_paths": {
        "base_folder": "crData/Calidad_Total_0227/Calidad_Total_57-12_47577",
        "term_results_folder": "crData/Calidad_Total_0227/Calidad_Total_57-12_47577/term_results",
        "merged": "crData/Calidad_Total_0227/Calidad_Total_57-12_47577/merged_results.json",
        "filtered": "crData/Calidad_Total_0227/Calidad_Total_57-12_47577/filtered_results.json",
        "final": "crData/Calidad_Total_0227/Calidad_Total_57-12_47577/final_results.json",
        "statistics": "crData/Calidad_Total_0227/Calidad_Total_57-12_47577/statistics_results.json"
      },
      "processing_time": 2.4800009727478027,
      "total_crossref": 24944,
      "crossref_percentage": 0.0
    }
  },
  "total_duplicates": 0,
  "monthly_files": {
    "57-01": {
      "base_folder": "crData/Calidad_Total_0227/Calidad_Total_57-01_47042",
      "term_results_folder": "crData/Calidad_Total_0227/Calidad_Total_57-01_47042/term_results",
      "merged": "crData/Calidad_Total_0227/Calidad_Total_57-01_47042/merged_results.json",
      "filtered": "crData/Calidad_Total_0227/Calidad_Total_57-01_47042/filtered_results.json",
      "final": "crData/Calidad_Total_0227/Calidad_Total_57-01_47042/final_results.json",
      "statistics": "crData/Calidad_Total_0227/Calidad_Total_57-01_47042/statistics_results.json"
    },
    "57-02": {
      "base_folder": "crData/Calidad_Total_0227/Calidad_Total_57-02_47088",
      "term_results_folder": "crData/Calidad_Total_0227/Calidad_Total_57-02_47088/term_results",
      "merged": "crData/Calidad_Total_0227/Calidad_Total_57-02_47088/merged_results.json",
      "filtered": "crData/Calidad_Total_0227/Calidad_Total_57-02_47088/filtered_results.json",
      "final": "crData/Calidad_Total_0227/Calidad_Total_57-02_47088/final_results.json",
      "statistics": "crData/Calidad_Total_0227/Calidad_Total_57-02_47088/statistics_results.json"
    },
    "57-03": {
      "base_folder": "crData/Calidad_Total_0227/Calidad_Total_57-03_47143",
      "term_results_folder": "crData/Calidad_Total_0227/Calidad_Total_57-03_47143/term_results",
      "merged": "crData/Calidad_Total_0227/Calidad_Total_57-03_47143/merged_results.json",
      "filtered": "crData/Calidad_Total_0227/Calidad_Total_57-03_47143/filtered_results.json",
      "final": "crData/Calidad_Total_0227/Calidad_Total_57-03_47143/final_results.json",
      "statistics": "crData/Calidad_Total_0227/Calidad_Total_57-03_47143/statistics_results.json"
    },
    "57-04": {
      "base_folder": "crData/Calidad_Total_0227/Calidad_Total_57-04_47188",
      "term_results_folder": "crData/Calidad_Total_0227/Calidad_Total_57-04_47188/term_results",
      "merged": "crData/Calidad_Total_0227/Calidad_Total_57-04_47188/merged_results.json",
      "filtered": "crData/Calidad_Total_0227/Calidad_Total_57-04_47188/filtered_results.json",
      "final": "crData/Calidad_Total_0227/Calidad_Total_57-04_47188/final_results.json",
      "statistics": "crData/Calidad_Total_0227/Calidad_Total_57-04_47188/statistics_results.json"
    },
    "57-05": {
      "base_folder": "crData/Calidad_Total_0227/Calidad_Total_57-05_47230",
      "term_results_folder": "crData/Calidad_Total_0227/Calidad_Total_57-05_47230/term_results",
      "merged": "crData/Calidad_Total_0227/Calidad_Total_57-05_47230/merged_results.json",
      "filtered": "crData/Calidad_Total_0227/Calidad_Total_57-05_47230/filtered_results.json",
      "final": "crData/Calidad_Total_0227/Calidad_Total_57-05_47230/final_results.json",
      "statistics": "crData/Calidad_Total_0227/Calidad_Total_57-05_47230/statistics_results.json"
    },
    "57-06": {
      "base_folder": "crData/Calidad_Total_0227/Calidad_Total_57-06_47278",
      "term_results_folder": "crData/Calidad_Total_0227/Calidad_Total_57-06_47278/term_results",
      "merged": "crData/Calidad_Total_0227/Calidad_Total_57-06_47278/merged_results.json",
      "filtered": "crData/Calidad_Total_0227/Calidad_Total_57-06_47278/filtered_results.json",
      "final": "crData/Calidad_Total_0227/Calidad_Total_57-06_47278/final_results.json",
      "statistics": "crData/Calidad_Total_0227/Calidad_Total_57-06_47278/statistics_results.json"
    },
    "57-07": {
      "base_folder": "crData/Calidad_Total_0227/Calidad_Total_57-07_47330",
      "term_results_folder": "crData/Calidad_Total_0227/Calidad_Total_57-07_47330/term_results",
      "merged": "crData/Calidad_Total_0227/Calidad_Total_57-07_47330/merged_results.json",
      "filtered": "crData/Calidad_Total_0227/Calidad_Total_57-07_47330/filtered_results.json",
      "final": "crData/Calidad_Total_0227/Calidad_Total_57-07_47330/final_results.json",
      "statistics": "crData/Calidad_Total_0227/Calidad_Total_57-07_47330/statistics_results.json"
    },
    "57-08": {
      "base_folder": "crData/Calidad_Total_0227/Calidad_Total_57-08_47384",
      "term_results_folder": "crData/Calidad_Total_0227/Calidad_Total_57-08_47384/term_results",
      "merged": "crData/Calidad_Total_0227/Calidad_Total_57-08_47384/merged_results.json",
      "filtered": "crData/Calidad_Total_0227/Calidad_Total_57-08_47384/filtered_results.json",
      "final": "crData/Calidad_Total_0227/Calidad_Total_57-08_47384/final_results.json",
      "statistics": "crData/Calidad_Total_0227/Calidad_Total_57-08_47384/statistics_results.json"
    },
    "57-09": {
      "base_folder": "crData/Calidad_Total_0227/Calidad_Total_57-09_47438",
      "term_results_folder": "crData/Calidad_Total_0227/Calidad_Total_57-09_47438/term_results",
      "merged": "crData/Calidad_Total_0227/Calidad_Total_57-09_47438/merged_results.json",
      "filtered": "crData/Calidad_Total_0227/Calidad_Total_57-09_47438/filtered_results.json",
      "final": "crData/Calidad_Total_0227/Calidad_Total_57-09_47438/final_results.json",
      "statistics": "crData/Calidad_Total_0227/Calidad_Total_57-09_47438/statistics_results.json"
    },
    "57-10": {
      "base_folder": "crData/Calidad_Total_0227/Calidad_Total_57-10_47487",
      "term_results_folder": "crData/Calidad_Total_0227/Calidad_Total_57-10_47487/term_results",
      "merged": "crData/Calidad_Total_0227/Calidad_Total_57-10_47487/merged_results.json",
      "filtered": "crData/Calidad_Total_0227/Calidad_Total_57-10_47487/filtered_results.json",
      "final": "crData/Calidad_Total_0227/Calidad_Total_57-10_47487/final_results.json",
      "statistics": "crData/Calidad_Total_0227/Calidad_Total_57-10_47487/statistics_results.json"
    },
    "57-11": {
      "base_folder": "crData/Calidad_Total_0227/Calidad_Total_57-11_47525",
      "term_results_folder": "crData/Calidad_Total_0227/Calidad_Total_57-11_47525/term_results",
      "merged": "crData/Calidad_Total_0227/Calidad_Total_57-11_47525/merged_results.json",
      "filtered": "crData/Calidad_Total_0227/Calidad_Total_57-11_47525/filtered_results.json",
      "final": "crData/Calidad_Total_0227/Calidad_Total_57-11_47525/final_results.json",
      "statistics": "crData/Calidad_Total_0227/Calidad_Total_57-11_47525/statistics_results.json"
    },
    "57-12": {
      "base_folder": "crData/Calidad_Total_0227/Calidad_Total_57-12_47577",
      "term_results_folder": "crData/Calidad_Total_0227/Calidad_Total_57-12_47577/term_results",
      "merged": "crData/Calidad_Total_0227/Calidad_Total_57-12_47577/merged_results.json",
      "filtered": "crData/Calidad_Total_0227/Calidad_Total_57-12_47577/filtered_results.json",
      "final": "crData/Calidad_Total_0227/Calidad_Total_57-12_47577/final_results.json",
      "statistics": "crData/Calidad_Total_0227/Calidad_Total_57-12_47577/statistics_results.json"
    }
  }
}