{
  "tool_name": "Calidad Total",
  "year": "1962",
  "monthly_stats": {
    "62-01": {
      "tool_name": "Calidad Total",
      "batch_id": "52035",
      "date": "62-01",
      "initial_count": 211,
      "filtered_count": 0,
      "final_count": 0,
      "duplicate_count": 0,
      "terms": {
        "Total": 91,
        "Quality": 120
      },
      "file_paths": {
        "base_folder": "crData/Calidad_Total_0227/Calidad_Total_62-01_52035",
        "term_results_folder": "crData/Calidad_Total_0227/Calidad_Total_62-01_52035/term_results",
        "merged": "crData/Calidad_Total_0227/Calidad_Total_62-01_52035/merged_results.json",
        "filtered": "crData/Calidad_Total_0227/Calidad_Total_62-01_52035/filtered_results.json",
        "final": "crData/Calidad_Total_0227/Calidad_Total_62-01_52035/final_results.json",
        "statistics": "crData/Calidad_Total_0227/Calidad_Total_62-01_52035/statistics_results.json"
      },
      "processing_time": 3.779985189437866,
      "total_crossref": 96241,
      "crossref_percentage": 0.0
    },
    "62-02": {
      "tool_name": "Calidad Total",
      "batch_id": "52088",
      "date": "62-02",
      "initial_count": 51,
      "filtered_count": 0,
      "final_count": 0,
      "duplicate_count": 0,
      "terms": {
        "Total": 35,
        "Quality": 16
      },
      "file_paths": {
        "base_folder": "crData/Calidad_Total_0227/Calidad_Total_62-02_52088",
        "term_results_folder": "crData/Calidad_Total_0227/Calidad_Total_62-02_52088/term_results",
        "merged": "crData/Calidad_Total_0227/Calidad_Total_62-02_52088/merged_results.json",
        "filtered": "crData/Calidad_Total_0227/Calidad_Total_62-02_52088/filtered_results.json",
        "final": "crData/Calidad_Total_0227/Calidad_Total_62-02_52088/final_results.json",
        "statistics": "crData/Calidad_Total_0227/Calidad_Total_62-02_52088/statistics_results.json"
      },
      "processing_time": 3.8755719661712646,
      "total_crossref": 13632,
      "crossref_percentage": 0.0
    },
    "62-03": {
      "tool_name": "Calidad Total",
      "batch_id": "52142",
      "date": "62-03",
      "initial_count": 42,
      "filtered_count": 0,
      "final_count": 0,
      "duplicate_count": 0,
      "terms": {
        "Total": 23,
        "Quality": 19
      },
      "file_paths": {
        "base_folder": "crData/Calidad_Total_0227/Calidad_Total_62-03_52142",
        "term_results_folder": "crData/Calidad_Total_0227/Calidad_Total_62-03_52142/term_results",
        "merged": "crData/Calidad_Total_0227/Calidad_Total_62-03_52142/merged_results.json",
        "filtered": "crData/Calidad_Total_0227/Calidad_Total_62-03_52142/filtered_results.json",
        "final": "crData/Calidad_Total_0227/Calidad_Total_62-03_52142/final_results.json",
        "statistics": "crData/Calidad_Total_0227/Calidad_Total_62-03_52142/statistics_results.json"
      },
      "processing_time": 2.7013607025146484,
      "total_crossref": 20099,
      "crossref_percentage": 0.0
    },
    "62-04": {
      "tool_name": "Calidad Total",
      "batch_id": "52184",
      "date": "62-04",
      "initial_count": 54,
      "filtered_count": 0,
      "final_count": 0,
      "duplicate_count": 0,
      "terms": {
        "Total": 34,
        "Quality": 20
      },
      "file_paths": {
        "base_folder": "crData/Calidad_Total_0227/Calidad_Total_62-04_52184",
        "term_results_folder": "crData/Calidad_Total_0227/Calidad_Total_62-04_52184/term_results",
        "merged": "crData/Calidad_Total_0227/Calidad_Total_62-04_52184/merged_results.json",
        "filtered": "crData/Calidad_Total_0227/Calidad_Total_62-04_52184/filtered_results.json",
        "final": "crData/Calidad_Total_0227/Calidad_Total_62-04_52184/final_results.json",
        "statistics": "crData/Calidad_Total_0227/Calidad_Total_62-04_52184/statistics_results.json"
      },
      "processing_time": 3.4731671810150146,
      "total_crossref": 17898,
      "crossref_percentage": 0.0
    },
    "62-05": {
      "tool_name": "Calidad Total",
      "batch_id": "52234",
      "date": "62-05",
      "initial_count": 75,
      "filtered_count": 0,
      "final_count": 0,
      "duplicate_count": 0,
      "terms": {
        "Total": 39,
        "Quality": 36
      },
      "file_paths": {
        "base_folder": "crData/Calidad_Total_0227/Calidad_Total_62-05_52234",
        "term_results_folder": "crData/Calidad_Total_0227/Calidad_Total_62-05_52234/term_results",
        "merged": "crData/Calidad_Total_0227/Calidad_Total_62-05_52234/merged_results.json",
        "filtered": "crData/Calidad_Total_0227/Calidad_Total_62-05_52234/filtered_results.json",
        "final": "crData/Calidad_Total_0227/Calidad_Total_62-05_52234/final_results.json",
        "statistics": "crData/Calidad_Total_0227/Calidad_Total_62-05_52234/statistics_results.json"
      },
      "processing_time": 2.887695789337158,
      "total_crossref": 16277,
      "crossref_percentage": 0.0
    },
    "62-06": {
      "tool_name": "Calidad Total",
      "batch_id": "52278",
      "date": "62-06",
      "initial_count": 43,
      "filtered_count": 0,
      "final_count": 0,
      "duplicate_count": 0,
      "terms": {
        "Total": 23,
        "Quality": 20
      },
      "file_paths": {
        "base_folder": "crData/Calidad_Total_0227/Calidad_Total_62-06_52278",
        "term_results_folder": "crData/Calidad_Total_0227/Calidad_Total_62-06_52278/term_results",
        "merged": "crData/Calidad_Total_0227/Calidad_Total_62-06_52278/merged_results.json",
        "filtered": "crData/Calidad_Total_0227/Calidad_Total_62-06_52278/filtered_results.json",
        "final": "crData/Calidad_Total_0227/Calidad_Total_62-06_52278/final_results.json",
        "statistics": "crData/Calidad_Total_0227/Calidad_Total_62-06_52278/statistics_results.json"
      },
      "processing_time": 4.452591180801392,
      "total_crossref": 17428,
      "crossref_percentage": 0.0
    },
    "62-07": {
      "tool_name": "Calidad Total",
      "batch_id": "52337",
      "date": "62-07",
      "initial_count": 58,
      "filtered_count": 0,
      "final_count": 0,
      "duplicate_count": 0,
      "terms": {
        "Total": 23,
        "Quality": 35
      },
      "file_paths": {
        "base_folder": "crData/Calidad_Total_0227/Calidad_Total_62-07_52337",
        "term_results_folder": "crData/Calidad_Total_0227/Calidad_Total_62-07_52337/term_results",
        "merged": "crData/Calidad_Total_0227/Calidad_Total_62-07_52337/merged_results.json",
        "filtered": "crData/Calidad_Total_0227/Calidad_Total_62-07_52337/filtered_results.json",
        "final": "crData/Calidad_Total_0227/Calidad_Total_62-07_52337/final_results.json",
        "statistics": "crData/Calidad_Total_0227/Calidad_Total_62-07_52337/statistics_results.json"
      },
      "processing_time": 4.124145269393921,
      "total_crossref": 18249,
      "crossref_percentage": 0.0
    },
    "62-08": {
      "tool_name": "Calidad Total",
      "batch_id": "52394",
      "date": "62-08",
      "initial_count": 34,
      "filtered_count": 0,
      "final_count": 0,
      "duplicate_count": 0,
      "terms": {
        "Total": 22,
        "Quality": 12
      },
      "file_paths": {
        "base_folder": "crData/Calidad_Total_0227/Calidad_Total_62-08_52394",
        "term_results_folder": "crData/Calidad_Total_0227/Calidad_Total_62-08_52394/term_results",
        "merged": "crData/Calidad_Total_0227/Calidad_Total_62-08_52394/merged_results.json",
        "filtered": "crData/Calidad_Total_0227/Calidad_Total_62-08_52394/filtered_results.json",
        "final": "crData/Calidad_Total_0227/Calidad_Total_62-08_52394/final_results.json",
        "statistics": "crData/Calidad_Total_0227/Calidad_Total_62-08_52394/statistics_results.json"
      },
      "processing_time": 2.3509409427642822,
      "total_crossref": 12965,
      "crossref_percentage": 0.0
    },
    "62-09": {
      "tool_name": "Calidad Total",
      "batch_id": "52432",
      "date": "62-09",
      "initial_count": 52,
      "filtered_count": 0,
      "final_count": 0,
      "duplicate_count": 0,
      "terms": {
        "Total": 36,
        "Quality": 16
      },
      "file_paths": {
        "base_folder": "crData/Calidad_Total_0227/Calidad_Total_62-09_52432",
        "term_results_folder": "crData/Calidad_Total_0227/Calidad_Total_62-09_52432/term_results",
        "merged": "crData/Calidad_Total_0227/Calidad_Total_62-09_52432/merged_results.json",
        "filtered": "crData/Calidad_Total_0227/Calidad_Total_62-09_52432/filtered_results.json",
        "final": "crData/Calidad_Total_0227/Calidad_Total_62-09_52432/final_results.json",
        "statistics": "crData/Calidad_Total_0227/Calidad_Total_62-09_52432/statistics_results.json"
      },
      "processing_time": 3.942656993865967,
      "total_crossref": 18203,
      "crossref_percentage": 0.0
    },
    "62-10": {
      "tool_name": "Calidad Total",
      "batch_id": "52487",
      "date": "62-10",
      "initial_count": 62,
      "filtered_count": 0,
      "final_count": 0,
      "duplicate_count": 0,
      "terms": {
        "Total": 30,
        "Quality": 32
      },
      "file_paths": {
        "base_folder": "crData/Calidad_Total_0227/Calidad_Total_62-10_52487",
        "term_results_folder": "crData/Calidad_Total_0227/Calidad_Total_62-10_52487/term_results",
        "merged": "crData/Calidad_Total_0227/Calidad_Total_62-10_52487/merged_results.json",
        "filtered": "crData/Calidad_Total_0227/Calidad_Total_62-10_52487/filtered_results.json",
        "final": "crData/Calidad_Total_0227/Calidad_Total_62-10_52487/final_results.json",
        "statistics": "crData/Calidad_Total_0227/Calidad_Total_62-10_52487/statistics_results.json"
      },
      "processing_time": 1.7505989074707031,
      "total_crossref": 18014,
      "crossref_percentage": 0.0
    },
    "62-11": {
      "tool_name": "Calidad Total",
      "batch_id": "52519",
      "date": "62-11",
      "initial_count": 67,
      "filtered_count": 0,
      "final_count": 0,
      "duplicate_count": 0,
      "terms": {
        "Total": 40,
        "Quality": 27
      },
      "file_paths": {
        "base_folder": "crData/Calidad_Total_0227/Calidad_Total_62-11_52519",
        "term_results_folder": "crData/Calidad_Total_0227/Calidad_Total_62-11_52519/term_results",
        "merged": "crData/Calidad_Total_0227/Calidad_Total_62-11_52519/merged_results.json",
        "filtered": "crData/Calidad_Total_0227/Calidad_Total_62-11_52519/filtered_results.json",
        "final": "crData/Calidad_Total_0227/Calidad_Total_62-11_52519/final_results.json",
        "statistics": "crData/Calidad_Total_0227/Calidad_Total_62-11_52519/statistics_results.json"
      },
      "processing_time": 2.476516008377075,
      "total_crossref": 16148,
      "crossref_percentage": 0.0
    },
    "62-12": {
      "tool_name": "Calidad Total",
      "batch_id": "52559",
      "date": "62-12",
      "initial_count": 66,
      "filtered_count": 0,
      "final_count": 0,
      "duplicate_count": 0,
      "terms": {
        "Total": 37,
        "Quality": 29
      },
      "file_paths": {
        "base_folder": "crData/Calidad_Total_0227/Calidad_Total_62-12_52559",
        "term_results_folder": "crData/Calidad_Total_0227/Calidad_Total_62-12_52559/term_results",
        "merged": "crData/Calidad_Total_0227/Calidad_Total_62-12_52559/merged_results.json",
        "filtered": "crData/Calidad_Total_0227/Calidad_Total_62-12_52559/filtered_results.json",
        "final": "crData/Calidad_Total_0227/Calidad_Total_62-12_52559/final_results.json",
        "statistics": "crData/Calidad_Total_0227/Calidad_Total_62-12_52559/statistics_results.json"
      },
      "processing_time": 3.344727039337158,
      "total_crossref": 35011,
      "crossref_percentage": 0.0
    }
  },
  "total_duplicates": 0,
  "monthly_files": {
    "62-01": {
      "base_folder": "crData/Calidad_Total_0227/Calidad_Total_62-01_52035",
      "term_results_folder": "crData/Calidad_Total_0227/Calidad_Total_62-01_52035/term_results",
      "merged": "crData/Calidad_Total_0227/Calidad_Total_62-01_52035/merged_results.json",
      "filtered": "crData/Calidad_Total_0227/Calidad_Total_62-01_52035/filtered_results.json",
      "final": "crData/Calidad_Total_0227/Calidad_Total_62-01_52035/final_results.json",
      "statistics": "crData/Calidad_Total_0227/Calidad_Total_62-01_52035/statistics_results.json"
    },
    "62-02": {
      "base_folder": "crData/Calidad_Total_0227/Calidad_Total_62-02_52088",
      "term_results_folder": "crData/Calidad_Total_0227/Calidad_Total_62-02_52088/term_results",
      "merged": "crData/Calidad_Total_0227/Calidad_Total_62-02_52088/merged_results.json",
      "filtered": "crData/Calidad_Total_0227/Calidad_Total_62-02_52088/filtered_results.json",
      "final": "crData/Calidad_Total_0227/Calidad_Total_62-02_52088/final_results.json",
      "statistics": "crData/Calidad_Total_0227/Calidad_Total_62-02_52088/statistics_results.json"
    },
    "62-03": {
      "base_folder": "crData/Calidad_Total_0227/Calidad_Total_62-03_52142",
      "term_results_folder": "crData/Calidad_Total_0227/Calidad_Total_62-03_52142/term_results",
      "merged": "crData/Calidad_Total_0227/Calidad_Total_62-03_52142/merged_results.json",
      "filtered": "crData/Calidad_Total_0227/Calidad_Total_62-03_52142/filtered_results.json",
      "final": "crData/Calidad_Total_0227/Calidad_Total_62-03_52142/final_results.json",
      "statistics": "crData/Calidad_Total_0227/Calidad_Total_62-03_52142/statistics_results.json"
    },
    "62-04": {
      "base_folder": "crData/Calidad_Total_0227/Calidad_Total_62-04_52184",
      "term_results_folder": "crData/Calidad_Total_0227/Calidad_Total_62-04_52184/term_results",
      "merged": "crData/Calidad_Total_0227/Calidad_Total_62-04_52184/merged_results.json",
      "filtered": "crData/Calidad_Total_0227/Calidad_Total_62-04_52184/filtered_results.json",
      "final": "crData/Calidad_Total_0227/Calidad_Total_62-04_52184/final_results.json",
      "statistics": "crData/Calidad_Total_0227/Calidad_Total_62-04_52184/statistics_results.json"
    },
    "62-05": {
      "base_folder": "crData/Calidad_Total_0227/Calidad_Total_62-05_52234",
      "term_results_folder": "crData/Calidad_Total_0227/Calidad_Total_62-05_52234/term_results",
      "merged": "crData/Calidad_Total_0227/Calidad_Total_62-05_52234/merged_results.json",
      "filtered": "crData/Calidad_Total_0227/Calidad_Total_62-05_52234/filtered_results.json",
      "final": "crData/Calidad_Total_0227/Calidad_Total_62-05_52234/final_results.json",
      "statistics": "crData/Calidad_Total_0227/Calidad_Total_62-05_52234/statistics_results.json"
    },
    "62-06": {
      "base_folder": "crData/Calidad_Total_0227/Calidad_Total_62-06_52278",
      "term_results_folder": "crData/Calidad_Total_0227/Calidad_Total_62-06_52278/term_results",
      "merged": "crData/Calidad_Total_0227/Calidad_Total_62-06_52278/merged_results.json",
      "filtered": "crData/Calidad_Total_0227/Calidad_Total_62-06_52278/filtered_results.json",
      "final": "crData/Calidad_Total_0227/Calidad_Total_62-06_52278/final_results.json",
      "statistics": "crData/Calidad_Total_0227/Calidad_Total_62-06_52278/statistics_results.json"
    },
    "62-07": {
      "base_folder": "crData/Calidad_Total_0227/Calidad_Total_62-07_52337",
      "term_results_folder": "crData/Calidad_Total_0227/Calidad_Total_62-07_52337/term_results",
      "merged": "crData/Calidad_Total_0227/Calidad_Total_62-07_52337/merged_results.json",
      "filtered": "crData/Calidad_Total_0227/Calidad_Total_62-07_52337/filtered_results.json",
      "final": "crData/Calidad_Total_0227/Calidad_Total_62-07_52337/final_results.json",
      "statistics": "crData/Calidad_Total_0227/Calidad_Total_62-07_52337/statistics_results.json"
    },
    "62-08": {
      "base_folder": "crData/Calidad_Total_0227/Calidad_Total_62-08_52394",
      "term_results_folder": "crData/Calidad_Total_0227/Calidad_Total_62-08_52394/term_results",
      "merged": "crData/Calidad_Total_0227/Calidad_Total_62-08_52394/merged_results.json",
      "filtered": "crData/Calidad_Total_0227/Calidad_Total_62-08_52394/filtered_results.json",
      "final": "crData/Calidad_Total_0227/Calidad_Total_62-08_52394/final_results.json",
      "statistics": "crData/Calidad_Total_0227/Calidad_Total_62-08_52394/statistics_results.json"
    },
    "62-09": {
      "base_folder": "crData/Calidad_Total_0227/Calidad_Total_62-09_52432",
      "term_results_folder": "crData/Calidad_Total_0227/Calidad_Total_62-09_52432/term_results",
      "merged": "crData/Calidad_Total_0227/Calidad_Total_62-09_52432/merged_results.json",
      "filtered": "crData/Calidad_Total_0227/Calidad_Total_62-09_52432/filtered_results.json",
      "final": "crData/Calidad_Total_0227/Calidad_Total_62-09_52432/final_results.json",
      "statistics": "crData/Calidad_Total_0227/Calidad_Total_62-09_52432/statistics_results.json"
    },
    "62-10": {
      "base_folder": "crData/Calidad_Total_0227/Calidad_Total_62-10_52487",
      "term_results_folder": "crData/Calidad_Total_0227/Calidad_Total_62-10_52487/term_results",
      "merged": "crData/Calidad_Total_0227/Calidad_Total_62-10_52487/merged_results.json",
      "filtered": "crData/Calidad_Total_0227/Calidad_Total_62-10_52487/filtered_results.json",
      "final": "crData/Calidad_Total_0227/Calidad_Total_62-10_52487/final_results.json",
      "statistics": "crData/Calidad_Total_0227/Calidad_Total_62-10_52487/statistics_results.json"
    },
    "62-11": {
      "base_folder": "crData/Calidad_Total_0227/Calidad_Total_62-11_52519",
      "term_results_folder": "crData/Calidad_Total_0227/Calidad_Total_62-11_52519/term_results",
      "merged": "crData/Calidad_Total_0227/Calidad_Total_62-11_52519/merged_results.json",
      "filtered": "crData/Calidad_Total_0227/Calidad_Total_62-11_52519/filtered_results.json",
      "final": "crData/Calidad_Total_0227/Calidad_Total_62-11_52519/final_results.json",
      "statistics": "crData/Calidad_Total_0227/Calidad_Total_62-11_52519/statistics_results.json"
    },
    "62-12": {
      "base_folder": "crData/Calidad_Total_0227/Calidad_Total_62-12_52559",
      "term_results_folder": "crData/Calidad_Total_0227/Calidad_Total_62-12_52559/term_results",
      "merged": "crData/Calidad_Total_0227/Calidad_Total_62-12_52559/merged_results.json",
      "filtered": "crData/Calidad_Total_0227/Calidad_Total_62-12_52559/filtered_results.json",
      "final": "crData/Calidad_Total_0227/Calidad_Total_62-12_52559/final_results.json",
      "statistics": "crData/Calidad_Total_0227/Calidad_Total_62-12_52559/statistics_results.json"
    }
  }
}