{
  "tool_name": "Competencias Centrales",
  "year": "1989",
  "monthly_stats": {
    "89-01": {
      "tool_name": "Competencias Centrales",
      "batch_id": "16504",
      "date": "89-01",
      "initial_count": 347,
      "filtered_count": 0,
      "final_count": 0,
      "duplicate_count": 0,
      "terms": {
        "Core": 347
      },
      "file_paths": {
        "base_folder": "crData/Competencias_Centrales_5923/Competencias_Centrales_89-01_16504",
        "term_results_folder": "crData/Competencias_Centrales_5923/Competencias_Centrales_89-01_16504/term_results",
        "merged": "crData/Competencias_Centrales_5923/Competencias_Centrales_89-01_16504/merged_results.json",
        "filtered": "crData/Competencias_Centrales_5923/Competencias_Centrales_89-01_16504/filtered_results.json",
        "final": "crData/Competencias_Centrales_5923/Competencias_Centrales_89-01_16504/final_results.json",
        "statistics": "crData/Competencias_Centrales_5923/Competencias_Centrales_89-01_16504/statistics_results.json"
      },
      "processing_time": 2.968592882156372,
      "total_crossref": 401987,
      "crossref_percentage": 0.0
    },
    "89-02": {
      "tool_name": "Competencias Centrales",
      "batch_id": "16548",
      "date": "89-02",
      "initial_count": 73,
      "filtered_count": 0,
      "final_count": 0,
      "duplicate_count": 0,
      "terms": {
        "Core": 73
      },
      "file_paths": {
        "base_folder": "crData/Competencias_Centrales_5923/Competencias_Centrales_89-02_16548",
        "term_results_folder": "crData/Competencias_Centrales_5923/Competencias_Centrales_89-02_16548/term_results",
        "merged": "crData/Competencias_Centrales_5923/Competencias_Centrales_89-02_16548/merged_results.json",
        "filtered": "crData/Competencias_Centrales_5923/Competencias_Centrales_89-02_16548/filtered_results.json",
        "final": "crData/Competencias_Centrales_5923/Competencias_Centrales_89-02_16548/final_results.json",
        "statistics": "crData/Competencias_Centrales_5923/Competencias_Centrales_89-02_16548/statistics_results.json"
      },
      "processing_time": 3.7130398750305176,
      "total_crossref": 51295,
      "crossref_percentage": 0.0
    },
    "89-03": {
      "tool_name": "Competencias Centrales",
      "batch_id": "17001",
      "date": "89-03",
      "initial_count": 78,
      "filtered_count": 0,
      "final_count": 0,
      "duplicate_count": 0,
      "terms": {
        "Core": 78
      },
      "file_paths": {
        "base_folder": "crData/Competencias_Centrales_5923/Competencias_Centrales_89-03_17001",
        "term_results_folder": "crData/Competencias_Centrales_5923/Competencias_Centrales_89-03_17001/term_results",
        "merged": "crData/Competencias_Centrales_5923/Competencias_Centrales_89-03_17001/merged_results.json",
        "filtered": "crData/Competencias_Centrales_5923/Competencias_Centrales_89-03_17001/filtered_results.json",
        "final": "crData/Competencias_Centrales_5923/Competencias_Centrales_89-03_17001/final_results.json",
        "statistics": "crData/Competencias_Centrales_5923/Competencias_Centrales_89-03_17001/statistics_results.json"
      },
      "processing_time": 4.406714916229248,
      "total_crossref": 68874,
      "crossref_percentage": 0.0
    },
    "89-04": {
      "tool_name": "Competencias Centrales",
      "batch_id": "17060",
      "date": "89-04",
      "initial_count": 72,
      "filtered_count": 0,
      "final_count": 0,
      "duplicate_count": 0,
      "terms": {
        "Core": 72
      },
      "file_paths": {
        "base_folder": "crData/Competencias_Centrales_5923/Competencias_Centrales_89-04_17060",
        "term_results_folder": "crData/Competencias_Centrales_5923/Competencias_Centrales_89-04_17060/term_results",
        "merged": "crData/Competencias_Centrales_5923/Competencias_Centrales_89-04_17060/merged_results.json",
        "filtered": "crData/Competencias_Centrales_5923/Competencias_Centrales_89-04_17060/filtered_results.json",
        "final": "crData/Competencias_Centrales_5923/Competencias_Centrales_89-04_17060/final_results.json",
        "statistics": "crData/Competencias_Centrales_5923/Competencias_Centrales_89-04_17060/statistics_results.json"
      },
      "processing_time": 3.55546498298645,
      "total_crossref": 60968,
      "crossref_percentage": 0.0
    },
    "89-05": {
      "tool_name": "Competencias Centrales",
      "batch_id": "17111",
      "date": "89-05",
      "initial_count": 72,
      "filtered_count": 0,
      "final_count": 0,
      "duplicate_count": 0,
      "terms": {
        "Core": 72
      },
      "file_paths": {
        "base_folder": "crData/Competencias_Centrales_5923/Competencias_Centrales_89-05_17111",
        "term_results_folder": "crData/Competencias_Centrales_5923/Competencias_Centrales_89-05_17111/term_results",
        "merged": "crData/Competencias_Centrales_5923/Competencias_Centrales_89-05_17111/merged_results.json",
        "filtered": "crData/Competencias_Centrales_5923/Competencias_Centrales_89-05_17111/filtered_results.json",
        "final": "crData/Competencias_Centrales_5923/Competencias_Centrales_89-05_17111/final_results.json",
        "statistics": "crData/Competencias_Centrales_5923/Competencias_Centrales_89-05_17111/statistics_results.json"
      },
      "processing_time": 2.6208112239837646,
      "total_crossref": 57114,
      "crossref_percentage": 0.0
    },
    "89-06": {
      "tool_name": "Competencias Centrales",
      "batch_id": "17152",
      "date": "89-06",
      "initial_count": 85,
      "filtered_count": 0,
      "final_count": 0,
      "duplicate_count": 0,
      "terms": {
        "Core": 85
      },
      "file_paths": {
        "base_folder": "crData/Competencias_Centrales_5923/Competencias_Centrales_89-06_17152",
        "term_results_folder": "crData/Competencias_Centrales_5923/Competencias_Centrales_89-06_17152/term_results",
        "merged": "crData/Competencias_Centrales_5923/Competencias_Centrales_89-06_17152/merged_results.json",
        "filtered": "crData/Competencias_Centrales_5923/Competencias_Centrales_89-06_17152/filtered_results.json",
        "final": "crData/Competencias_Centrales_5923/Competencias_Centrales_89-06_17152/final_results.json",
        "statistics": "crData/Competencias_Centrales_5923/Competencias_Centrales_89-06_17152/statistics_results.json"
      },
      "processing_time": 2.2662389278411865,
      "total_crossref": 65957,
      "crossref_percentage": 0.0
    },
    "89-07": {
      "tool_name": "Competencias Centrales",
      "batch_id": "17190",
      "date": "89-07",
      "initial_count": 76,
      "filtered_count": 0,
      "final_count": 0,
      "duplicate_count": 0,
      "terms": {
        "Core": 76
      },
      "file_paths": {
        "base_folder": "crData/Competencias_Centrales_5923/Competencias_Centrales_89-07_17190",
        "term_results_folder": "crData/Competencias_Centrales_5923/Competencias_Centrales_89-07_17190/term_results",
        "merged": "crData/Competencias_Centrales_5923/Competencias_Centrales_89-07_17190/merged_results.json",
        "filtered": "crData/Competencias_Centrales_5923/Competencias_Centrales_89-07_17190/filtered_results.json",
        "final": "crData/Competencias_Centrales_5923/Competencias_Centrales_89-07_17190/final_results.json",
        "statistics": "crData/Competencias_Centrales_5923/Competencias_Centrales_89-07_17190/statistics_results.json"
      },
      "processing_time": 1.8271160125732422,
      "total_crossref": 62800,
      "crossref_percentage": 0.0
    },
    "89-08": {
      "tool_name": "Competencias Centrales",
      "batch_id": "17224",
      "date": "89-08",
      "initial_count": 67,
      "filtered_count": 0,
      "final_count": 0,
      "duplicate_count": 0,
      "terms": {
        "Core": 67
      },
      "file_paths": {
        "base_folder": "crData/Competencias_Centrales_5923/Competencias_Centrales_89-08_17224",
        "term_results_folder": "crData/Competencias_Centrales_5923/Competencias_Centrales_89-08_17224/term_results",
        "merged": "crData/Competencias_Centrales_5923/Competencias_Centrales_89-08_17224/merged_results.json",
        "filtered": "crData/Competencias_Centrales_5923/Competencias_Centrales_89-08_17224/filtered_results.json",
        "final": "crData/Competencias_Centrales_5923/Competencias_Centrales_89-08_17224/final_results.json",
        "statistics": "crData/Competencias_Centrales_5923/Competencias_Centrales_89-08_17224/statistics_results.json"
      },
      "processing_time": 2.2203660011291504,
      "total_crossref": 51730,
      "crossref_percentage": 0.0
    },
    "89-09": {
      "tool_name": "Competencias Centrales",
      "batch_id": "17261",
      "date": "89-09",
      "initial_count": 83,
      "filtered_count": 0,
      "final_count": 0,
      "duplicate_count": 0,
      "terms": {
        "Core": 83
      },
      "file_paths": {
        "base_folder": "crData/Competencias_Centrales_5923/Competencias_Centrales_89-09_17261",
        "term_results_folder": "crData/Competencias_Centrales_5923/Competencias_Centrales_89-09_17261/term_results",
        "merged": "crData/Competencias_Centrales_5923/Competencias_Centrales_89-09_17261/merged_results.json",
        "filtered": "crData/Competencias_Centrales_5923/Competencias_Centrales_89-09_17261/filtered_results.json",
        "final": "crData/Competencias_Centrales_5923/Competencias_Centrales_89-09_17261/final_results.json",
        "statistics": "crData/Competencias_Centrales_5923/Competencias_Centrales_89-09_17261/statistics_results.json"
      },
      "processing_time": 2.5457682609558105,
      "total_crossref": 68757,
      "crossref_percentage": 0.0
    },
    "89-10": {
      "tool_name": "Competencias Centrales",
      "batch_id": "17302",
      "date": "89-10",
      "initial_count": 66,
      "filtered_count": 0,
      "final_count": 0,
      "duplicate_count": 0,
      "terms": {
        "Core": 66
      },
      "file_paths": {
        "base_folder": "crData/Competencias_Centrales_5923/Competencias_Centrales_89-10_17302",
        "term_results_folder": "crData/Competencias_Centrales_5923/Competencias_Centrales_89-10_17302/term_results",
        "merged": "crData/Competencias_Centrales_5923/Competencias_Centrales_89-10_17302/merged_results.json",
        "filtered": "crData/Competencias_Centrales_5923/Competencias_Centrales_89-10_17302/filtered_results.json",
        "final": "crData/Competencias_Centrales_5923/Competencias_Centrales_89-10_17302/final_results.json",
        "statistics": "crData/Competencias_Centrales_5923/Competencias_Centrales_89-10_17302/statistics_results.json"
      },
      "processing_time": 2.1054229736328125,
      "total_crossref": 59352,
      "crossref_percentage": 0.0
    },
    "89-11": {
      "tool_name": "Competencias Centrales",
      "batch_id": "17338",
      "date": "89-11",
      "initial_count": 58,
      "filtered_count": 0,
      "final_count": 0,
      "duplicate_count": 0,
      "terms": {
        "Core": 58
      },
      "file_paths": {
        "base_folder": "crData/Competencias_Centrales_5923/Competencias_Centrales_89-11_17338",
        "term_results_folder": "crData/Competencias_Centrales_5923/Competencias_Centrales_89-11_17338/term_results",
        "merged": "crData/Competencias_Centrales_5923/Competencias_Centrales_89-11_17338/merged_results.json",
        "filtered": "crData/Competencias_Centrales_5923/Competencias_Centrales_89-11_17338/filtered_results.json",
        "final": "crData/Competencias_Centrales_5923/Competencias_Centrales_89-11_17338/final_results.json",
        "statistics": "crData/Competencias_Centrales_5923/Competencias_Centrales_89-11_17338/statistics_results.json"
      },
      "processing_time": 2.738471269607544,
      "total_crossref": 55942,
      "crossref_percentage": 0.0
    },
    "89-12": {
      "tool_name": "Competencias Centrales",
      "batch_id": "17380",
      "date": "89-12",
      "initial_count": 94,
      "filtered_count": 0,
      "final_count": 0,
      "duplicate_count": 0,
      "terms": {
        "Core": 94
      },
      "file_paths": {
        "base_folder": "crData/Competencias_Centrales_5923/Competencias_Centrales_89-12_17380",
        "term_results_folder": "crData/Competencias_Centrales_5923/Competencias_Centrales_89-12_17380/term_results",
        "merged": "crData/Competencias_Centrales_5923/Competencias_Centrales_89-12_17380/merged_results.json",
        "filtered": "crData/Competencias_Centrales_5923/Competencias_Centrales_89-12_17380/filtered_results.json",
        "final": "crData/Competencias_Centrales_5923/Competencias_Centrales_89-12_17380/final_results.json",
        "statistics": "crData/Competencias_Centrales_5923/Competencias_Centrales_89-12_17380/statistics_results.json"
      },
      "processing_time": 2.495305061340332,
      "total_crossref": 93705,
      "crossref_percentage": 0.0
    }
  },
  "total_duplicates": 0,
  "monthly_files": {
    "89-01": {
      "base_folder": "crData/Competencias_Centrales_5923/Competencias_Centrales_89-01_16504",
      "term_results_folder": "crData/Competencias_Centrales_5923/Competencias_Centrales_89-01_16504/term_results",
      "merged": "crData/Competencias_Centrales_5923/Competencias_Centrales_89-01_16504/merged_results.json",
      "filtered": "crData/Competencias_Centrales_5923/Competencias_Centrales_89-01_16504/filtered_results.json",
      "final": "crData/Competencias_Centrales_5923/Competencias_Centrales_89-01_16504/final_results.json",
      "statistics": "crData/Competencias_Centrales_5923/Competencias_Centrales_89-01_16504/statistics_results.json"
    },
    "89-02": {
      "base_folder": "crData/Competencias_Centrales_5923/Competencias_Centrales_89-02_16548",
      "term_results_folder": "crData/Competencias_Centrales_5923/Competencias_Centrales_89-02_16548/term_results",
      "merged": "crData/Competencias_Centrales_5923/Competencias_Centrales_89-02_16548/merged_results.json",
      "filtered": "crData/Competencias_Centrales_5923/Competencias_Centrales_89-02_16548/filtered_results.json",
      "final": "crData/Competencias_Centrales_5923/Competencias_Centrales_89-02_16548/final_results.json",
      "statistics": "crData/Competencias_Centrales_5923/Competencias_Centrales_89-02_16548/statistics_results.json"
    },
    "89-03": {
      "base_folder": "crData/Competencias_Centrales_5923/Competencias_Centrales_89-03_17001",
      "term_results_folder": "crData/Competencias_Centrales_5923/Competencias_Centrales_89-03_17001/term_results",
      "merged": "crData/Competencias_Centrales_5923/Competencias_Centrales_89-03_17001/merged_results.json",
      "filtered": "crData/Competencias_Centrales_5923/Competencias_Centrales_89-03_17001/filtered_results.json",
      "final": "crData/Competencias_Centrales_5923/Competencias_Centrales_89-03_17001/final_results.json",
      "statistics": "crData/Competencias_Centrales_5923/Competencias_Centrales_89-03_17001/statistics_results.json"
    },
    "89-04": {
      "base_folder": "crData/Competencias_Centrales_5923/Competencias_Centrales_89-04_17060",
      "term_results_folder": "crData/Competencias_Centrales_5923/Competencias_Centrales_89-04_17060/term_results",
      "merged": "crData/Competencias_Centrales_5923/Competencias_Centrales_89-04_17060/merged_results.json",
      "filtered": "crData/Competencias_Centrales_5923/Competencias_Centrales_89-04_17060/filtered_results.json",
      "final": "crData/Competencias_Centrales_5923/Competencias_Centrales_89-04_17060/final_results.json",
      "statistics": "crData/Competencias_Centrales_5923/Competencias_Centrales_89-04_17060/statistics_results.json"
    },
    "89-05": {
      "base_folder": "crData/Competencias_Centrales_5923/Competencias_Centrales_89-05_17111",
      "term_results_folder": "crData/Competencias_Centrales_5923/Competencias_Centrales_89-05_17111/term_results",
      "merged": "crData/Competencias_Centrales_5923/Competencias_Centrales_89-05_17111/merged_results.json",
      "filtered": "crData/Competencias_Centrales_5923/Competencias_Centrales_89-05_17111/filtered_results.json",
      "final": "crData/Competencias_Centrales_5923/Competencias_Centrales_89-05_17111/final_results.json",
      "statistics": "crData/Competencias_Centrales_5923/Competencias_Centrales_89-05_17111/statistics_results.json"
    },
    "89-06": {
      "base_folder": "crData/Competencias_Centrales_5923/Competencias_Centrales_89-06_17152",
      "term_results_folder": "crData/Competencias_Centrales_5923/Competencias_Centrales_89-06_17152/term_results",
      "merged": "crData/Competencias_Centrales_5923/Competencias_Centrales_89-06_17152/merged_results.json",
      "filtered": "crData/Competencias_Centrales_5923/Competencias_Centrales_89-06_17152/filtered_results.json",
      "final": "crData/Competencias_Centrales_5923/Competencias_Centrales_89-06_17152/final_results.json",
      "statistics": "crData/Competencias_Centrales_5923/Competencias_Centrales_89-06_17152/statistics_results.json"
    },
    "89-07": {
      "base_folder": "crData/Competencias_Centrales_5923/Competencias_Centrales_89-07_17190",
      "term_results_folder": "crData/Competencias_Centrales_5923/Competencias_Centrales_89-07_17190/term_results",
      "merged": "crData/Competencias_Centrales_5923/Competencias_Centrales_89-07_17190/merged_results.json",
      "filtered": "crData/Competencias_Centrales_5923/Competencias_Centrales_89-07_17190/filtered_results.json",
      "final": "crData/Competencias_Centrales_5923/Competencias_Centrales_89-07_17190/final_results.json",
      "statistics": "crData/Competencias_Centrales_5923/Competencias_Centrales_89-07_17190/statistics_results.json"
    },
    "89-08": {
      "base_folder": "crData/Competencias_Centrales_5923/Competencias_Centrales_89-08_17224",
      "term_results_folder": "crData/Competencias_Centrales_5923/Competencias_Centrales_89-08_17224/term_results",
      "merged": "crData/Competencias_Centrales_5923/Competencias_Centrales_89-08_17224/merged_results.json",
      "filtered": "crData/Competencias_Centrales_5923/Competencias_Centrales_89-08_17224/filtered_results.json",
      "final": "crData/Competencias_Centrales_5923/Competencias_Centrales_89-08_17224/final_results.json",
      "statistics": "crData/Competencias_Centrales_5923/Competencias_Centrales_89-08_17224/statistics_results.json"
    },
    "89-09": {
      "base_folder": "crData/Competencias_Centrales_5923/Competencias_Centrales_89-09_17261",
      "term_results_folder": "crData/Competencias_Centrales_5923/Competencias_Centrales_89-09_17261/term_results",
      "merged": "crData/Competencias_Centrales_5923/Competencias_Centrales_89-09_17261/merged_results.json",
      "filtered": "crData/Competencias_Centrales_5923/Competencias_Centrales_89-09_17261/filtered_results.json",
      "final": "crData/Competencias_Centrales_5923/Competencias_Centrales_89-09_17261/final_results.json",
      "statistics": "crData/Competencias_Centrales_5923/Competencias_Centrales_89-09_17261/statistics_results.json"
    },
    "89-10": {
      "base_folder": "crData/Competencias_Centrales_5923/Competencias_Centrales_89-10_17302",
      "term_results_folder": "crData/Competencias_Centrales_5923/Competencias_Centrales_89-10_17302/term_results",
      "merged": "crData/Competencias_Centrales_5923/Competencias_Centrales_89-10_17302/merged_results.json",
      "filtered": "crData/Competencias_Centrales_5923/Competencias_Centrales_89-10_17302/filtered_results.json",
      "final": "crData/Competencias_Centrales_5923/Competencias_Centrales_89-10_17302/final_results.json",
      "statistics": "crData/Competencias_Centrales_5923/Competencias_Centrales_89-10_17302/statistics_results.json"
    },
    "89-11": {
      "base_folder": "crData/Competencias_Centrales_5923/Competencias_Centrales_89-11_17338",
      "term_results_folder": "crData/Competencias_Centrales_5923/Competencias_Centrales_89-11_17338/term_results",
      "merged": "crData/Competencias_Centrales_5923/Competencias_Centrales_89-11_17338/merged_results.json",
      "filtered": "crData/Competencias_Centrales_5923/Competencias_Centrales_89-11_17338/filtered_results.json",
      "final": "crData/Competencias_Centrales_5923/Competencias_Centrales_89-11_17338/final_results.json",
      "statistics": "crData/Competencias_Centrales_5923/Competencias_Centrales_89-11_17338/statistics_results.json"
    },
    "89-12": {
      "base_folder": "crData/Competencias_Centrales_5923/Competencias_Centrales_89-12_17380",
      "term_results_folder": "crData/Competencias_Centrales_5923/Competencias_Centrales_89-12_17380/term_results",
      "merged": "crData/Competencias_Centrales_5923/Competencias_Centrales_89-12_17380/merged_results.json",
      "filtered": "crData/Competencias_Centrales_5923/Competencias_Centrales_89-12_17380/filtered_results.json",
      "final": "crData/Competencias_Centrales_5923/Competencias_Centrales_89-12_17380/final_results.json",
      "statistics": "crData/Competencias_Centrales_5923/Competencias_Centrales_89-12_17380/statistics_results.json"
    }
  }
}