{
  "tool_name": "Competencias Centrales",
  "year": "2021",
  "monthly_stats": {
    "21-01": {
      "tool_name": "Competencias Centrales",
      "batch_id": "59158",
      "date": "21-01",
      "initial_count": 3531,
      "filtered_count": 40,
      "final_count": 40,
      "duplicate_count": 0,
      "terms": {
        "Core": 3531
      },
      "file_paths": {
        "base_folder": "crData/Competencias_Centrales_5923/Competencias_Centrales_21-01_59158",
        "term_results_folder": "crData/Competencias_Centrales_5923/Competencias_Centrales_21-01_59158/term_results",
        "merged": "crData/Competencias_Centrales_5923/Competencias_Centrales_21-01_59158/merged_results.json",
        "filtered": "crData/Competencias_Centrales_5923/Competencias_Centrales_21-01_59158/filtered_results.json",
        "final": "crData/Competencias_Centrales_5923/Competencias_Centrales_21-01_59158/final_results.json",
        "statistics": "crData/Competencias_Centrales_5923/Competencias_Centrales_21-01_59158/statistics_results.json"
      },
      "processing_time": 21.40424609184265,
      "total_crossref": 1728602,
      "crossref_percentage": 0.0023140086613344193
    },
    "21-02": {
      "tool_name": "Competencias Centrales",
      "batch_id": "59388",
      "date": "21-02",
      "initial_count": 1157,
      "filtered_count": 13,
      "final_count": 13,
      "duplicate_count": 0,
      "terms": {
        "Core": 1157
      },
      "file_paths": {
        "base_folder": "crData/Competencias_Centrales_5923/Competencias_Centrales_21-02_59388",
        "term_results_folder": "crData/Competencias_Centrales_5923/Competencias_Centrales_21-02_59388/term_results",
        "merged": "crData/Competencias_Centrales_5923/Competencias_Centrales_21-02_59388/merged_results.json",
        "filtered": "crData/Competencias_Centrales_5923/Competencias_Centrales_21-02_59388/filtered_results.json",
        "final": "crData/Competencias_Centrales_5923/Competencias_Centrales_21-02_59388/final_results.json",
        "statistics": "crData/Competencias_Centrales_5923/Competencias_Centrales_21-02_59388/statistics_results.json"
      },
      "processing_time": 8.706017971038818,
      "total_crossref": 411491,
      "crossref_percentage": 0.003159242850997956
    },
    "21-03": {
      "tool_name": "Competencias Centrales",
      "batch_id": "59490",
      "date": "21-03",
      "initial_count": 1317,
      "filtered_count": 9,
      "final_count": 9,
      "duplicate_count": 0,
      "terms": {
        "Core": 1317
      },
      "file_paths": {
        "base_folder": "crData/Competencias_Centrales_5923/Competencias_Centrales_21-03_59490",
        "term_results_folder": "crData/Competencias_Centrales_5923/Competencias_Centrales_21-03_59490/term_results",
        "merged": "crData/Competencias_Centrales_5923/Competencias_Centrales_21-03_59490/merged_results.json",
        "filtered": "crData/Competencias_Centrales_5923/Competencias_Centrales_21-03_59490/filtered_results.json",
        "final": "crData/Competencias_Centrales_5923/Competencias_Centrales_21-03_59490/final_results.json",
        "statistics": "crData/Competencias_Centrales_5923/Competencias_Centrales_21-03_59490/statistics_results.json"
      },
      "processing_time": 9.844673156738281,
      "total_crossref": 533575,
      "crossref_percentage": 0.001686735697886895
    },
    "21-04": {
      "tool_name": "Competencias Centrales",
      "batch_id": "00003",
      "date": "21-04",
      "initial_count": 1198,
      "filtered_count": 11,
      "final_count": 11,
      "duplicate_count": 0,
      "terms": {
        "Core": 1198
      },
      "file_paths": {
        "base_folder": "crData/Competencias_Centrales_5923/Competencias_Centrales_21-04_00003",
        "term_results_folder": "crData/Competencias_Centrales_5923/Competencias_Centrales_21-04_00003/term_results",
        "merged": "crData/Competencias_Centrales_5923/Competencias_Centrales_21-04_00003/merged_results.json",
        "filtered": "crData/Competencias_Centrales_5923/Competencias_Centrales_21-04_00003/filtered_results.json",
        "final": "crData/Competencias_Centrales_5923/Competencias_Centrales_21-04_00003/final_results.json",
        "statistics": "crData/Competencias_Centrales_5923/Competencias_Centrales_21-04_00003/statistics_results.json"
      },
      "processing_time": 12.655054092407227,
      "total_crossref": 490247,
      "crossref_percentage": 0.002243766917492611
    },
    "21-05": {
      "tool_name": "Competencias Centrales",
      "batch_id": "00145",
      "date": "21-05",
      "initial_count": 1136,
      "filtered_count": 10,
      "final_count": 10,
      "duplicate_count": 0,
      "terms": {
        "Core": 1136
      },
      "file_paths": {
        "base_folder": "crData/Competencias_Centrales_5923/Competencias_Centrales_21-05_00145",
        "term_results_folder": "crData/Competencias_Centrales_5923/Competencias_Centrales_21-05_00145/term_results",
        "merged": "crData/Competencias_Centrales_5923/Competencias_Centrales_21-05_00145/merged_results.json",
        "filtered": "crData/Competencias_Centrales_5923/Competencias_Centrales_21-05_00145/filtered_results.json",
        "final": "crData/Competencias_Centrales_5923/Competencias_Centrales_21-05_00145/final_results.json",
        "statistics": "crData/Competencias_Centrales_5923/Competencias_Centrales_21-05_00145/statistics_results.json"
      },
      "processing_time": 9.565301179885864,
      "total_crossref": 510002,
      "crossref_percentage": 0.0019607766244053946
    },
    "21-06": {
      "tool_name": "Competencias Centrales",
      "batch_id": "00256",
      "date": "21-06",
      "initial_count": 1207,
      "filtered_count": 22,
      "final_count": 22,
      "duplicate_count": 0,
      "terms": {
        "Core": 1207
      },
      "file_paths": {
        "base_folder": "crData/Competencias_Centrales_5923/Competencias_Centrales_21-06_00256",
        "term_results_folder": "crData/Competencias_Centrales_5923/Competencias_Centrales_21-06_00256/term_results",
        "merged": "crData/Competencias_Centrales_5923/Competencias_Centrales_21-06_00256/merged_results.json",
        "filtered": "crData/Competencias_Centrales_5923/Competencias_Centrales_21-06_00256/filtered_results.json",
        "final": "crData/Competencias_Centrales_5923/Competencias_Centrales_21-06_00256/final_results.json",
        "statistics": "crData/Competencias_Centrales_5923/Competencias_Centrales_21-06_00256/statistics_results.json"
      },
      "processing_time": 11.557689905166626,
      "total_crossref": 561774,
      "crossref_percentage": 0.003916165575480531
    },
    "21-07": {
      "tool_name": "Competencias Centrales",
      "batch_id": "00386",
      "date": "21-07",
      "initial_count": 1280,
      "filtered_count": 8,
      "final_count": 8,
      "duplicate_count": 0,
      "terms": {
        "Core": 1280
      },
      "file_paths": {
        "base_folder": "crData/Competencias_Centrales_5923/Competencias_Centrales_21-07_00386",
        "term_results_folder": "crData/Competencias_Centrales_5923/Competencias_Centrales_21-07_00386/term_results",
        "merged": "crData/Competencias_Centrales_5923/Competencias_Centrales_21-07_00386/merged_results.json",
        "filtered": "crData/Competencias_Centrales_5923/Competencias_Centrales_21-07_00386/filtered_results.json",
        "final": "crData/Competencias_Centrales_5923/Competencias_Centrales_21-07_00386/final_results.json",
        "statistics": "crData/Competencias_Centrales_5923/Competencias_Centrales_21-07_00386/statistics_results.json"
      },
      "processing_time": 8.73715090751648,
      "total_crossref": 498110,
      "crossref_percentage": 0.001606070948184136
    },
    "21-08": {
      "tool_name": "Competencias Centrales",
      "batch_id": "00489",
      "date": "21-08",
      "initial_count": 1103,
      "filtered_count": 14,
      "final_count": 14,
      "duplicate_count": 0,
      "terms": {
        "Core": 1103
      },
      "file_paths": {
        "base_folder": "crData/Competencias_Centrales_5923/Competencias_Centrales_21-08_00489",
        "term_results_folder": "crData/Competencias_Centrales_5923/Competencias_Centrales_21-08_00489/term_results",
        "merged": "crData/Competencias_Centrales_5923/Competencias_Centrales_21-08_00489/merged_results.json",
        "filtered": "crData/Competencias_Centrales_5923/Competencias_Centrales_21-08_00489/filtered_results.json",
        "final": "crData/Competencias_Centrales_5923/Competencias_Centrales_21-08_00489/final_results.json",
        "statistics": "crData/Competencias_Centrales_5923/Competencias_Centrales_21-08_00489/statistics_results.json"
      },
      "processing_time": 7.850662708282471,
      "total_crossref": 460879,
      "crossref_percentage": 0.0030376736627184143
    },
    "21-09": {
      "tool_name": "Competencias Centrales",
      "batch_id": "00582",
      "date": "21-09",
      "initial_count": 1495,
      "filtered_count": 20,
      "final_count": 20,
      "duplicate_count": 0,
      "terms": {
        "Core": 1495
      },
      "file_paths": {
        "base_folder": "crData/Competencias_Centrales_5923/Competencias_Centrales_21-09_00582",
        "term_results_folder": "crData/Competencias_Centrales_5923/Competencias_Centrales_21-09_00582/term_results",
        "merged": "crData/Competencias_Centrales_5923/Competencias_Centrales_21-09_00582/merged_results.json",
        "filtered": "crData/Competencias_Centrales_5923/Competencias_Centrales_21-09_00582/filtered_results.json",
        "final": "crData/Competencias_Centrales_5923/Competencias_Centrales_21-09_00582/final_results.json",
        "statistics": "crData/Competencias_Centrales_5923/Competencias_Centrales_21-09_00582/statistics_results.json"
      },
      "processing_time": 12.37140679359436,
      "total_crossref": 542069,
      "crossref_percentage": 0.0036895671953201528
    },
    "21-10": {
      "tool_name": "Competencias Centrales",
      "batch_id": "01121",
      "date": "21-10",
      "initial_count": 1221,
      "filtered_count": 18,
      "final_count": 18,
      "duplicate_count": 0,
      "terms": {
        "Core": 1221
      },
      "file_paths": {
        "base_folder": "crData/Competencias_Centrales_5923/Competencias_Centrales_21-10_01121",
        "term_results_folder": "crData/Competencias_Centrales_5923/Competencias_Centrales_21-10_01121/term_results",
        "merged": "crData/Competencias_Centrales_5923/Competencias_Centrales_21-10_01121/merged_results.json",
        "filtered": "crData/Competencias_Centrales_5923/Competencias_Centrales_21-10_01121/filtered_results.json",
        "final": "crData/Competencias_Centrales_5923/Competencias_Centrales_21-10_01121/final_results.json",
        "statistics": "crData/Competencias_Centrales_5923/Competencias_Centrales_21-10_01121/statistics_results.json"
      },
      "processing_time": 11.594610929489136,
      "total_crossref": 560080,
      "crossref_percentage": 0.0032138265962005424
    },
    "21-11": {
      "tool_name": "Competencias Centrales",
      "batch_id": "01252",
      "date": "21-11",
      "initial_count": 1269,
      "filtered_count": 9,
      "final_count": 9,
      "duplicate_count": 0,
      "terms": {
        "Core": 1269
      },
      "file_paths": {
        "base_folder": "crData/Competencias_Centrales_5923/Competencias_Centrales_21-11_01252",
        "term_results_folder": "crData/Competencias_Centrales_5923/Competencias_Centrales_21-11_01252/term_results",
        "merged": "crData/Competencias_Centrales_5923/Competencias_Centrales_21-11_01252/merged_results.json",
        "filtered": "crData/Competencias_Centrales_5923/Competencias_Centrales_21-11_01252/filtered_results.json",
        "final": "crData/Competencias_Centrales_5923/Competencias_Centrales_21-11_01252/final_results.json",
        "statistics": "crData/Competencias_Centrales_5923/Competencias_Centrales_21-11_01252/statistics_results.json"
      },
      "processing_time": 9.37058401107788,
      "total_crossref": 526956,
      "crossref_percentage": 0.0017079224830915676
    },
    "21-12": {
      "tool_name": "Competencias Centrales",
      "batch_id": "01361",
      "date": "21-12",
      "initial_count": 1453,
      "filtered_count": 22,
      "final_count": 22,
      "duplicate_count": 0,
      "terms": {
        "Core": 1453
      },
      "file_paths": {
        "base_folder": "crData/Competencias_Centrales_5923/Competencias_Centrales_21-12_01361",
        "term_results_folder": "crData/Competencias_Centrales_5923/Competencias_Centrales_21-12_01361/term_results",
        "merged": "crData/Competencias_Centrales_5923/Competencias_Centrales_21-12_01361/merged_results.json",
        "filtered": "crData/Competencias_Centrales_5923/Competencias_Centrales_21-12_01361/filtered_results.json",
        "final": "crData/Competencias_Centrales_5923/Competencias_Centrales_21-12_01361/final_results.json",
        "statistics": "crData/Competencias_Centrales_5923/Competencias_Centrales_21-12_01361/statistics_results.json"
      },
      "processing_time": 11.979006290435791,
      "total_crossref": 701120,
      "crossref_percentage": 0.0031378366042902786
    }
  },
  "total_duplicates": 0,
  "monthly_files": {
    "21-01": {
      "base_folder": "crData/Competencias_Centrales_5923/Competencias_Centrales_21-01_59158",
      "term_results_folder": "crData/Competencias_Centrales_5923/Competencias_Centrales_21-01_59158/term_results",
      "merged": "crData/Competencias_Centrales_5923/Competencias_Centrales_21-01_59158/merged_results.json",
      "filtered": "crData/Competencias_Centrales_5923/Competencias_Centrales_21-01_59158/filtered_results.json",
      "final": "crData/Competencias_Centrales_5923/Competencias_Centrales_21-01_59158/final_results.json",
      "statistics": "crData/Competencias_Centrales_5923/Competencias_Centrales_21-01_59158/statistics_results.json"
    },
    "21-02": {
      "base_folder": "crData/Competencias_Centrales_5923/Competencias_Centrales_21-02_59388",
      "term_results_folder": "crData/Competencias_Centrales_5923/Competencias_Centrales_21-02_59388/term_results",
      "merged": "crData/Competencias_Centrales_5923/Competencias_Centrales_21-02_59388/merged_results.json",
      "filtered": "crData/Competencias_Centrales_5923/Competencias_Centrales_21-02_59388/filtered_results.json",
      "final": "crData/Competencias_Centrales_5923/Competencias_Centrales_21-02_59388/final_results.json",
      "statistics": "crData/Competencias_Centrales_5923/Competencias_Centrales_21-02_59388/statistics_results.json"
    },
    "21-03": {
      "base_folder": "crData/Competencias_Centrales_5923/Competencias_Centrales_21-03_59490",
      "term_results_folder": "crData/Competencias_Centrales_5923/Competencias_Centrales_21-03_59490/term_results",
      "merged": "crData/Competencias_Centrales_5923/Competencias_Centrales_21-03_59490/merged_results.json",
      "filtered": "crData/Competencias_Centrales_5923/Competencias_Centrales_21-03_59490/filtered_results.json",
      "final": "crData/Competencias_Centrales_5923/Competencias_Centrales_21-03_59490/final_results.json",
      "statistics": "crData/Competencias_Centrales_5923/Competencias_Centrales_21-03_59490/statistics_results.json"
    },
    "21-04": {
      "base_folder": "crData/Competencias_Centrales_5923/Competencias_Centrales_21-04_00003",
      "term_results_folder": "crData/Competencias_Centrales_5923/Competencias_Centrales_21-04_00003/term_results",
      "merged": "crData/Competencias_Centrales_5923/Competencias_Centrales_21-04_00003/merged_results.json",
      "filtered": "crData/Competencias_Centrales_5923/Competencias_Centrales_21-04_00003/filtered_results.json",
      "final": "crData/Competencias_Centrales_5923/Competencias_Centrales_21-04_00003/final_results.json",
      "statistics": "crData/Competencias_Centrales_5923/Competencias_Centrales_21-04_00003/statistics_results.json"
    },
    "21-05": {
      "base_folder": "crData/Competencias_Centrales_5923/Competencias_Centrales_21-05_00145",
      "term_results_folder": "crData/Competencias_Centrales_5923/Competencias_Centrales_21-05_00145/term_results",
      "merged": "crData/Competencias_Centrales_5923/Competencias_Centrales_21-05_00145/merged_results.json",
      "filtered": "crData/Competencias_Centrales_5923/Competencias_Centrales_21-05_00145/filtered_results.json",
      "final": "crData/Competencias_Centrales_5923/Competencias_Centrales_21-05_00145/final_results.json",
      "statistics": "crData/Competencias_Centrales_5923/Competencias_Centrales_21-05_00145/statistics_results.json"
    },
    "21-06": {
      "base_folder": "crData/Competencias_Centrales_5923/Competencias_Centrales_21-06_00256",
      "term_results_folder": "crData/Competencias_Centrales_5923/Competencias_Centrales_21-06_00256/term_results",
      "merged": "crData/Competencias_Centrales_5923/Competencias_Centrales_21-06_00256/merged_results.json",
      "filtered": "crData/Competencias_Centrales_5923/Competencias_Centrales_21-06_00256/filtered_results.json",
      "final": "crData/Competencias_Centrales_5923/Competencias_Centrales_21-06_00256/final_results.json",
      "statistics": "crData/Competencias_Centrales_5923/Competencias_Centrales_21-06_00256/statistics_results.json"
    },
    "21-07": {
      "base_folder": "crData/Competencias_Centrales_5923/Competencias_Centrales_21-07_00386",
      "term_results_folder": "crData/Competencias_Centrales_5923/Competencias_Centrales_21-07_00386/term_results",
      "merged": "crData/Competencias_Centrales_5923/Competencias_Centrales_21-07_00386/merged_results.json",
      "filtered": "crData/Competencias_Centrales_5923/Competencias_Centrales_21-07_00386/filtered_results.json",
      "final": "crData/Competencias_Centrales_5923/Competencias_Centrales_21-07_00386/final_results.json",
      "statistics": "crData/Competencias_Centrales_5923/Competencias_Centrales_21-07_00386/statistics_results.json"
    },
    "21-08": {
      "base_folder": "crData/Competencias_Centrales_5923/Competencias_Centrales_21-08_00489",
      "term_results_folder": "crData/Competencias_Centrales_5923/Competencias_Centrales_21-08_00489/term_results",
      "merged": "crData/Competencias_Centrales_5923/Competencias_Centrales_21-08_00489/merged_results.json",
      "filtered": "crData/Competencias_Centrales_5923/Competencias_Centrales_21-08_00489/filtered_results.json",
      "final": "crData/Competencias_Centrales_5923/Competencias_Centrales_21-08_00489/final_results.json",
      "statistics": "crData/Competencias_Centrales_5923/Competencias_Centrales_21-08_00489/statistics_results.json"
    },
    "21-09": {
      "base_folder": "crData/Competencias_Centrales_5923/Competencias_Centrales_21-09_00582",
      "term_results_folder": "crData/Competencias_Centrales_5923/Competencias_Centrales_21-09_00582/term_results",
      "merged": "crData/Competencias_Centrales_5923/Competencias_Centrales_21-09_00582/merged_results.json",
      "filtered": "crData/Competencias_Centrales_5923/Competencias_Centrales_21-09_00582/filtered_results.json",
      "final": "crData/Competencias_Centrales_5923/Competencias_Centrales_21-09_00582/final_results.json",
      "statistics": "crData/Competencias_Centrales_5923/Competencias_Centrales_21-09_00582/statistics_results.json"
    },
    "21-10": {
      "base_folder": "crData/Competencias_Centrales_5923/Competencias_Centrales_21-10_01121",
      "term_results_folder": "crData/Competencias_Centrales_5923/Competencias_Centrales_21-10_01121/term_results",
      "merged": "crData/Competencias_Centrales_5923/Competencias_Centrales_21-10_01121/merged_results.json",
      "filtered": "crData/Competencias_Centrales_5923/Competencias_Centrales_21-10_01121/filtered_results.json",
      "final": "crData/Competencias_Centrales_5923/Competencias_Centrales_21-10_01121/final_results.json",
      "statistics": "crData/Competencias_Centrales_5923/Competencias_Centrales_21-10_01121/statistics_results.json"
    },
    "21-11": {
      "base_folder": "crData/Competencias_Centrales_5923/Competencias_Centrales_21-11_01252",
      "term_results_folder": "crData/Competencias_Centrales_5923/Competencias_Centrales_21-11_01252/term_results",
      "merged": "crData/Competencias_Centrales_5923/Competencias_Centrales_21-11_01252/merged_results.json",
      "filtered": "crData/Competencias_Centrales_5923/Competencias_Centrales_21-11_01252/filtered_results.json",
      "final": "crData/Competencias_Centrales_5923/Competencias_Centrales_21-11_01252/final_results.json",
      "statistics": "crData/Competencias_Centrales_5923/Competencias_Centrales_21-11_01252/statistics_results.json"
    },
    "21-12": {
      "base_folder": "crData/Competencias_Centrales_5923/Competencias_Centrales_21-12_01361",
      "term_results_folder": "crData/Competencias_Centrales_5923/Competencias_Centrales_21-12_01361/term_results",
      "merged": "crData/Competencias_Centrales_5923/Competencias_Centrales_21-12_01361/merged_results.json",
      "filtered": "crData/Competencias_Centrales_5923/Competencias_Centrales_21-12_01361/filtered_results.json",
      "final": "crData/Competencias_Centrales_5923/Competencias_Centrales_21-12_01361/final_results.json",
      "statistics": "crData/Competencias_Centrales_5923/Competencias_Centrales_21-12_01361/statistics_results.json"
    }
  }
}