{
  "tool_name": "Competencias Centrales",
  "year": "2022",
  "monthly_stats": {
    "22-01": {
      "tool_name": "Competencias Centrales",
      "batch_id": "01526",
      "date": "22-01",
      "initial_count": 4040,
      "filtered_count": 43,
      "final_count": 43,
      "duplicate_count": 0,
      "terms": {
        "Core": 4040
      },
      "file_paths": {
        "base_folder": "crData/Competencias_Centrales_5923/Competencias_Centrales_22-01_01526",
        "term_results_folder": "crData/Competencias_Centrales_5923/Competencias_Centrales_22-01_01526/term_results",
        "merged": "crData/Competencias_Centrales_5923/Competencias_Centrales_22-01_01526/merged_results.json",
        "filtered": "crData/Competencias_Centrales_5923/Competencias_Centrales_22-01_01526/filtered_results.json",
        "final": "crData/Competencias_Centrales_5923/Competencias_Centrales_22-01_01526/final_results.json",
        "statistics": "crData/Competencias_Centrales_5923/Competencias_Centrales_22-01_01526/statistics_results.json"
      },
      "processing_time": 23.694944858551025,
      "total_crossref": 1790409,
      "crossref_percentage": 0.002401685871775667
    },
    "22-02": {
      "tool_name": "Competencias Centrales",
      "batch_id": "02178",
      "date": "22-02",
      "initial_count": 1100,
      "filtered_count": 7,
      "final_count": 7,
      "duplicate_count": 0,
      "terms": {
        "Core": 1100
      },
      "file_paths": {
        "base_folder": "crData/Competencias_Centrales_5923/Competencias_Centrales_22-02_02178",
        "term_results_folder": "crData/Competencias_Centrales_5923/Competencias_Centrales_22-02_02178/term_results",
        "merged": "crData/Competencias_Centrales_5923/Competencias_Centrales_22-02_02178/merged_results.json",
        "filtered": "crData/Competencias_Centrales_5923/Competencias_Centrales_22-02_02178/filtered_results.json",
        "final": "crData/Competencias_Centrales_5923/Competencias_Centrales_22-02_02178/final_results.json",
        "statistics": "crData/Competencias_Centrales_5923/Competencias_Centrales_22-02_02178/statistics_results.json"
      },
      "processing_time": 8.1075918674469,
      "total_crossref": 419171,
      "crossref_percentage": 0.0016699628552547766
    },
    "22-03": {
      "tool_name": "Competencias Centrales",
      "batch_id": "02275",
      "date": "22-03",
      "initial_count": 1298,
      "filtered_count": 13,
      "final_count": 13,
      "duplicate_count": 0,
      "terms": {
        "Core": 1298
      },
      "file_paths": {
        "base_folder": "crData/Competencias_Centrales_5923/Competencias_Centrales_22-03_02275",
        "term_results_folder": "crData/Competencias_Centrales_5923/Competencias_Centrales_22-03_02275/term_results",
        "merged": "crData/Competencias_Centrales_5923/Competencias_Centrales_22-03_02275/merged_results.json",
        "filtered": "crData/Competencias_Centrales_5923/Competencias_Centrales_22-03_02275/filtered_results.json",
        "final": "crData/Competencias_Centrales_5923/Competencias_Centrales_22-03_02275/final_results.json",
        "statistics": "crData/Competencias_Centrales_5923/Competencias_Centrales_22-03_02275/statistics_results.json"
      },
      "processing_time": 8.912872076034546,
      "total_crossref": 904663,
      "crossref_percentage": 0.0014369991919643006
    },
    "22-04": {
      "tool_name": "Competencias Centrales",
      "batch_id": "02379",
      "date": "22-04",
      "initial_count": 1160,
      "filtered_count": 14,
      "final_count": 14,
      "duplicate_count": 0,
      "terms": {
        "Core": 1160
      },
      "file_paths": {
        "base_folder": "crData/Competencias_Centrales_5923/Competencias_Centrales_22-04_02379",
        "term_results_folder": "crData/Competencias_Centrales_5923/Competencias_Centrales_22-04_02379/term_results",
        "merged": "crData/Competencias_Centrales_5923/Competencias_Centrales_22-04_02379/merged_results.json",
        "filtered": "crData/Competencias_Centrales_5923/Competencias_Centrales_22-04_02379/filtered_results.json",
        "final": "crData/Competencias_Centrales_5923/Competencias_Centrales_22-04_02379/final_results.json",
        "statistics": "crData/Competencias_Centrales_5923/Competencias_Centrales_22-04_02379/statistics_results.json"
      },
      "processing_time": 11.331846952438354,
      "total_crossref": 481416,
      "crossref_percentage": 0.002908087807634146
    },
    "22-05": {
      "tool_name": "Competencias Centrales",
      "batch_id": "02508",
      "date": "22-05",
      "initial_count": 1255,
      "filtered_count": 13,
      "final_count": 13,
      "duplicate_count": 0,
      "terms": {
        "Core": 1255
      },
      "file_paths": {
        "base_folder": "crData/Competencias_Centrales_5923/Competencias_Centrales_22-05_02508",
        "term_results_folder": "crData/Competencias_Centrales_5923/Competencias_Centrales_22-05_02508/term_results",
        "merged": "crData/Competencias_Centrales_5923/Competencias_Centrales_22-05_02508/merged_results.json",
        "filtered": "crData/Competencias_Centrales_5923/Competencias_Centrales_22-05_02508/filtered_results.json",
        "final": "crData/Competencias_Centrales_5923/Competencias_Centrales_22-05_02508/final_results.json",
        "statistics": "crData/Competencias_Centrales_5923/Competencias_Centrales_22-05_02508/statistics_results.json"
      },
      "processing_time": 11.008063077926636,
      "total_crossref": 505031,
      "crossref_percentage": 0.0025740994117192805
    },
    "22-06": {
      "tool_name": "Competencias Centrales",
      "batch_id": "03033",
      "date": "22-06",
      "initial_count": 1309,
      "filtered_count": 15,
      "final_count": 15,
      "duplicate_count": 0,
      "terms": {
        "Core": 1309
      },
      "file_paths": {
        "base_folder": "crData/Competencias_Centrales_5923/Competencias_Centrales_22-06_03033",
        "term_results_folder": "crData/Competencias_Centrales_5923/Competencias_Centrales_22-06_03033/term_results",
        "merged": "crData/Competencias_Centrales_5923/Competencias_Centrales_22-06_03033/merged_results.json",
        "filtered": "crData/Competencias_Centrales_5923/Competencias_Centrales_22-06_03033/filtered_results.json",
        "final": "crData/Competencias_Centrales_5923/Competencias_Centrales_22-06_03033/final_results.json",
        "statistics": "crData/Competencias_Centrales_5923/Competencias_Centrales_22-06_03033/statistics_results.json"
      },
      "processing_time": 10.300961971282959,
      "total_crossref": 603276,
      "crossref_percentage": 0.0024864241242814234
    },
    "22-07": {
      "tool_name": "Competencias Centrales",
      "batch_id": "03151",
      "date": "22-07",
      "initial_count": 1201,
      "filtered_count": 19,
      "final_count": 19,
      "duplicate_count": 0,
      "terms": {
        "Core": 1201
      },
      "file_paths": {
        "base_folder": "crData/Competencias_Centrales_5923/Competencias_Centrales_22-07_03151",
        "term_results_folder": "crData/Competencias_Centrales_5923/Competencias_Centrales_22-07_03151/term_results",
        "merged": "crData/Competencias_Centrales_5923/Competencias_Centrales_22-07_03151/merged_results.json",
        "filtered": "crData/Competencias_Centrales_5923/Competencias_Centrales_22-07_03151/filtered_results.json",
        "final": "crData/Competencias_Centrales_5923/Competencias_Centrales_22-07_03151/final_results.json",
        "statistics": "crData/Competencias_Centrales_5923/Competencias_Centrales_22-07_03151/statistics_results.json"
      },
      "processing_time": 11.146224021911621,
      "total_crossref": 498533,
      "crossref_percentage": 0.0038111820080115057
    },
    "22-08": {
      "tool_name": "Competencias Centrales",
      "batch_id": "03278",
      "date": "22-08",
      "initial_count": 1231,
      "filtered_count": 15,
      "final_count": 15,
      "duplicate_count": 0,
      "terms": {
        "Core": 1231
      },
      "file_paths": {
        "base_folder": "crData/Competencias_Centrales_5923/Competencias_Centrales_22-08_03278",
        "term_results_folder": "crData/Competencias_Centrales_5923/Competencias_Centrales_22-08_03278/term_results",
        "merged": "crData/Competencias_Centrales_5923/Competencias_Centrales_22-08_03278/merged_results.json",
        "filtered": "crData/Competencias_Centrales_5923/Competencias_Centrales_22-08_03278/filtered_results.json",
        "final": "crData/Competencias_Centrales_5923/Competencias_Centrales_22-08_03278/final_results.json",
        "statistics": "crData/Competencias_Centrales_5923/Competencias_Centrales_22-08_03278/statistics_results.json"
      },
      "processing_time": 10.553131103515625,
      "total_crossref": 485223,
      "crossref_percentage": 0.0030913621159755415
    },
    "22-09": {
      "tool_name": "Competencias Centrales",
      "batch_id": "03399",
      "date": "22-09",
      "initial_count": 1318,
      "filtered_count": 18,
      "final_count": 18,
      "duplicate_count": 0,
      "terms": {
        "Core": 1318
      },
      "file_paths": {
        "base_folder": "crData/Competencias_Centrales_5923/Competencias_Centrales_22-09_03399",
        "term_results_folder": "crData/Competencias_Centrales_5923/Competencias_Centrales_22-09_03399/term_results",
        "merged": "crData/Competencias_Centrales_5923/Competencias_Centrales_22-09_03399/merged_results.json",
        "filtered": "crData/Competencias_Centrales_5923/Competencias_Centrales_22-09_03399/filtered_results.json",
        "final": "crData/Competencias_Centrales_5923/Competencias_Centrales_22-09_03399/final_results.json",
        "statistics": "crData/Competencias_Centrales_5923/Competencias_Centrales_22-09_03399/statistics_results.json"
      },
      "processing_time": 9.005958318710327,
      "total_crossref": 555285,
      "crossref_percentage": 0.0032415786488019663
    },
    "22-10": {
      "tool_name": "Competencias Centrales",
      "batch_id": "03504",
      "date": "22-10",
      "initial_count": 1309,
      "filtered_count": 15,
      "final_count": 15,
      "duplicate_count": 0,
      "terms": {
        "Core": 1309
      },
      "file_paths": {
        "base_folder": "crData/Competencias_Centrales_5923/Competencias_Centrales_22-10_03504",
        "term_results_folder": "crData/Competencias_Centrales_5923/Competencias_Centrales_22-10_03504/term_results",
        "merged": "crData/Competencias_Centrales_5923/Competencias_Centrales_22-10_03504/merged_results.json",
        "filtered": "crData/Competencias_Centrales_5923/Competencias_Centrales_22-10_03504/filtered_results.json",
        "final": "crData/Competencias_Centrales_5923/Competencias_Centrales_22-10_03504/final_results.json",
        "statistics": "crData/Competencias_Centrales_5923/Competencias_Centrales_22-10_03504/statistics_results.json"
      },
      "processing_time": 9.189175844192505,
      "total_crossref": 539324,
      "crossref_percentage": 0.002781259502636634
    },
    "22-11": {
      "tool_name": "Competencias Centrales",
      "batch_id": "04011",
      "date": "22-11",
      "initial_count": 1410,
      "filtered_count": 13,
      "final_count": 13,
      "duplicate_count": 0,
      "terms": {
        "Core": 1410
      },
      "file_paths": {
        "base_folder": "crData/Competencias_Centrales_5923/Competencias_Centrales_22-11_04011",
        "term_results_folder": "crData/Competencias_Centrales_5923/Competencias_Centrales_22-11_04011/term_results",
        "merged": "crData/Competencias_Centrales_5923/Competencias_Centrales_22-11_04011/merged_results.json",
        "filtered": "crData/Competencias_Centrales_5923/Competencias_Centrales_22-11_04011/filtered_results.json",
        "final": "crData/Competencias_Centrales_5923/Competencias_Centrales_22-11_04011/final_results.json",
        "statistics": "crData/Competencias_Centrales_5923/Competencias_Centrales_22-11_04011/statistics_results.json"
      },
      "processing_time": 14.524100065231323,
      "total_crossref": 569213,
      "crossref_percentage": 0.0022838550770976768
    },
    "22-12": {
      "tool_name": "Competencias Centrales",
      "batch_id": "04171",
      "date": "22-12",
      "initial_count": 1507,
      "filtered_count": 15,
      "final_count": 15,
      "duplicate_count": 0,
      "terms": {
        "Core": 1507
      },
      "file_paths": {
        "base_folder": "crData/Competencias_Centrales_5923/Competencias_Centrales_22-12_04171",
        "term_results_folder": "crData/Competencias_Centrales_5923/Competencias_Centrales_22-12_04171/term_results",
        "merged": "crData/Competencias_Centrales_5923/Competencias_Centrales_22-12_04171/merged_results.json",
        "filtered": "crData/Competencias_Centrales_5923/Competencias_Centrales_22-12_04171/filtered_results.json",
        "final": "crData/Competencias_Centrales_5923/Competencias_Centrales_22-12_04171/final_results.json",
        "statistics": "crData/Competencias_Centrales_5923/Competencias_Centrales_22-12_04171/statistics_results.json"
      },
      "processing_time": 9.967855215072632,
      "total_crossref": 830155,
      "crossref_percentage": 0.0018068914841204355
    }
  },
  "total_duplicates": 0,
  "monthly_files": {
    "22-01": {
      "base_folder": "crData/Competencias_Centrales_5923/Competencias_Centrales_22-01_01526",
      "term_results_folder": "crData/Competencias_Centrales_5923/Competencias_Centrales_22-01_01526/term_results",
      "merged": "crData/Competencias_Centrales_5923/Competencias_Centrales_22-01_01526/merged_results.json",
      "filtered": "crData/Competencias_Centrales_5923/Competencias_Centrales_22-01_01526/filtered_results.json",
      "final": "crData/Competencias_Centrales_5923/Competencias_Centrales_22-01_01526/final_results.json",
      "statistics": "crData/Competencias_Centrales_5923/Competencias_Centrales_22-01_01526/statistics_results.json"
    },
    "22-02": {
      "base_folder": "crData/Competencias_Centrales_5923/Competencias_Centrales_22-02_02178",
      "term_results_folder": "crData/Competencias_Centrales_5923/Competencias_Centrales_22-02_02178/term_results",
      "merged": "crData/Competencias_Centrales_5923/Competencias_Centrales_22-02_02178/merged_results.json",
      "filtered": "crData/Competencias_Centrales_5923/Competencias_Centrales_22-02_02178/filtered_results.json",
      "final": "crData/Competencias_Centrales_5923/Competencias_Centrales_22-02_02178/final_results.json",
      "statistics": "crData/Competencias_Centrales_5923/Competencias_Centrales_22-02_02178/statistics_results.json"
    },
    "22-03": {
      "base_folder": "crData/Competencias_Centrales_5923/Competencias_Centrales_22-03_02275",
      "term_results_folder": "crData/Competencias_Centrales_5923/Competencias_Centrales_22-03_02275/term_results",
      "merged": "crData/Competencias_Centrales_5923/Competencias_Centrales_22-03_02275/merged_results.json",
      "filtered": "crData/Competencias_Centrales_5923/Competencias_Centrales_22-03_02275/filtered_results.json",
      "final": "crData/Competencias_Centrales_5923/Competencias_Centrales_22-03_02275/final_results.json",
      "statistics": "crData/Competencias_Centrales_5923/Competencias_Centrales_22-03_02275/statistics_results.json"
    },
    "22-04": {
      "base_folder": "crData/Competencias_Centrales_5923/Competencias_Centrales_22-04_02379",
      "term_results_folder": "crData/Competencias_Centrales_5923/Competencias_Centrales_22-04_02379/term_results",
      "merged": "crData/Competencias_Centrales_5923/Competencias_Centrales_22-04_02379/merged_results.json",
      "filtered": "crData/Competencias_Centrales_5923/Competencias_Centrales_22-04_02379/filtered_results.json",
      "final": "crData/Competencias_Centrales_5923/Competencias_Centrales_22-04_02379/final_results.json",
      "statistics": "crData/Competencias_Centrales_5923/Competencias_Centrales_22-04_02379/statistics_results.json"
    },
    "22-05": {
      "base_folder": "crData/Competencias_Centrales_5923/Competencias_Centrales_22-05_02508",
      "term_results_folder": "crData/Competencias_Centrales_5923/Competencias_Centrales_22-05_02508/term_results",
      "merged": "crData/Competencias_Centrales_5923/Competencias_Centrales_22-05_02508/merged_results.json",
      "filtered": "crData/Competencias_Centrales_5923/Competencias_Centrales_22-05_02508/filtered_results.json",
      "final": "crData/Competencias_Centrales_5923/Competencias_Centrales_22-05_02508/final_results.json",
      "statistics": "crData/Competencias_Centrales_5923/Competencias_Centrales_22-05_02508/statistics_results.json"
    },
    "22-06": {
      "base_folder": "crData/Competencias_Centrales_5923/Competencias_Centrales_22-06_03033",
      "term_results_folder": "crData/Competencias_Centrales_5923/Competencias_Centrales_22-06_03033/term_results",
      "merged": "crData/Competencias_Centrales_5923/Competencias_Centrales_22-06_03033/merged_results.json",
      "filtered": "crData/Competencias_Centrales_5923/Competencias_Centrales_22-06_03033/filtered_results.json",
      "final": "crData/Competencias_Centrales_5923/Competencias_Centrales_22-06_03033/final_results.json",
      "statistics": "crData/Competencias_Centrales_5923/Competencias_Centrales_22-06_03033/statistics_results.json"
    },
    "22-07": {
      "base_folder": "crData/Competencias_Centrales_5923/Competencias_Centrales_22-07_03151",
      "term_results_folder": "crData/Competencias_Centrales_5923/Competencias_Centrales_22-07_03151/term_results",
      "merged": "crData/Competencias_Centrales_5923/Competencias_Centrales_22-07_03151/merged_results.json",
      "filtered": "crData/Competencias_Centrales_5923/Competencias_Centrales_22-07_03151/filtered_results.json",
      "final": "crData/Competencias_Centrales_5923/Competencias_Centrales_22-07_03151/final_results.json",
      "statistics": "crData/Competencias_Centrales_5923/Competencias_Centrales_22-07_03151/statistics_results.json"
    },
    "22-08": {
      "base_folder": "crData/Competencias_Centrales_5923/Competencias_Centrales_22-08_03278",
      "term_results_folder": "crData/Competencias_Centrales_5923/Competencias_Centrales_22-08_03278/term_results",
      "merged": "crData/Competencias_Centrales_5923/Competencias_Centrales_22-08_03278/merged_results.json",
      "filtered": "crData/Competencias_Centrales_5923/Competencias_Centrales_22-08_03278/filtered_results.json",
      "final": "crData/Competencias_Centrales_5923/Competencias_Centrales_22-08_03278/final_results.json",
      "statistics": "crData/Competencias_Centrales_5923/Competencias_Centrales_22-08_03278/statistics_results.json"
    },
    "22-09": {
      "base_folder": "crData/Competencias_Centrales_5923/Competencias_Centrales_22-09_03399",
      "term_results_folder": "crData/Competencias_Centrales_5923/Competencias_Centrales_22-09_03399/term_results",
      "merged": "crData/Competencias_Centrales_5923/Competencias_Centrales_22-09_03399/merged_results.json",
      "filtered": "crData/Competencias_Centrales_5923/Competencias_Centrales_22-09_03399/filtered_results.json",
      "final": "crData/Competencias_Centrales_5923/Competencias_Centrales_22-09_03399/final_results.json",
      "statistics": "crData/Competencias_Centrales_5923/Competencias_Centrales_22-09_03399/statistics_results.json"
    },
    "22-10": {
      "base_folder": "crData/Competencias_Centrales_5923/Competencias_Centrales_22-10_03504",
      "term_results_folder": "crData/Competencias_Centrales_5923/Competencias_Centrales_22-10_03504/term_results",
      "merged": "crData/Competencias_Centrales_5923/Competencias_Centrales_22-10_03504/merged_results.json",
      "filtered": "crData/Competencias_Centrales_5923/Competencias_Centrales_22-10_03504/filtered_results.json",
      "final": "crData/Competencias_Centrales_5923/Competencias_Centrales_22-10_03504/final_results.json",
      "statistics": "crData/Competencias_Centrales_5923/Competencias_Centrales_22-10_03504/statistics_results.json"
    },
    "22-11": {
      "base_folder": "crData/Competencias_Centrales_5923/Competencias_Centrales_22-11_04011",
      "term_results_folder": "crData/Competencias_Centrales_5923/Competencias_Centrales_22-11_04011/term_results",
      "merged": "crData/Competencias_Centrales_5923/Competencias_Centrales_22-11_04011/merged_results.json",
      "filtered": "crData/Competencias_Centrales_5923/Competencias_Centrales_22-11_04011/filtered_results.json",
      "final": "crData/Competencias_Centrales_5923/Competencias_Centrales_22-11_04011/final_results.json",
      "statistics": "crData/Competencias_Centrales_5923/Competencias_Centrales_22-11_04011/statistics_results.json"
    },
    "22-12": {
      "base_folder": "crData/Competencias_Centrales_5923/Competencias_Centrales_22-12_04171",
      "term_results_folder": "crData/Competencias_Centrales_5923/Competencias_Centrales_22-12_04171/term_results",
      "merged": "crData/Competencias_Centrales_5923/Competencias_Centrales_22-12_04171/merged_results.json",
      "filtered": "crData/Competencias_Centrales_5923/Competencias_Centrales_22-12_04171/filtered_results.json",
      "final": "crData/Competencias_Centrales_5923/Competencias_Centrales_22-12_04171/final_results.json",
      "statistics": "crData/Competencias_Centrales_5923/Competencias_Centrales_22-12_04171/statistics_results.json"
    }
  }
}