{
  "tool_name": "Competencias Centrales",
  "year": "2010",
  "monthly_stats": {
    "10-01": {
      "tool_name": "Competencias Centrales",
      "batch_id": "39551",
      "date": "10-01",
      "initial_count": 1706,
      "filtered_count": 21,
      "final_count": 21,
      "duplicate_count": 0,
      "terms": {
        "Core": 1706
      },
      "file_paths": {
        "base_folder": "crData/Competencias_Centrales_5923/Competencias_Centrales_10-01_39551",
        "term_results_folder": "crData/Competencias_Centrales_5923/Competencias_Centrales_10-01_39551/term_results",
        "merged": "crData/Competencias_Centrales_5923/Competencias_Centrales_10-01_39551/merged_results.json",
        "filtered": "crData/Competencias_Centrales_5923/Competencias_Centrales_10-01_39551/filtered_results.json",
        "final": "crData/Competencias_Centrales_5923/Competencias_Centrales_10-01_39551/final_results.json",
        "statistics": "crData/Competencias_Centrales_5923/Competencias_Centrales_10-01_39551/statistics_results.json"
      },
      "processing_time": 13.774426698684692,
      "total_crossref": 924972,
      "crossref_percentage": 0.0022703389940452253
    },
    "10-02": {
      "tool_name": "Competencias Centrales",
      "batch_id": "40104",
      "date": "10-02",
      "initial_count": 397,
      "filtered_count": 1,
      "final_count": 1,
      "duplicate_count": 0,
      "terms": {
        "Core": 397
      },
      "file_paths": {
        "base_folder": "crData/Competencias_Centrales_5923/Competencias_Centrales_10-02_40104",
        "term_results_folder": "crData/Competencias_Centrales_5923/Competencias_Centrales_10-02_40104/term_results",
        "merged": "crData/Competencias_Centrales_5923/Competencias_Centrales_10-02_40104/merged_results.json",
        "filtered": "crData/Competencias_Centrales_5923/Competencias_Centrales_10-02_40104/filtered_results.json",
        "final": "crData/Competencias_Centrales_5923/Competencias_Centrales_10-02_40104/final_results.json",
        "statistics": "crData/Competencias_Centrales_5923/Competencias_Centrales_10-02_40104/statistics_results.json"
      },
      "processing_time": 5.125720024108887,
      "total_crossref": 175507,
      "crossref_percentage": 0.0005697778436187731
    },
    "10-03": {
      "tool_name": "Competencias Centrales",
      "batch_id": "40170",
      "date": "10-03",
      "initial_count": 468,
      "filtered_count": 2,
      "final_count": 2,
      "duplicate_count": 0,
      "terms": {
        "Core": 468
      },
      "file_paths": {
        "base_folder": "crData/Competencias_Centrales_5923/Competencias_Centrales_10-03_40170",
        "term_results_folder": "crData/Competencias_Centrales_5923/Competencias_Centrales_10-03_40170/term_results",
        "merged": "crData/Competencias_Centrales_5923/Competencias_Centrales_10-03_40170/merged_results.json",
        "filtered": "crData/Competencias_Centrales_5923/Competencias_Centrales_10-03_40170/filtered_results.json",
        "final": "crData/Competencias_Centrales_5923/Competencias_Centrales_10-03_40170/final_results.json",
        "statistics": "crData/Competencias_Centrales_5923/Competencias_Centrales_10-03_40170/statistics_results.json"
      },
      "processing_time": 4.370362043380737,
      "total_crossref": 235441,
      "crossref_percentage": 0.0008494697185282088
    },
    "10-04": {
      "tool_name": "Competencias Centrales",
      "batch_id": "40229",
      "date": "10-04",
      "initial_count": 653,
      "filtered_count": 8,
      "final_count": 8,
      "duplicate_count": 0,
      "terms": {
        "Core": 653
      },
      "file_paths": {
        "base_folder": "crData/Competencias_Centrales_5923/Competencias_Centrales_10-04_40229",
        "term_results_folder": "crData/Competencias_Centrales_5923/Competencias_Centrales_10-04_40229/term_results",
        "merged": "crData/Competencias_Centrales_5923/Competencias_Centrales_10-04_40229/merged_results.json",
        "filtered": "crData/Competencias_Centrales_5923/Competencias_Centrales_10-04_40229/filtered_results.json",
        "final": "crData/Competencias_Centrales_5923/Competencias_Centrales_10-04_40229/final_results.json",
        "statistics": "crData/Competencias_Centrales_5923/Competencias_Centrales_10-04_40229/statistics_results.json"
      },
      "processing_time": 5.897944927215576,
      "total_crossref": 228980,
      "crossref_percentage": 0.003493754913092847
    },
    "10-05": {
      "tool_name": "Competencias Centrales",
      "batch_id": "40303",
      "date": "10-05",
      "initial_count": 461,
      "filtered_count": 9,
      "final_count": 9,
      "duplicate_count": 0,
      "terms": {
        "Core": 461
      },
      "file_paths": {
        "base_folder": "crData/Competencias_Centrales_5923/Competencias_Centrales_10-05_40303",
        "term_results_folder": "crData/Competencias_Centrales_5923/Competencias_Centrales_10-05_40303/term_results",
        "merged": "crData/Competencias_Centrales_5923/Competencias_Centrales_10-05_40303/merged_results.json",
        "filtered": "crData/Competencias_Centrales_5923/Competencias_Centrales_10-05_40303/filtered_results.json",
        "final": "crData/Competencias_Centrales_5923/Competencias_Centrales_10-05_40303/final_results.json",
        "statistics": "crData/Competencias_Centrales_5923/Competencias_Centrales_10-05_40303/statistics_results.json"
      },
      "processing_time": 4.198472023010254,
      "total_crossref": 214548,
      "crossref_percentage": 0.004194865484646792
    },
    "10-06": {
      "tool_name": "Competencias Centrales",
      "batch_id": "40360",
      "date": "10-06",
      "initial_count": 584,
      "filtered_count": 3,
      "final_count": 3,
      "duplicate_count": 0,
      "terms": {
        "Core": 584
      },
      "file_paths": {
        "base_folder": "crData/Competencias_Centrales_5923/Competencias_Centrales_10-06_40360",
        "term_results_folder": "crData/Competencias_Centrales_5923/Competencias_Centrales_10-06_40360/term_results",
        "merged": "crData/Competencias_Centrales_5923/Competencias_Centrales_10-06_40360/merged_results.json",
        "filtered": "crData/Competencias_Centrales_5923/Competencias_Centrales_10-06_40360/filtered_results.json",
        "final": "crData/Competencias_Centrales_5923/Competencias_Centrales_10-06_40360/final_results.json",
        "statistics": "crData/Competencias_Centrales_5923/Competencias_Centrales_10-06_40360/statistics_results.json"
      },
      "processing_time": 4.787460803985596,
      "total_crossref": 255048,
      "crossref_percentage": 0.0011762491766255764
    },
    "10-07": {
      "tool_name": "Competencias Centrales",
      "batch_id": "40423",
      "date": "10-07",
      "initial_count": 495,
      "filtered_count": 3,
      "final_count": 3,
      "duplicate_count": 0,
      "terms": {
        "Core": 495
      },
      "file_paths": {
        "base_folder": "crData/Competencias_Centrales_5923/Competencias_Centrales_10-07_40423",
        "term_results_folder": "crData/Competencias_Centrales_5923/Competencias_Centrales_10-07_40423/term_results",
        "merged": "crData/Competencias_Centrales_5923/Competencias_Centrales_10-07_40423/merged_results.json",
        "filtered": "crData/Competencias_Centrales_5923/Competencias_Centrales_10-07_40423/filtered_results.json",
        "final": "crData/Competencias_Centrales_5923/Competencias_Centrales_10-07_40423/final_results.json",
        "statistics": "crData/Competencias_Centrales_5923/Competencias_Centrales_10-07_40423/statistics_results.json"
      },
      "processing_time": 5.609625816345215,
      "total_crossref": 214596,
      "crossref_percentage": 0.0013979757311413075
    },
    "10-08": {
      "tool_name": "Competencias Centrales",
      "batch_id": "40495",
      "date": "10-08",
      "initial_count": 466,
      "filtered_count": 8,
      "final_count": 8,
      "duplicate_count": 0,
      "terms": {
        "Core": 466
      },
      "file_paths": {
        "base_folder": "crData/Competencias_Centrales_5923/Competencias_Centrales_10-08_40495",
        "term_results_folder": "crData/Competencias_Centrales_5923/Competencias_Centrales_10-08_40495/term_results",
        "merged": "crData/Competencias_Centrales_5923/Competencias_Centrales_10-08_40495/merged_results.json",
        "filtered": "crData/Competencias_Centrales_5923/Competencias_Centrales_10-08_40495/filtered_results.json",
        "final": "crData/Competencias_Centrales_5923/Competencias_Centrales_10-08_40495/final_results.json",
        "statistics": "crData/Competencias_Centrales_5923/Competencias_Centrales_10-08_40495/statistics_results.json"
      },
      "processing_time": 4.787034749984741,
      "total_crossref": 205361,
      "crossref_percentage": 0.0038955790047769537
    },
    "10-09": {
      "tool_name": "Competencias Centrales",
      "batch_id": "40558",
      "date": "10-09",
      "initial_count": 547,
      "filtered_count": 4,
      "final_count": 4,
      "duplicate_count": 0,
      "terms": {
        "Core": 547
      },
      "file_paths": {
        "base_folder": "crData/Competencias_Centrales_5923/Competencias_Centrales_10-09_40558",
        "term_results_folder": "crData/Competencias_Centrales_5923/Competencias_Centrales_10-09_40558/term_results",
        "merged": "crData/Competencias_Centrales_5923/Competencias_Centrales_10-09_40558/merged_results.json",
        "filtered": "crData/Competencias_Centrales_5923/Competencias_Centrales_10-09_40558/filtered_results.json",
        "final": "crData/Competencias_Centrales_5923/Competencias_Centrales_10-09_40558/final_results.json",
        "statistics": "crData/Competencias_Centrales_5923/Competencias_Centrales_10-09_40558/statistics_results.json"
      },
      "processing_time": 4.718907833099365,
      "total_crossref": 240543,
      "crossref_percentage": 0.001662904345584781
    },
    "10-10": {
      "tool_name": "Competencias Centrales",
      "batch_id": "41020",
      "date": "10-10",
      "initial_count": 508,
      "filtered_count": 7,
      "final_count": 7,
      "duplicate_count": 0,
      "terms": {
        "Core": 508
      },
      "file_paths": {
        "base_folder": "crData/Competencias_Centrales_5923/Competencias_Centrales_10-10_41020",
        "term_results_folder": "crData/Competencias_Centrales_5923/Competencias_Centrales_10-10_41020/term_results",
        "merged": "crData/Competencias_Centrales_5923/Competencias_Centrales_10-10_41020/merged_results.json",
        "filtered": "crData/Competencias_Centrales_5923/Competencias_Centrales_10-10_41020/filtered_results.json",
        "final": "crData/Competencias_Centrales_5923/Competencias_Centrales_10-10_41020/final_results.json",
        "statistics": "crData/Competencias_Centrales_5923/Competencias_Centrales_10-10_41020/statistics_results.json"
      },
      "processing_time": 4.177076816558838,
      "total_crossref": 236790,
      "crossref_percentage": 0.0029562059208581445
    },
    "10-11": {
      "tool_name": "Competencias Centrales",
      "batch_id": "41077",
      "date": "10-11",
      "initial_count": 584,
      "filtered_count": 9,
      "final_count": 9,
      "duplicate_count": 0,
      "terms": {
        "Core": 584
      },
      "file_paths": {
        "base_folder": "crData/Competencias_Centrales_5923/Competencias_Centrales_10-11_41077",
        "term_results_folder": "crData/Competencias_Centrales_5923/Competencias_Centrales_10-11_41077/term_results",
        "merged": "crData/Competencias_Centrales_5923/Competencias_Centrales_10-11_41077/merged_results.json",
        "filtered": "crData/Competencias_Centrales_5923/Competencias_Centrales_10-11_41077/filtered_results.json",
        "final": "crData/Competencias_Centrales_5923/Competencias_Centrales_10-11_41077/final_results.json",
        "statistics": "crData/Competencias_Centrales_5923/Competencias_Centrales_10-11_41077/statistics_results.json"
      },
      "processing_time": 5.165073871612549,
      "total_crossref": 222873,
      "crossref_percentage": 0.004038174206835283
    },
    "10-12": {
      "tool_name": "Competencias Centrales",
      "batch_id": "41144",
      "date": "10-12",
      "initial_count": 603,
      "filtered_count": 8,
      "final_count": 8,
      "duplicate_count": 0,
      "terms": {
        "Core": 603
      },
      "file_paths": {
        "base_folder": "crData/Competencias_Centrales_5923/Competencias_Centrales_10-12_41144",
        "term_results_folder": "crData/Competencias_Centrales_5923/Competencias_Centrales_10-12_41144/term_results",
        "merged": "crData/Competencias_Centrales_5923/Competencias_Centrales_10-12_41144/merged_results.json",
        "filtered": "crData/Competencias_Centrales_5923/Competencias_Centrales_10-12_41144/filtered_results.json",
        "final": "crData/Competencias_Centrales_5923/Competencias_Centrales_10-12_41144/final_results.json",
        "statistics": "crData/Competencias_Centrales_5923/Competencias_Centrales_10-12_41144/statistics_results.json"
      },
      "processing_time": 5.696305751800537,
      "total_crossref": 300359,
      "crossref_percentage": 0.002663479369687607
    }
  },
  "total_duplicates": 0,
  "monthly_files": {
    "10-01": {
      "base_folder": "crData/Competencias_Centrales_5923/Competencias_Centrales_10-01_39551",
      "term_results_folder": "crData/Competencias_Centrales_5923/Competencias_Centrales_10-01_39551/term_results",
      "merged": "crData/Competencias_Centrales_5923/Competencias_Centrales_10-01_39551/merged_results.json",
      "filtered": "crData/Competencias_Centrales_5923/Competencias_Centrales_10-01_39551/filtered_results.json",
      "final": "crData/Competencias_Centrales_5923/Competencias_Centrales_10-01_39551/final_results.json",
      "statistics": "crData/Competencias_Centrales_5923/Competencias_Centrales_10-01_39551/statistics_results.json"
    },
    "10-02": {
      "base_folder": "crData/Competencias_Centrales_5923/Competencias_Centrales_10-02_40104",
      "term_results_folder": "crData/Competencias_Centrales_5923/Competencias_Centrales_10-02_40104/term_results",
      "merged": "crData/Competencias_Centrales_5923/Competencias_Centrales_10-02_40104/merged_results.json",
      "filtered": "crData/Competencias_Centrales_5923/Competencias_Centrales_10-02_40104/filtered_results.json",
      "final": "crData/Competencias_Centrales_5923/Competencias_Centrales_10-02_40104/final_results.json",
      "statistics": "crData/Competencias_Centrales_5923/Competencias_Centrales_10-02_40104/statistics_results.json"
    },
    "10-03": {
      "base_folder": "crData/Competencias_Centrales_5923/Competencias_Centrales_10-03_40170",
      "term_results_folder": "crData/Competencias_Centrales_5923/Competencias_Centrales_10-03_40170/term_results",
      "merged": "crData/Competencias_Centrales_5923/Competencias_Centrales_10-03_40170/merged_results.json",
      "filtered": "crData/Competencias_Centrales_5923/Competencias_Centrales_10-03_40170/filtered_results.json",
      "final": "crData/Competencias_Centrales_5923/Competencias_Centrales_10-03_40170/final_results.json",
      "statistics": "crData/Competencias_Centrales_5923/Competencias_Centrales_10-03_40170/statistics_results.json"
    },
    "10-04": {
      "base_folder": "crData/Competencias_Centrales_5923/Competencias_Centrales_10-04_40229",
      "term_results_folder": "crData/Competencias_Centrales_5923/Competencias_Centrales_10-04_40229/term_results",
      "merged": "crData/Competencias_Centrales_5923/Competencias_Centrales_10-04_40229/merged_results.json",
      "filtered": "crData/Competencias_Centrales_5923/Competencias_Centrales_10-04_40229/filtered_results.json",
      "final": "crData/Competencias_Centrales_5923/Competencias_Centrales_10-04_40229/final_results.json",
      "statistics": "crData/Competencias_Centrales_5923/Competencias_Centrales_10-04_40229/statistics_results.json"
    },
    "10-05": {
      "base_folder": "crData/Competencias_Centrales_5923/Competencias_Centrales_10-05_40303",
      "term_results_folder": "crData/Competencias_Centrales_5923/Competencias_Centrales_10-05_40303/term_results",
      "merged": "crData/Competencias_Centrales_5923/Competencias_Centrales_10-05_40303/merged_results.json",
      "filtered": "crData/Competencias_Centrales_5923/Competencias_Centrales_10-05_40303/filtered_results.json",
      "final": "crData/Competencias_Centrales_5923/Competencias_Centrales_10-05_40303/final_results.json",
      "statistics": "crData/Competencias_Centrales_5923/Competencias_Centrales_10-05_40303/statistics_results.json"
    },
    "10-06": {
      "base_folder": "crData/Competencias_Centrales_5923/Competencias_Centrales_10-06_40360",
      "term_results_folder": "crData/Competencias_Centrales_5923/Competencias_Centrales_10-06_40360/term_results",
      "merged": "crData/Competencias_Centrales_5923/Competencias_Centrales_10-06_40360/merged_results.json",
      "filtered": "crData/Competencias_Centrales_5923/Competencias_Centrales_10-06_40360/filtered_results.json",
      "final": "crData/Competencias_Centrales_5923/Competencias_Centrales_10-06_40360/final_results.json",
      "statistics": "crData/Competencias_Centrales_5923/Competencias_Centrales_10-06_40360/statistics_results.json"
    },
    "10-07": {
      "base_folder": "crData/Competencias_Centrales_5923/Competencias_Centrales_10-07_40423",
      "term_results_folder": "crData/Competencias_Centrales_5923/Competencias_Centrales_10-07_40423/term_results",
      "merged": "crData/Competencias_Centrales_5923/Competencias_Centrales_10-07_40423/merged_results.json",
      "filtered": "crData/Competencias_Centrales_5923/Competencias_Centrales_10-07_40423/filtered_results.json",
      "final": "crData/Competencias_Centrales_5923/Competencias_Centrales_10-07_40423/final_results.json",
      "statistics": "crData/Competencias_Centrales_5923/Competencias_Centrales_10-07_40423/statistics_results.json"
    },
    "10-08": {
      "base_folder": "crData/Competencias_Centrales_5923/Competencias_Centrales_10-08_40495",
      "term_results_folder": "crData/Competencias_Centrales_5923/Competencias_Centrales_10-08_40495/term_results",
      "merged": "crData/Competencias_Centrales_5923/Competencias_Centrales_10-08_40495/merged_results.json",
      "filtered": "crData/Competencias_Centrales_5923/Competencias_Centrales_10-08_40495/filtered_results.json",
      "final": "crData/Competencias_Centrales_5923/Competencias_Centrales_10-08_40495/final_results.json",
      "statistics": "crData/Competencias_Centrales_5923/Competencias_Centrales_10-08_40495/statistics_results.json"
    },
    "10-09": {
      "base_folder": "crData/Competencias_Centrales_5923/Competencias_Centrales_10-09_40558",
      "term_results_folder": "crData/Competencias_Centrales_5923/Competencias_Centrales_10-09_40558/term_results",
      "merged": "crData/Competencias_Centrales_5923/Competencias_Centrales_10-09_40558/merged_results.json",
      "filtered": "crData/Competencias_Centrales_5923/Competencias_Centrales_10-09_40558/filtered_results.json",
      "final": "crData/Competencias_Centrales_5923/Competencias_Centrales_10-09_40558/final_results.json",
      "statistics": "crData/Competencias_Centrales_5923/Competencias_Centrales_10-09_40558/statistics_results.json"
    },
    "10-10": {
      "base_folder": "crData/Competencias_Centrales_5923/Competencias_Centrales_10-10_41020",
      "term_results_folder": "crData/Competencias_Centrales_5923/Competencias_Centrales_10-10_41020/term_results",
      "merged": "crData/Competencias_Centrales_5923/Competencias_Centrales_10-10_41020/merged_results.json",
      "filtered": "crData/Competencias_Centrales_5923/Competencias_Centrales_10-10_41020/filtered_results.json",
      "final": "crData/Competencias_Centrales_5923/Competencias_Centrales_10-10_41020/final_results.json",
      "statistics": "crData/Competencias_Centrales_5923/Competencias_Centrales_10-10_41020/statistics_results.json"
    },
    "10-11": {
      "base_folder": "crData/Competencias_Centrales_5923/Competencias_Centrales_10-11_41077",
      "term_results_folder": "crData/Competencias_Centrales_5923/Competencias_Centrales_10-11_41077/term_results",
      "merged": "crData/Competencias_Centrales_5923/Competencias_Centrales_10-11_41077/merged_results.json",
      "filtered": "crData/Competencias_Centrales_5923/Competencias_Centrales_10-11_41077/filtered_results.json",
      "final": "crData/Competencias_Centrales_5923/Competencias_Centrales_10-11_41077/final_results.json",
      "statistics": "crData/Competencias_Centrales_5923/Competencias_Centrales_10-11_41077/statistics_results.json"
    },
    "10-12": {
      "base_folder": "crData/Competencias_Centrales_5923/Competencias_Centrales_10-12_41144",
      "term_results_folder": "crData/Competencias_Centrales_5923/Competencias_Centrales_10-12_41144/term_results",
      "merged": "crData/Competencias_Centrales_5923/Competencias_Centrales_10-12_41144/merged_results.json",
      "filtered": "crData/Competencias_Centrales_5923/Competencias_Centrales_10-12_41144/filtered_results.json",
      "final": "crData/Competencias_Centrales_5923/Competencias_Centrales_10-12_41144/final_results.json",
      "statistics": "crData/Competencias_Centrales_5923/Competencias_Centrales_10-12_41144/statistics_results.json"
    }
  }
}