{
  "tool_name": "Competencias Centrales",
  "year": "1973",
  "monthly_stats": {
    "73-01": {
      "tool_name": "Competencias Centrales",
      "batch_id": "02427",
      "date": "73-01",
      "initial_count": 130,
      "filtered_count": 0,
      "final_count": 0,
      "duplicate_count": 0,
      "terms": {
        "Core": 130
      },
      "file_paths": {
        "base_folder": "crData/Competencias_Centrales_5923/Competencias_Centrales_73-01_02427",
        "term_results_folder": "crData/Competencias_Centrales_5923/Competencias_Centrales_73-01_02427/term_results",
        "merged": "crData/Competencias_Centrales_5923/Competencias_Centrales_73-01_02427/merged_results.json",
        "filtered": "crData/Competencias_Centrales_5923/Competencias_Centrales_73-01_02427/filtered_results.json",
        "final": "crData/Competencias_Centrales_5923/Competencias_Centrales_73-01_02427/final_results.json",
        "statistics": "crData/Competencias_Centrales_5923/Competencias_Centrales_73-01_02427/statistics_results.json"
      },
      "processing_time": 3.5001819133758545,
      "total_crossref": 172872,
      "crossref_percentage": 0.0
    },
    "73-02": {
      "tool_name": "Competencias Centrales",
      "batch_id": "02477",
      "date": "73-02",
      "initial_count": 22,
      "filtered_count": 0,
      "final_count": 0,
      "duplicate_count": 0,
      "terms": {
        "Core": 22
      },
      "file_paths": {
        "base_folder": "crData/Competencias_Centrales_5923/Competencias_Centrales_73-02_02477",
        "term_results_folder": "crData/Competencias_Centrales_5923/Competencias_Centrales_73-02_02477/term_results",
        "merged": "crData/Competencias_Centrales_5923/Competencias_Centrales_73-02_02477/merged_results.json",
        "filtered": "crData/Competencias_Centrales_5923/Competencias_Centrales_73-02_02477/filtered_results.json",
        "final": "crData/Competencias_Centrales_5923/Competencias_Centrales_73-02_02477/final_results.json",
        "statistics": "crData/Competencias_Centrales_5923/Competencias_Centrales_73-02_02477/statistics_results.json"
      },
      "processing_time": 1.823974847793579,
      "total_crossref": 29649,
      "crossref_percentage": 0.0
    },
    "73-03": {
      "tool_name": "Competencias Centrales",
      "batch_id": "02510",
      "date": "73-03",
      "initial_count": 37,
      "filtered_count": 0,
      "final_count": 0,
      "duplicate_count": 0,
      "terms": {
        "Core": 37
      },
      "file_paths": {
        "base_folder": "crData/Competencias_Centrales_5923/Competencias_Centrales_73-03_02510",
        "term_results_folder": "crData/Competencias_Centrales_5923/Competencias_Centrales_73-03_02510/term_results",
        "merged": "crData/Competencias_Centrales_5923/Competencias_Centrales_73-03_02510/merged_results.json",
        "filtered": "crData/Competencias_Centrales_5923/Competencias_Centrales_73-03_02510/filtered_results.json",
        "final": "crData/Competencias_Centrales_5923/Competencias_Centrales_73-03_02510/final_results.json",
        "statistics": "crData/Competencias_Centrales_5923/Competencias_Centrales_73-03_02510/statistics_results.json"
      },
      "processing_time": 2.3015687465667725,
      "total_crossref": 37296,
      "crossref_percentage": 0.0
    },
    "73-04": {
      "tool_name": "Competencias Centrales",
      "batch_id": "02548",
      "date": "73-04",
      "initial_count": 18,
      "filtered_count": 0,
      "final_count": 0,
      "duplicate_count": 0,
      "terms": {
        "Core": 18
      },
      "file_paths": {
        "base_folder": "crData/Competencias_Centrales_5923/Competencias_Centrales_73-04_02548",
        "term_results_folder": "crData/Competencias_Centrales_5923/Competencias_Centrales_73-04_02548/term_results",
        "merged": "crData/Competencias_Centrales_5923/Competencias_Centrales_73-04_02548/merged_results.json",
        "filtered": "crData/Competencias_Centrales_5923/Competencias_Centrales_73-04_02548/filtered_results.json",
        "final": "crData/Competencias_Centrales_5923/Competencias_Centrales_73-04_02548/final_results.json",
        "statistics": "crData/Competencias_Centrales_5923/Competencias_Centrales_73-04_02548/statistics_results.json"
      },
      "processing_time": 2.1658339500427246,
      "total_crossref": 32678,
      "crossref_percentage": 0.0
    },
    "73-05": {
      "tool_name": "Competencias Centrales",
      "batch_id": "02585",
      "date": "73-05",
      "initial_count": 25,
      "filtered_count": 0,
      "final_count": 0,
      "duplicate_count": 0,
      "terms": {
        "Core": 25
      },
      "file_paths": {
        "base_folder": "crData/Competencias_Centrales_5923/Competencias_Centrales_73-05_02585",
        "term_results_folder": "crData/Competencias_Centrales_5923/Competencias_Centrales_73-05_02585/term_results",
        "merged": "crData/Competencias_Centrales_5923/Competencias_Centrales_73-05_02585/merged_results.json",
        "filtered": "crData/Competencias_Centrales_5923/Competencias_Centrales_73-05_02585/filtered_results.json",
        "final": "crData/Competencias_Centrales_5923/Competencias_Centrales_73-05_02585/final_results.json",
        "statistics": "crData/Competencias_Centrales_5923/Competencias_Centrales_73-05_02585/statistics_results.json"
      },
      "processing_time": 4.2870259284973145,
      "total_crossref": 31135,
      "crossref_percentage": 0.0
    },
    "73-06": {
      "tool_name": "Competencias Centrales",
      "batch_id": "03043",
      "date": "73-06",
      "initial_count": 45,
      "filtered_count": 0,
      "final_count": 0,
      "duplicate_count": 0,
      "terms": {
        "Core": 45
      },
      "file_paths": {
        "base_folder": "crData/Competencias_Centrales_5923/Competencias_Centrales_73-06_03043",
        "term_results_folder": "crData/Competencias_Centrales_5923/Competencias_Centrales_73-06_03043/term_results",
        "merged": "crData/Competencias_Centrales_5923/Competencias_Centrales_73-06_03043/merged_results.json",
        "filtered": "crData/Competencias_Centrales_5923/Competencias_Centrales_73-06_03043/filtered_results.json",
        "final": "crData/Competencias_Centrales_5923/Competencias_Centrales_73-06_03043/final_results.json",
        "statistics": "crData/Competencias_Centrales_5923/Competencias_Centrales_73-06_03043/statistics_results.json"
      },
      "processing_time": 3.5815680027008057,
      "total_crossref": 35617,
      "crossref_percentage": 0.0
    },
    "73-07": {
      "tool_name": "Competencias Centrales",
      "batch_id": "03094",
      "date": "73-07",
      "initial_count": 20,
      "filtered_count": 0,
      "final_count": 0,
      "duplicate_count": 0,
      "terms": {
        "Core": 20
      },
      "file_paths": {
        "base_folder": "crData/Competencias_Centrales_5923/Competencias_Centrales_73-07_03094",
        "term_results_folder": "crData/Competencias_Centrales_5923/Competencias_Centrales_73-07_03094/term_results",
        "merged": "crData/Competencias_Centrales_5923/Competencias_Centrales_73-07_03094/merged_results.json",
        "filtered": "crData/Competencias_Centrales_5923/Competencias_Centrales_73-07_03094/filtered_results.json",
        "final": "crData/Competencias_Centrales_5923/Competencias_Centrales_73-07_03094/final_results.json",
        "statistics": "crData/Competencias_Centrales_5923/Competencias_Centrales_73-07_03094/statistics_results.json"
      },
      "processing_time": 2.5591542720794678,
      "total_crossref": 32609,
      "crossref_percentage": 0.0
    },
    "73-08": {
      "tool_name": "Competencias Centrales",
      "batch_id": "03135",
      "date": "73-08",
      "initial_count": 24,
      "filtered_count": 0,
      "final_count": 0,
      "duplicate_count": 0,
      "terms": {
        "Core": 24
      },
      "file_paths": {
        "base_folder": "crData/Competencias_Centrales_5923/Competencias_Centrales_73-08_03135",
        "term_results_folder": "crData/Competencias_Centrales_5923/Competencias_Centrales_73-08_03135/term_results",
        "merged": "crData/Competencias_Centrales_5923/Competencias_Centrales_73-08_03135/merged_results.json",
        "filtered": "crData/Competencias_Centrales_5923/Competencias_Centrales_73-08_03135/filtered_results.json",
        "final": "crData/Competencias_Centrales_5923/Competencias_Centrales_73-08_03135/final_results.json",
        "statistics": "crData/Competencias_Centrales_5923/Competencias_Centrales_73-08_03135/statistics_results.json"
      },
      "processing_time": 2.156203031539917,
      "total_crossref": 27450,
      "crossref_percentage": 0.0
    },
    "73-09": {
      "tool_name": "Competencias Centrales",
      "batch_id": "03172",
      "date": "73-09",
      "initial_count": 25,
      "filtered_count": 0,
      "final_count": 0,
      "duplicate_count": 0,
      "terms": {
        "Core": 25
      },
      "file_paths": {
        "base_folder": "crData/Competencias_Centrales_5923/Competencias_Centrales_73-09_03172",
        "term_results_folder": "crData/Competencias_Centrales_5923/Competencias_Centrales_73-09_03172/term_results",
        "merged": "crData/Competencias_Centrales_5923/Competencias_Centrales_73-09_03172/merged_results.json",
        "filtered": "crData/Competencias_Centrales_5923/Competencias_Centrales_73-09_03172/filtered_results.json",
        "final": "crData/Competencias_Centrales_5923/Competencias_Centrales_73-09_03172/final_results.json",
        "statistics": "crData/Competencias_Centrales_5923/Competencias_Centrales_73-09_03172/statistics_results.json"
      },
      "processing_time": 2.1639630794525146,
      "total_crossref": 35763,
      "crossref_percentage": 0.0
    },
    "73-10": {
      "tool_name": "Competencias Centrales",
      "batch_id": "03208",
      "date": "73-10",
      "initial_count": 34,
      "filtered_count": 0,
      "final_count": 0,
      "duplicate_count": 0,
      "terms": {
        "Core": 34
      },
      "file_paths": {
        "base_folder": "crData/Competencias_Centrales_5923/Competencias_Centrales_73-10_03208",
        "term_results_folder": "crData/Competencias_Centrales_5923/Competencias_Centrales_73-10_03208/term_results",
        "merged": "crData/Competencias_Centrales_5923/Competencias_Centrales_73-10_03208/merged_results.json",
        "filtered": "crData/Competencias_Centrales_5923/Competencias_Centrales_73-10_03208/filtered_results.json",
        "final": "crData/Competencias_Centrales_5923/Competencias_Centrales_73-10_03208/final_results.json",
        "statistics": "crData/Competencias_Centrales_5923/Competencias_Centrales_73-10_03208/statistics_results.json"
      },
      "processing_time": 2.599436044692993,
      "total_crossref": 33992,
      "crossref_percentage": 0.0
    },
    "73-11": {
      "tool_name": "Competencias Centrales",
      "batch_id": "03250",
      "date": "73-11",
      "initial_count": 23,
      "filtered_count": 0,
      "final_count": 0,
      "duplicate_count": 0,
      "terms": {
        "Core": 23
      },
      "file_paths": {
        "base_folder": "crData/Competencias_Centrales_5923/Competencias_Centrales_73-11_03250",
        "term_results_folder": "crData/Competencias_Centrales_5923/Competencias_Centrales_73-11_03250/term_results",
        "merged": "crData/Competencias_Centrales_5923/Competencias_Centrales_73-11_03250/merged_results.json",
        "filtered": "crData/Competencias_Centrales_5923/Competencias_Centrales_73-11_03250/filtered_results.json",
        "final": "crData/Competencias_Centrales_5923/Competencias_Centrales_73-11_03250/final_results.json",
        "statistics": "crData/Competencias_Centrales_5923/Competencias_Centrales_73-11_03250/statistics_results.json"
      },
      "processing_time": 2.1789419651031494,
      "total_crossref": 30035,
      "crossref_percentage": 0.0
    },
    "73-12": {
      "tool_name": "Competencias Centrales",
      "batch_id": "03287",
      "date": "73-12",
      "initial_count": 33,
      "filtered_count": 0,
      "final_count": 0,
      "duplicate_count": 0,
      "terms": {
        "Core": 33
      },
      "file_paths": {
        "base_folder": "crData/Competencias_Centrales_5923/Competencias_Centrales_73-12_03287",
        "term_results_folder": "crData/Competencias_Centrales_5923/Competencias_Centrales_73-12_03287/term_results",
        "merged": "crData/Competencias_Centrales_5923/Competencias_Centrales_73-12_03287/merged_results.json",
        "filtered": "crData/Competencias_Centrales_5923/Competencias_Centrales_73-12_03287/filtered_results.json",
        "final": "crData/Competencias_Centrales_5923/Competencias_Centrales_73-12_03287/final_results.json",
        "statistics": "crData/Competencias_Centrales_5923/Competencias_Centrales_73-12_03287/statistics_results.json"
      },
      "processing_time": 2.601797103881836,
      "total_crossref": 57001,
      "crossref_percentage": 0.0
    }
  },
  "total_duplicates": 0,
  "monthly_files": {
    "73-01": {
      "base_folder": "crData/Competencias_Centrales_5923/Competencias_Centrales_73-01_02427",
      "term_results_folder": "crData/Competencias_Centrales_5923/Competencias_Centrales_73-01_02427/term_results",
      "merged": "crData/Competencias_Centrales_5923/Competencias_Centrales_73-01_02427/merged_results.json",
      "filtered": "crData/Competencias_Centrales_5923/Competencias_Centrales_73-01_02427/filtered_results.json",
      "final": "crData/Competencias_Centrales_5923/Competencias_Centrales_73-01_02427/final_results.json",
      "statistics": "crData/Competencias_Centrales_5923/Competencias_Centrales_73-01_02427/statistics_results.json"
    },
    "73-02": {
      "base_folder": "crData/Competencias_Centrales_5923/Competencias_Centrales_73-02_02477",
      "term_results_folder": "crData/Competencias_Centrales_5923/Competencias_Centrales_73-02_02477/term_results",
      "merged": "crData/Competencias_Centrales_5923/Competencias_Centrales_73-02_02477/merged_results.json",
      "filtered": "crData/Competencias_Centrales_5923/Competencias_Centrales_73-02_02477/filtered_results.json",
      "final": "crData/Competencias_Centrales_5923/Competencias_Centrales_73-02_02477/final_results.json",
      "statistics": "crData/Competencias_Centrales_5923/Competencias_Centrales_73-02_02477/statistics_results.json"
    },
    "73-03": {
      "base_folder": "crData/Competencias_Centrales_5923/Competencias_Centrales_73-03_02510",
      "term_results_folder": "crData/Competencias_Centrales_5923/Competencias_Centrales_73-03_02510/term_results",
      "merged": "crData/Competencias_Centrales_5923/Competencias_Centrales_73-03_02510/merged_results.json",
      "filtered": "crData/Competencias_Centrales_5923/Competencias_Centrales_73-03_02510/filtered_results.json",
      "final": "crData/Competencias_Centrales_5923/Competencias_Centrales_73-03_02510/final_results.json",
      "statistics": "crData/Competencias_Centrales_5923/Competencias_Centrales_73-03_02510/statistics_results.json"
    },
    "73-04": {
      "base_folder": "crData/Competencias_Centrales_5923/Competencias_Centrales_73-04_02548",
      "term_results_folder": "crData/Competencias_Centrales_5923/Competencias_Centrales_73-04_02548/term_results",
      "merged": "crData/Competencias_Centrales_5923/Competencias_Centrales_73-04_02548/merged_results.json",
      "filtered": "crData/Competencias_Centrales_5923/Competencias_Centrales_73-04_02548/filtered_results.json",
      "final": "crData/Competencias_Centrales_5923/Competencias_Centrales_73-04_02548/final_results.json",
      "statistics": "crData/Competencias_Centrales_5923/Competencias_Centrales_73-04_02548/statistics_results.json"
    },
    "73-05": {
      "base_folder": "crData/Competencias_Centrales_5923/Competencias_Centrales_73-05_02585",
      "term_results_folder": "crData/Competencias_Centrales_5923/Competencias_Centrales_73-05_02585/term_results",
      "merged": "crData/Competencias_Centrales_5923/Competencias_Centrales_73-05_02585/merged_results.json",
      "filtered": "crData/Competencias_Centrales_5923/Competencias_Centrales_73-05_02585/filtered_results.json",
      "final": "crData/Competencias_Centrales_5923/Competencias_Centrales_73-05_02585/final_results.json",
      "statistics": "crData/Competencias_Centrales_5923/Competencias_Centrales_73-05_02585/statistics_results.json"
    },
    "73-06": {
      "base_folder": "crData/Competencias_Centrales_5923/Competencias_Centrales_73-06_03043",
      "term_results_folder": "crData/Competencias_Centrales_5923/Competencias_Centrales_73-06_03043/term_results",
      "merged": "crData/Competencias_Centrales_5923/Competencias_Centrales_73-06_03043/merged_results.json",
      "filtered": "crData/Competencias_Centrales_5923/Competencias_Centrales_73-06_03043/filtered_results.json",
      "final": "crData/Competencias_Centrales_5923/Competencias_Centrales_73-06_03043/final_results.json",
      "statistics": "crData/Competencias_Centrales_5923/Competencias_Centrales_73-06_03043/statistics_results.json"
    },
    "73-07": {
      "base_folder": "crData/Competencias_Centrales_5923/Competencias_Centrales_73-07_03094",
      "term_results_folder": "crData/Competencias_Centrales_5923/Competencias_Centrales_73-07_03094/term_results",
      "merged": "crData/Competencias_Centrales_5923/Competencias_Centrales_73-07_03094/merged_results.json",
      "filtered": "crData/Competencias_Centrales_5923/Competencias_Centrales_73-07_03094/filtered_results.json",
      "final": "crData/Competencias_Centrales_5923/Competencias_Centrales_73-07_03094/final_results.json",
      "statistics": "crData/Competencias_Centrales_5923/Competencias_Centrales_73-07_03094/statistics_results.json"
    },
    "73-08": {
      "base_folder": "crData/Competencias_Centrales_5923/Competencias_Centrales_73-08_03135",
      "term_results_folder": "crData/Competencias_Centrales_5923/Competencias_Centrales_73-08_03135/term_results",
      "merged": "crData/Competencias_Centrales_5923/Competencias_Centrales_73-08_03135/merged_results.json",
      "filtered": "crData/Competencias_Centrales_5923/Competencias_Centrales_73-08_03135/filtered_results.json",
      "final": "crData/Competencias_Centrales_5923/Competencias_Centrales_73-08_03135/final_results.json",
      "statistics": "crData/Competencias_Centrales_5923/Competencias_Centrales_73-08_03135/statistics_results.json"
    },
    "73-09": {
      "base_folder": "crData/Competencias_Centrales_5923/Competencias_Centrales_73-09_03172",
      "term_results_folder": "crData/Competencias_Centrales_5923/Competencias_Centrales_73-09_03172/term_results",
      "merged": "crData/Competencias_Centrales_5923/Competencias_Centrales_73-09_03172/merged_results.json",
      "filtered": "crData/Competencias_Centrales_5923/Competencias_Centrales_73-09_03172/filtered_results.json",
      "final": "crData/Competencias_Centrales_5923/Competencias_Centrales_73-09_03172/final_results.json",
      "statistics": "crData/Competencias_Centrales_5923/Competencias_Centrales_73-09_03172/statistics_results.json"
    },
    "73-10": {
      "base_folder": "crData/Competencias_Centrales_5923/Competencias_Centrales_73-10_03208",
      "term_results_folder": "crData/Competencias_Centrales_5923/Competencias_Centrales_73-10_03208/term_results",
      "merged": "crData/Competencias_Centrales_5923/Competencias_Centrales_73-10_03208/merged_results.json",
      "filtered": "crData/Competencias_Centrales_5923/Competencias_Centrales_73-10_03208/filtered_results.json",
      "final": "crData/Competencias_Centrales_5923/Competencias_Centrales_73-10_03208/final_results.json",
      "statistics": "crData/Competencias_Centrales_5923/Competencias_Centrales_73-10_03208/statistics_results.json"
    },
    "73-11": {
      "base_folder": "crData/Competencias_Centrales_5923/Competencias_Centrales_73-11_03250",
      "term_results_folder": "crData/Competencias_Centrales_5923/Competencias_Centrales_73-11_03250/term_results",
      "merged": "crData/Competencias_Centrales_5923/Competencias_Centrales_73-11_03250/merged_results.json",
      "filtered": "crData/Competencias_Centrales_5923/Competencias_Centrales_73-11_03250/filtered_results.json",
      "final": "crData/Competencias_Centrales_5923/Competencias_Centrales_73-11_03250/final_results.json",
      "statistics": "crData/Competencias_Centrales_5923/Competencias_Centrales_73-11_03250/statistics_results.json"
    },
    "73-12": {
      "base_folder": "crData/Competencias_Centrales_5923/Competencias_Centrales_73-12_03287",
      "term_results_folder": "crData/Competencias_Centrales_5923/Competencias_Centrales_73-12_03287/term_results",
      "merged": "crData/Competencias_Centrales_5923/Competencias_Centrales_73-12_03287/merged_results.json",
      "filtered": "crData/Competencias_Centrales_5923/Competencias_Centrales_73-12_03287/filtered_results.json",
      "final": "crData/Competencias_Centrales_5923/Competencias_Centrales_73-12_03287/final_results.json",
      "statistics": "crData/Competencias_Centrales_5923/Competencias_Centrales_73-12_03287/statistics_results.json"
    }
  }
}