{
  "tool_name": "Cuadro de Mando Integral",
  "year": "1996",
  "monthly_stats": {
    "96-01": {
      "tool_name": "Cuadro de Mando Integral",
      "batch_id": "42161",
      "date": "96-01",
      "initial_count": 9,
      "filtered_count": 0,
      "final_count": 0,
      "duplicate_count": 0,
      "terms": {
        "Scorecard": 9
      },
      "file_paths": {
        "base_folder": "crData/Cuadro_de_Mando_Integral_0957/Cuadro_de_Mando_Integral_96-01_42161",
        "term_results_folder": "crData/Cuadro_de_Mando_Integral_0957/Cuadro_de_Mando_Integral_96-01_42161/term_results",
        "merged": "crData/Cuadro_de_Mando_Integral_0957/Cuadro_de_Mando_Integral_96-01_42161/merged_results.json",
        "filtered": "crData/Cuadro_de_Mando_Integral_0957/Cuadro_de_Mando_Integral_96-01_42161/filtered_results.json",
        "final": "crData/Cuadro_de_Mando_Integral_0957/Cuadro_de_Mando_Integral_96-01_42161/final_results.json",
        "statistics": "crData/Cuadro_de_Mando_Integral_0957/Cuadro_de_Mando_Integral_96-01_42161/statistics_results.json"
      },
      "processing_time": 2.057386875152588,
      "total_crossref": 479718,
      "crossref_percentage": 0.0
    },
    "96-02": {
      "tool_name": "Cuadro de Mando Integral",
      "batch_id": "42197",
      "date": "96-02",
      "initial_count": 1,
      "filtered_count": 0,
      "final_count": 0,
      "duplicate_count": 0,
      "terms": {
        "Scorecard": 1
      },
      "file_paths": {
        "base_folder": "crData/Cuadro_de_Mando_Integral_0957/Cuadro_de_Mando_Integral_96-02_42197",
        "term_results_folder": "crData/Cuadro_de_Mando_Integral_0957/Cuadro_de_Mando_Integral_96-02_42197/term_results",
        "merged": "crData/Cuadro_de_Mando_Integral_0957/Cuadro_de_Mando_Integral_96-02_42197/merged_results.json",
        "filtered": "crData/Cuadro_de_Mando_Integral_0957/Cuadro_de_Mando_Integral_96-02_42197/filtered_results.json",
        "final": "crData/Cuadro_de_Mando_Integral_0957/Cuadro_de_Mando_Integral_96-02_42197/final_results.json",
        "statistics": "crData/Cuadro_de_Mando_Integral_0957/Cuadro_de_Mando_Integral_96-02_42197/statistics_results.json"
      },
      "processing_time": 2.1601641178131104,
      "total_crossref": 75003,
      "crossref_percentage": 0.0
    },
    "96-03": {
      "tool_name": "Cuadro de Mando Integral",
      "batch_id": "42234",
      "date": "96-03",
      "initial_count": 2,
      "filtered_count": 1,
      "final_count": 1,
      "duplicate_count": 0,
      "terms": {
        "Scorecard": 2
      },
      "file_paths": {
        "base_folder": "crData/Cuadro_de_Mando_Integral_0957/Cuadro_de_Mando_Integral_96-03_42234",
        "term_results_folder": "crData/Cuadro_de_Mando_Integral_0957/Cuadro_de_Mando_Integral_96-03_42234/term_results",
        "merged": "crData/Cuadro_de_Mando_Integral_0957/Cuadro_de_Mando_Integral_96-03_42234/merged_results.json",
        "filtered": "crData/Cuadro_de_Mando_Integral_0957/Cuadro_de_Mando_Integral_96-03_42234/filtered_results.json",
        "final": "crData/Cuadro_de_Mando_Integral_0957/Cuadro_de_Mando_Integral_96-03_42234/final_results.json",
        "statistics": "crData/Cuadro_de_Mando_Integral_0957/Cuadro_de_Mando_Integral_96-03_42234/statistics_results.json"
      },
      "processing_time": 1.7047631740570068,
      "total_crossref": 97790,
      "crossref_percentage": 0.0010225994477962982
    },
    "96-04": {
      "tool_name": "Cuadro de Mando Integral",
      "batch_id": "42266",
      "date": "96-04",
      "initial_count": 1,
      "filtered_count": 1,
      "final_count": 1,
      "duplicate_count": 0,
      "terms": {
        "Scorecard": 1
      },
      "file_paths": {
        "base_folder": "crData/Cuadro_de_Mando_Integral_0957/Cuadro_de_Mando_Integral_96-04_42266",
        "term_results_folder": "crData/Cuadro_de_Mando_Integral_0957/Cuadro_de_Mando_Integral_96-04_42266/term_results",
        "merged": "crData/Cuadro_de_Mando_Integral_0957/Cuadro_de_Mando_Integral_96-04_42266/merged_results.json",
        "filtered": "crData/Cuadro_de_Mando_Integral_0957/Cuadro_de_Mando_Integral_96-04_42266/filtered_results.json",
        "final": "crData/Cuadro_de_Mando_Integral_0957/Cuadro_de_Mando_Integral_96-04_42266/final_results.json",
        "statistics": "crData/Cuadro_de_Mando_Integral_0957/Cuadro_de_Mando_Integral_96-04_42266/statistics_results.json"
      },
      "processing_time": 1.2437529563903809,
      "total_crossref": 93644,
      "crossref_percentage": 0.001067874076288924
    },
    "96-05": {
      "tool_name": "Cuadro de Mando Integral",
      "batch_id": "42293",
      "date": "96-05",
      "initial_count": 3,
      "filtered_count": 2,
      "final_count": 2,
      "duplicate_count": 0,
      "terms": {
        "Scorecard": 3
      },
      "file_paths": {
        "base_folder": "crData/Cuadro_de_Mando_Integral_0957/Cuadro_de_Mando_Integral_96-05_42293",
        "term_results_folder": "crData/Cuadro_de_Mando_Integral_0957/Cuadro_de_Mando_Integral_96-05_42293/term_results",
        "merged": "crData/Cuadro_de_Mando_Integral_0957/Cuadro_de_Mando_Integral_96-05_42293/merged_results.json",
        "filtered": "crData/Cuadro_de_Mando_Integral_0957/Cuadro_de_Mando_Integral_96-05_42293/filtered_results.json",
        "final": "crData/Cuadro_de_Mando_Integral_0957/Cuadro_de_Mando_Integral_96-05_42293/final_results.json",
        "statistics": "crData/Cuadro_de_Mando_Integral_0957/Cuadro_de_Mando_Integral_96-05_42293/statistics_results.json"
      },
      "processing_time": 1.9415462017059326,
      "total_crossref": 84196,
      "crossref_percentage": 0.0023754097581832868
    },
    "96-06": {
      "tool_name": "Cuadro de Mando Integral",
      "batch_id": "42328",
      "date": "96-06",
      "initial_count": 1,
      "filtered_count": 0,
      "final_count": 0,
      "duplicate_count": 0,
      "terms": {
        "Scorecard": 1
      },
      "file_paths": {
        "base_folder": "crData/Cuadro_de_Mando_Integral_0957/Cuadro_de_Mando_Integral_96-06_42328",
        "term_results_folder": "crData/Cuadro_de_Mando_Integral_0957/Cuadro_de_Mando_Integral_96-06_42328/term_results",
        "merged": "crData/Cuadro_de_Mando_Integral_0957/Cuadro_de_Mando_Integral_96-06_42328/merged_results.json",
        "filtered": "crData/Cuadro_de_Mando_Integral_0957/Cuadro_de_Mando_Integral_96-06_42328/filtered_results.json",
        "final": "crData/Cuadro_de_Mando_Integral_0957/Cuadro_de_Mando_Integral_96-06_42328/final_results.json",
        "statistics": "crData/Cuadro_de_Mando_Integral_0957/Cuadro_de_Mando_Integral_96-06_42328/statistics_results.json"
      },
      "processing_time": 1.9133939743041992,
      "total_crossref": 97549,
      "crossref_percentage": 0.0
    },
    "96-07": {
      "tool_name": "Cuadro de Mando Integral",
      "batch_id": "42362",
      "date": "96-07",
      "initial_count": 0,
      "filtered_count": 0,
      "final_count": 0,
      "duplicate_count": 0,
      "terms": {
        "Scorecard": 0
      },
      "file_paths": {
        "base_folder": "crData/Cuadro_de_Mando_Integral_0957/Cuadro_de_Mando_Integral_96-07_42362",
        "term_results_folder": "crData/Cuadro_de_Mando_Integral_0957/Cuadro_de_Mando_Integral_96-07_42362/term_results",
        "merged": "crData/Cuadro_de_Mando_Integral_0957/Cuadro_de_Mando_Integral_96-07_42362/merged_results.json",
        "filtered": "crData/Cuadro_de_Mando_Integral_0957/Cuadro_de_Mando_Integral_96-07_42362/filtered_results.json",
        "final": "crData/Cuadro_de_Mando_Integral_0957/Cuadro_de_Mando_Integral_96-07_42362/final_results.json",
        "statistics": "crData/Cuadro_de_Mando_Integral_0957/Cuadro_de_Mando_Integral_96-07_42362/statistics_results.json"
      },
      "processing_time": 2.018527030944824,
      "total_crossref": 86332,
      "crossref_percentage": 0.0
    },
    "96-08": {
      "tool_name": "Cuadro de Mando Integral",
      "batch_id": "42397",
      "date": "96-08",
      "initial_count": 1,
      "filtered_count": 0,
      "final_count": 0,
      "duplicate_count": 0,
      "terms": {
        "Scorecard": 1
      },
      "file_paths": {
        "base_folder": "crData/Cuadro_de_Mando_Integral_0957/Cuadro_de_Mando_Integral_96-08_42397",
        "term_results_folder": "crData/Cuadro_de_Mando_Integral_0957/Cuadro_de_Mando_Integral_96-08_42397/term_results",
        "merged": "crData/Cuadro_de_Mando_Integral_0957/Cuadro_de_Mando_Integral_96-08_42397/merged_results.json",
        "filtered": "crData/Cuadro_de_Mando_Integral_0957/Cuadro_de_Mando_Integral_96-08_42397/filtered_results.json",
        "final": "crData/Cuadro_de_Mando_Integral_0957/Cuadro_de_Mando_Integral_96-08_42397/final_results.json",
        "statistics": "crData/Cuadro_de_Mando_Integral_0957/Cuadro_de_Mando_Integral_96-08_42397/statistics_results.json"
      },
      "processing_time": 1.466076135635376,
      "total_crossref": 81041,
      "crossref_percentage": 0.0
    },
    "96-09": {
      "tool_name": "Cuadro de Mando Integral",
      "batch_id": "42427",
      "date": "96-09",
      "initial_count": 1,
      "filtered_count": 0,
      "final_count": 0,
      "duplicate_count": 0,
      "terms": {
        "Scorecard": 1
      },
      "file_paths": {
        "base_folder": "crData/Cuadro_de_Mando_Integral_0957/Cuadro_de_Mando_Integral_96-09_42427",
        "term_results_folder": "crData/Cuadro_de_Mando_Integral_0957/Cuadro_de_Mando_Integral_96-09_42427/term_results",
        "merged": "crData/Cuadro_de_Mando_Integral_0957/Cuadro_de_Mando_Integral_96-09_42427/merged_results.json",
        "filtered": "crData/Cuadro_de_Mando_Integral_0957/Cuadro_de_Mando_Integral_96-09_42427/filtered_results.json",
        "final": "crData/Cuadro_de_Mando_Integral_0957/Cuadro_de_Mando_Integral_96-09_42427/final_results.json",
        "statistics": "crData/Cuadro_de_Mando_Integral_0957/Cuadro_de_Mando_Integral_96-09_42427/statistics_results.json"
      },
      "processing_time": 2.02651309967041,
      "total_crossref": 97654,
      "crossref_percentage": 0.0
    },
    "96-10": {
      "tool_name": "Cuadro de Mando Integral",
      "batch_id": "42462",
      "date": "96-10",
      "initial_count": 1,
      "filtered_count": 1,
      "final_count": 1,
      "duplicate_count": 0,
      "terms": {
        "Scorecard": 1
      },
      "file_paths": {
        "base_folder": "crData/Cuadro_de_Mando_Integral_0957/Cuadro_de_Mando_Integral_96-10_42462",
        "term_results_folder": "crData/Cuadro_de_Mando_Integral_0957/Cuadro_de_Mando_Integral_96-10_42462/term_results",
        "merged": "crData/Cuadro_de_Mando_Integral_0957/Cuadro_de_Mando_Integral_96-10_42462/merged_results.json",
        "filtered": "crData/Cuadro_de_Mando_Integral_0957/Cuadro_de_Mando_Integral_96-10_42462/filtered_results.json",
        "final": "crData/Cuadro_de_Mando_Integral_0957/Cuadro_de_Mando_Integral_96-10_42462/final_results.json",
        "statistics": "crData/Cuadro_de_Mando_Integral_0957/Cuadro_de_Mando_Integral_96-10_42462/statistics_results.json"
      },
      "processing_time": 2.580634117126465,
      "total_crossref": 90522,
      "crossref_percentage": 0.0011047038289034709
    },
    "96-11": {
      "tool_name": "Cuadro de Mando Integral",
      "batch_id": "42503",
      "date": "96-11",
      "initial_count": 2,
      "filtered_count": 0,
      "final_count": 0,
      "duplicate_count": 0,
      "terms": {
        "Scorecard": 2
      },
      "file_paths": {
        "base_folder": "crData/Cuadro_de_Mando_Integral_0957/Cuadro_de_Mando_Integral_96-11_42503",
        "term_results_folder": "crData/Cuadro_de_Mando_Integral_0957/Cuadro_de_Mando_Integral_96-11_42503/term_results",
        "merged": "crData/Cuadro_de_Mando_Integral_0957/Cuadro_de_Mando_Integral_96-11_42503/merged_results.json",
        "filtered": "crData/Cuadro_de_Mando_Integral_0957/Cuadro_de_Mando_Integral_96-11_42503/filtered_results.json",
        "final": "crData/Cuadro_de_Mando_Integral_0957/Cuadro_de_Mando_Integral_96-11_42503/final_results.json",
        "statistics": "crData/Cuadro_de_Mando_Integral_0957/Cuadro_de_Mando_Integral_96-11_42503/statistics_results.json"
      },
      "processing_time": 2.812114953994751,
      "total_crossref": 82464,
      "crossref_percentage": 0.0
    },
    "96-12": {
      "tool_name": "Cuadro de Mando Integral",
      "batch_id": "42546",
      "date": "96-12",
      "initial_count": 3,
      "filtered_count": 0,
      "final_count": 0,
      "duplicate_count": 0,
      "terms": {
        "Scorecard": 3
      },
      "file_paths": {
        "base_folder": "crData/Cuadro_de_Mando_Integral_0957/Cuadro_de_Mando_Integral_96-12_42546",
        "term_results_folder": "crData/Cuadro_de_Mando_Integral_0957/Cuadro_de_Mando_Integral_96-12_42546/term_results",
        "merged": "crData/Cuadro_de_Mando_Integral_0957/Cuadro_de_Mando_Integral_96-12_42546/merged_results.json",
        "filtered": "crData/Cuadro_de_Mando_Integral_0957/Cuadro_de_Mando_Integral_96-12_42546/filtered_results.json",
        "final": "crData/Cuadro_de_Mando_Integral_0957/Cuadro_de_Mando_Integral_96-12_42546/final_results.json",
        "statistics": "crData/Cuadro_de_Mando_Integral_0957/Cuadro_de_Mando_Integral_96-12_42546/statistics_results.json"
      },
      "processing_time": 3.401198148727417,
      "total_crossref": 120032,
      "crossref_percentage": 0.0
    }
  },
  "total_duplicates": 0,
  "monthly_files": {
    "96-01": {
      "base_folder": "crData/Cuadro_de_Mando_Integral_0957/Cuadro_de_Mando_Integral_96-01_42161",
      "term_results_folder": "crData/Cuadro_de_Mando_Integral_0957/Cuadro_de_Mando_Integral_96-01_42161/term_results",
      "merged": "crData/Cuadro_de_Mando_Integral_0957/Cuadro_de_Mando_Integral_96-01_42161/merged_results.json",
      "filtered": "crData/Cuadro_de_Mando_Integral_0957/Cuadro_de_Mando_Integral_96-01_42161/filtered_results.json",
      "final": "crData/Cuadro_de_Mando_Integral_0957/Cuadro_de_Mando_Integral_96-01_42161/final_results.json",
      "statistics": "crData/Cuadro_de_Mando_Integral_0957/Cuadro_de_Mando_Integral_96-01_42161/statistics_results.json"
    },
    "96-02": {
      "base_folder": "crData/Cuadro_de_Mando_Integral_0957/Cuadro_de_Mando_Integral_96-02_42197",
      "term_results_folder": "crData/Cuadro_de_Mando_Integral_0957/Cuadro_de_Mando_Integral_96-02_42197/term_results",
      "merged": "crData/Cuadro_de_Mando_Integral_0957/Cuadro_de_Mando_Integral_96-02_42197/merged_results.json",
      "filtered": "crData/Cuadro_de_Mando_Integral_0957/Cuadro_de_Mando_Integral_96-02_42197/filtered_results.json",
      "final": "crData/Cuadro_de_Mando_Integral_0957/Cuadro_de_Mando_Integral_96-02_42197/final_results.json",
      "statistics": "crData/Cuadro_de_Mando_Integral_0957/Cuadro_de_Mando_Integral_96-02_42197/statistics_results.json"
    },
    "96-03": {
      "base_folder": "crData/Cuadro_de_Mando_Integral_0957/Cuadro_de_Mando_Integral_96-03_42234",
      "term_results_folder": "crData/Cuadro_de_Mando_Integral_0957/Cuadro_de_Mando_Integral_96-03_42234/term_results",
      "merged": "crData/Cuadro_de_Mando_Integral_0957/Cuadro_de_Mando_Integral_96-03_42234/merged_results.json",
      "filtered": "crData/Cuadro_de_Mando_Integral_0957/Cuadro_de_Mando_Integral_96-03_42234/filtered_results.json",
      "final": "crData/Cuadro_de_Mando_Integral_0957/Cuadro_de_Mando_Integral_96-03_42234/final_results.json",
      "statistics": "crData/Cuadro_de_Mando_Integral_0957/Cuadro_de_Mando_Integral_96-03_42234/statistics_results.json"
    },
    "96-04": {
      "base_folder": "crData/Cuadro_de_Mando_Integral_0957/Cuadro_de_Mando_Integral_96-04_42266",
      "term_results_folder": "crData/Cuadro_de_Mando_Integral_0957/Cuadro_de_Mando_Integral_96-04_42266/term_results",
      "merged": "crData/Cuadro_de_Mando_Integral_0957/Cuadro_de_Mando_Integral_96-04_42266/merged_results.json",
      "filtered": "crData/Cuadro_de_Mando_Integral_0957/Cuadro_de_Mando_Integral_96-04_42266/filtered_results.json",
      "final": "crData/Cuadro_de_Mando_Integral_0957/Cuadro_de_Mando_Integral_96-04_42266/final_results.json",
      "statistics": "crData/Cuadro_de_Mando_Integral_0957/Cuadro_de_Mando_Integral_96-04_42266/statistics_results.json"
    },
    "96-05": {
      "base_folder": "crData/Cuadro_de_Mando_Integral_0957/Cuadro_de_Mando_Integral_96-05_42293",
      "term_results_folder": "crData/Cuadro_de_Mando_Integral_0957/Cuadro_de_Mando_Integral_96-05_42293/term_results",
      "merged": "crData/Cuadro_de_Mando_Integral_0957/Cuadro_de_Mando_Integral_96-05_42293/merged_results.json",
      "filtered": "crData/Cuadro_de_Mando_Integral_0957/Cuadro_de_Mando_Integral_96-05_42293/filtered_results.json",
      "final": "crData/Cuadro_de_Mando_Integral_0957/Cuadro_de_Mando_Integral_96-05_42293/final_results.json",
      "statistics": "crData/Cuadro_de_Mando_Integral_0957/Cuadro_de_Mando_Integral_96-05_42293/statistics_results.json"
    },
    "96-06": {
      "base_folder": "crData/Cuadro_de_Mando_Integral_0957/Cuadro_de_Mando_Integral_96-06_42328",
      "term_results_folder": "crData/Cuadro_de_Mando_Integral_0957/Cuadro_de_Mando_Integral_96-06_42328/term_results",
      "merged": "crData/Cuadro_de_Mando_Integral_0957/Cuadro_de_Mando_Integral_96-06_42328/merged_results.json",
      "filtered": "crData/Cuadro_de_Mando_Integral_0957/Cuadro_de_Mando_Integral_96-06_42328/filtered_results.json",
      "final": "crData/Cuadro_de_Mando_Integral_0957/Cuadro_de_Mando_Integral_96-06_42328/final_results.json",
      "statistics": "crData/Cuadro_de_Mando_Integral_0957/Cuadro_de_Mando_Integral_96-06_42328/statistics_results.json"
    },
    "96-07": {
      "base_folder": "crData/Cuadro_de_Mando_Integral_0957/Cuadro_de_Mando_Integral_96-07_42362",
      "term_results_folder": "crData/Cuadro_de_Mando_Integral_0957/Cuadro_de_Mando_Integral_96-07_42362/term_results",
      "merged": "crData/Cuadro_de_Mando_Integral_0957/Cuadro_de_Mando_Integral_96-07_42362/merged_results.json",
      "filtered": "crData/Cuadro_de_Mando_Integral_0957/Cuadro_de_Mando_Integral_96-07_42362/filtered_results.json",
      "final": "crData/Cuadro_de_Mando_Integral_0957/Cuadro_de_Mando_Integral_96-07_42362/final_results.json",
      "statistics": "crData/Cuadro_de_Mando_Integral_0957/Cuadro_de_Mando_Integral_96-07_42362/statistics_results.json"
    },
    "96-08": {
      "base_folder": "crData/Cuadro_de_Mando_Integral_0957/Cuadro_de_Mando_Integral_96-08_42397",
      "term_results_folder": "crData/Cuadro_de_Mando_Integral_0957/Cuadro_de_Mando_Integral_96-08_42397/term_results",
      "merged": "crData/Cuadro_de_Mando_Integral_0957/Cuadro_de_Mando_Integral_96-08_42397/merged_results.json",
      "filtered": "crData/Cuadro_de_Mando_Integral_0957/Cuadro_de_Mando_Integral_96-08_42397/filtered_results.json",
      "final": "crData/Cuadro_de_Mando_Integral_0957/Cuadro_de_Mando_Integral_96-08_42397/final_results.json",
      "statistics": "crData/Cuadro_de_Mando_Integral_0957/Cuadro_de_Mando_Integral_96-08_42397/statistics_results.json"
    },
    "96-09": {
      "base_folder": "crData/Cuadro_de_Mando_Integral_0957/Cuadro_de_Mando_Integral_96-09_42427",
      "term_results_folder": "crData/Cuadro_de_Mando_Integral_0957/Cuadro_de_Mando_Integral_96-09_42427/term_results",
      "merged": "crData/Cuadro_de_Mando_Integral_0957/Cuadro_de_Mando_Integral_96-09_42427/merged_results.json",
      "filtered": "crData/Cuadro_de_Mando_Integral_0957/Cuadro_de_Mando_Integral_96-09_42427/filtered_results.json",
      "final": "crData/Cuadro_de_Mando_Integral_0957/Cuadro_de_Mando_Integral_96-09_42427/final_results.json",
      "statistics": "crData/Cuadro_de_Mando_Integral_0957/Cuadro_de_Mando_Integral_96-09_42427/statistics_results.json"
    },
    "96-10": {
      "base_folder": "crData/Cuadro_de_Mando_Integral_0957/Cuadro_de_Mando_Integral_96-10_42462",
      "term_results_folder": "crData/Cuadro_de_Mando_Integral_0957/Cuadro_de_Mando_Integral_96-10_42462/term_results",
      "merged": "crData/Cuadro_de_Mando_Integral_0957/Cuadro_de_Mando_Integral_96-10_42462/merged_results.json",
      "filtered": "crData/Cuadro_de_Mando_Integral_0957/Cuadro_de_Mando_Integral_96-10_42462/filtered_results.json",
      "final": "crData/Cuadro_de_Mando_Integral_0957/Cuadro_de_Mando_Integral_96-10_42462/final_results.json",
      "statistics": "crData/Cuadro_de_Mando_Integral_0957/Cuadro_de_Mando_Integral_96-10_42462/statistics_results.json"
    },
    "96-11": {
      "base_folder": "crData/Cuadro_de_Mando_Integral_0957/Cuadro_de_Mando_Integral_96-11_42503",
      "term_results_folder": "crData/Cuadro_de_Mando_Integral_0957/Cuadro_de_Mando_Integral_96-11_42503/term_results",
      "merged": "crData/Cuadro_de_Mando_Integral_0957/Cuadro_de_Mando_Integral_96-11_42503/merged_results.json",
      "filtered": "crData/Cuadro_de_Mando_Integral_0957/Cuadro_de_Mando_Integral_96-11_42503/filtered_results.json",
      "final": "crData/Cuadro_de_Mando_Integral_0957/Cuadro_de_Mando_Integral_96-11_42503/final_results.json",
      "statistics": "crData/Cuadro_de_Mando_Integral_0957/Cuadro_de_Mando_Integral_96-11_42503/statistics_results.json"
    },
    "96-12": {
      "base_folder": "crData/Cuadro_de_Mando_Integral_0957/Cuadro_de_Mando_Integral_96-12_42546",
      "term_results_folder": "crData/Cuadro_de_Mando_Integral_0957/Cuadro_de_Mando_Integral_96-12_42546/term_results",
      "merged": "crData/Cuadro_de_Mando_Integral_0957/Cuadro_de_Mando_Integral_96-12_42546/merged_results.json",
      "filtered": "crData/Cuadro_de_Mando_Integral_0957/Cuadro_de_Mando_Integral_96-12_42546/filtered_results.json",
      "final": "crData/Cuadro_de_Mando_Integral_0957/Cuadro_de_Mando_Integral_96-12_42546/final_results.json",
      "statistics": "crData/Cuadro_de_Mando_Integral_0957/Cuadro_de_Mando_Integral_96-12_42546/statistics_results.json"
    }
  }
}