{
  "tool_name": "Cuadro de Mando Integral",
  "year": "1991",
  "monthly_stats": {
    "91-01": {
      "tool_name": "Cuadro de Mando Integral",
      "batch_id": "38142",
      "date": "91-01",
      "initial_count": 0,
      "filtered_count": 0,
      "final_count": 0,
      "duplicate_count": 0,
      "terms": {
        "Scorecard": 0
      },
      "file_paths": {
        "base_folder": "crData/Cuadro_de_Mando_Integral_0957/Cuadro_de_Mando_Integral_91-01_38142",
        "term_results_folder": "crData/Cuadro_de_Mando_Integral_0957/Cuadro_de_Mando_Integral_91-01_38142/term_results",
        "merged": "crData/Cuadro_de_Mando_Integral_0957/Cuadro_de_Mando_Integral_91-01_38142/merged_results.json",
        "filtered": "crData/Cuadro_de_Mando_Integral_0957/Cuadro_de_Mando_Integral_91-01_38142/filtered_results.json",
        "final": "crData/Cuadro_de_Mando_Integral_0957/Cuadro_de_Mando_Integral_91-01_38142/final_results.json",
        "statistics": "crData/Cuadro_de_Mando_Integral_0957/Cuadro_de_Mando_Integral_91-01_38142/statistics_results.json"
      },
      "processing_time": 1.4738538265228271,
      "total_crossref": 437080,
      "crossref_percentage": 0.0
    },
    "91-02": {
      "tool_name": "Cuadro de Mando Integral",
      "batch_id": "38172",
      "date": "91-02",
      "initial_count": 0,
      "filtered_count": 0,
      "final_count": 0,
      "duplicate_count": 0,
      "terms": {
        "Scorecard": 0
      },
      "file_paths": {
        "base_folder": "crData/Cuadro_de_Mando_Integral_0957/Cuadro_de_Mando_Integral_91-02_38172",
        "term_results_folder": "crData/Cuadro_de_Mando_Integral_0957/Cuadro_de_Mando_Integral_91-02_38172/term_results",
        "merged": "crData/Cuadro_de_Mando_Integral_0957/Cuadro_de_Mando_Integral_91-02_38172/merged_results.json",
        "filtered": "crData/Cuadro_de_Mando_Integral_0957/Cuadro_de_Mando_Integral_91-02_38172/filtered_results.json",
        "final": "crData/Cuadro_de_Mando_Integral_0957/Cuadro_de_Mando_Integral_91-02_38172/final_results.json",
        "statistics": "crData/Cuadro_de_Mando_Integral_0957/Cuadro_de_Mando_Integral_91-02_38172/statistics_results.json"
      },
      "processing_time": 1.3755531311035156,
      "total_crossref": 58617,
      "crossref_percentage": 0.0
    },
    "91-03": {
      "tool_name": "Cuadro de Mando Integral",
      "batch_id": "38201",
      "date": "91-03",
      "initial_count": 0,
      "filtered_count": 0,
      "final_count": 0,
      "duplicate_count": 0,
      "terms": {
        "Scorecard": 0
      },
      "file_paths": {
        "base_folder": "crData/Cuadro_de_Mando_Integral_0957/Cuadro_de_Mando_Integral_91-03_38201",
        "term_results_folder": "crData/Cuadro_de_Mando_Integral_0957/Cuadro_de_Mando_Integral_91-03_38201/term_results",
        "merged": "crData/Cuadro_de_Mando_Integral_0957/Cuadro_de_Mando_Integral_91-03_38201/merged_results.json",
        "filtered": "crData/Cuadro_de_Mando_Integral_0957/Cuadro_de_Mando_Integral_91-03_38201/filtered_results.json",
        "final": "crData/Cuadro_de_Mando_Integral_0957/Cuadro_de_Mando_Integral_91-03_38201/final_results.json",
        "statistics": "crData/Cuadro_de_Mando_Integral_0957/Cuadro_de_Mando_Integral_91-03_38201/statistics_results.json"
      },
      "processing_time": 1.347114086151123,
      "total_crossref": 73866,
      "crossref_percentage": 0.0
    },
    "91-04": {
      "tool_name": "Cuadro de Mando Integral",
      "batch_id": "38229",
      "date": "91-04",
      "initial_count": 0,
      "filtered_count": 0,
      "final_count": 0,
      "duplicate_count": 0,
      "terms": {
        "Scorecard": 0
      },
      "file_paths": {
        "base_folder": "crData/Cuadro_de_Mando_Integral_0957/Cuadro_de_Mando_Integral_91-04_38229",
        "term_results_folder": "crData/Cuadro_de_Mando_Integral_0957/Cuadro_de_Mando_Integral_91-04_38229/term_results",
        "merged": "crData/Cuadro_de_Mando_Integral_0957/Cuadro_de_Mando_Integral_91-04_38229/merged_results.json",
        "filtered": "crData/Cuadro_de_Mando_Integral_0957/Cuadro_de_Mando_Integral_91-04_38229/filtered_results.json",
        "final": "crData/Cuadro_de_Mando_Integral_0957/Cuadro_de_Mando_Integral_91-04_38229/final_results.json",
        "statistics": "crData/Cuadro_de_Mando_Integral_0957/Cuadro_de_Mando_Integral_91-04_38229/statistics_results.json"
      },
      "processing_time": 2.827010154724121,
      "total_crossref": 67960,
      "crossref_percentage": 0.0
    },
    "91-05": {
      "tool_name": "Cuadro de Mando Integral",
      "batch_id": "38273",
      "date": "91-05",
      "initial_count": 0,
      "filtered_count": 0,
      "final_count": 0,
      "duplicate_count": 0,
      "terms": {
        "Scorecard": 0
      },
      "file_paths": {
        "base_folder": "crData/Cuadro_de_Mando_Integral_0957/Cuadro_de_Mando_Integral_91-05_38273",
        "term_results_folder": "crData/Cuadro_de_Mando_Integral_0957/Cuadro_de_Mando_Integral_91-05_38273/term_results",
        "merged": "crData/Cuadro_de_Mando_Integral_0957/Cuadro_de_Mando_Integral_91-05_38273/merged_results.json",
        "filtered": "crData/Cuadro_de_Mando_Integral_0957/Cuadro_de_Mando_Integral_91-05_38273/filtered_results.json",
        "final": "crData/Cuadro_de_Mando_Integral_0957/Cuadro_de_Mando_Integral_91-05_38273/final_results.json",
        "statistics": "crData/Cuadro_de_Mando_Integral_0957/Cuadro_de_Mando_Integral_91-05_38273/statistics_results.json"
      },
      "processing_time": 2.1031601428985596,
      "total_crossref": 63473,
      "crossref_percentage": 0.0
    },
    "91-06": {
      "tool_name": "Cuadro de Mando Integral",
      "batch_id": "38309",
      "date": "91-06",
      "initial_count": 0,
      "filtered_count": 0,
      "final_count": 0,
      "duplicate_count": 0,
      "terms": {
        "Scorecard": 0
      },
      "file_paths": {
        "base_folder": "crData/Cuadro_de_Mando_Integral_0957/Cuadro_de_Mando_Integral_91-06_38309",
        "term_results_folder": "crData/Cuadro_de_Mando_Integral_0957/Cuadro_de_Mando_Integral_91-06_38309/term_results",
        "merged": "crData/Cuadro_de_Mando_Integral_0957/Cuadro_de_Mando_Integral_91-06_38309/merged_results.json",
        "filtered": "crData/Cuadro_de_Mando_Integral_0957/Cuadro_de_Mando_Integral_91-06_38309/filtered_results.json",
        "final": "crData/Cuadro_de_Mando_Integral_0957/Cuadro_de_Mando_Integral_91-06_38309/final_results.json",
        "statistics": "crData/Cuadro_de_Mando_Integral_0957/Cuadro_de_Mando_Integral_91-06_38309/statistics_results.json"
      },
      "processing_time": 2.62187123298645,
      "total_crossref": 71812,
      "crossref_percentage": 0.0
    },
    "91-07": {
      "tool_name": "Cuadro de Mando Integral",
      "batch_id": "38350",
      "date": "91-07",
      "initial_count": 0,
      "filtered_count": 0,
      "final_count": 0,
      "duplicate_count": 0,
      "terms": {
        "Scorecard": 0
      },
      "file_paths": {
        "base_folder": "crData/Cuadro_de_Mando_Integral_0957/Cuadro_de_Mando_Integral_91-07_38350",
        "term_results_folder": "crData/Cuadro_de_Mando_Integral_0957/Cuadro_de_Mando_Integral_91-07_38350/term_results",
        "merged": "crData/Cuadro_de_Mando_Integral_0957/Cuadro_de_Mando_Integral_91-07_38350/merged_results.json",
        "filtered": "crData/Cuadro_de_Mando_Integral_0957/Cuadro_de_Mando_Integral_91-07_38350/filtered_results.json",
        "final": "crData/Cuadro_de_Mando_Integral_0957/Cuadro_de_Mando_Integral_91-07_38350/final_results.json",
        "statistics": "crData/Cuadro_de_Mando_Integral_0957/Cuadro_de_Mando_Integral_91-07_38350/statistics_results.json"
      },
      "processing_time": 2.715240001678467,
      "total_crossref": 68194,
      "crossref_percentage": 0.0
    },
    "91-08": {
      "tool_name": "Cuadro de Mando Integral",
      "batch_id": "38392",
      "date": "91-08",
      "initial_count": 0,
      "filtered_count": 0,
      "final_count": 0,
      "duplicate_count": 0,
      "terms": {
        "Scorecard": 0
      },
      "file_paths": {
        "base_folder": "crData/Cuadro_de_Mando_Integral_0957/Cuadro_de_Mando_Integral_91-08_38392",
        "term_results_folder": "crData/Cuadro_de_Mando_Integral_0957/Cuadro_de_Mando_Integral_91-08_38392/term_results",
        "merged": "crData/Cuadro_de_Mando_Integral_0957/Cuadro_de_Mando_Integral_91-08_38392/merged_results.json",
        "filtered": "crData/Cuadro_de_Mando_Integral_0957/Cuadro_de_Mando_Integral_91-08_38392/filtered_results.json",
        "final": "crData/Cuadro_de_Mando_Integral_0957/Cuadro_de_Mando_Integral_91-08_38392/final_results.json",
        "statistics": "crData/Cuadro_de_Mando_Integral_0957/Cuadro_de_Mando_Integral_91-08_38392/statistics_results.json"
      },
      "processing_time": 2.9062910079956055,
      "total_crossref": 56951,
      "crossref_percentage": 0.0
    },
    "91-09": {
      "tool_name": "Cuadro de Mando Integral",
      "batch_id": "38436",
      "date": "91-09",
      "initial_count": 0,
      "filtered_count": 0,
      "final_count": 0,
      "duplicate_count": 0,
      "terms": {
        "Scorecard": 0
      },
      "file_paths": {
        "base_folder": "crData/Cuadro_de_Mando_Integral_0957/Cuadro_de_Mando_Integral_91-09_38436",
        "term_results_folder": "crData/Cuadro_de_Mando_Integral_0957/Cuadro_de_Mando_Integral_91-09_38436/term_results",
        "merged": "crData/Cuadro_de_Mando_Integral_0957/Cuadro_de_Mando_Integral_91-09_38436/merged_results.json",
        "filtered": "crData/Cuadro_de_Mando_Integral_0957/Cuadro_de_Mando_Integral_91-09_38436/filtered_results.json",
        "final": "crData/Cuadro_de_Mando_Integral_0957/Cuadro_de_Mando_Integral_91-09_38436/final_results.json",
        "statistics": "crData/Cuadro_de_Mando_Integral_0957/Cuadro_de_Mando_Integral_91-09_38436/statistics_results.json"
      },
      "processing_time": 1.8738460540771484,
      "total_crossref": 75559,
      "crossref_percentage": 0.0
    },
    "91-10": {
      "tool_name": "Cuadro de Mando Integral",
      "batch_id": "38470",
      "date": "91-10",
      "initial_count": 0,
      "filtered_count": 0,
      "final_count": 0,
      "duplicate_count": 0,
      "terms": {
        "Scorecard": 0
      },
      "file_paths": {
        "base_folder": "crData/Cuadro_de_Mando_Integral_0957/Cuadro_de_Mando_Integral_91-10_38470",
        "term_results_folder": "crData/Cuadro_de_Mando_Integral_0957/Cuadro_de_Mando_Integral_91-10_38470/term_results",
        "merged": "crData/Cuadro_de_Mando_Integral_0957/Cuadro_de_Mando_Integral_91-10_38470/merged_results.json",
        "filtered": "crData/Cuadro_de_Mando_Integral_0957/Cuadro_de_Mando_Integral_91-10_38470/filtered_results.json",
        "final": "crData/Cuadro_de_Mando_Integral_0957/Cuadro_de_Mando_Integral_91-10_38470/final_results.json",
        "statistics": "crData/Cuadro_de_Mando_Integral_0957/Cuadro_de_Mando_Integral_91-10_38470/statistics_results.json"
      },
      "processing_time": 2.0821073055267334,
      "total_crossref": 68726,
      "crossref_percentage": 0.0
    },
    "91-11": {
      "tool_name": "Cuadro de Mando Integral",
      "batch_id": "38506",
      "date": "91-11",
      "initial_count": 0,
      "filtered_count": 0,
      "final_count": 0,
      "duplicate_count": 0,
      "terms": {
        "Scorecard": 0
      },
      "file_paths": {
        "base_folder": "crData/Cuadro_de_Mando_Integral_0957/Cuadro_de_Mando_Integral_91-11_38506",
        "term_results_folder": "crData/Cuadro_de_Mando_Integral_0957/Cuadro_de_Mando_Integral_91-11_38506/term_results",
        "merged": "crData/Cuadro_de_Mando_Integral_0957/Cuadro_de_Mando_Integral_91-11_38506/merged_results.json",
        "filtered": "crData/Cuadro_de_Mando_Integral_0957/Cuadro_de_Mando_Integral_91-11_38506/filtered_results.json",
        "final": "crData/Cuadro_de_Mando_Integral_0957/Cuadro_de_Mando_Integral_91-11_38506/final_results.json",
        "statistics": "crData/Cuadro_de_Mando_Integral_0957/Cuadro_de_Mando_Integral_91-11_38506/statistics_results.json"
      },
      "processing_time": 2.3904800415039062,
      "total_crossref": 61985,
      "crossref_percentage": 0.0
    },
    "91-12": {
      "tool_name": "Cuadro de Mando Integral",
      "batch_id": "38545",
      "date": "91-12",
      "initial_count": 0,
      "filtered_count": 0,
      "final_count": 0,
      "duplicate_count": 0,
      "terms": {
        "Scorecard": 0
      },
      "file_paths": {
        "base_folder": "crData/Cuadro_de_Mando_Integral_0957/Cuadro_de_Mando_Integral_91-12_38545",
        "term_results_folder": "crData/Cuadro_de_Mando_Integral_0957/Cuadro_de_Mando_Integral_91-12_38545/term_results",
        "merged": "crData/Cuadro_de_Mando_Integral_0957/Cuadro_de_Mando_Integral_91-12_38545/merged_results.json",
        "filtered": "crData/Cuadro_de_Mando_Integral_0957/Cuadro_de_Mando_Integral_91-12_38545/filtered_results.json",
        "final": "crData/Cuadro_de_Mando_Integral_0957/Cuadro_de_Mando_Integral_91-12_38545/final_results.json",
        "statistics": "crData/Cuadro_de_Mando_Integral_0957/Cuadro_de_Mando_Integral_91-12_38545/statistics_results.json"
      },
      "processing_time": 1.9943971633911133,
      "total_crossref": 99309,
      "crossref_percentage": 0.0
    }
  },
  "total_duplicates": 0,
  "monthly_files": {
    "91-01": {
      "base_folder": "crData/Cuadro_de_Mando_Integral_0957/Cuadro_de_Mando_Integral_91-01_38142",
      "term_results_folder": "crData/Cuadro_de_Mando_Integral_0957/Cuadro_de_Mando_Integral_91-01_38142/term_results",
      "merged": "crData/Cuadro_de_Mando_Integral_0957/Cuadro_de_Mando_Integral_91-01_38142/merged_results.json",
      "filtered": "crData/Cuadro_de_Mando_Integral_0957/Cuadro_de_Mando_Integral_91-01_38142/filtered_results.json",
      "final": "crData/Cuadro_de_Mando_Integral_0957/Cuadro_de_Mando_Integral_91-01_38142/final_results.json",
      "statistics": "crData/Cuadro_de_Mando_Integral_0957/Cuadro_de_Mando_Integral_91-01_38142/statistics_results.json"
    },
    "91-02": {
      "base_folder": "crData/Cuadro_de_Mando_Integral_0957/Cuadro_de_Mando_Integral_91-02_38172",
      "term_results_folder": "crData/Cuadro_de_Mando_Integral_0957/Cuadro_de_Mando_Integral_91-02_38172/term_results",
      "merged": "crData/Cuadro_de_Mando_Integral_0957/Cuadro_de_Mando_Integral_91-02_38172/merged_results.json",
      "filtered": "crData/Cuadro_de_Mando_Integral_0957/Cuadro_de_Mando_Integral_91-02_38172/filtered_results.json",
      "final": "crData/Cuadro_de_Mando_Integral_0957/Cuadro_de_Mando_Integral_91-02_38172/final_results.json",
      "statistics": "crData/Cuadro_de_Mando_Integral_0957/Cuadro_de_Mando_Integral_91-02_38172/statistics_results.json"
    },
    "91-03": {
      "base_folder": "crData/Cuadro_de_Mando_Integral_0957/Cuadro_de_Mando_Integral_91-03_38201",
      "term_results_folder": "crData/Cuadro_de_Mando_Integral_0957/Cuadro_de_Mando_Integral_91-03_38201/term_results",
      "merged": "crData/Cuadro_de_Mando_Integral_0957/Cuadro_de_Mando_Integral_91-03_38201/merged_results.json",
      "filtered": "crData/Cuadro_de_Mando_Integral_0957/Cuadro_de_Mando_Integral_91-03_38201/filtered_results.json",
      "final": "crData/Cuadro_de_Mando_Integral_0957/Cuadro_de_Mando_Integral_91-03_38201/final_results.json",
      "statistics": "crData/Cuadro_de_Mando_Integral_0957/Cuadro_de_Mando_Integral_91-03_38201/statistics_results.json"
    },
    "91-04": {
      "base_folder": "crData/Cuadro_de_Mando_Integral_0957/Cuadro_de_Mando_Integral_91-04_38229",
      "term_results_folder": "crData/Cuadro_de_Mando_Integral_0957/Cuadro_de_Mando_Integral_91-04_38229/term_results",
      "merged": "crData/Cuadro_de_Mando_Integral_0957/Cuadro_de_Mando_Integral_91-04_38229/merged_results.json",
      "filtered": "crData/Cuadro_de_Mando_Integral_0957/Cuadro_de_Mando_Integral_91-04_38229/filtered_results.json",
      "final": "crData/Cuadro_de_Mando_Integral_0957/Cuadro_de_Mando_Integral_91-04_38229/final_results.json",
      "statistics": "crData/Cuadro_de_Mando_Integral_0957/Cuadro_de_Mando_Integral_91-04_38229/statistics_results.json"
    },
    "91-05": {
      "base_folder": "crData/Cuadro_de_Mando_Integral_0957/Cuadro_de_Mando_Integral_91-05_38273",
      "term_results_folder": "crData/Cuadro_de_Mando_Integral_0957/Cuadro_de_Mando_Integral_91-05_38273/term_results",
      "merged": "crData/Cuadro_de_Mando_Integral_0957/Cuadro_de_Mando_Integral_91-05_38273/merged_results.json",
      "filtered": "crData/Cuadro_de_Mando_Integral_0957/Cuadro_de_Mando_Integral_91-05_38273/filtered_results.json",
      "final": "crData/Cuadro_de_Mando_Integral_0957/Cuadro_de_Mando_Integral_91-05_38273/final_results.json",
      "statistics": "crData/Cuadro_de_Mando_Integral_0957/Cuadro_de_Mando_Integral_91-05_38273/statistics_results.json"
    },
    "91-06": {
      "base_folder": "crData/Cuadro_de_Mando_Integral_0957/Cuadro_de_Mando_Integral_91-06_38309",
      "term_results_folder": "crData/Cuadro_de_Mando_Integral_0957/Cuadro_de_Mando_Integral_91-06_38309/term_results",
      "merged": "crData/Cuadro_de_Mando_Integral_0957/Cuadro_de_Mando_Integral_91-06_38309/merged_results.json",
      "filtered": "crData/Cuadro_de_Mando_Integral_0957/Cuadro_de_Mando_Integral_91-06_38309/filtered_results.json",
      "final": "crData/Cuadro_de_Mando_Integral_0957/Cuadro_de_Mando_Integral_91-06_38309/final_results.json",
      "statistics": "crData/Cuadro_de_Mando_Integral_0957/Cuadro_de_Mando_Integral_91-06_38309/statistics_results.json"
    },
    "91-07": {
      "base_folder": "crData/Cuadro_de_Mando_Integral_0957/Cuadro_de_Mando_Integral_91-07_38350",
      "term_results_folder": "crData/Cuadro_de_Mando_Integral_0957/Cuadro_de_Mando_Integral_91-07_38350/term_results",
      "merged": "crData/Cuadro_de_Mando_Integral_0957/Cuadro_de_Mando_Integral_91-07_38350/merged_results.json",
      "filtered": "crData/Cuadro_de_Mando_Integral_0957/Cuadro_de_Mando_Integral_91-07_38350/filtered_results.json",
      "final": "crData/Cuadro_de_Mando_Integral_0957/Cuadro_de_Mando_Integral_91-07_38350/final_results.json",
      "statistics": "crData/Cuadro_de_Mando_Integral_0957/Cuadro_de_Mando_Integral_91-07_38350/statistics_results.json"
    },
    "91-08": {
      "base_folder": "crData/Cuadro_de_Mando_Integral_0957/Cuadro_de_Mando_Integral_91-08_38392",
      "term_results_folder": "crData/Cuadro_de_Mando_Integral_0957/Cuadro_de_Mando_Integral_91-08_38392/term_results",
      "merged": "crData/Cuadro_de_Mando_Integral_0957/Cuadro_de_Mando_Integral_91-08_38392/merged_results.json",
      "filtered": "crData/Cuadro_de_Mando_Integral_0957/Cuadro_de_Mando_Integral_91-08_38392/filtered_results.json",
      "final": "crData/Cuadro_de_Mando_Integral_0957/Cuadro_de_Mando_Integral_91-08_38392/final_results.json",
      "statistics": "crData/Cuadro_de_Mando_Integral_0957/Cuadro_de_Mando_Integral_91-08_38392/statistics_results.json"
    },
    "91-09": {
      "base_folder": "crData/Cuadro_de_Mando_Integral_0957/Cuadro_de_Mando_Integral_91-09_38436",
      "term_results_folder": "crData/Cuadro_de_Mando_Integral_0957/Cuadro_de_Mando_Integral_91-09_38436/term_results",
      "merged": "crData/Cuadro_de_Mando_Integral_0957/Cuadro_de_Mando_Integral_91-09_38436/merged_results.json",
      "filtered": "crData/Cuadro_de_Mando_Integral_0957/Cuadro_de_Mando_Integral_91-09_38436/filtered_results.json",
      "final": "crData/Cuadro_de_Mando_Integral_0957/Cuadro_de_Mando_Integral_91-09_38436/final_results.json",
      "statistics": "crData/Cuadro_de_Mando_Integral_0957/Cuadro_de_Mando_Integral_91-09_38436/statistics_results.json"
    },
    "91-10": {
      "base_folder": "crData/Cuadro_de_Mando_Integral_0957/Cuadro_de_Mando_Integral_91-10_38470",
      "term_results_folder": "crData/Cuadro_de_Mando_Integral_0957/Cuadro_de_Mando_Integral_91-10_38470/term_results",
      "merged": "crData/Cuadro_de_Mando_Integral_0957/Cuadro_de_Mando_Integral_91-10_38470/merged_results.json",
      "filtered": "crData/Cuadro_de_Mando_Integral_0957/Cuadro_de_Mando_Integral_91-10_38470/filtered_results.json",
      "final": "crData/Cuadro_de_Mando_Integral_0957/Cuadro_de_Mando_Integral_91-10_38470/final_results.json",
      "statistics": "crData/Cuadro_de_Mando_Integral_0957/Cuadro_de_Mando_Integral_91-10_38470/statistics_results.json"
    },
    "91-11": {
      "base_folder": "crData/Cuadro_de_Mando_Integral_0957/Cuadro_de_Mando_Integral_91-11_38506",
      "term_results_folder": "crData/Cuadro_de_Mando_Integral_0957/Cuadro_de_Mando_Integral_91-11_38506/term_results",
      "merged": "crData/Cuadro_de_Mando_Integral_0957/Cuadro_de_Mando_Integral_91-11_38506/merged_results.json",
      "filtered": "crData/Cuadro_de_Mando_Integral_0957/Cuadro_de_Mando_Integral_91-11_38506/filtered_results.json",
      "final": "crData/Cuadro_de_Mando_Integral_0957/Cuadro_de_Mando_Integral_91-11_38506/final_results.json",
      "statistics": "crData/Cuadro_de_Mando_Integral_0957/Cuadro_de_Mando_Integral_91-11_38506/statistics_results.json"
    },
    "91-12": {
      "base_folder": "crData/Cuadro_de_Mando_Integral_0957/Cuadro_de_Mando_Integral_91-12_38545",
      "term_results_folder": "crData/Cuadro_de_Mando_Integral_0957/Cuadro_de_Mando_Integral_91-12_38545/term_results",
      "merged": "crData/Cuadro_de_Mando_Integral_0957/Cuadro_de_Mando_Integral_91-12_38545/merged_results.json",
      "filtered": "crData/Cuadro_de_Mando_Integral_0957/Cuadro_de_Mando_Integral_91-12_38545/filtered_results.json",
      "final": "crData/Cuadro_de_Mando_Integral_0957/Cuadro_de_Mando_Integral_91-12_38545/final_results.json",
      "statistics": "crData/Cuadro_de_Mando_Integral_0957/Cuadro_de_Mando_Integral_91-12_38545/statistics_results.json"
    }
  }
}