{
  "tool_name": "Cuadro de Mando Integral",
  "year": "1962",
  "monthly_stats": {
    "62-01": {
      "tool_name": "Cuadro de Mando Integral",
      "batch_id": "17270",
      "date": "62-01",
      "initial_count": 0,
      "filtered_count": 0,
      "final_count": 0,
      "duplicate_count": 0,
      "terms": {
        "Scorecard": 0
      },
      "file_paths": {
        "base_folder": "crData/Cuadro_de_Mando_Integral_0957/Cuadro_de_Mando_Integral_62-01_17270",
        "term_results_folder": "crData/Cuadro_de_Mando_Integral_0957/Cuadro_de_Mando_Integral_62-01_17270/term_results",
        "merged": "crData/Cuadro_de_Mando_Integral_0957/Cuadro_de_Mando_Integral_62-01_17270/merged_results.json",
        "filtered": "crData/Cuadro_de_Mando_Integral_0957/Cuadro_de_Mando_Integral_62-01_17270/filtered_results.json",
        "final": "crData/Cuadro_de_Mando_Integral_0957/Cuadro_de_Mando_Integral_62-01_17270/final_results.json",
        "statistics": "crData/Cuadro_de_Mando_Integral_0957/Cuadro_de_Mando_Integral_62-01_17270/statistics_results.json"
      },
      "processing_time": 1.307344675064087,
      "total_crossref": 96241,
      "crossref_percentage": 0.0
    },
    "62-02": {
      "tool_name": "Cuadro de Mando Integral",
      "batch_id": "17298",
      "date": "62-02",
      "initial_count": 0,
      "filtered_count": 0,
      "final_count": 0,
      "duplicate_count": 0,
      "terms": {
        "Scorecard": 0
      },
      "file_paths": {
        "base_folder": "crData/Cuadro_de_Mando_Integral_0957/Cuadro_de_Mando_Integral_62-02_17298",
        "term_results_folder": "crData/Cuadro_de_Mando_Integral_0957/Cuadro_de_Mando_Integral_62-02_17298/term_results",
        "merged": "crData/Cuadro_de_Mando_Integral_0957/Cuadro_de_Mando_Integral_62-02_17298/merged_results.json",
        "filtered": "crData/Cuadro_de_Mando_Integral_0957/Cuadro_de_Mando_Integral_62-02_17298/filtered_results.json",
        "final": "crData/Cuadro_de_Mando_Integral_0957/Cuadro_de_Mando_Integral_62-02_17298/final_results.json",
        "statistics": "crData/Cuadro_de_Mando_Integral_0957/Cuadro_de_Mando_Integral_62-02_17298/statistics_results.json"
      },
      "processing_time": 1.878877878189087,
      "total_crossref": 13632,
      "crossref_percentage": 0.0
    },
    "62-03": {
      "tool_name": "Cuadro de Mando Integral",
      "batch_id": "17332",
      "date": "62-03",
      "initial_count": 0,
      "filtered_count": 0,
      "final_count": 0,
      "duplicate_count": 0,
      "terms": {
        "Scorecard": 0
      },
      "file_paths": {
        "base_folder": "crData/Cuadro_de_Mando_Integral_0957/Cuadro_de_Mando_Integral_62-03_17332",
        "term_results_folder": "crData/Cuadro_de_Mando_Integral_0957/Cuadro_de_Mando_Integral_62-03_17332/term_results",
        "merged": "crData/Cuadro_de_Mando_Integral_0957/Cuadro_de_Mando_Integral_62-03_17332/merged_results.json",
        "filtered": "crData/Cuadro_de_Mando_Integral_0957/Cuadro_de_Mando_Integral_62-03_17332/filtered_results.json",
        "final": "crData/Cuadro_de_Mando_Integral_0957/Cuadro_de_Mando_Integral_62-03_17332/final_results.json",
        "statistics": "crData/Cuadro_de_Mando_Integral_0957/Cuadro_de_Mando_Integral_62-03_17332/statistics_results.json"
      },
      "processing_time": 1.5806128978729248,
      "total_crossref": 20099,
      "crossref_percentage": 0.0
    },
    "62-04": {
      "tool_name": "Cuadro de Mando Integral",
      "batch_id": "17363",
      "date": "62-04",
      "initial_count": 0,
      "filtered_count": 0,
      "final_count": 0,
      "duplicate_count": 0,
      "terms": {
        "Scorecard": 0
      },
      "file_paths": {
        "base_folder": "crData/Cuadro_de_Mando_Integral_0957/Cuadro_de_Mando_Integral_62-04_17363",
        "term_results_folder": "crData/Cuadro_de_Mando_Integral_0957/Cuadro_de_Mando_Integral_62-04_17363/term_results",
        "merged": "crData/Cuadro_de_Mando_Integral_0957/Cuadro_de_Mando_Integral_62-04_17363/merged_results.json",
        "filtered": "crData/Cuadro_de_Mando_Integral_0957/Cuadro_de_Mando_Integral_62-04_17363/filtered_results.json",
        "final": "crData/Cuadro_de_Mando_Integral_0957/Cuadro_de_Mando_Integral_62-04_17363/final_results.json",
        "statistics": "crData/Cuadro_de_Mando_Integral_0957/Cuadro_de_Mando_Integral_62-04_17363/statistics_results.json"
      },
      "processing_time": 1.5450482368469238,
      "total_crossref": 17898,
      "crossref_percentage": 0.0
    },
    "62-05": {
      "tool_name": "Cuadro de Mando Integral",
      "batch_id": "17394",
      "date": "62-05",
      "initial_count": 0,
      "filtered_count": 0,
      "final_count": 0,
      "duplicate_count": 0,
      "terms": {
        "Scorecard": 0
      },
      "file_paths": {
        "base_folder": "crData/Cuadro_de_Mando_Integral_0957/Cuadro_de_Mando_Integral_62-05_17394",
        "term_results_folder": "crData/Cuadro_de_Mando_Integral_0957/Cuadro_de_Mando_Integral_62-05_17394/term_results",
        "merged": "crData/Cuadro_de_Mando_Integral_0957/Cuadro_de_Mando_Integral_62-05_17394/merged_results.json",
        "filtered": "crData/Cuadro_de_Mando_Integral_0957/Cuadro_de_Mando_Integral_62-05_17394/filtered_results.json",
        "final": "crData/Cuadro_de_Mando_Integral_0957/Cuadro_de_Mando_Integral_62-05_17394/final_results.json",
        "statistics": "crData/Cuadro_de_Mando_Integral_0957/Cuadro_de_Mando_Integral_62-05_17394/statistics_results.json"
      },
      "processing_time": 1.544447898864746,
      "total_crossref": 16277,
      "crossref_percentage": 0.0
    },
    "62-06": {
      "tool_name": "Cuadro de Mando Integral",
      "batch_id": "17424",
      "date": "62-06",
      "initial_count": 0,
      "filtered_count": 0,
      "final_count": 0,
      "duplicate_count": 0,
      "terms": {
        "Scorecard": 0
      },
      "file_paths": {
        "base_folder": "crData/Cuadro_de_Mando_Integral_0957/Cuadro_de_Mando_Integral_62-06_17424",
        "term_results_folder": "crData/Cuadro_de_Mando_Integral_0957/Cuadro_de_Mando_Integral_62-06_17424/term_results",
        "merged": "crData/Cuadro_de_Mando_Integral_0957/Cuadro_de_Mando_Integral_62-06_17424/merged_results.json",
        "filtered": "crData/Cuadro_de_Mando_Integral_0957/Cuadro_de_Mando_Integral_62-06_17424/filtered_results.json",
        "final": "crData/Cuadro_de_Mando_Integral_0957/Cuadro_de_Mando_Integral_62-06_17424/final_results.json",
        "statistics": "crData/Cuadro_de_Mando_Integral_0957/Cuadro_de_Mando_Integral_62-06_17424/statistics_results.json"
      },
      "processing_time": 1.0441641807556152,
      "total_crossref": 17428,
      "crossref_percentage": 0.0
    },
    "62-07": {
      "tool_name": "Cuadro de Mando Integral",
      "batch_id": "17450",
      "date": "62-07",
      "initial_count": 0,
      "filtered_count": 0,
      "final_count": 0,
      "duplicate_count": 0,
      "terms": {
        "Scorecard": 0
      },
      "file_paths": {
        "base_folder": "crData/Cuadro_de_Mando_Integral_0957/Cuadro_de_Mando_Integral_62-07_17450",
        "term_results_folder": "crData/Cuadro_de_Mando_Integral_0957/Cuadro_de_Mando_Integral_62-07_17450/term_results",
        "merged": "crData/Cuadro_de_Mando_Integral_0957/Cuadro_de_Mando_Integral_62-07_17450/merged_results.json",
        "filtered": "crData/Cuadro_de_Mando_Integral_0957/Cuadro_de_Mando_Integral_62-07_17450/filtered_results.json",
        "final": "crData/Cuadro_de_Mando_Integral_0957/Cuadro_de_Mando_Integral_62-07_17450/final_results.json",
        "statistics": "crData/Cuadro_de_Mando_Integral_0957/Cuadro_de_Mando_Integral_62-07_17450/statistics_results.json"
      },
      "processing_time": 1.4877400398254395,
      "total_crossref": 18249,
      "crossref_percentage": 0.0
    },
    "62-08": {
      "tool_name": "Cuadro de Mando Integral",
      "batch_id": "17480",
      "date": "62-08",
      "initial_count": 0,
      "filtered_count": 0,
      "final_count": 0,
      "duplicate_count": 0,
      "terms": {
        "Scorecard": 0
      },
      "file_paths": {
        "base_folder": "crData/Cuadro_de_Mando_Integral_0957/Cuadro_de_Mando_Integral_62-08_17480",
        "term_results_folder": "crData/Cuadro_de_Mando_Integral_0957/Cuadro_de_Mando_Integral_62-08_17480/term_results",
        "merged": "crData/Cuadro_de_Mando_Integral_0957/Cuadro_de_Mando_Integral_62-08_17480/merged_results.json",
        "filtered": "crData/Cuadro_de_Mando_Integral_0957/Cuadro_de_Mando_Integral_62-08_17480/filtered_results.json",
        "final": "crData/Cuadro_de_Mando_Integral_0957/Cuadro_de_Mando_Integral_62-08_17480/final_results.json",
        "statistics": "crData/Cuadro_de_Mando_Integral_0957/Cuadro_de_Mando_Integral_62-08_17480/statistics_results.json"
      },
      "processing_time": 2.8095109462738037,
      "total_crossref": 12965,
      "crossref_percentage": 0.0
    },
    "62-09": {
      "tool_name": "Cuadro de Mando Integral",
      "batch_id": "17524",
      "date": "62-09",
      "initial_count": 0,
      "filtered_count": 0,
      "final_count": 0,
      "duplicate_count": 0,
      "terms": {
        "Scorecard": 0
      },
      "file_paths": {
        "base_folder": "crData/Cuadro_de_Mando_Integral_0957/Cuadro_de_Mando_Integral_62-09_17524",
        "term_results_folder": "crData/Cuadro_de_Mando_Integral_0957/Cuadro_de_Mando_Integral_62-09_17524/term_results",
        "merged": "crData/Cuadro_de_Mando_Integral_0957/Cuadro_de_Mando_Integral_62-09_17524/merged_results.json",
        "filtered": "crData/Cuadro_de_Mando_Integral_0957/Cuadro_de_Mando_Integral_62-09_17524/filtered_results.json",
        "final": "crData/Cuadro_de_Mando_Integral_0957/Cuadro_de_Mando_Integral_62-09_17524/final_results.json",
        "statistics": "crData/Cuadro_de_Mando_Integral_0957/Cuadro_de_Mando_Integral_62-09_17524/statistics_results.json"
      },
      "processing_time": 1.6038708686828613,
      "total_crossref": 18203,
      "crossref_percentage": 0.0
    },
    "62-10": {
      "tool_name": "Cuadro de Mando Integral",
      "batch_id": "17555",
      "date": "62-10",
      "initial_count": 0,
      "filtered_count": 0,
      "final_count": 0,
      "duplicate_count": 0,
      "terms": {
        "Scorecard": 0
      },
      "file_paths": {
        "base_folder": "crData/Cuadro_de_Mando_Integral_0957/Cuadro_de_Mando_Integral_62-10_17555",
        "term_results_folder": "crData/Cuadro_de_Mando_Integral_0957/Cuadro_de_Mando_Integral_62-10_17555/term_results",
        "merged": "crData/Cuadro_de_Mando_Integral_0957/Cuadro_de_Mando_Integral_62-10_17555/merged_results.json",
        "filtered": "crData/Cuadro_de_Mando_Integral_0957/Cuadro_de_Mando_Integral_62-10_17555/filtered_results.json",
        "final": "crData/Cuadro_de_Mando_Integral_0957/Cuadro_de_Mando_Integral_62-10_17555/final_results.json",
        "statistics": "crData/Cuadro_de_Mando_Integral_0957/Cuadro_de_Mando_Integral_62-10_17555/statistics_results.json"
      },
      "processing_time": 2.106350898742676,
      "total_crossref": 18014,
      "crossref_percentage": 0.0
    },
    "62-11": {
      "tool_name": "Cuadro de Mando Integral",
      "batch_id": "17591",
      "date": "62-11",
      "initial_count": 0,
      "filtered_count": 0,
      "final_count": 0,
      "duplicate_count": 0,
      "terms": {
        "Scorecard": 0
      },
      "file_paths": {
        "base_folder": "crData/Cuadro_de_Mando_Integral_0957/Cuadro_de_Mando_Integral_62-11_17591",
        "term_results_folder": "crData/Cuadro_de_Mando_Integral_0957/Cuadro_de_Mando_Integral_62-11_17591/term_results",
        "merged": "crData/Cuadro_de_Mando_Integral_0957/Cuadro_de_Mando_Integral_62-11_17591/merged_results.json",
        "filtered": "crData/Cuadro_de_Mando_Integral_0957/Cuadro_de_Mando_Integral_62-11_17591/filtered_results.json",
        "final": "crData/Cuadro_de_Mando_Integral_0957/Cuadro_de_Mando_Integral_62-11_17591/final_results.json",
        "statistics": "crData/Cuadro_de_Mando_Integral_0957/Cuadro_de_Mando_Integral_62-11_17591/statistics_results.json"
      },
      "processing_time": 2.174391031265259,
      "total_crossref": 16148,
      "crossref_percentage": 0.0
    },
    "62-12": {
      "tool_name": "Cuadro de Mando Integral",
      "batch_id": "18028",
      "date": "62-12",
      "initial_count": 0,
      "filtered_count": 0,
      "final_count": 0,
      "duplicate_count": 0,
      "terms": {
        "Scorecard": 0
      },
      "file_paths": {
        "base_folder": "crData/Cuadro_de_Mando_Integral_0957/Cuadro_de_Mando_Integral_62-12_18028",
        "term_results_folder": "crData/Cuadro_de_Mando_Integral_0957/Cuadro_de_Mando_Integral_62-12_18028/term_results",
        "merged": "crData/Cuadro_de_Mando_Integral_0957/Cuadro_de_Mando_Integral_62-12_18028/merged_results.json",
        "filtered": "crData/Cuadro_de_Mando_Integral_0957/Cuadro_de_Mando_Integral_62-12_18028/filtered_results.json",
        "final": "crData/Cuadro_de_Mando_Integral_0957/Cuadro_de_Mando_Integral_62-12_18028/final_results.json",
        "statistics": "crData/Cuadro_de_Mando_Integral_0957/Cuadro_de_Mando_Integral_62-12_18028/statistics_results.json"
      },
      "processing_time": 4.1430699825286865,
      "total_crossref": 35011,
      "crossref_percentage": 0.0
    }
  },
  "total_duplicates": 0,
  "monthly_files": {
    "62-01": {
      "base_folder": "crData/Cuadro_de_Mando_Integral_0957/Cuadro_de_Mando_Integral_62-01_17270",
      "term_results_folder": "crData/Cuadro_de_Mando_Integral_0957/Cuadro_de_Mando_Integral_62-01_17270/term_results",
      "merged": "crData/Cuadro_de_Mando_Integral_0957/Cuadro_de_Mando_Integral_62-01_17270/merged_results.json",
      "filtered": "crData/Cuadro_de_Mando_Integral_0957/Cuadro_de_Mando_Integral_62-01_17270/filtered_results.json",
      "final": "crData/Cuadro_de_Mando_Integral_0957/Cuadro_de_Mando_Integral_62-01_17270/final_results.json",
      "statistics": "crData/Cuadro_de_Mando_Integral_0957/Cuadro_de_Mando_Integral_62-01_17270/statistics_results.json"
    },
    "62-02": {
      "base_folder": "crData/Cuadro_de_Mando_Integral_0957/Cuadro_de_Mando_Integral_62-02_17298",
      "term_results_folder": "crData/Cuadro_de_Mando_Integral_0957/Cuadro_de_Mando_Integral_62-02_17298/term_results",
      "merged": "crData/Cuadro_de_Mando_Integral_0957/Cuadro_de_Mando_Integral_62-02_17298/merged_results.json",
      "filtered": "crData/Cuadro_de_Mando_Integral_0957/Cuadro_de_Mando_Integral_62-02_17298/filtered_results.json",
      "final": "crData/Cuadro_de_Mando_Integral_0957/Cuadro_de_Mando_Integral_62-02_17298/final_results.json",
      "statistics": "crData/Cuadro_de_Mando_Integral_0957/Cuadro_de_Mando_Integral_62-02_17298/statistics_results.json"
    },
    "62-03": {
      "base_folder": "crData/Cuadro_de_Mando_Integral_0957/Cuadro_de_Mando_Integral_62-03_17332",
      "term_results_folder": "crData/Cuadro_de_Mando_Integral_0957/Cuadro_de_Mando_Integral_62-03_17332/term_results",
      "merged": "crData/Cuadro_de_Mando_Integral_0957/Cuadro_de_Mando_Integral_62-03_17332/merged_results.json",
      "filtered": "crData/Cuadro_de_Mando_Integral_0957/Cuadro_de_Mando_Integral_62-03_17332/filtered_results.json",
      "final": "crData/Cuadro_de_Mando_Integral_0957/Cuadro_de_Mando_Integral_62-03_17332/final_results.json",
      "statistics": "crData/Cuadro_de_Mando_Integral_0957/Cuadro_de_Mando_Integral_62-03_17332/statistics_results.json"
    },
    "62-04": {
      "base_folder": "crData/Cuadro_de_Mando_Integral_0957/Cuadro_de_Mando_Integral_62-04_17363",
      "term_results_folder": "crData/Cuadro_de_Mando_Integral_0957/Cuadro_de_Mando_Integral_62-04_17363/term_results",
      "merged": "crData/Cuadro_de_Mando_Integral_0957/Cuadro_de_Mando_Integral_62-04_17363/merged_results.json",
      "filtered": "crData/Cuadro_de_Mando_Integral_0957/Cuadro_de_Mando_Integral_62-04_17363/filtered_results.json",
      "final": "crData/Cuadro_de_Mando_Integral_0957/Cuadro_de_Mando_Integral_62-04_17363/final_results.json",
      "statistics": "crData/Cuadro_de_Mando_Integral_0957/Cuadro_de_Mando_Integral_62-04_17363/statistics_results.json"
    },
    "62-05": {
      "base_folder": "crData/Cuadro_de_Mando_Integral_0957/Cuadro_de_Mando_Integral_62-05_17394",
      "term_results_folder": "crData/Cuadro_de_Mando_Integral_0957/Cuadro_de_Mando_Integral_62-05_17394/term_results",
      "merged": "crData/Cuadro_de_Mando_Integral_0957/Cuadro_de_Mando_Integral_62-05_17394/merged_results.json",
      "filtered": "crData/Cuadro_de_Mando_Integral_0957/Cuadro_de_Mando_Integral_62-05_17394/filtered_results.json",
      "final": "crData/Cuadro_de_Mando_Integral_0957/Cuadro_de_Mando_Integral_62-05_17394/final_results.json",
      "statistics": "crData/Cuadro_de_Mando_Integral_0957/Cuadro_de_Mando_Integral_62-05_17394/statistics_results.json"
    },
    "62-06": {
      "base_folder": "crData/Cuadro_de_Mando_Integral_0957/Cuadro_de_Mando_Integral_62-06_17424",
      "term_results_folder": "crData/Cuadro_de_Mando_Integral_0957/Cuadro_de_Mando_Integral_62-06_17424/term_results",
      "merged": "crData/Cuadro_de_Mando_Integral_0957/Cuadro_de_Mando_Integral_62-06_17424/merged_results.json",
      "filtered": "crData/Cuadro_de_Mando_Integral_0957/Cuadro_de_Mando_Integral_62-06_17424/filtered_results.json",
      "final": "crData/Cuadro_de_Mando_Integral_0957/Cuadro_de_Mando_Integral_62-06_17424/final_results.json",
      "statistics": "crData/Cuadro_de_Mando_Integral_0957/Cuadro_de_Mando_Integral_62-06_17424/statistics_results.json"
    },
    "62-07": {
      "base_folder": "crData/Cuadro_de_Mando_Integral_0957/Cuadro_de_Mando_Integral_62-07_17450",
      "term_results_folder": "crData/Cuadro_de_Mando_Integral_0957/Cuadro_de_Mando_Integral_62-07_17450/term_results",
      "merged": "crData/Cuadro_de_Mando_Integral_0957/Cuadro_de_Mando_Integral_62-07_17450/merged_results.json",
      "filtered": "crData/Cuadro_de_Mando_Integral_0957/Cuadro_de_Mando_Integral_62-07_17450/filtered_results.json",
      "final": "crData/Cuadro_de_Mando_Integral_0957/Cuadro_de_Mando_Integral_62-07_17450/final_results.json",
      "statistics": "crData/Cuadro_de_Mando_Integral_0957/Cuadro_de_Mando_Integral_62-07_17450/statistics_results.json"
    },
    "62-08": {
      "base_folder": "crData/Cuadro_de_Mando_Integral_0957/Cuadro_de_Mando_Integral_62-08_17480",
      "term_results_folder": "crData/Cuadro_de_Mando_Integral_0957/Cuadro_de_Mando_Integral_62-08_17480/term_results",
      "merged": "crData/Cuadro_de_Mando_Integral_0957/Cuadro_de_Mando_Integral_62-08_17480/merged_results.json",
      "filtered": "crData/Cuadro_de_Mando_Integral_0957/Cuadro_de_Mando_Integral_62-08_17480/filtered_results.json",
      "final": "crData/Cuadro_de_Mando_Integral_0957/Cuadro_de_Mando_Integral_62-08_17480/final_results.json",
      "statistics": "crData/Cuadro_de_Mando_Integral_0957/Cuadro_de_Mando_Integral_62-08_17480/statistics_results.json"
    },
    "62-09": {
      "base_folder": "crData/Cuadro_de_Mando_Integral_0957/Cuadro_de_Mando_Integral_62-09_17524",
      "term_results_folder": "crData/Cuadro_de_Mando_Integral_0957/Cuadro_de_Mando_Integral_62-09_17524/term_results",
      "merged": "crData/Cuadro_de_Mando_Integral_0957/Cuadro_de_Mando_Integral_62-09_17524/merged_results.json",
      "filtered": "crData/Cuadro_de_Mando_Integral_0957/Cuadro_de_Mando_Integral_62-09_17524/filtered_results.json",
      "final": "crData/Cuadro_de_Mando_Integral_0957/Cuadro_de_Mando_Integral_62-09_17524/final_results.json",
      "statistics": "crData/Cuadro_de_Mando_Integral_0957/Cuadro_de_Mando_Integral_62-09_17524/statistics_results.json"
    },
    "62-10": {
      "base_folder": "crData/Cuadro_de_Mando_Integral_0957/Cuadro_de_Mando_Integral_62-10_17555",
      "term_results_folder": "crData/Cuadro_de_Mando_Integral_0957/Cuadro_de_Mando_Integral_62-10_17555/term_results",
      "merged": "crData/Cuadro_de_Mando_Integral_0957/Cuadro_de_Mando_Integral_62-10_17555/merged_results.json",
      "filtered": "crData/Cuadro_de_Mando_Integral_0957/Cuadro_de_Mando_Integral_62-10_17555/filtered_results.json",
      "final": "crData/Cuadro_de_Mando_Integral_0957/Cuadro_de_Mando_Integral_62-10_17555/final_results.json",
      "statistics": "crData/Cuadro_de_Mando_Integral_0957/Cuadro_de_Mando_Integral_62-10_17555/statistics_results.json"
    },
    "62-11": {
      "base_folder": "crData/Cuadro_de_Mando_Integral_0957/Cuadro_de_Mando_Integral_62-11_17591",
      "term_results_folder": "crData/Cuadro_de_Mando_Integral_0957/Cuadro_de_Mando_Integral_62-11_17591/term_results",
      "merged": "crData/Cuadro_de_Mando_Integral_0957/Cuadro_de_Mando_Integral_62-11_17591/merged_results.json",
      "filtered": "crData/Cuadro_de_Mando_Integral_0957/Cuadro_de_Mando_Integral_62-11_17591/filtered_results.json",
      "final": "crData/Cuadro_de_Mando_Integral_0957/Cuadro_de_Mando_Integral_62-11_17591/final_results.json",
      "statistics": "crData/Cuadro_de_Mando_Integral_0957/Cuadro_de_Mando_Integral_62-11_17591/statistics_results.json"
    },
    "62-12": {
      "base_folder": "crData/Cuadro_de_Mando_Integral_0957/Cuadro_de_Mando_Integral_62-12_18028",
      "term_results_folder": "crData/Cuadro_de_Mando_Integral_0957/Cuadro_de_Mando_Integral_62-12_18028/term_results",
      "merged": "crData/Cuadro_de_Mando_Integral_0957/Cuadro_de_Mando_Integral_62-12_18028/merged_results.json",
      "filtered": "crData/Cuadro_de_Mando_Integral_0957/Cuadro_de_Mando_Integral_62-12_18028/filtered_results.json",
      "final": "crData/Cuadro_de_Mando_Integral_0957/Cuadro_de_Mando_Integral_62-12_18028/final_results.json",
      "statistics": "crData/Cuadro_de_Mando_Integral_0957/Cuadro_de_Mando_Integral_62-12_18028/statistics_results.json"
    }
  }
}