{
  "tool_name": "Cuadro de Mando Integral",
  "year": "1954",
  "monthly_stats": {
    "54-01": {
      "tool_name": "Cuadro de Mando Integral",
      "batch_id": "12095",
      "date": "54-01",
      "initial_count": 0,
      "filtered_count": 0,
      "final_count": 0,
      "duplicate_count": 0,
      "terms": {
        "Scorecard": 0
      },
      "file_paths": {
        "base_folder": "crData/Cuadro_de_Mando_Integral_0957/Cuadro_de_Mando_Integral_54-01_12095",
        "term_results_folder": "crData/Cuadro_de_Mando_Integral_0957/Cuadro_de_Mando_Integral_54-01_12095/term_results",
        "merged": "crData/Cuadro_de_Mando_Integral_0957/Cuadro_de_Mando_Integral_54-01_12095/merged_results.json",
        "filtered": "crData/Cuadro_de_Mando_Integral_0957/Cuadro_de_Mando_Integral_54-01_12095/filtered_results.json",
        "final": "crData/Cuadro_de_Mando_Integral_0957/Cuadro_de_Mando_Integral_54-01_12095/final_results.json",
        "statistics": "crData/Cuadro_de_Mando_Integral_0957/Cuadro_de_Mando_Integral_54-01_12095/statistics_results.json"
      },
      "processing_time": 1.5145270824432373,
      "total_crossref": 60414,
      "crossref_percentage": 0.0
    },
    "54-02": {
      "tool_name": "Cuadro de Mando Integral",
      "batch_id": "12125",
      "date": "54-02",
      "initial_count": 0,
      "filtered_count": 0,
      "final_count": 0,
      "duplicate_count": 0,
      "terms": {
        "Scorecard": 0
      },
      "file_paths": {
        "base_folder": "crData/Cuadro_de_Mando_Integral_0957/Cuadro_de_Mando_Integral_54-02_12125",
        "term_results_folder": "crData/Cuadro_de_Mando_Integral_0957/Cuadro_de_Mando_Integral_54-02_12125/term_results",
        "merged": "crData/Cuadro_de_Mando_Integral_0957/Cuadro_de_Mando_Integral_54-02_12125/merged_results.json",
        "filtered": "crData/Cuadro_de_Mando_Integral_0957/Cuadro_de_Mando_Integral_54-02_12125/filtered_results.json",
        "final": "crData/Cuadro_de_Mando_Integral_0957/Cuadro_de_Mando_Integral_54-02_12125/final_results.json",
        "statistics": "crData/Cuadro_de_Mando_Integral_0957/Cuadro_de_Mando_Integral_54-02_12125/statistics_results.json"
      },
      "processing_time": 1.379822015762329,
      "total_crossref": 9657,
      "crossref_percentage": 0.0
    },
    "54-03": {
      "tool_name": "Cuadro de Mando Integral",
      "batch_id": "12154",
      "date": "54-03",
      "initial_count": 0,
      "filtered_count": 0,
      "final_count": 0,
      "duplicate_count": 0,
      "terms": {
        "Scorecard": 0
      },
      "file_paths": {
        "base_folder": "crData/Cuadro_de_Mando_Integral_0957/Cuadro_de_Mando_Integral_54-03_12154",
        "term_results_folder": "crData/Cuadro_de_Mando_Integral_0957/Cuadro_de_Mando_Integral_54-03_12154/term_results",
        "merged": "crData/Cuadro_de_Mando_Integral_0957/Cuadro_de_Mando_Integral_54-03_12154/merged_results.json",
        "filtered": "crData/Cuadro_de_Mando_Integral_0957/Cuadro_de_Mando_Integral_54-03_12154/filtered_results.json",
        "final": "crData/Cuadro_de_Mando_Integral_0957/Cuadro_de_Mando_Integral_54-03_12154/final_results.json",
        "statistics": "crData/Cuadro_de_Mando_Integral_0957/Cuadro_de_Mando_Integral_54-03_12154/statistics_results.json"
      },
      "processing_time": 1.3446669578552246,
      "total_crossref": 12392,
      "crossref_percentage": 0.0
    },
    "54-04": {
      "tool_name": "Cuadro de Mando Integral",
      "batch_id": "12183",
      "date": "54-04",
      "initial_count": 0,
      "filtered_count": 0,
      "final_count": 0,
      "duplicate_count": 0,
      "terms": {
        "Scorecard": 0
      },
      "file_paths": {
        "base_folder": "crData/Cuadro_de_Mando_Integral_0957/Cuadro_de_Mando_Integral_54-04_12183",
        "term_results_folder": "crData/Cuadro_de_Mando_Integral_0957/Cuadro_de_Mando_Integral_54-04_12183/term_results",
        "merged": "crData/Cuadro_de_Mando_Integral_0957/Cuadro_de_Mando_Integral_54-04_12183/merged_results.json",
        "filtered": "crData/Cuadro_de_Mando_Integral_0957/Cuadro_de_Mando_Integral_54-04_12183/filtered_results.json",
        "final": "crData/Cuadro_de_Mando_Integral_0957/Cuadro_de_Mando_Integral_54-04_12183/final_results.json",
        "statistics": "crData/Cuadro_de_Mando_Integral_0957/Cuadro_de_Mando_Integral_54-04_12183/statistics_results.json"
      },
      "processing_time": 1.3263227939605713,
      "total_crossref": 12489,
      "crossref_percentage": 0.0
    },
    "54-05": {
      "tool_name": "Cuadro de Mando Integral",
      "batch_id": "12212",
      "date": "54-05",
      "initial_count": 0,
      "filtered_count": 0,
      "final_count": 0,
      "duplicate_count": 0,
      "terms": {
        "Scorecard": 0
      },
      "file_paths": {
        "base_folder": "crData/Cuadro_de_Mando_Integral_0957/Cuadro_de_Mando_Integral_54-05_12212",
        "term_results_folder": "crData/Cuadro_de_Mando_Integral_0957/Cuadro_de_Mando_Integral_54-05_12212/term_results",
        "merged": "crData/Cuadro_de_Mando_Integral_0957/Cuadro_de_Mando_Integral_54-05_12212/merged_results.json",
        "filtered": "crData/Cuadro_de_Mando_Integral_0957/Cuadro_de_Mando_Integral_54-05_12212/filtered_results.json",
        "final": "crData/Cuadro_de_Mando_Integral_0957/Cuadro_de_Mando_Integral_54-05_12212/final_results.json",
        "statistics": "crData/Cuadro_de_Mando_Integral_0957/Cuadro_de_Mando_Integral_54-05_12212/statistics_results.json"
      },
      "processing_time": 2.9921388626098633,
      "total_crossref": 10639,
      "crossref_percentage": 0.0
    },
    "54-06": {
      "tool_name": "Cuadro de Mando Integral",
      "batch_id": "12257",
      "date": "54-06",
      "initial_count": 0,
      "filtered_count": 0,
      "final_count": 0,
      "duplicate_count": 0,
      "terms": {
        "Scorecard": 0
      },
      "file_paths": {
        "base_folder": "crData/Cuadro_de_Mando_Integral_0957/Cuadro_de_Mando_Integral_54-06_12257",
        "term_results_folder": "crData/Cuadro_de_Mando_Integral_0957/Cuadro_de_Mando_Integral_54-06_12257/term_results",
        "merged": "crData/Cuadro_de_Mando_Integral_0957/Cuadro_de_Mando_Integral_54-06_12257/merged_results.json",
        "filtered": "crData/Cuadro_de_Mando_Integral_0957/Cuadro_de_Mando_Integral_54-06_12257/filtered_results.json",
        "final": "crData/Cuadro_de_Mando_Integral_0957/Cuadro_de_Mando_Integral_54-06_12257/final_results.json",
        "statistics": "crData/Cuadro_de_Mando_Integral_0957/Cuadro_de_Mando_Integral_54-06_12257/statistics_results.json"
      },
      "processing_time": 1.667104959487915,
      "total_crossref": 11518,
      "crossref_percentage": 0.0
    },
    "54-07": {
      "tool_name": "Cuadro de Mando Integral",
      "batch_id": "12289",
      "date": "54-07",
      "initial_count": 0,
      "filtered_count": 0,
      "final_count": 0,
      "duplicate_count": 0,
      "terms": {
        "Scorecard": 0
      },
      "file_paths": {
        "base_folder": "crData/Cuadro_de_Mando_Integral_0957/Cuadro_de_Mando_Integral_54-07_12289",
        "term_results_folder": "crData/Cuadro_de_Mando_Integral_0957/Cuadro_de_Mando_Integral_54-07_12289/term_results",
        "merged": "crData/Cuadro_de_Mando_Integral_0957/Cuadro_de_Mando_Integral_54-07_12289/merged_results.json",
        "filtered": "crData/Cuadro_de_Mando_Integral_0957/Cuadro_de_Mando_Integral_54-07_12289/filtered_results.json",
        "final": "crData/Cuadro_de_Mando_Integral_0957/Cuadro_de_Mando_Integral_54-07_12289/final_results.json",
        "statistics": "crData/Cuadro_de_Mando_Integral_0957/Cuadro_de_Mando_Integral_54-07_12289/statistics_results.json"
      },
      "processing_time": 1.3921329975128174,
      "total_crossref": 12137,
      "crossref_percentage": 0.0
    },
    "54-08": {
      "tool_name": "Cuadro de Mando Integral",
      "batch_id": "12318",
      "date": "54-08",
      "initial_count": 0,
      "filtered_count": 0,
      "final_count": 0,
      "duplicate_count": 0,
      "terms": {
        "Scorecard": 0
      },
      "file_paths": {
        "base_folder": "crData/Cuadro_de_Mando_Integral_0957/Cuadro_de_Mando_Integral_54-08_12318",
        "term_results_folder": "crData/Cuadro_de_Mando_Integral_0957/Cuadro_de_Mando_Integral_54-08_12318/term_results",
        "merged": "crData/Cuadro_de_Mando_Integral_0957/Cuadro_de_Mando_Integral_54-08_12318/merged_results.json",
        "filtered": "crData/Cuadro_de_Mando_Integral_0957/Cuadro_de_Mando_Integral_54-08_12318/filtered_results.json",
        "final": "crData/Cuadro_de_Mando_Integral_0957/Cuadro_de_Mando_Integral_54-08_12318/final_results.json",
        "statistics": "crData/Cuadro_de_Mando_Integral_0957/Cuadro_de_Mando_Integral_54-08_12318/statistics_results.json"
      },
      "processing_time": 1.1165881156921387,
      "total_crossref": 8541,
      "crossref_percentage": 0.0
    },
    "54-09": {
      "tool_name": "Cuadro de Mando Integral",
      "batch_id": "12344",
      "date": "54-09",
      "initial_count": 0,
      "filtered_count": 0,
      "final_count": 0,
      "duplicate_count": 0,
      "terms": {
        "Scorecard": 0
      },
      "file_paths": {
        "base_folder": "crData/Cuadro_de_Mando_Integral_0957/Cuadro_de_Mando_Integral_54-09_12344",
        "term_results_folder": "crData/Cuadro_de_Mando_Integral_0957/Cuadro_de_Mando_Integral_54-09_12344/term_results",
        "merged": "crData/Cuadro_de_Mando_Integral_0957/Cuadro_de_Mando_Integral_54-09_12344/merged_results.json",
        "filtered": "crData/Cuadro_de_Mando_Integral_0957/Cuadro_de_Mando_Integral_54-09_12344/filtered_results.json",
        "final": "crData/Cuadro_de_Mando_Integral_0957/Cuadro_de_Mando_Integral_54-09_12344/final_results.json",
        "statistics": "crData/Cuadro_de_Mando_Integral_0957/Cuadro_de_Mando_Integral_54-09_12344/statistics_results.json"
      },
      "processing_time": 1.6508090496063232,
      "total_crossref": 11847,
      "crossref_percentage": 0.0
    },
    "54-10": {
      "tool_name": "Cuadro de Mando Integral",
      "batch_id": "12375",
      "date": "54-10",
      "initial_count": 0,
      "filtered_count": 0,
      "final_count": 0,
      "duplicate_count": 0,
      "terms": {
        "Scorecard": 0
      },
      "file_paths": {
        "base_folder": "crData/Cuadro_de_Mando_Integral_0957/Cuadro_de_Mando_Integral_54-10_12375",
        "term_results_folder": "crData/Cuadro_de_Mando_Integral_0957/Cuadro_de_Mando_Integral_54-10_12375/term_results",
        "merged": "crData/Cuadro_de_Mando_Integral_0957/Cuadro_de_Mando_Integral_54-10_12375/merged_results.json",
        "filtered": "crData/Cuadro_de_Mando_Integral_0957/Cuadro_de_Mando_Integral_54-10_12375/filtered_results.json",
        "final": "crData/Cuadro_de_Mando_Integral_0957/Cuadro_de_Mando_Integral_54-10_12375/final_results.json",
        "statistics": "crData/Cuadro_de_Mando_Integral_0957/Cuadro_de_Mando_Integral_54-10_12375/statistics_results.json"
      },
      "processing_time": 1.2055938243865967,
      "total_crossref": 13153,
      "crossref_percentage": 0.0
    },
    "54-11": {
      "tool_name": "Cuadro de Mando Integral",
      "batch_id": "12403",
      "date": "54-11",
      "initial_count": 0,
      "filtered_count": 0,
      "final_count": 0,
      "duplicate_count": 0,
      "terms": {
        "Scorecard": 0
      },
      "file_paths": {
        "base_folder": "crData/Cuadro_de_Mando_Integral_0957/Cuadro_de_Mando_Integral_54-11_12403",
        "term_results_folder": "crData/Cuadro_de_Mando_Integral_0957/Cuadro_de_Mando_Integral_54-11_12403/term_results",
        "merged": "crData/Cuadro_de_Mando_Integral_0957/Cuadro_de_Mando_Integral_54-11_12403/merged_results.json",
        "filtered": "crData/Cuadro_de_Mando_Integral_0957/Cuadro_de_Mando_Integral_54-11_12403/filtered_results.json",
        "final": "crData/Cuadro_de_Mando_Integral_0957/Cuadro_de_Mando_Integral_54-11_12403/final_results.json",
        "statistics": "crData/Cuadro_de_Mando_Integral_0957/Cuadro_de_Mando_Integral_54-11_12403/statistics_results.json"
      },
      "processing_time": 3.0860002040863037,
      "total_crossref": 10651,
      "crossref_percentage": 0.0
    },
    "54-12": {
      "tool_name": "Cuadro de Mando Integral",
      "batch_id": "12448",
      "date": "54-12",
      "initial_count": 0,
      "filtered_count": 0,
      "final_count": 0,
      "duplicate_count": 0,
      "terms": {
        "Scorecard": 0
      },
      "file_paths": {
        "base_folder": "crData/Cuadro_de_Mando_Integral_0957/Cuadro_de_Mando_Integral_54-12_12448",
        "term_results_folder": "crData/Cuadro_de_Mando_Integral_0957/Cuadro_de_Mando_Integral_54-12_12448/term_results",
        "merged": "crData/Cuadro_de_Mando_Integral_0957/Cuadro_de_Mando_Integral_54-12_12448/merged_results.json",
        "filtered": "crData/Cuadro_de_Mando_Integral_0957/Cuadro_de_Mando_Integral_54-12_12448/filtered_results.json",
        "final": "crData/Cuadro_de_Mando_Integral_0957/Cuadro_de_Mando_Integral_54-12_12448/final_results.json",
        "statistics": "crData/Cuadro_de_Mando_Integral_0957/Cuadro_de_Mando_Integral_54-12_12448/statistics_results.json"
      },
      "processing_time": 1.129148244857788,
      "total_crossref": 20923,
      "crossref_percentage": 0.0
    }
  },
  "total_duplicates": 0,
  "monthly_files": {
    "54-01": {
      "base_folder": "crData/Cuadro_de_Mando_Integral_0957/Cuadro_de_Mando_Integral_54-01_12095",
      "term_results_folder": "crData/Cuadro_de_Mando_Integral_0957/Cuadro_de_Mando_Integral_54-01_12095/term_results",
      "merged": "crData/Cuadro_de_Mando_Integral_0957/Cuadro_de_Mando_Integral_54-01_12095/merged_results.json",
      "filtered": "crData/Cuadro_de_Mando_Integral_0957/Cuadro_de_Mando_Integral_54-01_12095/filtered_results.json",
      "final": "crData/Cuadro_de_Mando_Integral_0957/Cuadro_de_Mando_Integral_54-01_12095/final_results.json",
      "statistics": "crData/Cuadro_de_Mando_Integral_0957/Cuadro_de_Mando_Integral_54-01_12095/statistics_results.json"
    },
    "54-02": {
      "base_folder": "crData/Cuadro_de_Mando_Integral_0957/Cuadro_de_Mando_Integral_54-02_12125",
      "term_results_folder": "crData/Cuadro_de_Mando_Integral_0957/Cuadro_de_Mando_Integral_54-02_12125/term_results",
      "merged": "crData/Cuadro_de_Mando_Integral_0957/Cuadro_de_Mando_Integral_54-02_12125/merged_results.json",
      "filtered": "crData/Cuadro_de_Mando_Integral_0957/Cuadro_de_Mando_Integral_54-02_12125/filtered_results.json",
      "final": "crData/Cuadro_de_Mando_Integral_0957/Cuadro_de_Mando_Integral_54-02_12125/final_results.json",
      "statistics": "crData/Cuadro_de_Mando_Integral_0957/Cuadro_de_Mando_Integral_54-02_12125/statistics_results.json"
    },
    "54-03": {
      "base_folder": "crData/Cuadro_de_Mando_Integral_0957/Cuadro_de_Mando_Integral_54-03_12154",
      "term_results_folder": "crData/Cuadro_de_Mando_Integral_0957/Cuadro_de_Mando_Integral_54-03_12154/term_results",
      "merged": "crData/Cuadro_de_Mando_Integral_0957/Cuadro_de_Mando_Integral_54-03_12154/merged_results.json",
      "filtered": "crData/Cuadro_de_Mando_Integral_0957/Cuadro_de_Mando_Integral_54-03_12154/filtered_results.json",
      "final": "crData/Cuadro_de_Mando_Integral_0957/Cuadro_de_Mando_Integral_54-03_12154/final_results.json",
      "statistics": "crData/Cuadro_de_Mando_Integral_0957/Cuadro_de_Mando_Integral_54-03_12154/statistics_results.json"
    },
    "54-04": {
      "base_folder": "crData/Cuadro_de_Mando_Integral_0957/Cuadro_de_Mando_Integral_54-04_12183",
      "term_results_folder": "crData/Cuadro_de_Mando_Integral_0957/Cuadro_de_Mando_Integral_54-04_12183/term_results",
      "merged": "crData/Cuadro_de_Mando_Integral_0957/Cuadro_de_Mando_Integral_54-04_12183/merged_results.json",
      "filtered": "crData/Cuadro_de_Mando_Integral_0957/Cuadro_de_Mando_Integral_54-04_12183/filtered_results.json",
      "final": "crData/Cuadro_de_Mando_Integral_0957/Cuadro_de_Mando_Integral_54-04_12183/final_results.json",
      "statistics": "crData/Cuadro_de_Mando_Integral_0957/Cuadro_de_Mando_Integral_54-04_12183/statistics_results.json"
    },
    "54-05": {
      "base_folder": "crData/Cuadro_de_Mando_Integral_0957/Cuadro_de_Mando_Integral_54-05_12212",
      "term_results_folder": "crData/Cuadro_de_Mando_Integral_0957/Cuadro_de_Mando_Integral_54-05_12212/term_results",
      "merged": "crData/Cuadro_de_Mando_Integral_0957/Cuadro_de_Mando_Integral_54-05_12212/merged_results.json",
      "filtered": "crData/Cuadro_de_Mando_Integral_0957/Cuadro_de_Mando_Integral_54-05_12212/filtered_results.json",
      "final": "crData/Cuadro_de_Mando_Integral_0957/Cuadro_de_Mando_Integral_54-05_12212/final_results.json",
      "statistics": "crData/Cuadro_de_Mando_Integral_0957/Cuadro_de_Mando_Integral_54-05_12212/statistics_results.json"
    },
    "54-06": {
      "base_folder": "crData/Cuadro_de_Mando_Integral_0957/Cuadro_de_Mando_Integral_54-06_12257",
      "term_results_folder": "crData/Cuadro_de_Mando_Integral_0957/Cuadro_de_Mando_Integral_54-06_12257/term_results",
      "merged": "crData/Cuadro_de_Mando_Integral_0957/Cuadro_de_Mando_Integral_54-06_12257/merged_results.json",
      "filtered": "crData/Cuadro_de_Mando_Integral_0957/Cuadro_de_Mando_Integral_54-06_12257/filtered_results.json",
      "final": "crData/Cuadro_de_Mando_Integral_0957/Cuadro_de_Mando_Integral_54-06_12257/final_results.json",
      "statistics": "crData/Cuadro_de_Mando_Integral_0957/Cuadro_de_Mando_Integral_54-06_12257/statistics_results.json"
    },
    "54-07": {
      "base_folder": "crData/Cuadro_de_Mando_Integral_0957/Cuadro_de_Mando_Integral_54-07_12289",
      "term_results_folder": "crData/Cuadro_de_Mando_Integral_0957/Cuadro_de_Mando_Integral_54-07_12289/term_results",
      "merged": "crData/Cuadro_de_Mando_Integral_0957/Cuadro_de_Mando_Integral_54-07_12289/merged_results.json",
      "filtered": "crData/Cuadro_de_Mando_Integral_0957/Cuadro_de_Mando_Integral_54-07_12289/filtered_results.json",
      "final": "crData/Cuadro_de_Mando_Integral_0957/Cuadro_de_Mando_Integral_54-07_12289/final_results.json",
      "statistics": "crData/Cuadro_de_Mando_Integral_0957/Cuadro_de_Mando_Integral_54-07_12289/statistics_results.json"
    },
    "54-08": {
      "base_folder": "crData/Cuadro_de_Mando_Integral_0957/Cuadro_de_Mando_Integral_54-08_12318",
      "term_results_folder": "crData/Cuadro_de_Mando_Integral_0957/Cuadro_de_Mando_Integral_54-08_12318/term_results",
      "merged": "crData/Cuadro_de_Mando_Integral_0957/Cuadro_de_Mando_Integral_54-08_12318/merged_results.json",
      "filtered": "crData/Cuadro_de_Mando_Integral_0957/Cuadro_de_Mando_Integral_54-08_12318/filtered_results.json",
      "final": "crData/Cuadro_de_Mando_Integral_0957/Cuadro_de_Mando_Integral_54-08_12318/final_results.json",
      "statistics": "crData/Cuadro_de_Mando_Integral_0957/Cuadro_de_Mando_Integral_54-08_12318/statistics_results.json"
    },
    "54-09": {
      "base_folder": "crData/Cuadro_de_Mando_Integral_0957/Cuadro_de_Mando_Integral_54-09_12344",
      "term_results_folder": "crData/Cuadro_de_Mando_Integral_0957/Cuadro_de_Mando_Integral_54-09_12344/term_results",
      "merged": "crData/Cuadro_de_Mando_Integral_0957/Cuadro_de_Mando_Integral_54-09_12344/merged_results.json",
      "filtered": "crData/Cuadro_de_Mando_Integral_0957/Cuadro_de_Mando_Integral_54-09_12344/filtered_results.json",
      "final": "crData/Cuadro_de_Mando_Integral_0957/Cuadro_de_Mando_Integral_54-09_12344/final_results.json",
      "statistics": "crData/Cuadro_de_Mando_Integral_0957/Cuadro_de_Mando_Integral_54-09_12344/statistics_results.json"
    },
    "54-10": {
      "base_folder": "crData/Cuadro_de_Mando_Integral_0957/Cuadro_de_Mando_Integral_54-10_12375",
      "term_results_folder": "crData/Cuadro_de_Mando_Integral_0957/Cuadro_de_Mando_Integral_54-10_12375/term_results",
      "merged": "crData/Cuadro_de_Mando_Integral_0957/Cuadro_de_Mando_Integral_54-10_12375/merged_results.json",
      "filtered": "crData/Cuadro_de_Mando_Integral_0957/Cuadro_de_Mando_Integral_54-10_12375/filtered_results.json",
      "final": "crData/Cuadro_de_Mando_Integral_0957/Cuadro_de_Mando_Integral_54-10_12375/final_results.json",
      "statistics": "crData/Cuadro_de_Mando_Integral_0957/Cuadro_de_Mando_Integral_54-10_12375/statistics_results.json"
    },
    "54-11": {
      "base_folder": "crData/Cuadro_de_Mando_Integral_0957/Cuadro_de_Mando_Integral_54-11_12403",
      "term_results_folder": "crData/Cuadro_de_Mando_Integral_0957/Cuadro_de_Mando_Integral_54-11_12403/term_results",
      "merged": "crData/Cuadro_de_Mando_Integral_0957/Cuadro_de_Mando_Integral_54-11_12403/merged_results.json",
      "filtered": "crData/Cuadro_de_Mando_Integral_0957/Cuadro_de_Mando_Integral_54-11_12403/filtered_results.json",
      "final": "crData/Cuadro_de_Mando_Integral_0957/Cuadro_de_Mando_Integral_54-11_12403/final_results.json",
      "statistics": "crData/Cuadro_de_Mando_Integral_0957/Cuadro_de_Mando_Integral_54-11_12403/statistics_results.json"
    },
    "54-12": {
      "base_folder": "crData/Cuadro_de_Mando_Integral_0957/Cuadro_de_Mando_Integral_54-12_12448",
      "term_results_folder": "crData/Cuadro_de_Mando_Integral_0957/Cuadro_de_Mando_Integral_54-12_12448/term_results",
      "merged": "crData/Cuadro_de_Mando_Integral_0957/Cuadro_de_Mando_Integral_54-12_12448/merged_results.json",
      "filtered": "crData/Cuadro_de_Mando_Integral_0957/Cuadro_de_Mando_Integral_54-12_12448/filtered_results.json",
      "final": "crData/Cuadro_de_Mando_Integral_0957/Cuadro_de_Mando_Integral_54-12_12448/final_results.json",
      "statistics": "crData/Cuadro_de_Mando_Integral_0957/Cuadro_de_Mando_Integral_54-12_12448/statistics_results.json"
    }
  }
}