{
  "tool_name": "Cuadro de Mando Integral",
  "year": "1959",
  "monthly_stats": {
    "59-01": {
      "tool_name": "Cuadro de Mando Integral",
      "batch_id": "15316",
      "date": "59-01",
      "initial_count": 0,
      "filtered_count": 0,
      "final_count": 0,
      "duplicate_count": 0,
      "terms": {
        "Scorecard": 0
      },
      "file_paths": {
        "base_folder": "crData/Cuadro_de_Mando_Integral_0957/Cuadro_de_Mando_Integral_59-01_15316",
        "term_results_folder": "crData/Cuadro_de_Mando_Integral_0957/Cuadro_de_Mando_Integral_59-01_15316/term_results",
        "merged": "crData/Cuadro_de_Mando_Integral_0957/Cuadro_de_Mando_Integral_59-01_15316/merged_results.json",
        "filtered": "crData/Cuadro_de_Mando_Integral_0957/Cuadro_de_Mando_Integral_59-01_15316/filtered_results.json",
        "final": "crData/Cuadro_de_Mando_Integral_0957/Cuadro_de_Mando_Integral_59-01_15316/final_results.json",
        "statistics": "crData/Cuadro_de_Mando_Integral_0957/Cuadro_de_Mando_Integral_59-01_15316/statistics_results.json"
      },
      "processing_time": 1.2173948287963867,
      "total_crossref": 82489,
      "crossref_percentage": 0.0
    },
    "59-02": {
      "tool_name": "Cuadro de Mando Integral",
      "batch_id": "15344",
      "date": "59-02",
      "initial_count": 0,
      "filtered_count": 0,
      "final_count": 0,
      "duplicate_count": 0,
      "terms": {
        "Scorecard": 0
      },
      "file_paths": {
        "base_folder": "crData/Cuadro_de_Mando_Integral_0957/Cuadro_de_Mando_Integral_59-02_15344",
        "term_results_folder": "crData/Cuadro_de_Mando_Integral_0957/Cuadro_de_Mando_Integral_59-02_15344/term_results",
        "merged": "crData/Cuadro_de_Mando_Integral_0957/Cuadro_de_Mando_Integral_59-02_15344/merged_results.json",
        "filtered": "crData/Cuadro_de_Mando_Integral_0957/Cuadro_de_Mando_Integral_59-02_15344/filtered_results.json",
        "final": "crData/Cuadro_de_Mando_Integral_0957/Cuadro_de_Mando_Integral_59-02_15344/final_results.json",
        "statistics": "crData/Cuadro_de_Mando_Integral_0957/Cuadro_de_Mando_Integral_59-02_15344/statistics_results.json"
      },
      "processing_time": 2.0840601921081543,
      "total_crossref": 11784,
      "crossref_percentage": 0.0
    },
    "59-03": {
      "tool_name": "Cuadro de Mando Integral",
      "batch_id": "15380",
      "date": "59-03",
      "initial_count": 0,
      "filtered_count": 0,
      "final_count": 0,
      "duplicate_count": 0,
      "terms": {
        "Scorecard": 0
      },
      "file_paths": {
        "base_folder": "crData/Cuadro_de_Mando_Integral_0957/Cuadro_de_Mando_Integral_59-03_15380",
        "term_results_folder": "crData/Cuadro_de_Mando_Integral_0957/Cuadro_de_Mando_Integral_59-03_15380/term_results",
        "merged": "crData/Cuadro_de_Mando_Integral_0957/Cuadro_de_Mando_Integral_59-03_15380/merged_results.json",
        "filtered": "crData/Cuadro_de_Mando_Integral_0957/Cuadro_de_Mando_Integral_59-03_15380/filtered_results.json",
        "final": "crData/Cuadro_de_Mando_Integral_0957/Cuadro_de_Mando_Integral_59-03_15380/final_results.json",
        "statistics": "crData/Cuadro_de_Mando_Integral_0957/Cuadro_de_Mando_Integral_59-03_15380/statistics_results.json"
      },
      "processing_time": 1.6095550060272217,
      "total_crossref": 15925,
      "crossref_percentage": 0.0
    },
    "59-04": {
      "tool_name": "Cuadro de Mando Integral",
      "batch_id": "15411",
      "date": "59-04",
      "initial_count": 0,
      "filtered_count": 0,
      "final_count": 0,
      "duplicate_count": 0,
      "terms": {
        "Scorecard": 0
      },
      "file_paths": {
        "base_folder": "crData/Cuadro_de_Mando_Integral_0957/Cuadro_de_Mando_Integral_59-04_15411",
        "term_results_folder": "crData/Cuadro_de_Mando_Integral_0957/Cuadro_de_Mando_Integral_59-04_15411/term_results",
        "merged": "crData/Cuadro_de_Mando_Integral_0957/Cuadro_de_Mando_Integral_59-04_15411/merged_results.json",
        "filtered": "crData/Cuadro_de_Mando_Integral_0957/Cuadro_de_Mando_Integral_59-04_15411/filtered_results.json",
        "final": "crData/Cuadro_de_Mando_Integral_0957/Cuadro_de_Mando_Integral_59-04_15411/final_results.json",
        "statistics": "crData/Cuadro_de_Mando_Integral_0957/Cuadro_de_Mando_Integral_59-04_15411/statistics_results.json"
      },
      "processing_time": 2.4083988666534424,
      "total_crossref": 15407,
      "crossref_percentage": 0.0
    },
    "59-05": {
      "tool_name": "Cuadro de Mando Integral",
      "batch_id": "15450",
      "date": "59-05",
      "initial_count": 0,
      "filtered_count": 0,
      "final_count": 0,
      "duplicate_count": 0,
      "terms": {
        "Scorecard": 0
      },
      "file_paths": {
        "base_folder": "crData/Cuadro_de_Mando_Integral_0957/Cuadro_de_Mando_Integral_59-05_15450",
        "term_results_folder": "crData/Cuadro_de_Mando_Integral_0957/Cuadro_de_Mando_Integral_59-05_15450/term_results",
        "merged": "crData/Cuadro_de_Mando_Integral_0957/Cuadro_de_Mando_Integral_59-05_15450/merged_results.json",
        "filtered": "crData/Cuadro_de_Mando_Integral_0957/Cuadro_de_Mando_Integral_59-05_15450/filtered_results.json",
        "final": "crData/Cuadro_de_Mando_Integral_0957/Cuadro_de_Mando_Integral_59-05_15450/final_results.json",
        "statistics": "crData/Cuadro_de_Mando_Integral_0957/Cuadro_de_Mando_Integral_59-05_15450/statistics_results.json"
      },
      "processing_time": 1.802558183670044,
      "total_crossref": 13768,
      "crossref_percentage": 0.0
    },
    "59-06": {
      "tool_name": "Cuadro de Mando Integral",
      "batch_id": "15483",
      "date": "59-06",
      "initial_count": 0,
      "filtered_count": 0,
      "final_count": 0,
      "duplicate_count": 0,
      "terms": {
        "Scorecard": 0
      },
      "file_paths": {
        "base_folder": "crData/Cuadro_de_Mando_Integral_0957/Cuadro_de_Mando_Integral_59-06_15483",
        "term_results_folder": "crData/Cuadro_de_Mando_Integral_0957/Cuadro_de_Mando_Integral_59-06_15483/term_results",
        "merged": "crData/Cuadro_de_Mando_Integral_0957/Cuadro_de_Mando_Integral_59-06_15483/merged_results.json",
        "filtered": "crData/Cuadro_de_Mando_Integral_0957/Cuadro_de_Mando_Integral_59-06_15483/filtered_results.json",
        "final": "crData/Cuadro_de_Mando_Integral_0957/Cuadro_de_Mando_Integral_59-06_15483/final_results.json",
        "statistics": "crData/Cuadro_de_Mando_Integral_0957/Cuadro_de_Mando_Integral_59-06_15483/statistics_results.json"
      },
      "processing_time": 1.3588740825653076,
      "total_crossref": 14654,
      "crossref_percentage": 0.0
    },
    "59-07": {
      "tool_name": "Cuadro de Mando Integral",
      "batch_id": "15512",
      "date": "59-07",
      "initial_count": 0,
      "filtered_count": 0,
      "final_count": 0,
      "duplicate_count": 0,
      "terms": {
        "Scorecard": 0
      },
      "file_paths": {
        "base_folder": "crData/Cuadro_de_Mando_Integral_0957/Cuadro_de_Mando_Integral_59-07_15512",
        "term_results_folder": "crData/Cuadro_de_Mando_Integral_0957/Cuadro_de_Mando_Integral_59-07_15512/term_results",
        "merged": "crData/Cuadro_de_Mando_Integral_0957/Cuadro_de_Mando_Integral_59-07_15512/merged_results.json",
        "filtered": "crData/Cuadro_de_Mando_Integral_0957/Cuadro_de_Mando_Integral_59-07_15512/filtered_results.json",
        "final": "crData/Cuadro_de_Mando_Integral_0957/Cuadro_de_Mando_Integral_59-07_15512/final_results.json",
        "statistics": "crData/Cuadro_de_Mando_Integral_0957/Cuadro_de_Mando_Integral_59-07_15512/statistics_results.json"
      },
      "processing_time": 1.3239820003509521,
      "total_crossref": 14307,
      "crossref_percentage": 0.0
    },
    "59-08": {
      "tool_name": "Cuadro de Mando Integral",
      "batch_id": "15540",
      "date": "59-08",
      "initial_count": 0,
      "filtered_count": 0,
      "final_count": 0,
      "duplicate_count": 0,
      "terms": {
        "Scorecard": 0
      },
      "file_paths": {
        "base_folder": "crData/Cuadro_de_Mando_Integral_0957/Cuadro_de_Mando_Integral_59-08_15540",
        "term_results_folder": "crData/Cuadro_de_Mando_Integral_0957/Cuadro_de_Mando_Integral_59-08_15540/term_results",
        "merged": "crData/Cuadro_de_Mando_Integral_0957/Cuadro_de_Mando_Integral_59-08_15540/merged_results.json",
        "filtered": "crData/Cuadro_de_Mando_Integral_0957/Cuadro_de_Mando_Integral_59-08_15540/filtered_results.json",
        "final": "crData/Cuadro_de_Mando_Integral_0957/Cuadro_de_Mando_Integral_59-08_15540/final_results.json",
        "statistics": "crData/Cuadro_de_Mando_Integral_0957/Cuadro_de_Mando_Integral_59-08_15540/statistics_results.json"
      },
      "processing_time": 0.9885101318359375,
      "total_crossref": 10862,
      "crossref_percentage": 0.0
    },
    "59-09": {
      "tool_name": "Cuadro de Mando Integral",
      "batch_id": "15565",
      "date": "59-09",
      "initial_count": 0,
      "filtered_count": 0,
      "final_count": 0,
      "duplicate_count": 0,
      "terms": {
        "Scorecard": 0
      },
      "file_paths": {
        "base_folder": "crData/Cuadro_de_Mando_Integral_0957/Cuadro_de_Mando_Integral_59-09_15565",
        "term_results_folder": "crData/Cuadro_de_Mando_Integral_0957/Cuadro_de_Mando_Integral_59-09_15565/term_results",
        "merged": "crData/Cuadro_de_Mando_Integral_0957/Cuadro_de_Mando_Integral_59-09_15565/merged_results.json",
        "filtered": "crData/Cuadro_de_Mando_Integral_0957/Cuadro_de_Mando_Integral_59-09_15565/filtered_results.json",
        "final": "crData/Cuadro_de_Mando_Integral_0957/Cuadro_de_Mando_Integral_59-09_15565/final_results.json",
        "statistics": "crData/Cuadro_de_Mando_Integral_0957/Cuadro_de_Mando_Integral_59-09_15565/statistics_results.json"
      },
      "processing_time": 1.007828950881958,
      "total_crossref": 15877,
      "crossref_percentage": 0.0
    },
    "59-10": {
      "tool_name": "Cuadro de Mando Integral",
      "batch_id": "15590",
      "date": "59-10",
      "initial_count": 0,
      "filtered_count": 0,
      "final_count": 0,
      "duplicate_count": 0,
      "terms": {
        "Scorecard": 0
      },
      "file_paths": {
        "base_folder": "crData/Cuadro_de_Mando_Integral_0957/Cuadro_de_Mando_Integral_59-10_15590",
        "term_results_folder": "crData/Cuadro_de_Mando_Integral_0957/Cuadro_de_Mando_Integral_59-10_15590/term_results",
        "merged": "crData/Cuadro_de_Mando_Integral_0957/Cuadro_de_Mando_Integral_59-10_15590/merged_results.json",
        "filtered": "crData/Cuadro_de_Mando_Integral_0957/Cuadro_de_Mando_Integral_59-10_15590/filtered_results.json",
        "final": "crData/Cuadro_de_Mando_Integral_0957/Cuadro_de_Mando_Integral_59-10_15590/final_results.json",
        "statistics": "crData/Cuadro_de_Mando_Integral_0957/Cuadro_de_Mando_Integral_59-10_15590/statistics_results.json"
      },
      "processing_time": 1.240508794784546,
      "total_crossref": 15520,
      "crossref_percentage": 0.0
    },
    "59-11": {
      "tool_name": "Cuadro de Mando Integral",
      "batch_id": "16018",
      "date": "59-11",
      "initial_count": 0,
      "filtered_count": 0,
      "final_count": 0,
      "duplicate_count": 0,
      "terms": {
        "Scorecard": 0
      },
      "file_paths": {
        "base_folder": "crData/Cuadro_de_Mando_Integral_0957/Cuadro_de_Mando_Integral_59-11_16018",
        "term_results_folder": "crData/Cuadro_de_Mando_Integral_0957/Cuadro_de_Mando_Integral_59-11_16018/term_results",
        "merged": "crData/Cuadro_de_Mando_Integral_0957/Cuadro_de_Mando_Integral_59-11_16018/merged_results.json",
        "filtered": "crData/Cuadro_de_Mando_Integral_0957/Cuadro_de_Mando_Integral_59-11_16018/filtered_results.json",
        "final": "crData/Cuadro_de_Mando_Integral_0957/Cuadro_de_Mando_Integral_59-11_16018/final_results.json",
        "statistics": "crData/Cuadro_de_Mando_Integral_0957/Cuadro_de_Mando_Integral_59-11_16018/statistics_results.json"
      },
      "processing_time": 2.0141491889953613,
      "total_crossref": 14158,
      "crossref_percentage": 0.0
    },
    "59-12": {
      "tool_name": "Cuadro de Mando Integral",
      "batch_id": "16053",
      "date": "59-12",
      "initial_count": 0,
      "filtered_count": 0,
      "final_count": 0,
      "duplicate_count": 0,
      "terms": {
        "Scorecard": 0
      },
      "file_paths": {
        "base_folder": "crData/Cuadro_de_Mando_Integral_0957/Cuadro_de_Mando_Integral_59-12_16053",
        "term_results_folder": "crData/Cuadro_de_Mando_Integral_0957/Cuadro_de_Mando_Integral_59-12_16053/term_results",
        "merged": "crData/Cuadro_de_Mando_Integral_0957/Cuadro_de_Mando_Integral_59-12_16053/merged_results.json",
        "filtered": "crData/Cuadro_de_Mando_Integral_0957/Cuadro_de_Mando_Integral_59-12_16053/filtered_results.json",
        "final": "crData/Cuadro_de_Mando_Integral_0957/Cuadro_de_Mando_Integral_59-12_16053/final_results.json",
        "statistics": "crData/Cuadro_de_Mando_Integral_0957/Cuadro_de_Mando_Integral_59-12_16053/statistics_results.json"
      },
      "processing_time": 2.1614348888397217,
      "total_crossref": 28403,
      "crossref_percentage": 0.0
    }
  },
  "total_duplicates": 0,
  "monthly_files": {
    "59-01": {
      "base_folder": "crData/Cuadro_de_Mando_Integral_0957/Cuadro_de_Mando_Integral_59-01_15316",
      "term_results_folder": "crData/Cuadro_de_Mando_Integral_0957/Cuadro_de_Mando_Integral_59-01_15316/term_results",
      "merged": "crData/Cuadro_de_Mando_Integral_0957/Cuadro_de_Mando_Integral_59-01_15316/merged_results.json",
      "filtered": "crData/Cuadro_de_Mando_Integral_0957/Cuadro_de_Mando_Integral_59-01_15316/filtered_results.json",
      "final": "crData/Cuadro_de_Mando_Integral_0957/Cuadro_de_Mando_Integral_59-01_15316/final_results.json",
      "statistics": "crData/Cuadro_de_Mando_Integral_0957/Cuadro_de_Mando_Integral_59-01_15316/statistics_results.json"
    },
    "59-02": {
      "base_folder": "crData/Cuadro_de_Mando_Integral_0957/Cuadro_de_Mando_Integral_59-02_15344",
      "term_results_folder": "crData/Cuadro_de_Mando_Integral_0957/Cuadro_de_Mando_Integral_59-02_15344/term_results",
      "merged": "crData/Cuadro_de_Mando_Integral_0957/Cuadro_de_Mando_Integral_59-02_15344/merged_results.json",
      "filtered": "crData/Cuadro_de_Mando_Integral_0957/Cuadro_de_Mando_Integral_59-02_15344/filtered_results.json",
      "final": "crData/Cuadro_de_Mando_Integral_0957/Cuadro_de_Mando_Integral_59-02_15344/final_results.json",
      "statistics": "crData/Cuadro_de_Mando_Integral_0957/Cuadro_de_Mando_Integral_59-02_15344/statistics_results.json"
    },
    "59-03": {
      "base_folder": "crData/Cuadro_de_Mando_Integral_0957/Cuadro_de_Mando_Integral_59-03_15380",
      "term_results_folder": "crData/Cuadro_de_Mando_Integral_0957/Cuadro_de_Mando_Integral_59-03_15380/term_results",
      "merged": "crData/Cuadro_de_Mando_Integral_0957/Cuadro_de_Mando_Integral_59-03_15380/merged_results.json",
      "filtered": "crData/Cuadro_de_Mando_Integral_0957/Cuadro_de_Mando_Integral_59-03_15380/filtered_results.json",
      "final": "crData/Cuadro_de_Mando_Integral_0957/Cuadro_de_Mando_Integral_59-03_15380/final_results.json",
      "statistics": "crData/Cuadro_de_Mando_Integral_0957/Cuadro_de_Mando_Integral_59-03_15380/statistics_results.json"
    },
    "59-04": {
      "base_folder": "crData/Cuadro_de_Mando_Integral_0957/Cuadro_de_Mando_Integral_59-04_15411",
      "term_results_folder": "crData/Cuadro_de_Mando_Integral_0957/Cuadro_de_Mando_Integral_59-04_15411/term_results",
      "merged": "crData/Cuadro_de_Mando_Integral_0957/Cuadro_de_Mando_Integral_59-04_15411/merged_results.json",
      "filtered": "crData/Cuadro_de_Mando_Integral_0957/Cuadro_de_Mando_Integral_59-04_15411/filtered_results.json",
      "final": "crData/Cuadro_de_Mando_Integral_0957/Cuadro_de_Mando_Integral_59-04_15411/final_results.json",
      "statistics": "crData/Cuadro_de_Mando_Integral_0957/Cuadro_de_Mando_Integral_59-04_15411/statistics_results.json"
    },
    "59-05": {
      "base_folder": "crData/Cuadro_de_Mando_Integral_0957/Cuadro_de_Mando_Integral_59-05_15450",
      "term_results_folder": "crData/Cuadro_de_Mando_Integral_0957/Cuadro_de_Mando_Integral_59-05_15450/term_results",
      "merged": "crData/Cuadro_de_Mando_Integral_0957/Cuadro_de_Mando_Integral_59-05_15450/merged_results.json",
      "filtered": "crData/Cuadro_de_Mando_Integral_0957/Cuadro_de_Mando_Integral_59-05_15450/filtered_results.json",
      "final": "crData/Cuadro_de_Mando_Integral_0957/Cuadro_de_Mando_Integral_59-05_15450/final_results.json",
      "statistics": "crData/Cuadro_de_Mando_Integral_0957/Cuadro_de_Mando_Integral_59-05_15450/statistics_results.json"
    },
    "59-06": {
      "base_folder": "crData/Cuadro_de_Mando_Integral_0957/Cuadro_de_Mando_Integral_59-06_15483",
      "term_results_folder": "crData/Cuadro_de_Mando_Integral_0957/Cuadro_de_Mando_Integral_59-06_15483/term_results",
      "merged": "crData/Cuadro_de_Mando_Integral_0957/Cuadro_de_Mando_Integral_59-06_15483/merged_results.json",
      "filtered": "crData/Cuadro_de_Mando_Integral_0957/Cuadro_de_Mando_Integral_59-06_15483/filtered_results.json",
      "final": "crData/Cuadro_de_Mando_Integral_0957/Cuadro_de_Mando_Integral_59-06_15483/final_results.json",
      "statistics": "crData/Cuadro_de_Mando_Integral_0957/Cuadro_de_Mando_Integral_59-06_15483/statistics_results.json"
    },
    "59-07": {
      "base_folder": "crData/Cuadro_de_Mando_Integral_0957/Cuadro_de_Mando_Integral_59-07_15512",
      "term_results_folder": "crData/Cuadro_de_Mando_Integral_0957/Cuadro_de_Mando_Integral_59-07_15512/term_results",
      "merged": "crData/Cuadro_de_Mando_Integral_0957/Cuadro_de_Mando_Integral_59-07_15512/merged_results.json",
      "filtered": "crData/Cuadro_de_Mando_Integral_0957/Cuadro_de_Mando_Integral_59-07_15512/filtered_results.json",
      "final": "crData/Cuadro_de_Mando_Integral_0957/Cuadro_de_Mando_Integral_59-07_15512/final_results.json",
      "statistics": "crData/Cuadro_de_Mando_Integral_0957/Cuadro_de_Mando_Integral_59-07_15512/statistics_results.json"
    },
    "59-08": {
      "base_folder": "crData/Cuadro_de_Mando_Integral_0957/Cuadro_de_Mando_Integral_59-08_15540",
      "term_results_folder": "crData/Cuadro_de_Mando_Integral_0957/Cuadro_de_Mando_Integral_59-08_15540/term_results",
      "merged": "crData/Cuadro_de_Mando_Integral_0957/Cuadro_de_Mando_Integral_59-08_15540/merged_results.json",
      "filtered": "crData/Cuadro_de_Mando_Integral_0957/Cuadro_de_Mando_Integral_59-08_15540/filtered_results.json",
      "final": "crData/Cuadro_de_Mando_Integral_0957/Cuadro_de_Mando_Integral_59-08_15540/final_results.json",
      "statistics": "crData/Cuadro_de_Mando_Integral_0957/Cuadro_de_Mando_Integral_59-08_15540/statistics_results.json"
    },
    "59-09": {
      "base_folder": "crData/Cuadro_de_Mando_Integral_0957/Cuadro_de_Mando_Integral_59-09_15565",
      "term_results_folder": "crData/Cuadro_de_Mando_Integral_0957/Cuadro_de_Mando_Integral_59-09_15565/term_results",
      "merged": "crData/Cuadro_de_Mando_Integral_0957/Cuadro_de_Mando_Integral_59-09_15565/merged_results.json",
      "filtered": "crData/Cuadro_de_Mando_Integral_0957/Cuadro_de_Mando_Integral_59-09_15565/filtered_results.json",
      "final": "crData/Cuadro_de_Mando_Integral_0957/Cuadro_de_Mando_Integral_59-09_15565/final_results.json",
      "statistics": "crData/Cuadro_de_Mando_Integral_0957/Cuadro_de_Mando_Integral_59-09_15565/statistics_results.json"
    },
    "59-10": {
      "base_folder": "crData/Cuadro_de_Mando_Integral_0957/Cuadro_de_Mando_Integral_59-10_15590",
      "term_results_folder": "crData/Cuadro_de_Mando_Integral_0957/Cuadro_de_Mando_Integral_59-10_15590/term_results",
      "merged": "crData/Cuadro_de_Mando_Integral_0957/Cuadro_de_Mando_Integral_59-10_15590/merged_results.json",
      "filtered": "crData/Cuadro_de_Mando_Integral_0957/Cuadro_de_Mando_Integral_59-10_15590/filtered_results.json",
      "final": "crData/Cuadro_de_Mando_Integral_0957/Cuadro_de_Mando_Integral_59-10_15590/final_results.json",
      "statistics": "crData/Cuadro_de_Mando_Integral_0957/Cuadro_de_Mando_Integral_59-10_15590/statistics_results.json"
    },
    "59-11": {
      "base_folder": "crData/Cuadro_de_Mando_Integral_0957/Cuadro_de_Mando_Integral_59-11_16018",
      "term_results_folder": "crData/Cuadro_de_Mando_Integral_0957/Cuadro_de_Mando_Integral_59-11_16018/term_results",
      "merged": "crData/Cuadro_de_Mando_Integral_0957/Cuadro_de_Mando_Integral_59-11_16018/merged_results.json",
      "filtered": "crData/Cuadro_de_Mando_Integral_0957/Cuadro_de_Mando_Integral_59-11_16018/filtered_results.json",
      "final": "crData/Cuadro_de_Mando_Integral_0957/Cuadro_de_Mando_Integral_59-11_16018/final_results.json",
      "statistics": "crData/Cuadro_de_Mando_Integral_0957/Cuadro_de_Mando_Integral_59-11_16018/statistics_results.json"
    },
    "59-12": {
      "base_folder": "crData/Cuadro_de_Mando_Integral_0957/Cuadro_de_Mando_Integral_59-12_16053",
      "term_results_folder": "crData/Cuadro_de_Mando_Integral_0957/Cuadro_de_Mando_Integral_59-12_16053/term_results",
      "merged": "crData/Cuadro_de_Mando_Integral_0957/Cuadro_de_Mando_Integral_59-12_16053/merged_results.json",
      "filtered": "crData/Cuadro_de_Mando_Integral_0957/Cuadro_de_Mando_Integral_59-12_16053/filtered_results.json",
      "final": "crData/Cuadro_de_Mando_Integral_0957/Cuadro_de_Mando_Integral_59-12_16053/final_results.json",
      "statistics": "crData/Cuadro_de_Mando_Integral_0957/Cuadro_de_Mando_Integral_59-12_16053/statistics_results.json"
    }
  }
}