{
  "tool_name": "Estrategias de Crecimiento",
  "year": "1997",
  "monthly_stats": {
    "97-01": {
      "tool_name": "Estrategias de Crecimiento",
      "batch_id": "27089",
      "date": "97-01",
      "initial_count": 4535,
      "filtered_count": 3,
      "final_count": 3,
      "duplicate_count": 0,
      "terms": {
        "Growth": 4648
      },
      "file_paths": {
        "base_folder": "crData/Estrategias_de_Crecimiento_0257/Estrategias_de_Crecimiento_97-01_27089",
        "term_results_folder": "crData/Estrategias_de_Crecimiento_0257/Estrategias_de_Crecimiento_97-01_27089/term_results",
        "merged": "crData/Estrategias_de_Crecimiento_0257/Estrategias_de_Crecimiento_97-01_27089/merged_results.json",
        "filtered": "crData/Estrategias_de_Crecimiento_0257/Estrategias_de_Crecimiento_97-01_27089/filtered_results.json",
        "final": "crData/Estrategias_de_Crecimiento_0257/Estrategias_de_Crecimiento_97-01_27089/final_results.json",
        "statistics": "crData/Estrategias_de_Crecimiento_0257/Estrategias_de_Crecimiento_97-01_27089/statistics_results.json"
      },
      "processing_time": 11.310041189193726,
      "total_crossref": 493650,
      "crossref_percentage": 0.0006077180188392586
    },
    "97-02": {
      "tool_name": "Estrategias de Crecimiento",
      "batch_id": "27217",
      "date": "97-02",
      "initial_count": 1048,
      "filtered_count": 1,
      "final_count": 1,
      "duplicate_count": 0,
      "terms": {
        "Growth": 1049
      },
      "file_paths": {
        "base_folder": "crData/Estrategias_de_Crecimiento_0257/Estrategias_de_Crecimiento_97-02_27217",
        "term_results_folder": "crData/Estrategias_de_Crecimiento_0257/Estrategias_de_Crecimiento_97-02_27217/term_results",
        "merged": "crData/Estrategias_de_Crecimiento_0257/Estrategias_de_Crecimiento_97-02_27217/merged_results.json",
        "filtered": "crData/Estrategias_de_Crecimiento_0257/Estrategias_de_Crecimiento_97-02_27217/filtered_results.json",
        "final": "crData/Estrategias_de_Crecimiento_0257/Estrategias_de_Crecimiento_97-02_27217/final_results.json",
        "statistics": "crData/Estrategias_de_Crecimiento_0257/Estrategias_de_Crecimiento_97-02_27217/statistics_results.json"
      },
      "processing_time": 4.037215948104858,
      "total_crossref": 79243,
      "crossref_percentage": 0.0012619411178274422
    },
    "97-03": {
      "tool_name": "Estrategias de Crecimiento",
      "batch_id": "27272",
      "date": "97-03",
      "initial_count": 1164,
      "filtered_count": 1,
      "final_count": 1,
      "duplicate_count": 0,
      "terms": {
        "Growth": 1165
      },
      "file_paths": {
        "base_folder": "crData/Estrategias_de_Crecimiento_0257/Estrategias_de_Crecimiento_97-03_27272",
        "term_results_folder": "crData/Estrategias_de_Crecimiento_0257/Estrategias_de_Crecimiento_97-03_27272/term_results",
        "merged": "crData/Estrategias_de_Crecimiento_0257/Estrategias_de_Crecimiento_97-03_27272/merged_results.json",
        "filtered": "crData/Estrategias_de_Crecimiento_0257/Estrategias_de_Crecimiento_97-03_27272/filtered_results.json",
        "final": "crData/Estrategias_de_Crecimiento_0257/Estrategias_de_Crecimiento_97-03_27272/final_results.json",
        "statistics": "crData/Estrategias_de_Crecimiento_0257/Estrategias_de_Crecimiento_97-03_27272/statistics_results.json"
      },
      "processing_time": 3.8306591510772705,
      "total_crossref": 98545,
      "crossref_percentage": 0.0010147648282510528
    },
    "97-04": {
      "tool_name": "Estrategias de Crecimiento",
      "batch_id": "27326",
      "date": "97-04",
      "initial_count": 1473,
      "filtered_count": 1,
      "final_count": 1,
      "duplicate_count": 0,
      "terms": {
        "Growth": 1474
      },
      "file_paths": {
        "base_folder": "crData/Estrategias_de_Crecimiento_0257/Estrategias_de_Crecimiento_97-04_27326",
        "term_results_folder": "crData/Estrategias_de_Crecimiento_0257/Estrategias_de_Crecimiento_97-04_27326/term_results",
        "merged": "crData/Estrategias_de_Crecimiento_0257/Estrategias_de_Crecimiento_97-04_27326/merged_results.json",
        "filtered": "crData/Estrategias_de_Crecimiento_0257/Estrategias_de_Crecimiento_97-04_27326/filtered_results.json",
        "final": "crData/Estrategias_de_Crecimiento_0257/Estrategias_de_Crecimiento_97-04_27326/final_results.json",
        "statistics": "crData/Estrategias_de_Crecimiento_0257/Estrategias_de_Crecimiento_97-04_27326/statistics_results.json"
      },
      "processing_time": 3.884119987487793,
      "total_crossref": 93621,
      "crossref_percentage": 0.001068136422383867
    },
    "97-05": {
      "tool_name": "Estrategias de Crecimiento",
      "batch_id": "27380",
      "date": "97-05",
      "initial_count": 1388,
      "filtered_count": 0,
      "final_count": 0,
      "duplicate_count": 0,
      "terms": {
        "Growth": 1388
      },
      "file_paths": {
        "base_folder": "crData/Estrategias_de_Crecimiento_0257/Estrategias_de_Crecimiento_97-05_27380",
        "term_results_folder": "crData/Estrategias_de_Crecimiento_0257/Estrategias_de_Crecimiento_97-05_27380/term_results",
        "merged": "crData/Estrategias_de_Crecimiento_0257/Estrategias_de_Crecimiento_97-05_27380/merged_results.json",
        "filtered": "crData/Estrategias_de_Crecimiento_0257/Estrategias_de_Crecimiento_97-05_27380/filtered_results.json",
        "final": "crData/Estrategias_de_Crecimiento_0257/Estrategias_de_Crecimiento_97-05_27380/final_results.json",
        "statistics": "crData/Estrategias_de_Crecimiento_0257/Estrategias_de_Crecimiento_97-05_27380/statistics_results.json"
      },
      "processing_time": 4.342023849487305,
      "total_crossref": 92689,
      "crossref_percentage": 0.0
    },
    "97-06": {
      "tool_name": "Estrategias de Crecimiento",
      "batch_id": "27438",
      "date": "97-06",
      "initial_count": 1297,
      "filtered_count": 1,
      "final_count": 1,
      "duplicate_count": 0,
      "terms": {
        "Growth": 1298
      },
      "file_paths": {
        "base_folder": "crData/Estrategias_de_Crecimiento_0257/Estrategias_de_Crecimiento_97-06_27438",
        "term_results_folder": "crData/Estrategias_de_Crecimiento_0257/Estrategias_de_Crecimiento_97-06_27438/term_results",
        "merged": "crData/Estrategias_de_Crecimiento_0257/Estrategias_de_Crecimiento_97-06_27438/merged_results.json",
        "filtered": "crData/Estrategias_de_Crecimiento_0257/Estrategias_de_Crecimiento_97-06_27438/filtered_results.json",
        "final": "crData/Estrategias_de_Crecimiento_0257/Estrategias_de_Crecimiento_97-06_27438/final_results.json",
        "statistics": "crData/Estrategias_de_Crecimiento_0257/Estrategias_de_Crecimiento_97-06_27438/statistics_results.json"
      },
      "processing_time": 4.29746413230896,
      "total_crossref": 97686,
      "crossref_percentage": 0.0010236881436439204
    },
    "97-07": {
      "tool_name": "Estrategias de Crecimiento",
      "batch_id": "27496",
      "date": "97-07",
      "initial_count": 1256,
      "filtered_count": 1,
      "final_count": 1,
      "duplicate_count": 0,
      "terms": {
        "Growth": 1257
      },
      "file_paths": {
        "base_folder": "crData/Estrategias_de_Crecimiento_0257/Estrategias_de_Crecimiento_97-07_27496",
        "term_results_folder": "crData/Estrategias_de_Crecimiento_0257/Estrategias_de_Crecimiento_97-07_27496/term_results",
        "merged": "crData/Estrategias_de_Crecimiento_0257/Estrategias_de_Crecimiento_97-07_27496/merged_results.json",
        "filtered": "crData/Estrategias_de_Crecimiento_0257/Estrategias_de_Crecimiento_97-07_27496/filtered_results.json",
        "final": "crData/Estrategias_de_Crecimiento_0257/Estrategias_de_Crecimiento_97-07_27496/final_results.json",
        "statistics": "crData/Estrategias_de_Crecimiento_0257/Estrategias_de_Crecimiento_97-07_27496/statistics_results.json"
      },
      "processing_time": 3.955472946166992,
      "total_crossref": 92053,
      "crossref_percentage": 0.001086330700791935
    },
    "97-08": {
      "tool_name": "Estrategias de Crecimiento",
      "batch_id": "27551",
      "date": "97-08",
      "initial_count": 1207,
      "filtered_count": 0,
      "final_count": 0,
      "duplicate_count": 0,
      "terms": {
        "Growth": 1208
      },
      "file_paths": {
        "base_folder": "crData/Estrategias_de_Crecimiento_0257/Estrategias_de_Crecimiento_97-08_27551",
        "term_results_folder": "crData/Estrategias_de_Crecimiento_0257/Estrategias_de_Crecimiento_97-08_27551/term_results",
        "merged": "crData/Estrategias_de_Crecimiento_0257/Estrategias_de_Crecimiento_97-08_27551/merged_results.json",
        "filtered": "crData/Estrategias_de_Crecimiento_0257/Estrategias_de_Crecimiento_97-08_27551/filtered_results.json",
        "final": "crData/Estrategias_de_Crecimiento_0257/Estrategias_de_Crecimiento_97-08_27551/final_results.json",
        "statistics": "crData/Estrategias_de_Crecimiento_0257/Estrategias_de_Crecimiento_97-08_27551/statistics_results.json"
      },
      "processing_time": 4.019918203353882,
      "total_crossref": 79575,
      "crossref_percentage": 0.0
    },
    "97-09": {
      "tool_name": "Estrategias de Crecimiento",
      "batch_id": "28006",
      "date": "97-09",
      "initial_count": 1219,
      "filtered_count": 0,
      "final_count": 0,
      "duplicate_count": 0,
      "terms": {
        "Growth": 1219
      },
      "file_paths": {
        "base_folder": "crData/Estrategias_de_Crecimiento_0257/Estrategias_de_Crecimiento_97-09_28006",
        "term_results_folder": "crData/Estrategias_de_Crecimiento_0257/Estrategias_de_Crecimiento_97-09_28006/term_results",
        "merged": "crData/Estrategias_de_Crecimiento_0257/Estrategias_de_Crecimiento_97-09_28006/merged_results.json",
        "filtered": "crData/Estrategias_de_Crecimiento_0257/Estrategias_de_Crecimiento_97-09_28006/filtered_results.json",
        "final": "crData/Estrategias_de_Crecimiento_0257/Estrategias_de_Crecimiento_97-09_28006/final_results.json",
        "statistics": "crData/Estrategias_de_Crecimiento_0257/Estrategias_de_Crecimiento_97-09_28006/statistics_results.json"
      },
      "processing_time": 4.436892986297607,
      "total_crossref": 106296,
      "crossref_percentage": 0.0
    },
    "97-10": {
      "tool_name": "Estrategias de Crecimiento",
      "batch_id": "28066",
      "date": "97-10",
      "initial_count": 1186,
      "filtered_count": 0,
      "final_count": 0,
      "duplicate_count": 0,
      "terms": {
        "Growth": 1188
      },
      "file_paths": {
        "base_folder": "crData/Estrategias_de_Crecimiento_0257/Estrategias_de_Crecimiento_97-10_28066",
        "term_results_folder": "crData/Estrategias_de_Crecimiento_0257/Estrategias_de_Crecimiento_97-10_28066/term_results",
        "merged": "crData/Estrategias_de_Crecimiento_0257/Estrategias_de_Crecimiento_97-10_28066/merged_results.json",
        "filtered": "crData/Estrategias_de_Crecimiento_0257/Estrategias_de_Crecimiento_97-10_28066/filtered_results.json",
        "final": "crData/Estrategias_de_Crecimiento_0257/Estrategias_de_Crecimiento_97-10_28066/final_results.json",
        "statistics": "crData/Estrategias_de_Crecimiento_0257/Estrategias_de_Crecimiento_97-10_28066/statistics_results.json"
      },
      "processing_time": 4.166821718215942,
      "total_crossref": 89801,
      "crossref_percentage": 0.0
    },
    "97-11": {
      "tool_name": "Estrategias de Crecimiento",
      "batch_id": "28122",
      "date": "97-11",
      "initial_count": 1039,
      "filtered_count": 0,
      "final_count": 0,
      "duplicate_count": 0,
      "terms": {
        "Growth": 1039
      },
      "file_paths": {
        "base_folder": "crData/Estrategias_de_Crecimiento_0257/Estrategias_de_Crecimiento_97-11_28122",
        "term_results_folder": "crData/Estrategias_de_Crecimiento_0257/Estrategias_de_Crecimiento_97-11_28122/term_results",
        "merged": "crData/Estrategias_de_Crecimiento_0257/Estrategias_de_Crecimiento_97-11_28122/merged_results.json",
        "filtered": "crData/Estrategias_de_Crecimiento_0257/Estrategias_de_Crecimiento_97-11_28122/filtered_results.json",
        "final": "crData/Estrategias_de_Crecimiento_0257/Estrategias_de_Crecimiento_97-11_28122/final_results.json",
        "statistics": "crData/Estrategias_de_Crecimiento_0257/Estrategias_de_Crecimiento_97-11_28122/statistics_results.json"
      },
      "processing_time": 4.603532075881958,
      "total_crossref": 83408,
      "crossref_percentage": 0.0
    },
    "97-12": {
      "tool_name": "Estrategias de Crecimiento",
      "batch_id": "28184",
      "date": "97-12",
      "initial_count": 1374,
      "filtered_count": 0,
      "final_count": 0,
      "duplicate_count": 0,
      "terms": {
        "Growth": 1376
      },
      "file_paths": {
        "base_folder": "crData/Estrategias_de_Crecimiento_0257/Estrategias_de_Crecimiento_97-12_28184",
        "term_results_folder": "crData/Estrategias_de_Crecimiento_0257/Estrategias_de_Crecimiento_97-12_28184/term_results",
        "merged": "crData/Estrategias_de_Crecimiento_0257/Estrategias_de_Crecimiento_97-12_28184/merged_results.json",
        "filtered": "crData/Estrategias_de_Crecimiento_0257/Estrategias_de_Crecimiento_97-12_28184/filtered_results.json",
        "final": "crData/Estrategias_de_Crecimiento_0257/Estrategias_de_Crecimiento_97-12_28184/final_results.json",
        "statistics": "crData/Estrategias_de_Crecimiento_0257/Estrategias_de_Crecimiento_97-12_28184/statistics_results.json"
      },
      "processing_time": 4.6116719245910645,
      "total_crossref": 123501,
      "crossref_percentage": 0.0
    }
  },
  "total_duplicates": 0,
  "monthly_files": {
    "97-01": {
      "base_folder": "crData/Estrategias_de_Crecimiento_0257/Estrategias_de_Crecimiento_97-01_27089",
      "term_results_folder": "crData/Estrategias_de_Crecimiento_0257/Estrategias_de_Crecimiento_97-01_27089/term_results",
      "merged": "crData/Estrategias_de_Crecimiento_0257/Estrategias_de_Crecimiento_97-01_27089/merged_results.json",
      "filtered": "crData/Estrategias_de_Crecimiento_0257/Estrategias_de_Crecimiento_97-01_27089/filtered_results.json",
      "final": "crData/Estrategias_de_Crecimiento_0257/Estrategias_de_Crecimiento_97-01_27089/final_results.json",
      "statistics": "crData/Estrategias_de_Crecimiento_0257/Estrategias_de_Crecimiento_97-01_27089/statistics_results.json"
    },
    "97-02": {
      "base_folder": "crData/Estrategias_de_Crecimiento_0257/Estrategias_de_Crecimiento_97-02_27217",
      "term_results_folder": "crData/Estrategias_de_Crecimiento_0257/Estrategias_de_Crecimiento_97-02_27217/term_results",
      "merged": "crData/Estrategias_de_Crecimiento_0257/Estrategias_de_Crecimiento_97-02_27217/merged_results.json",
      "filtered": "crData/Estrategias_de_Crecimiento_0257/Estrategias_de_Crecimiento_97-02_27217/filtered_results.json",
      "final": "crData/Estrategias_de_Crecimiento_0257/Estrategias_de_Crecimiento_97-02_27217/final_results.json",
      "statistics": "crData/Estrategias_de_Crecimiento_0257/Estrategias_de_Crecimiento_97-02_27217/statistics_results.json"
    },
    "97-03": {
      "base_folder": "crData/Estrategias_de_Crecimiento_0257/Estrategias_de_Crecimiento_97-03_27272",
      "term_results_folder": "crData/Estrategias_de_Crecimiento_0257/Estrategias_de_Crecimiento_97-03_27272/term_results",
      "merged": "crData/Estrategias_de_Crecimiento_0257/Estrategias_de_Crecimiento_97-03_27272/merged_results.json",
      "filtered": "crData/Estrategias_de_Crecimiento_0257/Estrategias_de_Crecimiento_97-03_27272/filtered_results.json",
      "final": "crData/Estrategias_de_Crecimiento_0257/Estrategias_de_Crecimiento_97-03_27272/final_results.json",
      "statistics": "crData/Estrategias_de_Crecimiento_0257/Estrategias_de_Crecimiento_97-03_27272/statistics_results.json"
    },
    "97-04": {
      "base_folder": "crData/Estrategias_de_Crecimiento_0257/Estrategias_de_Crecimiento_97-04_27326",
      "term_results_folder": "crData/Estrategias_de_Crecimiento_0257/Estrategias_de_Crecimiento_97-04_27326/term_results",
      "merged": "crData/Estrategias_de_Crecimiento_0257/Estrategias_de_Crecimiento_97-04_27326/merged_results.json",
      "filtered": "crData/Estrategias_de_Crecimiento_0257/Estrategias_de_Crecimiento_97-04_27326/filtered_results.json",
      "final": "crData/Estrategias_de_Crecimiento_0257/Estrategias_de_Crecimiento_97-04_27326/final_results.json",
      "statistics": "crData/Estrategias_de_Crecimiento_0257/Estrategias_de_Crecimiento_97-04_27326/statistics_results.json"
    },
    "97-05": {
      "base_folder": "crData/Estrategias_de_Crecimiento_0257/Estrategias_de_Crecimiento_97-05_27380",
      "term_results_folder": "crData/Estrategias_de_Crecimiento_0257/Estrategias_de_Crecimiento_97-05_27380/term_results",
      "merged": "crData/Estrategias_de_Crecimiento_0257/Estrategias_de_Crecimiento_97-05_27380/merged_results.json",
      "filtered": "crData/Estrategias_de_Crecimiento_0257/Estrategias_de_Crecimiento_97-05_27380/filtered_results.json",
      "final": "crData/Estrategias_de_Crecimiento_0257/Estrategias_de_Crecimiento_97-05_27380/final_results.json",
      "statistics": "crData/Estrategias_de_Crecimiento_0257/Estrategias_de_Crecimiento_97-05_27380/statistics_results.json"
    },
    "97-06": {
      "base_folder": "crData/Estrategias_de_Crecimiento_0257/Estrategias_de_Crecimiento_97-06_27438",
      "term_results_folder": "crData/Estrategias_de_Crecimiento_0257/Estrategias_de_Crecimiento_97-06_27438/term_results",
      "merged": "crData/Estrategias_de_Crecimiento_0257/Estrategias_de_Crecimiento_97-06_27438/merged_results.json",
      "filtered": "crData/Estrategias_de_Crecimiento_0257/Estrategias_de_Crecimiento_97-06_27438/filtered_results.json",
      "final": "crData/Estrategias_de_Crecimiento_0257/Estrategias_de_Crecimiento_97-06_27438/final_results.json",
      "statistics": "crData/Estrategias_de_Crecimiento_0257/Estrategias_de_Crecimiento_97-06_27438/statistics_results.json"
    },
    "97-07": {
      "base_folder": "crData/Estrategias_de_Crecimiento_0257/Estrategias_de_Crecimiento_97-07_27496",
      "term_results_folder": "crData/Estrategias_de_Crecimiento_0257/Estrategias_de_Crecimiento_97-07_27496/term_results",
      "merged": "crData/Estrategias_de_Crecimiento_0257/Estrategias_de_Crecimiento_97-07_27496/merged_results.json",
      "filtered": "crData/Estrategias_de_Crecimiento_0257/Estrategias_de_Crecimiento_97-07_27496/filtered_results.json",
      "final": "crData/Estrategias_de_Crecimiento_0257/Estrategias_de_Crecimiento_97-07_27496/final_results.json",
      "statistics": "crData/Estrategias_de_Crecimiento_0257/Estrategias_de_Crecimiento_97-07_27496/statistics_results.json"
    },
    "97-08": {
      "base_folder": "crData/Estrategias_de_Crecimiento_0257/Estrategias_de_Crecimiento_97-08_27551",
      "term_results_folder": "crData/Estrategias_de_Crecimiento_0257/Estrategias_de_Crecimiento_97-08_27551/term_results",
      "merged": "crData/Estrategias_de_Crecimiento_0257/Estrategias_de_Crecimiento_97-08_27551/merged_results.json",
      "filtered": "crData/Estrategias_de_Crecimiento_0257/Estrategias_de_Crecimiento_97-08_27551/filtered_results.json",
      "final": "crData/Estrategias_de_Crecimiento_0257/Estrategias_de_Crecimiento_97-08_27551/final_results.json",
      "statistics": "crData/Estrategias_de_Crecimiento_0257/Estrategias_de_Crecimiento_97-08_27551/statistics_results.json"
    },
    "97-09": {
      "base_folder": "crData/Estrategias_de_Crecimiento_0257/Estrategias_de_Crecimiento_97-09_28006",
      "term_results_folder": "crData/Estrategias_de_Crecimiento_0257/Estrategias_de_Crecimiento_97-09_28006/term_results",
      "merged": "crData/Estrategias_de_Crecimiento_0257/Estrategias_de_Crecimiento_97-09_28006/merged_results.json",
      "filtered": "crData/Estrategias_de_Crecimiento_0257/Estrategias_de_Crecimiento_97-09_28006/filtered_results.json",
      "final": "crData/Estrategias_de_Crecimiento_0257/Estrategias_de_Crecimiento_97-09_28006/final_results.json",
      "statistics": "crData/Estrategias_de_Crecimiento_0257/Estrategias_de_Crecimiento_97-09_28006/statistics_results.json"
    },
    "97-10": {
      "base_folder": "crData/Estrategias_de_Crecimiento_0257/Estrategias_de_Crecimiento_97-10_28066",
      "term_results_folder": "crData/Estrategias_de_Crecimiento_0257/Estrategias_de_Crecimiento_97-10_28066/term_results",
      "merged": "crData/Estrategias_de_Crecimiento_0257/Estrategias_de_Crecimiento_97-10_28066/merged_results.json",
      "filtered": "crData/Estrategias_de_Crecimiento_0257/Estrategias_de_Crecimiento_97-10_28066/filtered_results.json",
      "final": "crData/Estrategias_de_Crecimiento_0257/Estrategias_de_Crecimiento_97-10_28066/final_results.json",
      "statistics": "crData/Estrategias_de_Crecimiento_0257/Estrategias_de_Crecimiento_97-10_28066/statistics_results.json"
    },
    "97-11": {
      "base_folder": "crData/Estrategias_de_Crecimiento_0257/Estrategias_de_Crecimiento_97-11_28122",
      "term_results_folder": "crData/Estrategias_de_Crecimiento_0257/Estrategias_de_Crecimiento_97-11_28122/term_results",
      "merged": "crData/Estrategias_de_Crecimiento_0257/Estrategias_de_Crecimiento_97-11_28122/merged_results.json",
      "filtered": "crData/Estrategias_de_Crecimiento_0257/Estrategias_de_Crecimiento_97-11_28122/filtered_results.json",
      "final": "crData/Estrategias_de_Crecimiento_0257/Estrategias_de_Crecimiento_97-11_28122/final_results.json",
      "statistics": "crData/Estrategias_de_Crecimiento_0257/Estrategias_de_Crecimiento_97-11_28122/statistics_results.json"
    },
    "97-12": {
      "base_folder": "crData/Estrategias_de_Crecimiento_0257/Estrategias_de_Crecimiento_97-12_28184",
      "term_results_folder": "crData/Estrategias_de_Crecimiento_0257/Estrategias_de_Crecimiento_97-12_28184/term_results",
      "merged": "crData/Estrategias_de_Crecimiento_0257/Estrategias_de_Crecimiento_97-12_28184/merged_results.json",
      "filtered": "crData/Estrategias_de_Crecimiento_0257/Estrategias_de_Crecimiento_97-12_28184/filtered_results.json",
      "final": "crData/Estrategias_de_Crecimiento_0257/Estrategias_de_Crecimiento_97-12_28184/final_results.json",
      "statistics": "crData/Estrategias_de_Crecimiento_0257/Estrategias_de_Crecimiento_97-12_28184/statistics_results.json"
    }
  }
}