{
  "tool_name": "Estrategias de Crecimiento",
  "year": "2002",
  "monthly_stats": {
    "02-01": {
      "tool_name": "Estrategias de Crecimiento",
      "batch_id": "34003",
      "date": "02-01",
      "initial_count": 4579,
      "filtered_count": 4,
      "final_count": 4,
      "duplicate_count": 0,
      "terms": {
        "Growth": 4716
      },
      "file_paths": {
        "base_folder": "crData/Estrategias_de_Crecimiento_0257/Estrategias_de_Crecimiento_02-01_34003",
        "term_results_folder": "crData/Estrategias_de_Crecimiento_0257/Estrategias_de_Crecimiento_02-01_34003/term_results",
        "merged": "crData/Estrategias_de_Crecimiento_0257/Estrategias_de_Crecimiento_02-01_34003/merged_results.json",
        "filtered": "crData/Estrategias_de_Crecimiento_0257/Estrategias_de_Crecimiento_02-01_34003/filtered_results.json",
        "final": "crData/Estrategias_de_Crecimiento_0257/Estrategias_de_Crecimiento_02-01_34003/final_results.json",
        "statistics": "crData/Estrategias_de_Crecimiento_0257/Estrategias_de_Crecimiento_02-01_34003/statistics_results.json"
      },
      "processing_time": 11.40614104270935,
      "total_crossref": 619114,
      "crossref_percentage": 0.0006460845660088449
    },
    "02-02": {
      "tool_name": "Estrategias de Crecimiento",
      "batch_id": "34132",
      "date": "02-02",
      "initial_count": 1200,
      "filtered_count": 0,
      "final_count": 0,
      "duplicate_count": 0,
      "terms": {
        "Growth": 1201
      },
      "file_paths": {
        "base_folder": "crData/Estrategias_de_Crecimiento_0257/Estrategias_de_Crecimiento_02-02_34132",
        "term_results_folder": "crData/Estrategias_de_Crecimiento_0257/Estrategias_de_Crecimiento_02-02_34132/term_results",
        "merged": "crData/Estrategias_de_Crecimiento_0257/Estrategias_de_Crecimiento_02-02_34132/merged_results.json",
        "filtered": "crData/Estrategias_de_Crecimiento_0257/Estrategias_de_Crecimiento_02-02_34132/filtered_results.json",
        "final": "crData/Estrategias_de_Crecimiento_0257/Estrategias_de_Crecimiento_02-02_34132/final_results.json",
        "statistics": "crData/Estrategias_de_Crecimiento_0257/Estrategias_de_Crecimiento_02-02_34132/statistics_results.json"
      },
      "processing_time": 4.038320064544678,
      "total_crossref": 93505,
      "crossref_percentage": 0.0
    },
    "02-03": {
      "tool_name": "Estrategias de Crecimiento",
      "batch_id": "34188",
      "date": "02-03",
      "initial_count": 1395,
      "filtered_count": 1,
      "final_count": 1,
      "duplicate_count": 0,
      "terms": {
        "Growth": 1395
      },
      "file_paths": {
        "base_folder": "crData/Estrategias_de_Crecimiento_0257/Estrategias_de_Crecimiento_02-03_34188",
        "term_results_folder": "crData/Estrategias_de_Crecimiento_0257/Estrategias_de_Crecimiento_02-03_34188/term_results",
        "merged": "crData/Estrategias_de_Crecimiento_0257/Estrategias_de_Crecimiento_02-03_34188/merged_results.json",
        "filtered": "crData/Estrategias_de_Crecimiento_0257/Estrategias_de_Crecimiento_02-03_34188/filtered_results.json",
        "final": "crData/Estrategias_de_Crecimiento_0257/Estrategias_de_Crecimiento_02-03_34188/final_results.json",
        "statistics": "crData/Estrategias_de_Crecimiento_0257/Estrategias_de_Crecimiento_02-03_34188/statistics_results.json"
      },
      "processing_time": 4.281516075134277,
      "total_crossref": 126059,
      "crossref_percentage": 0.0007932793374530973
    },
    "02-04": {
      "tool_name": "Estrategias de Crecimiento",
      "batch_id": "34246",
      "date": "02-04",
      "initial_count": 1723,
      "filtered_count": 1,
      "final_count": 1,
      "duplicate_count": 0,
      "terms": {
        "Growth": 1724
      },
      "file_paths": {
        "base_folder": "crData/Estrategias_de_Crecimiento_0257/Estrategias_de_Crecimiento_02-04_34246",
        "term_results_folder": "crData/Estrategias_de_Crecimiento_0257/Estrategias_de_Crecimiento_02-04_34246/term_results",
        "merged": "crData/Estrategias_de_Crecimiento_0257/Estrategias_de_Crecimiento_02-04_34246/merged_results.json",
        "filtered": "crData/Estrategias_de_Crecimiento_0257/Estrategias_de_Crecimiento_02-04_34246/filtered_results.json",
        "final": "crData/Estrategias_de_Crecimiento_0257/Estrategias_de_Crecimiento_02-04_34246/final_results.json",
        "statistics": "crData/Estrategias_de_Crecimiento_0257/Estrategias_de_Crecimiento_02-04_34246/statistics_results.json"
      },
      "processing_time": 4.63557505607605,
      "total_crossref": 115054,
      "crossref_percentage": 0.0008691570914527092
    },
    "02-05": {
      "tool_name": "Estrategias de Crecimiento",
      "batch_id": "34307",
      "date": "02-05",
      "initial_count": 1276,
      "filtered_count": 1,
      "final_count": 1,
      "duplicate_count": 0,
      "terms": {
        "Growth": 1276
      },
      "file_paths": {
        "base_folder": "crData/Estrategias_de_Crecimiento_0257/Estrategias_de_Crecimiento_02-05_34307",
        "term_results_folder": "crData/Estrategias_de_Crecimiento_0257/Estrategias_de_Crecimiento_02-05_34307/term_results",
        "merged": "crData/Estrategias_de_Crecimiento_0257/Estrategias_de_Crecimiento_02-05_34307/merged_results.json",
        "filtered": "crData/Estrategias_de_Crecimiento_0257/Estrategias_de_Crecimiento_02-05_34307/filtered_results.json",
        "final": "crData/Estrategias_de_Crecimiento_0257/Estrategias_de_Crecimiento_02-05_34307/final_results.json",
        "statistics": "crData/Estrategias_de_Crecimiento_0257/Estrategias_de_Crecimiento_02-05_34307/statistics_results.json"
      },
      "processing_time": 4.067014932632446,
      "total_crossref": 110924,
      "crossref_percentage": 0.0009015181565756733
    },
    "02-06": {
      "tool_name": "Estrategias de Crecimiento",
      "batch_id": "34363",
      "date": "02-06",
      "initial_count": 1332,
      "filtered_count": 0,
      "final_count": 0,
      "duplicate_count": 0,
      "terms": {
        "Growth": 1333
      },
      "file_paths": {
        "base_folder": "crData/Estrategias_de_Crecimiento_0257/Estrategias_de_Crecimiento_02-06_34363",
        "term_results_folder": "crData/Estrategias_de_Crecimiento_0257/Estrategias_de_Crecimiento_02-06_34363/term_results",
        "merged": "crData/Estrategias_de_Crecimiento_0257/Estrategias_de_Crecimiento_02-06_34363/merged_results.json",
        "filtered": "crData/Estrategias_de_Crecimiento_0257/Estrategias_de_Crecimiento_02-06_34363/filtered_results.json",
        "final": "crData/Estrategias_de_Crecimiento_0257/Estrategias_de_Crecimiento_02-06_34363/final_results.json",
        "statistics": "crData/Estrategias_de_Crecimiento_0257/Estrategias_de_Crecimiento_02-06_34363/statistics_results.json"
      },
      "processing_time": 4.248780965805054,
      "total_crossref": 120731,
      "crossref_percentage": 0.0
    },
    "02-07": {
      "tool_name": "Estrategias de Crecimiento",
      "batch_id": "34421",
      "date": "02-07",
      "initial_count": 1244,
      "filtered_count": 0,
      "final_count": 0,
      "duplicate_count": 0,
      "terms": {
        "Growth": 1244
      },
      "file_paths": {
        "base_folder": "crData/Estrategias_de_Crecimiento_0257/Estrategias_de_Crecimiento_02-07_34421",
        "term_results_folder": "crData/Estrategias_de_Crecimiento_0257/Estrategias_de_Crecimiento_02-07_34421/term_results",
        "merged": "crData/Estrategias_de_Crecimiento_0257/Estrategias_de_Crecimiento_02-07_34421/merged_results.json",
        "filtered": "crData/Estrategias_de_Crecimiento_0257/Estrategias_de_Crecimiento_02-07_34421/filtered_results.json",
        "final": "crData/Estrategias_de_Crecimiento_0257/Estrategias_de_Crecimiento_02-07_34421/final_results.json",
        "statistics": "crData/Estrategias_de_Crecimiento_0257/Estrategias_de_Crecimiento_02-07_34421/statistics_results.json"
      },
      "processing_time": 4.2221198081970215,
      "total_crossref": 106423,
      "crossref_percentage": 0.0
    },
    "02-08": {
      "tool_name": "Estrategias de Crecimiento",
      "batch_id": "34478",
      "date": "02-08",
      "initial_count": 1247,
      "filtered_count": 3,
      "final_count": 3,
      "duplicate_count": 0,
      "terms": {
        "Growth": 1248
      },
      "file_paths": {
        "base_folder": "crData/Estrategias_de_Crecimiento_0257/Estrategias_de_Crecimiento_02-08_34478",
        "term_results_folder": "crData/Estrategias_de_Crecimiento_0257/Estrategias_de_Crecimiento_02-08_34478/term_results",
        "merged": "crData/Estrategias_de_Crecimiento_0257/Estrategias_de_Crecimiento_02-08_34478/merged_results.json",
        "filtered": "crData/Estrategias_de_Crecimiento_0257/Estrategias_de_Crecimiento_02-08_34478/filtered_results.json",
        "final": "crData/Estrategias_de_Crecimiento_0257/Estrategias_de_Crecimiento_02-08_34478/final_results.json",
        "statistics": "crData/Estrategias_de_Crecimiento_0257/Estrategias_de_Crecimiento_02-08_34478/statistics_results.json"
      },
      "processing_time": 4.250956773757935,
      "total_crossref": 99782,
      "crossref_percentage": 0.0030065542883486
    },
    "02-09": {
      "tool_name": "Estrategias de Crecimiento",
      "batch_id": "34535",
      "date": "02-09",
      "initial_count": 1425,
      "filtered_count": 2,
      "final_count": 2,
      "duplicate_count": 0,
      "terms": {
        "Growth": 1426
      },
      "file_paths": {
        "base_folder": "crData/Estrategias_de_Crecimiento_0257/Estrategias_de_Crecimiento_02-09_34535",
        "term_results_folder": "crData/Estrategias_de_Crecimiento_0257/Estrategias_de_Crecimiento_02-09_34535/term_results",
        "merged": "crData/Estrategias_de_Crecimiento_0257/Estrategias_de_Crecimiento_02-09_34535/merged_results.json",
        "filtered": "crData/Estrategias_de_Crecimiento_0257/Estrategias_de_Crecimiento_02-09_34535/filtered_results.json",
        "final": "crData/Estrategias_de_Crecimiento_0257/Estrategias_de_Crecimiento_02-09_34535/final_results.json",
        "statistics": "crData/Estrategias_de_Crecimiento_0257/Estrategias_de_Crecimiento_02-09_34535/statistics_results.json"
      },
      "processing_time": 4.284707069396973,
      "total_crossref": 138900,
      "crossref_percentage": 0.0014398848092152627
    },
    "02-10": {
      "tool_name": "Estrategias de Crecimiento",
      "batch_id": "34593",
      "date": "02-10",
      "initial_count": 1273,
      "filtered_count": 1,
      "final_count": 1,
      "duplicate_count": 0,
      "terms": {
        "Growth": 1274
      },
      "file_paths": {
        "base_folder": "crData/Estrategias_de_Crecimiento_0257/Estrategias_de_Crecimiento_02-10_34593",
        "term_results_folder": "crData/Estrategias_de_Crecimiento_0257/Estrategias_de_Crecimiento_02-10_34593/term_results",
        "merged": "crData/Estrategias_de_Crecimiento_0257/Estrategias_de_Crecimiento_02-10_34593/merged_results.json",
        "filtered": "crData/Estrategias_de_Crecimiento_0257/Estrategias_de_Crecimiento_02-10_34593/filtered_results.json",
        "final": "crData/Estrategias_de_Crecimiento_0257/Estrategias_de_Crecimiento_02-10_34593/final_results.json",
        "statistics": "crData/Estrategias_de_Crecimiento_0257/Estrategias_de_Crecimiento_02-10_34593/statistics_results.json"
      },
      "processing_time": 5.571554183959961,
      "total_crossref": 114618,
      "crossref_percentage": 0.0008724633129176918
    },
    "02-11": {
      "tool_name": "Estrategias de Crecimiento",
      "batch_id": "35064",
      "date": "02-11",
      "initial_count": 1183,
      "filtered_count": 0,
      "final_count": 0,
      "duplicate_count": 0,
      "terms": {
        "Growth": 1183
      },
      "file_paths": {
        "base_folder": "crData/Estrategias_de_Crecimiento_0257/Estrategias_de_Crecimiento_02-11_35064",
        "term_results_folder": "crData/Estrategias_de_Crecimiento_0257/Estrategias_de_Crecimiento_02-11_35064/term_results",
        "merged": "crData/Estrategias_de_Crecimiento_0257/Estrategias_de_Crecimiento_02-11_35064/merged_results.json",
        "filtered": "crData/Estrategias_de_Crecimiento_0257/Estrategias_de_Crecimiento_02-11_35064/filtered_results.json",
        "final": "crData/Estrategias_de_Crecimiento_0257/Estrategias_de_Crecimiento_02-11_35064/final_results.json",
        "statistics": "crData/Estrategias_de_Crecimiento_0257/Estrategias_de_Crecimiento_02-11_35064/statistics_results.json"
      },
      "processing_time": 5.7292211055755615,
      "total_crossref": 108102,
      "crossref_percentage": 0.0
    },
    "02-12": {
      "tool_name": "Estrategias de Crecimiento",
      "batch_id": "35137",
      "date": "02-12",
      "initial_count": 1431,
      "filtered_count": 0,
      "final_count": 0,
      "duplicate_count": 0,
      "terms": {
        "Growth": 1432
      },
      "file_paths": {
        "base_folder": "crData/Estrategias_de_Crecimiento_0257/Estrategias_de_Crecimiento_02-12_35137",
        "term_results_folder": "crData/Estrategias_de_Crecimiento_0257/Estrategias_de_Crecimiento_02-12_35137/term_results",
        "merged": "crData/Estrategias_de_Crecimiento_0257/Estrategias_de_Crecimiento_02-12_35137/merged_results.json",
        "filtered": "crData/Estrategias_de_Crecimiento_0257/Estrategias_de_Crecimiento_02-12_35137/filtered_results.json",
        "final": "crData/Estrategias_de_Crecimiento_0257/Estrategias_de_Crecimiento_02-12_35137/final_results.json",
        "statistics": "crData/Estrategias_de_Crecimiento_0257/Estrategias_de_Crecimiento_02-12_35137/statistics_results.json"
      },
      "processing_time": 4.814422845840454,
      "total_crossref": 157337,
      "crossref_percentage": 0.0
    }
  },
  "total_duplicates": 0,
  "monthly_files": {
    "02-01": {
      "base_folder": "crData/Estrategias_de_Crecimiento_0257/Estrategias_de_Crecimiento_02-01_34003",
      "term_results_folder": "crData/Estrategias_de_Crecimiento_0257/Estrategias_de_Crecimiento_02-01_34003/term_results",
      "merged": "crData/Estrategias_de_Crecimiento_0257/Estrategias_de_Crecimiento_02-01_34003/merged_results.json",
      "filtered": "crData/Estrategias_de_Crecimiento_0257/Estrategias_de_Crecimiento_02-01_34003/filtered_results.json",
      "final": "crData/Estrategias_de_Crecimiento_0257/Estrategias_de_Crecimiento_02-01_34003/final_results.json",
      "statistics": "crData/Estrategias_de_Crecimiento_0257/Estrategias_de_Crecimiento_02-01_34003/statistics_results.json"
    },
    "02-02": {
      "base_folder": "crData/Estrategias_de_Crecimiento_0257/Estrategias_de_Crecimiento_02-02_34132",
      "term_results_folder": "crData/Estrategias_de_Crecimiento_0257/Estrategias_de_Crecimiento_02-02_34132/term_results",
      "merged": "crData/Estrategias_de_Crecimiento_0257/Estrategias_de_Crecimiento_02-02_34132/merged_results.json",
      "filtered": "crData/Estrategias_de_Crecimiento_0257/Estrategias_de_Crecimiento_02-02_34132/filtered_results.json",
      "final": "crData/Estrategias_de_Crecimiento_0257/Estrategias_de_Crecimiento_02-02_34132/final_results.json",
      "statistics": "crData/Estrategias_de_Crecimiento_0257/Estrategias_de_Crecimiento_02-02_34132/statistics_results.json"
    },
    "02-03": {
      "base_folder": "crData/Estrategias_de_Crecimiento_0257/Estrategias_de_Crecimiento_02-03_34188",
      "term_results_folder": "crData/Estrategias_de_Crecimiento_0257/Estrategias_de_Crecimiento_02-03_34188/term_results",
      "merged": "crData/Estrategias_de_Crecimiento_0257/Estrategias_de_Crecimiento_02-03_34188/merged_results.json",
      "filtered": "crData/Estrategias_de_Crecimiento_0257/Estrategias_de_Crecimiento_02-03_34188/filtered_results.json",
      "final": "crData/Estrategias_de_Crecimiento_0257/Estrategias_de_Crecimiento_02-03_34188/final_results.json",
      "statistics": "crData/Estrategias_de_Crecimiento_0257/Estrategias_de_Crecimiento_02-03_34188/statistics_results.json"
    },
    "02-04": {
      "base_folder": "crData/Estrategias_de_Crecimiento_0257/Estrategias_de_Crecimiento_02-04_34246",
      "term_results_folder": "crData/Estrategias_de_Crecimiento_0257/Estrategias_de_Crecimiento_02-04_34246/term_results",
      "merged": "crData/Estrategias_de_Crecimiento_0257/Estrategias_de_Crecimiento_02-04_34246/merged_results.json",
      "filtered": "crData/Estrategias_de_Crecimiento_0257/Estrategias_de_Crecimiento_02-04_34246/filtered_results.json",
      "final": "crData/Estrategias_de_Crecimiento_0257/Estrategias_de_Crecimiento_02-04_34246/final_results.json",
      "statistics": "crData/Estrategias_de_Crecimiento_0257/Estrategias_de_Crecimiento_02-04_34246/statistics_results.json"
    },
    "02-05": {
      "base_folder": "crData/Estrategias_de_Crecimiento_0257/Estrategias_de_Crecimiento_02-05_34307",
      "term_results_folder": "crData/Estrategias_de_Crecimiento_0257/Estrategias_de_Crecimiento_02-05_34307/term_results",
      "merged": "crData/Estrategias_de_Crecimiento_0257/Estrategias_de_Crecimiento_02-05_34307/merged_results.json",
      "filtered": "crData/Estrategias_de_Crecimiento_0257/Estrategias_de_Crecimiento_02-05_34307/filtered_results.json",
      "final": "crData/Estrategias_de_Crecimiento_0257/Estrategias_de_Crecimiento_02-05_34307/final_results.json",
      "statistics": "crData/Estrategias_de_Crecimiento_0257/Estrategias_de_Crecimiento_02-05_34307/statistics_results.json"
    },
    "02-06": {
      "base_folder": "crData/Estrategias_de_Crecimiento_0257/Estrategias_de_Crecimiento_02-06_34363",
      "term_results_folder": "crData/Estrategias_de_Crecimiento_0257/Estrategias_de_Crecimiento_02-06_34363/term_results",
      "merged": "crData/Estrategias_de_Crecimiento_0257/Estrategias_de_Crecimiento_02-06_34363/merged_results.json",
      "filtered": "crData/Estrategias_de_Crecimiento_0257/Estrategias_de_Crecimiento_02-06_34363/filtered_results.json",
      "final": "crData/Estrategias_de_Crecimiento_0257/Estrategias_de_Crecimiento_02-06_34363/final_results.json",
      "statistics": "crData/Estrategias_de_Crecimiento_0257/Estrategias_de_Crecimiento_02-06_34363/statistics_results.json"
    },
    "02-07": {
      "base_folder": "crData/Estrategias_de_Crecimiento_0257/Estrategias_de_Crecimiento_02-07_34421",
      "term_results_folder": "crData/Estrategias_de_Crecimiento_0257/Estrategias_de_Crecimiento_02-07_34421/term_results",
      "merged": "crData/Estrategias_de_Crecimiento_0257/Estrategias_de_Crecimiento_02-07_34421/merged_results.json",
      "filtered": "crData/Estrategias_de_Crecimiento_0257/Estrategias_de_Crecimiento_02-07_34421/filtered_results.json",
      "final": "crData/Estrategias_de_Crecimiento_0257/Estrategias_de_Crecimiento_02-07_34421/final_results.json",
      "statistics": "crData/Estrategias_de_Crecimiento_0257/Estrategias_de_Crecimiento_02-07_34421/statistics_results.json"
    },
    "02-08": {
      "base_folder": "crData/Estrategias_de_Crecimiento_0257/Estrategias_de_Crecimiento_02-08_34478",
      "term_results_folder": "crData/Estrategias_de_Crecimiento_0257/Estrategias_de_Crecimiento_02-08_34478/term_results",
      "merged": "crData/Estrategias_de_Crecimiento_0257/Estrategias_de_Crecimiento_02-08_34478/merged_results.json",
      "filtered": "crData/Estrategias_de_Crecimiento_0257/Estrategias_de_Crecimiento_02-08_34478/filtered_results.json",
      "final": "crData/Estrategias_de_Crecimiento_0257/Estrategias_de_Crecimiento_02-08_34478/final_results.json",
      "statistics": "crData/Estrategias_de_Crecimiento_0257/Estrategias_de_Crecimiento_02-08_34478/statistics_results.json"
    },
    "02-09": {
      "base_folder": "crData/Estrategias_de_Crecimiento_0257/Estrategias_de_Crecimiento_02-09_34535",
      "term_results_folder": "crData/Estrategias_de_Crecimiento_0257/Estrategias_de_Crecimiento_02-09_34535/term_results",
      "merged": "crData/Estrategias_de_Crecimiento_0257/Estrategias_de_Crecimiento_02-09_34535/merged_results.json",
      "filtered": "crData/Estrategias_de_Crecimiento_0257/Estrategias_de_Crecimiento_02-09_34535/filtered_results.json",
      "final": "crData/Estrategias_de_Crecimiento_0257/Estrategias_de_Crecimiento_02-09_34535/final_results.json",
      "statistics": "crData/Estrategias_de_Crecimiento_0257/Estrategias_de_Crecimiento_02-09_34535/statistics_results.json"
    },
    "02-10": {
      "base_folder": "crData/Estrategias_de_Crecimiento_0257/Estrategias_de_Crecimiento_02-10_34593",
      "term_results_folder": "crData/Estrategias_de_Crecimiento_0257/Estrategias_de_Crecimiento_02-10_34593/term_results",
      "merged": "crData/Estrategias_de_Crecimiento_0257/Estrategias_de_Crecimiento_02-10_34593/merged_results.json",
      "filtered": "crData/Estrategias_de_Crecimiento_0257/Estrategias_de_Crecimiento_02-10_34593/filtered_results.json",
      "final": "crData/Estrategias_de_Crecimiento_0257/Estrategias_de_Crecimiento_02-10_34593/final_results.json",
      "statistics": "crData/Estrategias_de_Crecimiento_0257/Estrategias_de_Crecimiento_02-10_34593/statistics_results.json"
    },
    "02-11": {
      "base_folder": "crData/Estrategias_de_Crecimiento_0257/Estrategias_de_Crecimiento_02-11_35064",
      "term_results_folder": "crData/Estrategias_de_Crecimiento_0257/Estrategias_de_Crecimiento_02-11_35064/term_results",
      "merged": "crData/Estrategias_de_Crecimiento_0257/Estrategias_de_Crecimiento_02-11_35064/merged_results.json",
      "filtered": "crData/Estrategias_de_Crecimiento_0257/Estrategias_de_Crecimiento_02-11_35064/filtered_results.json",
      "final": "crData/Estrategias_de_Crecimiento_0257/Estrategias_de_Crecimiento_02-11_35064/final_results.json",
      "statistics": "crData/Estrategias_de_Crecimiento_0257/Estrategias_de_Crecimiento_02-11_35064/statistics_results.json"
    },
    "02-12": {
      "base_folder": "crData/Estrategias_de_Crecimiento_0257/Estrategias_de_Crecimiento_02-12_35137",
      "term_results_folder": "crData/Estrategias_de_Crecimiento_0257/Estrategias_de_Crecimiento_02-12_35137/term_results",
      "merged": "crData/Estrategias_de_Crecimiento_0257/Estrategias_de_Crecimiento_02-12_35137/merged_results.json",
      "filtered": "crData/Estrategias_de_Crecimiento_0257/Estrategias_de_Crecimiento_02-12_35137/filtered_results.json",
      "final": "crData/Estrategias_de_Crecimiento_0257/Estrategias_de_Crecimiento_02-12_35137/final_results.json",
      "statistics": "crData/Estrategias_de_Crecimiento_0257/Estrategias_de_Crecimiento_02-12_35137/statistics_results.json"
    }
  }
}