{
  "tool_name": "Estrategias de Crecimiento",
  "year": "1995",
  "monthly_stats": {
    "95-01": {
      "tool_name": "Estrategias de Crecimiento",
      "batch_id": "24345",
      "date": "95-01",
      "initial_count": 4576,
      "filtered_count": 2,
      "final_count": 2,
      "duplicate_count": 0,
      "terms": {
        "Growth": 4577
      },
      "file_paths": {
        "base_folder": "crData/Estrategias_de_Crecimiento_0257/Estrategias_de_Crecimiento_95-01_24345",
        "term_results_folder": "crData/Estrategias_de_Crecimiento_0257/Estrategias_de_Crecimiento_95-01_24345/term_results",
        "merged": "crData/Estrategias_de_Crecimiento_0257/Estrategias_de_Crecimiento_95-01_24345/merged_results.json",
        "filtered": "crData/Estrategias_de_Crecimiento_0257/Estrategias_de_Crecimiento_95-01_24345/filtered_results.json",
        "final": "crData/Estrategias_de_Crecimiento_0257/Estrategias_de_Crecimiento_95-01_24345/final_results.json",
        "statistics": "crData/Estrategias_de_Crecimiento_0257/Estrategias_de_Crecimiento_95-01_24345/statistics_results.json"
      },
      "processing_time": 11.358093738555908,
      "total_crossref": 454653,
      "crossref_percentage": 0.0004398959206251801
    },
    "95-02": {
      "tool_name": "Estrategias de Crecimiento",
      "batch_id": "24474",
      "date": "95-02",
      "initial_count": 1046,
      "filtered_count": 1,
      "final_count": 1,
      "duplicate_count": 0,
      "terms": {
        "Growth": 1047
      },
      "file_paths": {
        "base_folder": "crData/Estrategias_de_Crecimiento_0257/Estrategias_de_Crecimiento_95-02_24474",
        "term_results_folder": "crData/Estrategias_de_Crecimiento_0257/Estrategias_de_Crecimiento_95-02_24474/term_results",
        "merged": "crData/Estrategias_de_Crecimiento_0257/Estrategias_de_Crecimiento_95-02_24474/merged_results.json",
        "filtered": "crData/Estrategias_de_Crecimiento_0257/Estrategias_de_Crecimiento_95-02_24474/filtered_results.json",
        "final": "crData/Estrategias_de_Crecimiento_0257/Estrategias_de_Crecimiento_95-02_24474/final_results.json",
        "statistics": "crData/Estrategias_de_Crecimiento_0257/Estrategias_de_Crecimiento_95-02_24474/statistics_results.json"
      },
      "processing_time": 3.5129051208496094,
      "total_crossref": 73562,
      "crossref_percentage": 0.0013593975150213424
    },
    "95-03": {
      "tool_name": "Estrategias de Crecimiento",
      "batch_id": "24524",
      "date": "95-03",
      "initial_count": 1124,
      "filtered_count": 0,
      "final_count": 0,
      "duplicate_count": 0,
      "terms": {
        "Growth": 1124
      },
      "file_paths": {
        "base_folder": "crData/Estrategias_de_Crecimiento_0257/Estrategias_de_Crecimiento_95-03_24524",
        "term_results_folder": "crData/Estrategias_de_Crecimiento_0257/Estrategias_de_Crecimiento_95-03_24524/term_results",
        "merged": "crData/Estrategias_de_Crecimiento_0257/Estrategias_de_Crecimiento_95-03_24524/merged_results.json",
        "filtered": "crData/Estrategias_de_Crecimiento_0257/Estrategias_de_Crecimiento_95-03_24524/filtered_results.json",
        "final": "crData/Estrategias_de_Crecimiento_0257/Estrategias_de_Crecimiento_95-03_24524/final_results.json",
        "statistics": "crData/Estrategias_de_Crecimiento_0257/Estrategias_de_Crecimiento_95-03_24524/statistics_results.json"
      },
      "processing_time": 4.275491237640381,
      "total_crossref": 95629,
      "crossref_percentage": 0.0
    },
    "95-04": {
      "tool_name": "Estrategias de Crecimiento",
      "batch_id": "24582",
      "date": "95-04",
      "initial_count": 1264,
      "filtered_count": 0,
      "final_count": 0,
      "duplicate_count": 0,
      "terms": {
        "Growth": 1266
      },
      "file_paths": {
        "base_folder": "crData/Estrategias_de_Crecimiento_0257/Estrategias_de_Crecimiento_95-04_24582",
        "term_results_folder": "crData/Estrategias_de_Crecimiento_0257/Estrategias_de_Crecimiento_95-04_24582/term_results",
        "merged": "crData/Estrategias_de_Crecimiento_0257/Estrategias_de_Crecimiento_95-04_24582/merged_results.json",
        "filtered": "crData/Estrategias_de_Crecimiento_0257/Estrategias_de_Crecimiento_95-04_24582/filtered_results.json",
        "final": "crData/Estrategias_de_Crecimiento_0257/Estrategias_de_Crecimiento_95-04_24582/final_results.json",
        "statistics": "crData/Estrategias_de_Crecimiento_0257/Estrategias_de_Crecimiento_95-04_24582/statistics_results.json"
      },
      "processing_time": 5.9700071811676025,
      "total_crossref": 87663,
      "crossref_percentage": 0.0
    },
    "95-05": {
      "tool_name": "Estrategias de Crecimiento",
      "batch_id": "25057",
      "date": "95-05",
      "initial_count": 1485,
      "filtered_count": 0,
      "final_count": 0,
      "duplicate_count": 0,
      "terms": {
        "Growth": 1485
      },
      "file_paths": {
        "base_folder": "crData/Estrategias_de_Crecimiento_0257/Estrategias_de_Crecimiento_95-05_25057",
        "term_results_folder": "crData/Estrategias_de_Crecimiento_0257/Estrategias_de_Crecimiento_95-05_25057/term_results",
        "merged": "crData/Estrategias_de_Crecimiento_0257/Estrategias_de_Crecimiento_95-05_25057/merged_results.json",
        "filtered": "crData/Estrategias_de_Crecimiento_0257/Estrategias_de_Crecimiento_95-05_25057/filtered_results.json",
        "final": "crData/Estrategias_de_Crecimiento_0257/Estrategias_de_Crecimiento_95-05_25057/final_results.json",
        "statistics": "crData/Estrategias_de_Crecimiento_0257/Estrategias_de_Crecimiento_95-05_25057/statistics_results.json"
      },
      "processing_time": 3.9757280349731445,
      "total_crossref": 83507,
      "crossref_percentage": 0.0
    },
    "95-06": {
      "tool_name": "Estrategias de Crecimiento",
      "batch_id": "25112",
      "date": "95-06",
      "initial_count": 1186,
      "filtered_count": 0,
      "final_count": 0,
      "duplicate_count": 0,
      "terms": {
        "Growth": 1187
      },
      "file_paths": {
        "base_folder": "crData/Estrategias_de_Crecimiento_0257/Estrategias_de_Crecimiento_95-06_25112",
        "term_results_folder": "crData/Estrategias_de_Crecimiento_0257/Estrategias_de_Crecimiento_95-06_25112/term_results",
        "merged": "crData/Estrategias_de_Crecimiento_0257/Estrategias_de_Crecimiento_95-06_25112/merged_results.json",
        "filtered": "crData/Estrategias_de_Crecimiento_0257/Estrategias_de_Crecimiento_95-06_25112/filtered_results.json",
        "final": "crData/Estrategias_de_Crecimiento_0257/Estrategias_de_Crecimiento_95-06_25112/final_results.json",
        "statistics": "crData/Estrategias_de_Crecimiento_0257/Estrategias_de_Crecimiento_95-06_25112/statistics_results.json"
      },
      "processing_time": 3.788644790649414,
      "total_crossref": 91418,
      "crossref_percentage": 0.0
    },
    "95-07": {
      "tool_name": "Estrategias de Crecimiento",
      "batch_id": "25165",
      "date": "95-07",
      "initial_count": 1215,
      "filtered_count": 4,
      "final_count": 4,
      "duplicate_count": 0,
      "terms": {
        "Growth": 1216
      },
      "file_paths": {
        "base_folder": "crData/Estrategias_de_Crecimiento_0257/Estrategias_de_Crecimiento_95-07_25165",
        "term_results_folder": "crData/Estrategias_de_Crecimiento_0257/Estrategias_de_Crecimiento_95-07_25165/term_results",
        "merged": "crData/Estrategias_de_Crecimiento_0257/Estrategias_de_Crecimiento_95-07_25165/merged_results.json",
        "filtered": "crData/Estrategias_de_Crecimiento_0257/Estrategias_de_Crecimiento_95-07_25165/filtered_results.json",
        "final": "crData/Estrategias_de_Crecimiento_0257/Estrategias_de_Crecimiento_95-07_25165/final_results.json",
        "statistics": "crData/Estrategias_de_Crecimiento_0257/Estrategias_de_Crecimiento_95-07_25165/statistics_results.json"
      },
      "processing_time": 3.7156569957733154,
      "total_crossref": 83754,
      "crossref_percentage": 0.004775891300713995
    },
    "95-08": {
      "tool_name": "Estrategias de Crecimiento",
      "batch_id": "25217",
      "date": "95-08",
      "initial_count": 951,
      "filtered_count": 0,
      "final_count": 0,
      "duplicate_count": 0,
      "terms": {
        "Growth": 952
      },
      "file_paths": {
        "base_folder": "crData/Estrategias_de_Crecimiento_0257/Estrategias_de_Crecimiento_95-08_25217",
        "term_results_folder": "crData/Estrategias_de_Crecimiento_0257/Estrategias_de_Crecimiento_95-08_25217/term_results",
        "merged": "crData/Estrategias_de_Crecimiento_0257/Estrategias_de_Crecimiento_95-08_25217/merged_results.json",
        "filtered": "crData/Estrategias_de_Crecimiento_0257/Estrategias_de_Crecimiento_95-08_25217/filtered_results.json",
        "final": "crData/Estrategias_de_Crecimiento_0257/Estrategias_de_Crecimiento_95-08_25217/final_results.json",
        "statistics": "crData/Estrategias_de_Crecimiento_0257/Estrategias_de_Crecimiento_95-08_25217/statistics_results.json"
      },
      "processing_time": 3.4145562648773193,
      "total_crossref": 70746,
      "crossref_percentage": 0.0
    },
    "95-09": {
      "tool_name": "Estrategias de Crecimiento",
      "batch_id": "25266",
      "date": "95-09",
      "initial_count": 1220,
      "filtered_count": 0,
      "final_count": 0,
      "duplicate_count": 0,
      "terms": {
        "Growth": 1220
      },
      "file_paths": {
        "base_folder": "crData/Estrategias_de_Crecimiento_0257/Estrategias_de_Crecimiento_95-09_25266",
        "term_results_folder": "crData/Estrategias_de_Crecimiento_0257/Estrategias_de_Crecimiento_95-09_25266/term_results",
        "merged": "crData/Estrategias_de_Crecimiento_0257/Estrategias_de_Crecimiento_95-09_25266/merged_results.json",
        "filtered": "crData/Estrategias_de_Crecimiento_0257/Estrategias_de_Crecimiento_95-09_25266/filtered_results.json",
        "final": "crData/Estrategias_de_Crecimiento_0257/Estrategias_de_Crecimiento_95-09_25266/final_results.json",
        "statistics": "crData/Estrategias_de_Crecimiento_0257/Estrategias_de_Crecimiento_95-09_25266/statistics_results.json"
      },
      "processing_time": 3.7280590534210205,
      "total_crossref": 94466,
      "crossref_percentage": 0.0
    },
    "95-10": {
      "tool_name": "Estrategias de Crecimiento",
      "batch_id": "25318",
      "date": "95-10",
      "initial_count": 1164,
      "filtered_count": 0,
      "final_count": 0,
      "duplicate_count": 0,
      "terms": {
        "Growth": 1166
      },
      "file_paths": {
        "base_folder": "crData/Estrategias_de_Crecimiento_0257/Estrategias_de_Crecimiento_95-10_25318",
        "term_results_folder": "crData/Estrategias_de_Crecimiento_0257/Estrategias_de_Crecimiento_95-10_25318/term_results",
        "merged": "crData/Estrategias_de_Crecimiento_0257/Estrategias_de_Crecimiento_95-10_25318/merged_results.json",
        "filtered": "crData/Estrategias_de_Crecimiento_0257/Estrategias_de_Crecimiento_95-10_25318/filtered_results.json",
        "final": "crData/Estrategias_de_Crecimiento_0257/Estrategias_de_Crecimiento_95-10_25318/final_results.json",
        "statistics": "crData/Estrategias_de_Crecimiento_0257/Estrategias_de_Crecimiento_95-10_25318/statistics_results.json"
      },
      "processing_time": 3.639341115951538,
      "total_crossref": 84527,
      "crossref_percentage": 0.0
    },
    "95-11": {
      "tool_name": "Estrategias de Crecimiento",
      "batch_id": "25370",
      "date": "95-11",
      "initial_count": 1065,
      "filtered_count": 0,
      "final_count": 0,
      "duplicate_count": 0,
      "terms": {
        "Growth": 1065
      },
      "file_paths": {
        "base_folder": "crData/Estrategias_de_Crecimiento_0257/Estrategias_de_Crecimiento_95-11_25370",
        "term_results_folder": "crData/Estrategias_de_Crecimiento_0257/Estrategias_de_Crecimiento_95-11_25370/term_results",
        "merged": "crData/Estrategias_de_Crecimiento_0257/Estrategias_de_Crecimiento_95-11_25370/merged_results.json",
        "filtered": "crData/Estrategias_de_Crecimiento_0257/Estrategias_de_Crecimiento_95-11_25370/filtered_results.json",
        "final": "crData/Estrategias_de_Crecimiento_0257/Estrategias_de_Crecimiento_95-11_25370/final_results.json",
        "statistics": "crData/Estrategias_de_Crecimiento_0257/Estrategias_de_Crecimiento_95-11_25370/statistics_results.json"
      },
      "processing_time": 3.7144880294799805,
      "total_crossref": 77558,
      "crossref_percentage": 0.0
    },
    "95-12": {
      "tool_name": "Estrategias de Crecimiento",
      "batch_id": "25422",
      "date": "95-12",
      "initial_count": 1437,
      "filtered_count": 0,
      "final_count": 0,
      "duplicate_count": 0,
      "terms": {
        "Growth": 1438
      },
      "file_paths": {
        "base_folder": "crData/Estrategias_de_Crecimiento_0257/Estrategias_de_Crecimiento_95-12_25422",
        "term_results_folder": "crData/Estrategias_de_Crecimiento_0257/Estrategias_de_Crecimiento_95-12_25422/term_results",
        "merged": "crData/Estrategias_de_Crecimiento_0257/Estrategias_de_Crecimiento_95-12_25422/merged_results.json",
        "filtered": "crData/Estrategias_de_Crecimiento_0257/Estrategias_de_Crecimiento_95-12_25422/filtered_results.json",
        "final": "crData/Estrategias_de_Crecimiento_0257/Estrategias_de_Crecimiento_95-12_25422/final_results.json",
        "statistics": "crData/Estrategias_de_Crecimiento_0257/Estrategias_de_Crecimiento_95-12_25422/statistics_results.json"
      },
      "processing_time": 4.410628080368042,
      "total_crossref": 114364,
      "crossref_percentage": 0.0
    }
  },
  "total_duplicates": 0,
  "monthly_files": {
    "95-01": {
      "base_folder": "crData/Estrategias_de_Crecimiento_0257/Estrategias_de_Crecimiento_95-01_24345",
      "term_results_folder": "crData/Estrategias_de_Crecimiento_0257/Estrategias_de_Crecimiento_95-01_24345/term_results",
      "merged": "crData/Estrategias_de_Crecimiento_0257/Estrategias_de_Crecimiento_95-01_24345/merged_results.json",
      "filtered": "crData/Estrategias_de_Crecimiento_0257/Estrategias_de_Crecimiento_95-01_24345/filtered_results.json",
      "final": "crData/Estrategias_de_Crecimiento_0257/Estrategias_de_Crecimiento_95-01_24345/final_results.json",
      "statistics": "crData/Estrategias_de_Crecimiento_0257/Estrategias_de_Crecimiento_95-01_24345/statistics_results.json"
    },
    "95-02": {
      "base_folder": "crData/Estrategias_de_Crecimiento_0257/Estrategias_de_Crecimiento_95-02_24474",
      "term_results_folder": "crData/Estrategias_de_Crecimiento_0257/Estrategias_de_Crecimiento_95-02_24474/term_results",
      "merged": "crData/Estrategias_de_Crecimiento_0257/Estrategias_de_Crecimiento_95-02_24474/merged_results.json",
      "filtered": "crData/Estrategias_de_Crecimiento_0257/Estrategias_de_Crecimiento_95-02_24474/filtered_results.json",
      "final": "crData/Estrategias_de_Crecimiento_0257/Estrategias_de_Crecimiento_95-02_24474/final_results.json",
      "statistics": "crData/Estrategias_de_Crecimiento_0257/Estrategias_de_Crecimiento_95-02_24474/statistics_results.json"
    },
    "95-03": {
      "base_folder": "crData/Estrategias_de_Crecimiento_0257/Estrategias_de_Crecimiento_95-03_24524",
      "term_results_folder": "crData/Estrategias_de_Crecimiento_0257/Estrategias_de_Crecimiento_95-03_24524/term_results",
      "merged": "crData/Estrategias_de_Crecimiento_0257/Estrategias_de_Crecimiento_95-03_24524/merged_results.json",
      "filtered": "crData/Estrategias_de_Crecimiento_0257/Estrategias_de_Crecimiento_95-03_24524/filtered_results.json",
      "final": "crData/Estrategias_de_Crecimiento_0257/Estrategias_de_Crecimiento_95-03_24524/final_results.json",
      "statistics": "crData/Estrategias_de_Crecimiento_0257/Estrategias_de_Crecimiento_95-03_24524/statistics_results.json"
    },
    "95-04": {
      "base_folder": "crData/Estrategias_de_Crecimiento_0257/Estrategias_de_Crecimiento_95-04_24582",
      "term_results_folder": "crData/Estrategias_de_Crecimiento_0257/Estrategias_de_Crecimiento_95-04_24582/term_results",
      "merged": "crData/Estrategias_de_Crecimiento_0257/Estrategias_de_Crecimiento_95-04_24582/merged_results.json",
      "filtered": "crData/Estrategias_de_Crecimiento_0257/Estrategias_de_Crecimiento_95-04_24582/filtered_results.json",
      "final": "crData/Estrategias_de_Crecimiento_0257/Estrategias_de_Crecimiento_95-04_24582/final_results.json",
      "statistics": "crData/Estrategias_de_Crecimiento_0257/Estrategias_de_Crecimiento_95-04_24582/statistics_results.json"
    },
    "95-05": {
      "base_folder": "crData/Estrategias_de_Crecimiento_0257/Estrategias_de_Crecimiento_95-05_25057",
      "term_results_folder": "crData/Estrategias_de_Crecimiento_0257/Estrategias_de_Crecimiento_95-05_25057/term_results",
      "merged": "crData/Estrategias_de_Crecimiento_0257/Estrategias_de_Crecimiento_95-05_25057/merged_results.json",
      "filtered": "crData/Estrategias_de_Crecimiento_0257/Estrategias_de_Crecimiento_95-05_25057/filtered_results.json",
      "final": "crData/Estrategias_de_Crecimiento_0257/Estrategias_de_Crecimiento_95-05_25057/final_results.json",
      "statistics": "crData/Estrategias_de_Crecimiento_0257/Estrategias_de_Crecimiento_95-05_25057/statistics_results.json"
    },
    "95-06": {
      "base_folder": "crData/Estrategias_de_Crecimiento_0257/Estrategias_de_Crecimiento_95-06_25112",
      "term_results_folder": "crData/Estrategias_de_Crecimiento_0257/Estrategias_de_Crecimiento_95-06_25112/term_results",
      "merged": "crData/Estrategias_de_Crecimiento_0257/Estrategias_de_Crecimiento_95-06_25112/merged_results.json",
      "filtered": "crData/Estrategias_de_Crecimiento_0257/Estrategias_de_Crecimiento_95-06_25112/filtered_results.json",
      "final": "crData/Estrategias_de_Crecimiento_0257/Estrategias_de_Crecimiento_95-06_25112/final_results.json",
      "statistics": "crData/Estrategias_de_Crecimiento_0257/Estrategias_de_Crecimiento_95-06_25112/statistics_results.json"
    },
    "95-07": {
      "base_folder": "crData/Estrategias_de_Crecimiento_0257/Estrategias_de_Crecimiento_95-07_25165",
      "term_results_folder": "crData/Estrategias_de_Crecimiento_0257/Estrategias_de_Crecimiento_95-07_25165/term_results",
      "merged": "crData/Estrategias_de_Crecimiento_0257/Estrategias_de_Crecimiento_95-07_25165/merged_results.json",
      "filtered": "crData/Estrategias_de_Crecimiento_0257/Estrategias_de_Crecimiento_95-07_25165/filtered_results.json",
      "final": "crData/Estrategias_de_Crecimiento_0257/Estrategias_de_Crecimiento_95-07_25165/final_results.json",
      "statistics": "crData/Estrategias_de_Crecimiento_0257/Estrategias_de_Crecimiento_95-07_25165/statistics_results.json"
    },
    "95-08": {
      "base_folder": "crData/Estrategias_de_Crecimiento_0257/Estrategias_de_Crecimiento_95-08_25217",
      "term_results_folder": "crData/Estrategias_de_Crecimiento_0257/Estrategias_de_Crecimiento_95-08_25217/term_results",
      "merged": "crData/Estrategias_de_Crecimiento_0257/Estrategias_de_Crecimiento_95-08_25217/merged_results.json",
      "filtered": "crData/Estrategias_de_Crecimiento_0257/Estrategias_de_Crecimiento_95-08_25217/filtered_results.json",
      "final": "crData/Estrategias_de_Crecimiento_0257/Estrategias_de_Crecimiento_95-08_25217/final_results.json",
      "statistics": "crData/Estrategias_de_Crecimiento_0257/Estrategias_de_Crecimiento_95-08_25217/statistics_results.json"
    },
    "95-09": {
      "base_folder": "crData/Estrategias_de_Crecimiento_0257/Estrategias_de_Crecimiento_95-09_25266",
      "term_results_folder": "crData/Estrategias_de_Crecimiento_0257/Estrategias_de_Crecimiento_95-09_25266/term_results",
      "merged": "crData/Estrategias_de_Crecimiento_0257/Estrategias_de_Crecimiento_95-09_25266/merged_results.json",
      "filtered": "crData/Estrategias_de_Crecimiento_0257/Estrategias_de_Crecimiento_95-09_25266/filtered_results.json",
      "final": "crData/Estrategias_de_Crecimiento_0257/Estrategias_de_Crecimiento_95-09_25266/final_results.json",
      "statistics": "crData/Estrategias_de_Crecimiento_0257/Estrategias_de_Crecimiento_95-09_25266/statistics_results.json"
    },
    "95-10": {
      "base_folder": "crData/Estrategias_de_Crecimiento_0257/Estrategias_de_Crecimiento_95-10_25318",
      "term_results_folder": "crData/Estrategias_de_Crecimiento_0257/Estrategias_de_Crecimiento_95-10_25318/term_results",
      "merged": "crData/Estrategias_de_Crecimiento_0257/Estrategias_de_Crecimiento_95-10_25318/merged_results.json",
      "filtered": "crData/Estrategias_de_Crecimiento_0257/Estrategias_de_Crecimiento_95-10_25318/filtered_results.json",
      "final": "crData/Estrategias_de_Crecimiento_0257/Estrategias_de_Crecimiento_95-10_25318/final_results.json",
      "statistics": "crData/Estrategias_de_Crecimiento_0257/Estrategias_de_Crecimiento_95-10_25318/statistics_results.json"
    },
    "95-11": {
      "base_folder": "crData/Estrategias_de_Crecimiento_0257/Estrategias_de_Crecimiento_95-11_25370",
      "term_results_folder": "crData/Estrategias_de_Crecimiento_0257/Estrategias_de_Crecimiento_95-11_25370/term_results",
      "merged": "crData/Estrategias_de_Crecimiento_0257/Estrategias_de_Crecimiento_95-11_25370/merged_results.json",
      "filtered": "crData/Estrategias_de_Crecimiento_0257/Estrategias_de_Crecimiento_95-11_25370/filtered_results.json",
      "final": "crData/Estrategias_de_Crecimiento_0257/Estrategias_de_Crecimiento_95-11_25370/final_results.json",
      "statistics": "crData/Estrategias_de_Crecimiento_0257/Estrategias_de_Crecimiento_95-11_25370/statistics_results.json"
    },
    "95-12": {
      "base_folder": "crData/Estrategias_de_Crecimiento_0257/Estrategias_de_Crecimiento_95-12_25422",
      "term_results_folder": "crData/Estrategias_de_Crecimiento_0257/Estrategias_de_Crecimiento_95-12_25422/term_results",
      "merged": "crData/Estrategias_de_Crecimiento_0257/Estrategias_de_Crecimiento_95-12_25422/merged_results.json",
      "filtered": "crData/Estrategias_de_Crecimiento_0257/Estrategias_de_Crecimiento_95-12_25422/filtered_results.json",
      "final": "crData/Estrategias_de_Crecimiento_0257/Estrategias_de_Crecimiento_95-12_25422/final_results.json",
      "statistics": "crData/Estrategias_de_Crecimiento_0257/Estrategias_de_Crecimiento_95-12_25422/statistics_results.json"
    }
  }
}