{
  "tool_name": "Estrategias de Crecimiento",
  "year": "2008",
  "monthly_stats": {
    "08-01": {
      "tool_name": "Estrategias de Crecimiento",
      "batch_id": "43430",
      "date": "08-01",
      "initial_count": 5079,
      "filtered_count": 17,
      "final_count": 17,
      "duplicate_count": 0,
      "terms": {
        "Growth": 5080
      },
      "file_paths": {
        "base_folder": "crData/Estrategias_de_Crecimiento_0257/Estrategias_de_Crecimiento_08-01_43430",
        "term_results_folder": "crData/Estrategias_de_Crecimiento_0257/Estrategias_de_Crecimiento_08-01_43430/term_results",
        "merged": "crData/Estrategias_de_Crecimiento_0257/Estrategias_de_Crecimiento_08-01_43430/merged_results.json",
        "filtered": "crData/Estrategias_de_Crecimiento_0257/Estrategias_de_Crecimiento_08-01_43430/filtered_results.json",
        "final": "crData/Estrategias_de_Crecimiento_0257/Estrategias_de_Crecimiento_08-01_43430/final_results.json",
        "statistics": "crData/Estrategias_de_Crecimiento_0257/Estrategias_de_Crecimiento_08-01_43430/statistics_results.json"
      },
      "processing_time": 15.533932209014893,
      "total_crossref": 802583,
      "crossref_percentage": 0.0021181609877109282
    },
    "08-02": {
      "tool_name": "Estrategias de Crecimiento",
      "batch_id": "44000",
      "date": "08-02",
      "initial_count": 1765,
      "filtered_count": 2,
      "final_count": 2,
      "duplicate_count": 0,
      "terms": {
        "Growth": 1766
      },
      "file_paths": {
        "base_folder": "crData/Estrategias_de_Crecimiento_0257/Estrategias_de_Crecimiento_08-02_44000",
        "term_results_folder": "crData/Estrategias_de_Crecimiento_0257/Estrategias_de_Crecimiento_08-02_44000/term_results",
        "merged": "crData/Estrategias_de_Crecimiento_0257/Estrategias_de_Crecimiento_08-02_44000/merged_results.json",
        "filtered": "crData/Estrategias_de_Crecimiento_0257/Estrategias_de_Crecimiento_08-02_44000/filtered_results.json",
        "final": "crData/Estrategias_de_Crecimiento_0257/Estrategias_de_Crecimiento_08-02_44000/final_results.json",
        "statistics": "crData/Estrategias_de_Crecimiento_0257/Estrategias_de_Crecimiento_08-02_44000/statistics_results.json"
      },
      "processing_time": 7.217788934707642,
      "total_crossref": 157318,
      "crossref_percentage": 0.0012713103395669916
    },
    "08-03": {
      "tool_name": "Estrategias de Crecimiento",
      "batch_id": "44088",
      "date": "08-03",
      "initial_count": 2070,
      "filtered_count": 4,
      "final_count": 4,
      "duplicate_count": 0,
      "terms": {
        "Growth": 2072
      },
      "file_paths": {
        "base_folder": "crData/Estrategias_de_Crecimiento_0257/Estrategias_de_Crecimiento_08-03_44088",
        "term_results_folder": "crData/Estrategias_de_Crecimiento_0257/Estrategias_de_Crecimiento_08-03_44088/term_results",
        "merged": "crData/Estrategias_de_Crecimiento_0257/Estrategias_de_Crecimiento_08-03_44088/merged_results.json",
        "filtered": "crData/Estrategias_de_Crecimiento_0257/Estrategias_de_Crecimiento_08-03_44088/filtered_results.json",
        "final": "crData/Estrategias_de_Crecimiento_0257/Estrategias_de_Crecimiento_08-03_44088/final_results.json",
        "statistics": "crData/Estrategias_de_Crecimiento_0257/Estrategias_de_Crecimiento_08-03_44088/statistics_results.json"
      },
      "processing_time": 7.729419946670532,
      "total_crossref": 210917,
      "crossref_percentage": 0.0018964806061152015
    },
    "08-04": {
      "tool_name": "Estrategias de Crecimiento",
      "batch_id": "44180",
      "date": "08-04",
      "initial_count": 2154,
      "filtered_count": 1,
      "final_count": 1,
      "duplicate_count": 0,
      "terms": {
        "Growth": 2155
      },
      "file_paths": {
        "base_folder": "crData/Estrategias_de_Crecimiento_0257/Estrategias_de_Crecimiento_08-04_44180",
        "term_results_folder": "crData/Estrategias_de_Crecimiento_0257/Estrategias_de_Crecimiento_08-04_44180/term_results",
        "merged": "crData/Estrategias_de_Crecimiento_0257/Estrategias_de_Crecimiento_08-04_44180/merged_results.json",
        "filtered": "crData/Estrategias_de_Crecimiento_0257/Estrategias_de_Crecimiento_08-04_44180/filtered_results.json",
        "final": "crData/Estrategias_de_Crecimiento_0257/Estrategias_de_Crecimiento_08-04_44180/final_results.json",
        "statistics": "crData/Estrategias_de_Crecimiento_0257/Estrategias_de_Crecimiento_08-04_44180/statistics_results.json"
      },
      "processing_time": 7.728553056716919,
      "total_crossref": 195413,
      "crossref_percentage": 0.0005117366807735412
    },
    "08-05": {
      "tool_name": "Estrategias de Crecimiento",
      "batch_id": "44272",
      "date": "08-05",
      "initial_count": 1987,
      "filtered_count": 1,
      "final_count": 1,
      "duplicate_count": 0,
      "terms": {
        "Growth": 1988
      },
      "file_paths": {
        "base_folder": "crData/Estrategias_de_Crecimiento_0257/Estrategias_de_Crecimiento_08-05_44272",
        "term_results_folder": "crData/Estrategias_de_Crecimiento_0257/Estrategias_de_Crecimiento_08-05_44272/term_results",
        "merged": "crData/Estrategias_de_Crecimiento_0257/Estrategias_de_Crecimiento_08-05_44272/merged_results.json",
        "filtered": "crData/Estrategias_de_Crecimiento_0257/Estrategias_de_Crecimiento_08-05_44272/filtered_results.json",
        "final": "crData/Estrategias_de_Crecimiento_0257/Estrategias_de_Crecimiento_08-05_44272/final_results.json",
        "statistics": "crData/Estrategias_de_Crecimiento_0257/Estrategias_de_Crecimiento_08-05_44272/statistics_results.json"
      },
      "processing_time": 6.198925018310547,
      "total_crossref": 193769,
      "crossref_percentage": 0.0005160784232772013
    },
    "08-06": {
      "tool_name": "Estrategias de Crecimiento",
      "batch_id": "44349",
      "date": "08-06",
      "initial_count": 1847,
      "filtered_count": 2,
      "final_count": 2,
      "duplicate_count": 0,
      "terms": {
        "Growth": 1850
      },
      "file_paths": {
        "base_folder": "crData/Estrategias_de_Crecimiento_0257/Estrategias_de_Crecimiento_08-06_44349",
        "term_results_folder": "crData/Estrategias_de_Crecimiento_0257/Estrategias_de_Crecimiento_08-06_44349/term_results",
        "merged": "crData/Estrategias_de_Crecimiento_0257/Estrategias_de_Crecimiento_08-06_44349/merged_results.json",
        "filtered": "crData/Estrategias_de_Crecimiento_0257/Estrategias_de_Crecimiento_08-06_44349/filtered_results.json",
        "final": "crData/Estrategias_de_Crecimiento_0257/Estrategias_de_Crecimiento_08-06_44349/final_results.json",
        "statistics": "crData/Estrategias_de_Crecimiento_0257/Estrategias_de_Crecimiento_08-06_44349/statistics_results.json"
      },
      "processing_time": 6.269540071487427,
      "total_crossref": 210434,
      "crossref_percentage": 0.0009504167577482726
    },
    "08-07": {
      "tool_name": "Estrategias de Crecimiento",
      "batch_id": "44427",
      "date": "08-07",
      "initial_count": 2005,
      "filtered_count": 3,
      "final_count": 3,
      "duplicate_count": 0,
      "terms": {
        "Growth": 2005
      },
      "file_paths": {
        "base_folder": "crData/Estrategias_de_Crecimiento_0257/Estrategias_de_Crecimiento_08-07_44427",
        "term_results_folder": "crData/Estrategias_de_Crecimiento_0257/Estrategias_de_Crecimiento_08-07_44427/term_results",
        "merged": "crData/Estrategias_de_Crecimiento_0257/Estrategias_de_Crecimiento_08-07_44427/merged_results.json",
        "filtered": "crData/Estrategias_de_Crecimiento_0257/Estrategias_de_Crecimiento_08-07_44427/filtered_results.json",
        "final": "crData/Estrategias_de_Crecimiento_0257/Estrategias_de_Crecimiento_08-07_44427/final_results.json",
        "statistics": "crData/Estrategias_de_Crecimiento_0257/Estrategias_de_Crecimiento_08-07_44427/statistics_results.json"
      },
      "processing_time": 7.1556432247161865,
      "total_crossref": 185938,
      "crossref_percentage": 0.0016134410394862803
    },
    "08-08": {
      "tool_name": "Estrategias de Crecimiento",
      "batch_id": "44514",
      "date": "08-08",
      "initial_count": 1828,
      "filtered_count": 3,
      "final_count": 3,
      "duplicate_count": 0,
      "terms": {
        "Growth": 1829
      },
      "file_paths": {
        "base_folder": "crData/Estrategias_de_Crecimiento_0257/Estrategias_de_Crecimiento_08-08_44514",
        "term_results_folder": "crData/Estrategias_de_Crecimiento_0257/Estrategias_de_Crecimiento_08-08_44514/term_results",
        "merged": "crData/Estrategias_de_Crecimiento_0257/Estrategias_de_Crecimiento_08-08_44514/merged_results.json",
        "filtered": "crData/Estrategias_de_Crecimiento_0257/Estrategias_de_Crecimiento_08-08_44514/filtered_results.json",
        "final": "crData/Estrategias_de_Crecimiento_0257/Estrategias_de_Crecimiento_08-08_44514/final_results.json",
        "statistics": "crData/Estrategias_de_Crecimiento_0257/Estrategias_de_Crecimiento_08-08_44514/statistics_results.json"
      },
      "processing_time": 6.537444114685059,
      "total_crossref": 184431,
      "crossref_percentage": 0.0016266245913105716
    },
    "08-09": {
      "tool_name": "Estrategias de Crecimiento",
      "batch_id": "44594",
      "date": "08-09",
      "initial_count": 2104,
      "filtered_count": 5,
      "final_count": 5,
      "duplicate_count": 0,
      "terms": {
        "Growth": 2106
      },
      "file_paths": {
        "base_folder": "crData/Estrategias_de_Crecimiento_0257/Estrategias_de_Crecimiento_08-09_44594",
        "term_results_folder": "crData/Estrategias_de_Crecimiento_0257/Estrategias_de_Crecimiento_08-09_44594/term_results",
        "merged": "crData/Estrategias_de_Crecimiento_0257/Estrategias_de_Crecimiento_08-09_44594/merged_results.json",
        "filtered": "crData/Estrategias_de_Crecimiento_0257/Estrategias_de_Crecimiento_08-09_44594/filtered_results.json",
        "final": "crData/Estrategias_de_Crecimiento_0257/Estrategias_de_Crecimiento_08-09_44594/final_results.json",
        "statistics": "crData/Estrategias_de_Crecimiento_0257/Estrategias_de_Crecimiento_08-09_44594/statistics_results.json"
      },
      "processing_time": 8.125787019729614,
      "total_crossref": 213858,
      "crossref_percentage": 0.002337999981296
    },
    "08-10": {
      "tool_name": "Estrategias de Crecimiento",
      "batch_id": "45091",
      "date": "08-10",
      "initial_count": 1932,
      "filtered_count": 2,
      "final_count": 2,
      "duplicate_count": 0,
      "terms": {
        "Growth": 1933
      },
      "file_paths": {
        "base_folder": "crData/Estrategias_de_Crecimiento_0257/Estrategias_de_Crecimiento_08-10_45091",
        "term_results_folder": "crData/Estrategias_de_Crecimiento_0257/Estrategias_de_Crecimiento_08-10_45091/term_results",
        "merged": "crData/Estrategias_de_Crecimiento_0257/Estrategias_de_Crecimiento_08-10_45091/merged_results.json",
        "filtered": "crData/Estrategias_de_Crecimiento_0257/Estrategias_de_Crecimiento_08-10_45091/filtered_results.json",
        "final": "crData/Estrategias_de_Crecimiento_0257/Estrategias_de_Crecimiento_08-10_45091/final_results.json",
        "statistics": "crData/Estrategias_de_Crecimiento_0257/Estrategias_de_Crecimiento_08-10_45091/statistics_results.json"
      },
      "processing_time": 7.10820198059082,
      "total_crossref": 209420,
      "crossref_percentage": 0.0009550186228631459
    },
    "08-11": {
      "tool_name": "Estrategias de Crecimiento",
      "batch_id": "45177",
      "date": "08-11",
      "initial_count": 1887,
      "filtered_count": 1,
      "final_count": 1,
      "duplicate_count": 0,
      "terms": {
        "Growth": 1887
      },
      "file_paths": {
        "base_folder": "crData/Estrategias_de_Crecimiento_0257/Estrategias_de_Crecimiento_08-11_45177",
        "term_results_folder": "crData/Estrategias_de_Crecimiento_0257/Estrategias_de_Crecimiento_08-11_45177/term_results",
        "merged": "crData/Estrategias_de_Crecimiento_0257/Estrategias_de_Crecimiento_08-11_45177/merged_results.json",
        "filtered": "crData/Estrategias_de_Crecimiento_0257/Estrategias_de_Crecimiento_08-11_45177/filtered_results.json",
        "final": "crData/Estrategias_de_Crecimiento_0257/Estrategias_de_Crecimiento_08-11_45177/final_results.json",
        "statistics": "crData/Estrategias_de_Crecimiento_0257/Estrategias_de_Crecimiento_08-11_45177/statistics_results.json"
      },
      "processing_time": 6.166805982589722,
      "total_crossref": 176696,
      "crossref_percentage": 0.0005659437678272287
    },
    "08-12": {
      "tool_name": "Estrategias de Crecimiento",
      "batch_id": "45253",
      "date": "08-12",
      "initial_count": 1978,
      "filtered_count": 2,
      "final_count": 2,
      "duplicate_count": 0,
      "terms": {
        "Growth": 1980
      },
      "file_paths": {
        "base_folder": "crData/Estrategias_de_Crecimiento_0257/Estrategias_de_Crecimiento_08-12_45253",
        "term_results_folder": "crData/Estrategias_de_Crecimiento_0257/Estrategias_de_Crecimiento_08-12_45253/term_results",
        "merged": "crData/Estrategias_de_Crecimiento_0257/Estrategias_de_Crecimiento_08-12_45253/merged_results.json",
        "filtered": "crData/Estrategias_de_Crecimiento_0257/Estrategias_de_Crecimiento_08-12_45253/filtered_results.json",
        "final": "crData/Estrategias_de_Crecimiento_0257/Estrategias_de_Crecimiento_08-12_45253/final_results.json",
        "statistics": "crData/Estrategias_de_Crecimiento_0257/Estrategias_de_Crecimiento_08-12_45253/statistics_results.json"
      },
      "processing_time": 5.9324259757995605,
      "total_crossref": 247331,
      "crossref_percentage": 0.0008086329655401062
    }
  },
  "total_duplicates": 0,
  "monthly_files": {
    "08-01": {
      "base_folder": "crData/Estrategias_de_Crecimiento_0257/Estrategias_de_Crecimiento_08-01_43430",
      "term_results_folder": "crData/Estrategias_de_Crecimiento_0257/Estrategias_de_Crecimiento_08-01_43430/term_results",
      "merged": "crData/Estrategias_de_Crecimiento_0257/Estrategias_de_Crecimiento_08-01_43430/merged_results.json",
      "filtered": "crData/Estrategias_de_Crecimiento_0257/Estrategias_de_Crecimiento_08-01_43430/filtered_results.json",
      "final": "crData/Estrategias_de_Crecimiento_0257/Estrategias_de_Crecimiento_08-01_43430/final_results.json",
      "statistics": "crData/Estrategias_de_Crecimiento_0257/Estrategias_de_Crecimiento_08-01_43430/statistics_results.json"
    },
    "08-02": {
      "base_folder": "crData/Estrategias_de_Crecimiento_0257/Estrategias_de_Crecimiento_08-02_44000",
      "term_results_folder": "crData/Estrategias_de_Crecimiento_0257/Estrategias_de_Crecimiento_08-02_44000/term_results",
      "merged": "crData/Estrategias_de_Crecimiento_0257/Estrategias_de_Crecimiento_08-02_44000/merged_results.json",
      "filtered": "crData/Estrategias_de_Crecimiento_0257/Estrategias_de_Crecimiento_08-02_44000/filtered_results.json",
      "final": "crData/Estrategias_de_Crecimiento_0257/Estrategias_de_Crecimiento_08-02_44000/final_results.json",
      "statistics": "crData/Estrategias_de_Crecimiento_0257/Estrategias_de_Crecimiento_08-02_44000/statistics_results.json"
    },
    "08-03": {
      "base_folder": "crData/Estrategias_de_Crecimiento_0257/Estrategias_de_Crecimiento_08-03_44088",
      "term_results_folder": "crData/Estrategias_de_Crecimiento_0257/Estrategias_de_Crecimiento_08-03_44088/term_results",
      "merged": "crData/Estrategias_de_Crecimiento_0257/Estrategias_de_Crecimiento_08-03_44088/merged_results.json",
      "filtered": "crData/Estrategias_de_Crecimiento_0257/Estrategias_de_Crecimiento_08-03_44088/filtered_results.json",
      "final": "crData/Estrategias_de_Crecimiento_0257/Estrategias_de_Crecimiento_08-03_44088/final_results.json",
      "statistics": "crData/Estrategias_de_Crecimiento_0257/Estrategias_de_Crecimiento_08-03_44088/statistics_results.json"
    },
    "08-04": {
      "base_folder": "crData/Estrategias_de_Crecimiento_0257/Estrategias_de_Crecimiento_08-04_44180",
      "term_results_folder": "crData/Estrategias_de_Crecimiento_0257/Estrategias_de_Crecimiento_08-04_44180/term_results",
      "merged": "crData/Estrategias_de_Crecimiento_0257/Estrategias_de_Crecimiento_08-04_44180/merged_results.json",
      "filtered": "crData/Estrategias_de_Crecimiento_0257/Estrategias_de_Crecimiento_08-04_44180/filtered_results.json",
      "final": "crData/Estrategias_de_Crecimiento_0257/Estrategias_de_Crecimiento_08-04_44180/final_results.json",
      "statistics": "crData/Estrategias_de_Crecimiento_0257/Estrategias_de_Crecimiento_08-04_44180/statistics_results.json"
    },
    "08-05": {
      "base_folder": "crData/Estrategias_de_Crecimiento_0257/Estrategias_de_Crecimiento_08-05_44272",
      "term_results_folder": "crData/Estrategias_de_Crecimiento_0257/Estrategias_de_Crecimiento_08-05_44272/term_results",
      "merged": "crData/Estrategias_de_Crecimiento_0257/Estrategias_de_Crecimiento_08-05_44272/merged_results.json",
      "filtered": "crData/Estrategias_de_Crecimiento_0257/Estrategias_de_Crecimiento_08-05_44272/filtered_results.json",
      "final": "crData/Estrategias_de_Crecimiento_0257/Estrategias_de_Crecimiento_08-05_44272/final_results.json",
      "statistics": "crData/Estrategias_de_Crecimiento_0257/Estrategias_de_Crecimiento_08-05_44272/statistics_results.json"
    },
    "08-06": {
      "base_folder": "crData/Estrategias_de_Crecimiento_0257/Estrategias_de_Crecimiento_08-06_44349",
      "term_results_folder": "crData/Estrategias_de_Crecimiento_0257/Estrategias_de_Crecimiento_08-06_44349/term_results",
      "merged": "crData/Estrategias_de_Crecimiento_0257/Estrategias_de_Crecimiento_08-06_44349/merged_results.json",
      "filtered": "crData/Estrategias_de_Crecimiento_0257/Estrategias_de_Crecimiento_08-06_44349/filtered_results.json",
      "final": "crData/Estrategias_de_Crecimiento_0257/Estrategias_de_Crecimiento_08-06_44349/final_results.json",
      "statistics": "crData/Estrategias_de_Crecimiento_0257/Estrategias_de_Crecimiento_08-06_44349/statistics_results.json"
    },
    "08-07": {
      "base_folder": "crData/Estrategias_de_Crecimiento_0257/Estrategias_de_Crecimiento_08-07_44427",
      "term_results_folder": "crData/Estrategias_de_Crecimiento_0257/Estrategias_de_Crecimiento_08-07_44427/term_results",
      "merged": "crData/Estrategias_de_Crecimiento_0257/Estrategias_de_Crecimiento_08-07_44427/merged_results.json",
      "filtered": "crData/Estrategias_de_Crecimiento_0257/Estrategias_de_Crecimiento_08-07_44427/filtered_results.json",
      "final": "crData/Estrategias_de_Crecimiento_0257/Estrategias_de_Crecimiento_08-07_44427/final_results.json",
      "statistics": "crData/Estrategias_de_Crecimiento_0257/Estrategias_de_Crecimiento_08-07_44427/statistics_results.json"
    },
    "08-08": {
      "base_folder": "crData/Estrategias_de_Crecimiento_0257/Estrategias_de_Crecimiento_08-08_44514",
      "term_results_folder": "crData/Estrategias_de_Crecimiento_0257/Estrategias_de_Crecimiento_08-08_44514/term_results",
      "merged": "crData/Estrategias_de_Crecimiento_0257/Estrategias_de_Crecimiento_08-08_44514/merged_results.json",
      "filtered": "crData/Estrategias_de_Crecimiento_0257/Estrategias_de_Crecimiento_08-08_44514/filtered_results.json",
      "final": "crData/Estrategias_de_Crecimiento_0257/Estrategias_de_Crecimiento_08-08_44514/final_results.json",
      "statistics": "crData/Estrategias_de_Crecimiento_0257/Estrategias_de_Crecimiento_08-08_44514/statistics_results.json"
    },
    "08-09": {
      "base_folder": "crData/Estrategias_de_Crecimiento_0257/Estrategias_de_Crecimiento_08-09_44594",
      "term_results_folder": "crData/Estrategias_de_Crecimiento_0257/Estrategias_de_Crecimiento_08-09_44594/term_results",
      "merged": "crData/Estrategias_de_Crecimiento_0257/Estrategias_de_Crecimiento_08-09_44594/merged_results.json",
      "filtered": "crData/Estrategias_de_Crecimiento_0257/Estrategias_de_Crecimiento_08-09_44594/filtered_results.json",
      "final": "crData/Estrategias_de_Crecimiento_0257/Estrategias_de_Crecimiento_08-09_44594/final_results.json",
      "statistics": "crData/Estrategias_de_Crecimiento_0257/Estrategias_de_Crecimiento_08-09_44594/statistics_results.json"
    },
    "08-10": {
      "base_folder": "crData/Estrategias_de_Crecimiento_0257/Estrategias_de_Crecimiento_08-10_45091",
      "term_results_folder": "crData/Estrategias_de_Crecimiento_0257/Estrategias_de_Crecimiento_08-10_45091/term_results",
      "merged": "crData/Estrategias_de_Crecimiento_0257/Estrategias_de_Crecimiento_08-10_45091/merged_results.json",
      "filtered": "crData/Estrategias_de_Crecimiento_0257/Estrategias_de_Crecimiento_08-10_45091/filtered_results.json",
      "final": "crData/Estrategias_de_Crecimiento_0257/Estrategias_de_Crecimiento_08-10_45091/final_results.json",
      "statistics": "crData/Estrategias_de_Crecimiento_0257/Estrategias_de_Crecimiento_08-10_45091/statistics_results.json"
    },
    "08-11": {
      "base_folder": "crData/Estrategias_de_Crecimiento_0257/Estrategias_de_Crecimiento_08-11_45177",
      "term_results_folder": "crData/Estrategias_de_Crecimiento_0257/Estrategias_de_Crecimiento_08-11_45177/term_results",
      "merged": "crData/Estrategias_de_Crecimiento_0257/Estrategias_de_Crecimiento_08-11_45177/merged_results.json",
      "filtered": "crData/Estrategias_de_Crecimiento_0257/Estrategias_de_Crecimiento_08-11_45177/filtered_results.json",
      "final": "crData/Estrategias_de_Crecimiento_0257/Estrategias_de_Crecimiento_08-11_45177/final_results.json",
      "statistics": "crData/Estrategias_de_Crecimiento_0257/Estrategias_de_Crecimiento_08-11_45177/statistics_results.json"
    },
    "08-12": {
      "base_folder": "crData/Estrategias_de_Crecimiento_0257/Estrategias_de_Crecimiento_08-12_45253",
      "term_results_folder": "crData/Estrategias_de_Crecimiento_0257/Estrategias_de_Crecimiento_08-12_45253/term_results",
      "merged": "crData/Estrategias_de_Crecimiento_0257/Estrategias_de_Crecimiento_08-12_45253/merged_results.json",
      "filtered": "crData/Estrategias_de_Crecimiento_0257/Estrategias_de_Crecimiento_08-12_45253/filtered_results.json",
      "final": "crData/Estrategias_de_Crecimiento_0257/Estrategias_de_Crecimiento_08-12_45253/final_results.json",
      "statistics": "crData/Estrategias_de_Crecimiento_0257/Estrategias_de_Crecimiento_08-12_45253/statistics_results.json"
    }
  }
}