{
  "tool_name": "Estrategias de Crecimiento",
  "year": "1996",
  "monthly_stats": {
    "96-01": {
      "tool_name": "Estrategias de Crecimiento",
      "batch_id": "25511",
      "date": "96-01",
      "initial_count": 4671,
      "filtered_count": 5,
      "final_count": 5,
      "duplicate_count": 0,
      "terms": {
        "Growth": 4671
      },
      "file_paths": {
        "base_folder": "crData/Estrategias_de_Crecimiento_0257/Estrategias_de_Crecimiento_96-01_25511",
        "term_results_folder": "crData/Estrategias_de_Crecimiento_0257/Estrategias_de_Crecimiento_96-01_25511/term_results",
        "merged": "crData/Estrategias_de_Crecimiento_0257/Estrategias_de_Crecimiento_96-01_25511/merged_results.json",
        "filtered": "crData/Estrategias_de_Crecimiento_0257/Estrategias_de_Crecimiento_96-01_25511/filtered_results.json",
        "final": "crData/Estrategias_de_Crecimiento_0257/Estrategias_de_Crecimiento_96-01_25511/final_results.json",
        "statistics": "crData/Estrategias_de_Crecimiento_0257/Estrategias_de_Crecimiento_96-01_25511/statistics_results.json"
      },
      "processing_time": 12.255953788757324,
      "total_crossref": 479701,
      "crossref_percentage": 0.001042315942639269
    },
    "96-02": {
      "tool_name": "Estrategias de Crecimiento",
      "batch_id": "26049",
      "date": "96-02",
      "initial_count": 1310,
      "filtered_count": 3,
      "final_count": 3,
      "duplicate_count": 0,
      "terms": {
        "Growth": 1311
      },
      "file_paths": {
        "base_folder": "crData/Estrategias_de_Crecimiento_0257/Estrategias_de_Crecimiento_96-02_26049",
        "term_results_folder": "crData/Estrategias_de_Crecimiento_0257/Estrategias_de_Crecimiento_96-02_26049/term_results",
        "merged": "crData/Estrategias_de_Crecimiento_0257/Estrategias_de_Crecimiento_96-02_26049/merged_results.json",
        "filtered": "crData/Estrategias_de_Crecimiento_0257/Estrategias_de_Crecimiento_96-02_26049/filtered_results.json",
        "final": "crData/Estrategias_de_Crecimiento_0257/Estrategias_de_Crecimiento_96-02_26049/final_results.json",
        "statistics": "crData/Estrategias_de_Crecimiento_0257/Estrategias_de_Crecimiento_96-02_26049/statistics_results.json"
      },
      "processing_time": 3.743488073348999,
      "total_crossref": 75003,
      "crossref_percentage": 0.003999840006399744
    },
    "96-03": {
      "tool_name": "Estrategias de Crecimiento",
      "batch_id": "26101",
      "date": "96-03",
      "initial_count": 1377,
      "filtered_count": 3,
      "final_count": 3,
      "duplicate_count": 0,
      "terms": {
        "Growth": 1378
      },
      "file_paths": {
        "base_folder": "crData/Estrategias_de_Crecimiento_0257/Estrategias_de_Crecimiento_96-03_26101",
        "term_results_folder": "crData/Estrategias_de_Crecimiento_0257/Estrategias_de_Crecimiento_96-03_26101/term_results",
        "merged": "crData/Estrategias_de_Crecimiento_0257/Estrategias_de_Crecimiento_96-03_26101/merged_results.json",
        "filtered": "crData/Estrategias_de_Crecimiento_0257/Estrategias_de_Crecimiento_96-03_26101/filtered_results.json",
        "final": "crData/Estrategias_de_Crecimiento_0257/Estrategias_de_Crecimiento_96-03_26101/final_results.json",
        "statistics": "crData/Estrategias_de_Crecimiento_0257/Estrategias_de_Crecimiento_96-03_26101/statistics_results.json"
      },
      "processing_time": 3.8997802734375,
      "total_crossref": 97790,
      "crossref_percentage": 0.0030677983433888946
    },
    "96-04": {
      "tool_name": "Estrategias de Crecimiento",
      "batch_id": "26156",
      "date": "96-04",
      "initial_count": 1317,
      "filtered_count": 0,
      "final_count": 0,
      "duplicate_count": 0,
      "terms": {
        "Growth": 1318
      },
      "file_paths": {
        "base_folder": "crData/Estrategias_de_Crecimiento_0257/Estrategias_de_Crecimiento_96-04_26156",
        "term_results_folder": "crData/Estrategias_de_Crecimiento_0257/Estrategias_de_Crecimiento_96-04_26156/term_results",
        "merged": "crData/Estrategias_de_Crecimiento_0257/Estrategias_de_Crecimiento_96-04_26156/merged_results.json",
        "filtered": "crData/Estrategias_de_Crecimiento_0257/Estrategias_de_Crecimiento_96-04_26156/filtered_results.json",
        "final": "crData/Estrategias_de_Crecimiento_0257/Estrategias_de_Crecimiento_96-04_26156/final_results.json",
        "statistics": "crData/Estrategias_de_Crecimiento_0257/Estrategias_de_Crecimiento_96-04_26156/statistics_results.json"
      },
      "processing_time": 4.234781980514526,
      "total_crossref": 93644,
      "crossref_percentage": 0.0
    },
    "96-05": {
      "tool_name": "Estrategias de Crecimiento",
      "batch_id": "26213",
      "date": "96-05",
      "initial_count": 1140,
      "filtered_count": 1,
      "final_count": 1,
      "duplicate_count": 0,
      "terms": {
        "Growth": 1140
      },
      "file_paths": {
        "base_folder": "crData/Estrategias_de_Crecimiento_0257/Estrategias_de_Crecimiento_96-05_26213",
        "term_results_folder": "crData/Estrategias_de_Crecimiento_0257/Estrategias_de_Crecimiento_96-05_26213/term_results",
        "merged": "crData/Estrategias_de_Crecimiento_0257/Estrategias_de_Crecimiento_96-05_26213/merged_results.json",
        "filtered": "crData/Estrategias_de_Crecimiento_0257/Estrategias_de_Crecimiento_96-05_26213/filtered_results.json",
        "final": "crData/Estrategias_de_Crecimiento_0257/Estrategias_de_Crecimiento_96-05_26213/final_results.json",
        "statistics": "crData/Estrategias_de_Crecimiento_0257/Estrategias_de_Crecimiento_96-05_26213/statistics_results.json"
      },
      "processing_time": 4.161442041397095,
      "total_crossref": 84196,
      "crossref_percentage": 0.0011877048790916434
    },
    "96-06": {
      "tool_name": "Estrategias de Crecimiento",
      "batch_id": "26270",
      "date": "96-06",
      "initial_count": 1189,
      "filtered_count": 0,
      "final_count": 0,
      "duplicate_count": 0,
      "terms": {
        "Growth": 1191
      },
      "file_paths": {
        "base_folder": "crData/Estrategias_de_Crecimiento_0257/Estrategias_de_Crecimiento_96-06_26270",
        "term_results_folder": "crData/Estrategias_de_Crecimiento_0257/Estrategias_de_Crecimiento_96-06_26270/term_results",
        "merged": "crData/Estrategias_de_Crecimiento_0257/Estrategias_de_Crecimiento_96-06_26270/merged_results.json",
        "filtered": "crData/Estrategias_de_Crecimiento_0257/Estrategias_de_Crecimiento_96-06_26270/filtered_results.json",
        "final": "crData/Estrategias_de_Crecimiento_0257/Estrategias_de_Crecimiento_96-06_26270/final_results.json",
        "statistics": "crData/Estrategias_de_Crecimiento_0257/Estrategias_de_Crecimiento_96-06_26270/statistics_results.json"
      },
      "processing_time": 4.1305859088897705,
      "total_crossref": 97549,
      "crossref_percentage": 0.0
    },
    "96-07": {
      "tool_name": "Estrategias de Crecimiento",
      "batch_id": "26326",
      "date": "96-07",
      "initial_count": 1305,
      "filtered_count": 0,
      "final_count": 0,
      "duplicate_count": 0,
      "terms": {
        "Growth": 1305
      },
      "file_paths": {
        "base_folder": "crData/Estrategias_de_Crecimiento_0257/Estrategias_de_Crecimiento_96-07_26326",
        "term_results_folder": "crData/Estrategias_de_Crecimiento_0257/Estrategias_de_Crecimiento_96-07_26326/term_results",
        "merged": "crData/Estrategias_de_Crecimiento_0257/Estrategias_de_Crecimiento_96-07_26326/merged_results.json",
        "filtered": "crData/Estrategias_de_Crecimiento_0257/Estrategias_de_Crecimiento_96-07_26326/filtered_results.json",
        "final": "crData/Estrategias_de_Crecimiento_0257/Estrategias_de_Crecimiento_96-07_26326/final_results.json",
        "statistics": "crData/Estrategias_de_Crecimiento_0257/Estrategias_de_Crecimiento_96-07_26326/statistics_results.json"
      },
      "processing_time": 4.089377164840698,
      "total_crossref": 86332,
      "crossref_percentage": 0.0
    },
    "96-08": {
      "tool_name": "Estrategias de Crecimiento",
      "batch_id": "26382",
      "date": "96-08",
      "initial_count": 1215,
      "filtered_count": 2,
      "final_count": 2,
      "duplicate_count": 0,
      "terms": {
        "Growth": 1216
      },
      "file_paths": {
        "base_folder": "crData/Estrategias_de_Crecimiento_0257/Estrategias_de_Crecimiento_96-08_26382",
        "term_results_folder": "crData/Estrategias_de_Crecimiento_0257/Estrategias_de_Crecimiento_96-08_26382/term_results",
        "merged": "crData/Estrategias_de_Crecimiento_0257/Estrategias_de_Crecimiento_96-08_26382/merged_results.json",
        "filtered": "crData/Estrategias_de_Crecimiento_0257/Estrategias_de_Crecimiento_96-08_26382/filtered_results.json",
        "final": "crData/Estrategias_de_Crecimiento_0257/Estrategias_de_Crecimiento_96-08_26382/final_results.json",
        "statistics": "crData/Estrategias_de_Crecimiento_0257/Estrategias_de_Crecimiento_96-08_26382/statistics_results.json"
      },
      "processing_time": 3.760845184326172,
      "total_crossref": 81041,
      "crossref_percentage": 0.002467886625288434
    },
    "96-09": {
      "tool_name": "Estrategias de Crecimiento",
      "batch_id": "26435",
      "date": "96-09",
      "initial_count": 1412,
      "filtered_count": 0,
      "final_count": 0,
      "duplicate_count": 0,
      "terms": {
        "Growth": 1412
      },
      "file_paths": {
        "base_folder": "crData/Estrategias_de_Crecimiento_0257/Estrategias_de_Crecimiento_96-09_26435",
        "term_results_folder": "crData/Estrategias_de_Crecimiento_0257/Estrategias_de_Crecimiento_96-09_26435/term_results",
        "merged": "crData/Estrategias_de_Crecimiento_0257/Estrategias_de_Crecimiento_96-09_26435/merged_results.json",
        "filtered": "crData/Estrategias_de_Crecimiento_0257/Estrategias_de_Crecimiento_96-09_26435/filtered_results.json",
        "final": "crData/Estrategias_de_Crecimiento_0257/Estrategias_de_Crecimiento_96-09_26435/final_results.json",
        "statistics": "crData/Estrategias_de_Crecimiento_0257/Estrategias_de_Crecimiento_96-09_26435/statistics_results.json"
      },
      "processing_time": 4.26500678062439,
      "total_crossref": 97656,
      "crossref_percentage": 0.0
    },
    "96-10": {
      "tool_name": "Estrategias de Crecimiento",
      "batch_id": "26493",
      "date": "96-10",
      "initial_count": 1227,
      "filtered_count": 4,
      "final_count": 4,
      "duplicate_count": 0,
      "terms": {
        "Growth": 1229
      },
      "file_paths": {
        "base_folder": "crData/Estrategias_de_Crecimiento_0257/Estrategias_de_Crecimiento_96-10_26493",
        "term_results_folder": "crData/Estrategias_de_Crecimiento_0257/Estrategias_de_Crecimiento_96-10_26493/term_results",
        "merged": "crData/Estrategias_de_Crecimiento_0257/Estrategias_de_Crecimiento_96-10_26493/merged_results.json",
        "filtered": "crData/Estrategias_de_Crecimiento_0257/Estrategias_de_Crecimiento_96-10_26493/filtered_results.json",
        "final": "crData/Estrategias_de_Crecimiento_0257/Estrategias_de_Crecimiento_96-10_26493/final_results.json",
        "statistics": "crData/Estrategias_de_Crecimiento_0257/Estrategias_de_Crecimiento_96-10_26493/statistics_results.json"
      },
      "processing_time": 4.1536829471588135,
      "total_crossref": 90522,
      "crossref_percentage": 0.0044188153156138835
    },
    "96-11": {
      "tool_name": "Estrategias de Crecimiento",
      "batch_id": "26549",
      "date": "96-11",
      "initial_count": 1101,
      "filtered_count": 1,
      "final_count": 1,
      "duplicate_count": 0,
      "terms": {
        "Growth": 1101
      },
      "file_paths": {
        "base_folder": "crData/Estrategias_de_Crecimiento_0257/Estrategias_de_Crecimiento_96-11_26549",
        "term_results_folder": "crData/Estrategias_de_Crecimiento_0257/Estrategias_de_Crecimiento_96-11_26549/term_results",
        "merged": "crData/Estrategias_de_Crecimiento_0257/Estrategias_de_Crecimiento_96-11_26549/merged_results.json",
        "filtered": "crData/Estrategias_de_Crecimiento_0257/Estrategias_de_Crecimiento_96-11_26549/filtered_results.json",
        "final": "crData/Estrategias_de_Crecimiento_0257/Estrategias_de_Crecimiento_96-11_26549/final_results.json",
        "statistics": "crData/Estrategias_de_Crecimiento_0257/Estrategias_de_Crecimiento_96-11_26549/statistics_results.json"
      },
      "processing_time": 3.3973731994628906,
      "total_crossref": 82464,
      "crossref_percentage": 0.001212650368645712
    },
    "96-12": {
      "tool_name": "Estrategias de Crecimiento",
      "batch_id": "26598",
      "date": "96-12",
      "initial_count": 1385,
      "filtered_count": 1,
      "final_count": 1,
      "duplicate_count": 0,
      "terms": {
        "Growth": 1387
      },
      "file_paths": {
        "base_folder": "crData/Estrategias_de_Crecimiento_0257/Estrategias_de_Crecimiento_96-12_26598",
        "term_results_folder": "crData/Estrategias_de_Crecimiento_0257/Estrategias_de_Crecimiento_96-12_26598/term_results",
        "merged": "crData/Estrategias_de_Crecimiento_0257/Estrategias_de_Crecimiento_96-12_26598/merged_results.json",
        "filtered": "crData/Estrategias_de_Crecimiento_0257/Estrategias_de_Crecimiento_96-12_26598/filtered_results.json",
        "final": "crData/Estrategias_de_Crecimiento_0257/Estrategias_de_Crecimiento_96-12_26598/final_results.json",
        "statistics": "crData/Estrategias_de_Crecimiento_0257/Estrategias_de_Crecimiento_96-12_26598/statistics_results.json"
      },
      "processing_time": 4.529383182525635,
      "total_crossref": 120032,
      "crossref_percentage": 0.0008331111703545721
    }
  },
  "total_duplicates": 0,
  "monthly_files": {
    "96-01": {
      "base_folder": "crData/Estrategias_de_Crecimiento_0257/Estrategias_de_Crecimiento_96-01_25511",
      "term_results_folder": "crData/Estrategias_de_Crecimiento_0257/Estrategias_de_Crecimiento_96-01_25511/term_results",
      "merged": "crData/Estrategias_de_Crecimiento_0257/Estrategias_de_Crecimiento_96-01_25511/merged_results.json",
      "filtered": "crData/Estrategias_de_Crecimiento_0257/Estrategias_de_Crecimiento_96-01_25511/filtered_results.json",
      "final": "crData/Estrategias_de_Crecimiento_0257/Estrategias_de_Crecimiento_96-01_25511/final_results.json",
      "statistics": "crData/Estrategias_de_Crecimiento_0257/Estrategias_de_Crecimiento_96-01_25511/statistics_results.json"
    },
    "96-02": {
      "base_folder": "crData/Estrategias_de_Crecimiento_0257/Estrategias_de_Crecimiento_96-02_26049",
      "term_results_folder": "crData/Estrategias_de_Crecimiento_0257/Estrategias_de_Crecimiento_96-02_26049/term_results",
      "merged": "crData/Estrategias_de_Crecimiento_0257/Estrategias_de_Crecimiento_96-02_26049/merged_results.json",
      "filtered": "crData/Estrategias_de_Crecimiento_0257/Estrategias_de_Crecimiento_96-02_26049/filtered_results.json",
      "final": "crData/Estrategias_de_Crecimiento_0257/Estrategias_de_Crecimiento_96-02_26049/final_results.json",
      "statistics": "crData/Estrategias_de_Crecimiento_0257/Estrategias_de_Crecimiento_96-02_26049/statistics_results.json"
    },
    "96-03": {
      "base_folder": "crData/Estrategias_de_Crecimiento_0257/Estrategias_de_Crecimiento_96-03_26101",
      "term_results_folder": "crData/Estrategias_de_Crecimiento_0257/Estrategias_de_Crecimiento_96-03_26101/term_results",
      "merged": "crData/Estrategias_de_Crecimiento_0257/Estrategias_de_Crecimiento_96-03_26101/merged_results.json",
      "filtered": "crData/Estrategias_de_Crecimiento_0257/Estrategias_de_Crecimiento_96-03_26101/filtered_results.json",
      "final": "crData/Estrategias_de_Crecimiento_0257/Estrategias_de_Crecimiento_96-03_26101/final_results.json",
      "statistics": "crData/Estrategias_de_Crecimiento_0257/Estrategias_de_Crecimiento_96-03_26101/statistics_results.json"
    },
    "96-04": {
      "base_folder": "crData/Estrategias_de_Crecimiento_0257/Estrategias_de_Crecimiento_96-04_26156",
      "term_results_folder": "crData/Estrategias_de_Crecimiento_0257/Estrategias_de_Crecimiento_96-04_26156/term_results",
      "merged": "crData/Estrategias_de_Crecimiento_0257/Estrategias_de_Crecimiento_96-04_26156/merged_results.json",
      "filtered": "crData/Estrategias_de_Crecimiento_0257/Estrategias_de_Crecimiento_96-04_26156/filtered_results.json",
      "final": "crData/Estrategias_de_Crecimiento_0257/Estrategias_de_Crecimiento_96-04_26156/final_results.json",
      "statistics": "crData/Estrategias_de_Crecimiento_0257/Estrategias_de_Crecimiento_96-04_26156/statistics_results.json"
    },
    "96-05": {
      "base_folder": "crData/Estrategias_de_Crecimiento_0257/Estrategias_de_Crecimiento_96-05_26213",
      "term_results_folder": "crData/Estrategias_de_Crecimiento_0257/Estrategias_de_Crecimiento_96-05_26213/term_results",
      "merged": "crData/Estrategias_de_Crecimiento_0257/Estrategias_de_Crecimiento_96-05_26213/merged_results.json",
      "filtered": "crData/Estrategias_de_Crecimiento_0257/Estrategias_de_Crecimiento_96-05_26213/filtered_results.json",
      "final": "crData/Estrategias_de_Crecimiento_0257/Estrategias_de_Crecimiento_96-05_26213/final_results.json",
      "statistics": "crData/Estrategias_de_Crecimiento_0257/Estrategias_de_Crecimiento_96-05_26213/statistics_results.json"
    },
    "96-06": {
      "base_folder": "crData/Estrategias_de_Crecimiento_0257/Estrategias_de_Crecimiento_96-06_26270",
      "term_results_folder": "crData/Estrategias_de_Crecimiento_0257/Estrategias_de_Crecimiento_96-06_26270/term_results",
      "merged": "crData/Estrategias_de_Crecimiento_0257/Estrategias_de_Crecimiento_96-06_26270/merged_results.json",
      "filtered": "crData/Estrategias_de_Crecimiento_0257/Estrategias_de_Crecimiento_96-06_26270/filtered_results.json",
      "final": "crData/Estrategias_de_Crecimiento_0257/Estrategias_de_Crecimiento_96-06_26270/final_results.json",
      "statistics": "crData/Estrategias_de_Crecimiento_0257/Estrategias_de_Crecimiento_96-06_26270/statistics_results.json"
    },
    "96-07": {
      "base_folder": "crData/Estrategias_de_Crecimiento_0257/Estrategias_de_Crecimiento_96-07_26326",
      "term_results_folder": "crData/Estrategias_de_Crecimiento_0257/Estrategias_de_Crecimiento_96-07_26326/term_results",
      "merged": "crData/Estrategias_de_Crecimiento_0257/Estrategias_de_Crecimiento_96-07_26326/merged_results.json",
      "filtered": "crData/Estrategias_de_Crecimiento_0257/Estrategias_de_Crecimiento_96-07_26326/filtered_results.json",
      "final": "crData/Estrategias_de_Crecimiento_0257/Estrategias_de_Crecimiento_96-07_26326/final_results.json",
      "statistics": "crData/Estrategias_de_Crecimiento_0257/Estrategias_de_Crecimiento_96-07_26326/statistics_results.json"
    },
    "96-08": {
      "base_folder": "crData/Estrategias_de_Crecimiento_0257/Estrategias_de_Crecimiento_96-08_26382",
      "term_results_folder": "crData/Estrategias_de_Crecimiento_0257/Estrategias_de_Crecimiento_96-08_26382/term_results",
      "merged": "crData/Estrategias_de_Crecimiento_0257/Estrategias_de_Crecimiento_96-08_26382/merged_results.json",
      "filtered": "crData/Estrategias_de_Crecimiento_0257/Estrategias_de_Crecimiento_96-08_26382/filtered_results.json",
      "final": "crData/Estrategias_de_Crecimiento_0257/Estrategias_de_Crecimiento_96-08_26382/final_results.json",
      "statistics": "crData/Estrategias_de_Crecimiento_0257/Estrategias_de_Crecimiento_96-08_26382/statistics_results.json"
    },
    "96-09": {
      "base_folder": "crData/Estrategias_de_Crecimiento_0257/Estrategias_de_Crecimiento_96-09_26435",
      "term_results_folder": "crData/Estrategias_de_Crecimiento_0257/Estrategias_de_Crecimiento_96-09_26435/term_results",
      "merged": "crData/Estrategias_de_Crecimiento_0257/Estrategias_de_Crecimiento_96-09_26435/merged_results.json",
      "filtered": "crData/Estrategias_de_Crecimiento_0257/Estrategias_de_Crecimiento_96-09_26435/filtered_results.json",
      "final": "crData/Estrategias_de_Crecimiento_0257/Estrategias_de_Crecimiento_96-09_26435/final_results.json",
      "statistics": "crData/Estrategias_de_Crecimiento_0257/Estrategias_de_Crecimiento_96-09_26435/statistics_results.json"
    },
    "96-10": {
      "base_folder": "crData/Estrategias_de_Crecimiento_0257/Estrategias_de_Crecimiento_96-10_26493",
      "term_results_folder": "crData/Estrategias_de_Crecimiento_0257/Estrategias_de_Crecimiento_96-10_26493/term_results",
      "merged": "crData/Estrategias_de_Crecimiento_0257/Estrategias_de_Crecimiento_96-10_26493/merged_results.json",
      "filtered": "crData/Estrategias_de_Crecimiento_0257/Estrategias_de_Crecimiento_96-10_26493/filtered_results.json",
      "final": "crData/Estrategias_de_Crecimiento_0257/Estrategias_de_Crecimiento_96-10_26493/final_results.json",
      "statistics": "crData/Estrategias_de_Crecimiento_0257/Estrategias_de_Crecimiento_96-10_26493/statistics_results.json"
    },
    "96-11": {
      "base_folder": "crData/Estrategias_de_Crecimiento_0257/Estrategias_de_Crecimiento_96-11_26549",
      "term_results_folder": "crData/Estrategias_de_Crecimiento_0257/Estrategias_de_Crecimiento_96-11_26549/term_results",
      "merged": "crData/Estrategias_de_Crecimiento_0257/Estrategias_de_Crecimiento_96-11_26549/merged_results.json",
      "filtered": "crData/Estrategias_de_Crecimiento_0257/Estrategias_de_Crecimiento_96-11_26549/filtered_results.json",
      "final": "crData/Estrategias_de_Crecimiento_0257/Estrategias_de_Crecimiento_96-11_26549/final_results.json",
      "statistics": "crData/Estrategias_de_Crecimiento_0257/Estrategias_de_Crecimiento_96-11_26549/statistics_results.json"
    },
    "96-12": {
      "base_folder": "crData/Estrategias_de_Crecimiento_0257/Estrategias_de_Crecimiento_96-12_26598",
      "term_results_folder": "crData/Estrategias_de_Crecimiento_0257/Estrategias_de_Crecimiento_96-12_26598/term_results",
      "merged": "crData/Estrategias_de_Crecimiento_0257/Estrategias_de_Crecimiento_96-12_26598/merged_results.json",
      "filtered": "crData/Estrategias_de_Crecimiento_0257/Estrategias_de_Crecimiento_96-12_26598/filtered_results.json",
      "final": "crData/Estrategias_de_Crecimiento_0257/Estrategias_de_Crecimiento_96-12_26598/final_results.json",
      "statistics": "crData/Estrategias_de_Crecimiento_0257/Estrategias_de_Crecimiento_96-12_26598/statistics_results.json"
    }
  }
}