{
  "tool_name": "Experiencia del Cliente",
  "year": "1975",
  "monthly_stats": {
    "75-01": {
      "tool_name": "Experiencia del Cliente",
      "batch_id": "48091",
      "date": "75-01",
      "initial_count": 6,
      "filtered_count": 1,
      "final_count": 1,
      "duplicate_count": 0,
      "terms": {
        "Customer": 6
      },
      "file_paths": {
        "base_folder": "crData/Experiencia_del_Cliente_6369/Experiencia_del_Cliente_75-01_48091",
        "term_results_folder": "crData/Experiencia_del_Cliente_6369/Experiencia_del_Cliente_75-01_48091/term_results",
        "merged": "crData/Experiencia_del_Cliente_6369/Experiencia_del_Cliente_75-01_48091/merged_results.json",
        "filtered": "crData/Experiencia_del_Cliente_6369/Experiencia_del_Cliente_75-01_48091/filtered_results.json",
        "final": "crData/Experiencia_del_Cliente_6369/Experiencia_del_Cliente_75-01_48091/final_results.json",
        "statistics": "crData/Experiencia_del_Cliente_6369/Experiencia_del_Cliente_75-01_48091/statistics_results.json"
      },
      "processing_time": 1.5589711666107178,
      "total_crossref": 188340,
      "crossref_percentage": 0.0005309546564723373
    },
    "75-02": {
      "tool_name": "Experiencia del Cliente",
      "batch_id": "48122",
      "date": "75-02",
      "initial_count": 1,
      "filtered_count": 0,
      "final_count": 0,
      "duplicate_count": 0,
      "terms": {
        "Customer": 1
      },
      "file_paths": {
        "base_folder": "crData/Experiencia_del_Cliente_6369/Experiencia_del_Cliente_75-02_48122",
        "term_results_folder": "crData/Experiencia_del_Cliente_6369/Experiencia_del_Cliente_75-02_48122/term_results",
        "merged": "crData/Experiencia_del_Cliente_6369/Experiencia_del_Cliente_75-02_48122/merged_results.json",
        "filtered": "crData/Experiencia_del_Cliente_6369/Experiencia_del_Cliente_75-02_48122/filtered_results.json",
        "final": "crData/Experiencia_del_Cliente_6369/Experiencia_del_Cliente_75-02_48122/final_results.json",
        "statistics": "crData/Experiencia_del_Cliente_6369/Experiencia_del_Cliente_75-02_48122/statistics_results.json"
      },
      "processing_time": 1.8698749542236328,
      "total_crossref": 30507,
      "crossref_percentage": 0.0
    },
    "75-03": {
      "tool_name": "Experiencia del Cliente",
      "batch_id": "48156",
      "date": "75-03",
      "initial_count": 0,
      "filtered_count": 0,
      "final_count": 0,
      "duplicate_count": 0,
      "terms": {
        "Customer": 0
      },
      "file_paths": {
        "base_folder": "crData/Experiencia_del_Cliente_6369/Experiencia_del_Cliente_75-03_48156",
        "term_results_folder": "crData/Experiencia_del_Cliente_6369/Experiencia_del_Cliente_75-03_48156/term_results",
        "merged": "crData/Experiencia_del_Cliente_6369/Experiencia_del_Cliente_75-03_48156/merged_results.json",
        "filtered": "crData/Experiencia_del_Cliente_6369/Experiencia_del_Cliente_75-03_48156/filtered_results.json",
        "final": "crData/Experiencia_del_Cliente_6369/Experiencia_del_Cliente_75-03_48156/final_results.json",
        "statistics": "crData/Experiencia_del_Cliente_6369/Experiencia_del_Cliente_75-03_48156/statistics_results.json"
      },
      "processing_time": 1.7521960735321045,
      "total_crossref": 38685,
      "crossref_percentage": 0.0
    },
    "75-04": {
      "tool_name": "Experiencia del Cliente",
      "batch_id": "48189",
      "date": "75-04",
      "initial_count": 0,
      "filtered_count": 0,
      "final_count": 0,
      "duplicate_count": 0,
      "terms": {
        "Customer": 0
      },
      "file_paths": {
        "base_folder": "crData/Experiencia_del_Cliente_6369/Experiencia_del_Cliente_75-04_48189",
        "term_results_folder": "crData/Experiencia_del_Cliente_6369/Experiencia_del_Cliente_75-04_48189/term_results",
        "merged": "crData/Experiencia_del_Cliente_6369/Experiencia_del_Cliente_75-04_48189/merged_results.json",
        "filtered": "crData/Experiencia_del_Cliente_6369/Experiencia_del_Cliente_75-04_48189/filtered_results.json",
        "final": "crData/Experiencia_del_Cliente_6369/Experiencia_del_Cliente_75-04_48189/final_results.json",
        "statistics": "crData/Experiencia_del_Cliente_6369/Experiencia_del_Cliente_75-04_48189/statistics_results.json"
      },
      "processing_time": 1.489366054534912,
      "total_crossref": 36821,
      "crossref_percentage": 0.0
    },
    "75-05": {
      "tool_name": "Experiencia del Cliente",
      "batch_id": "48219",
      "date": "75-05",
      "initial_count": 3,
      "filtered_count": 0,
      "final_count": 0,
      "duplicate_count": 0,
      "terms": {
        "Customer": 3
      },
      "file_paths": {
        "base_folder": "crData/Experiencia_del_Cliente_6369/Experiencia_del_Cliente_75-05_48219",
        "term_results_folder": "crData/Experiencia_del_Cliente_6369/Experiencia_del_Cliente_75-05_48219/term_results",
        "merged": "crData/Experiencia_del_Cliente_6369/Experiencia_del_Cliente_75-05_48219/merged_results.json",
        "filtered": "crData/Experiencia_del_Cliente_6369/Experiencia_del_Cliente_75-05_48219/filtered_results.json",
        "final": "crData/Experiencia_del_Cliente_6369/Experiencia_del_Cliente_75-05_48219/final_results.json",
        "statistics": "crData/Experiencia_del_Cliente_6369/Experiencia_del_Cliente_75-05_48219/statistics_results.json"
      },
      "processing_time": 1.539612054824829,
      "total_crossref": 30689,
      "crossref_percentage": 0.0
    },
    "75-06": {
      "tool_name": "Experiencia del Cliente",
      "batch_id": "48249",
      "date": "75-06",
      "initial_count": 2,
      "filtered_count": 0,
      "final_count": 0,
      "duplicate_count": 0,
      "terms": {
        "Customer": 2
      },
      "file_paths": {
        "base_folder": "crData/Experiencia_del_Cliente_6369/Experiencia_del_Cliente_75-06_48249",
        "term_results_folder": "crData/Experiencia_del_Cliente_6369/Experiencia_del_Cliente_75-06_48249/term_results",
        "merged": "crData/Experiencia_del_Cliente_6369/Experiencia_del_Cliente_75-06_48249/merged_results.json",
        "filtered": "crData/Experiencia_del_Cliente_6369/Experiencia_del_Cliente_75-06_48249/filtered_results.json",
        "final": "crData/Experiencia_del_Cliente_6369/Experiencia_del_Cliente_75-06_48249/final_results.json",
        "statistics": "crData/Experiencia_del_Cliente_6369/Experiencia_del_Cliente_75-06_48249/statistics_results.json"
      },
      "processing_time": 1.172968864440918,
      "total_crossref": 37632,
      "crossref_percentage": 0.0
    },
    "75-07": {
      "tool_name": "Experiencia del Cliente",
      "batch_id": "48276",
      "date": "75-07",
      "initial_count": 2,
      "filtered_count": 0,
      "final_count": 0,
      "duplicate_count": 0,
      "terms": {
        "Customer": 2
      },
      "file_paths": {
        "base_folder": "crData/Experiencia_del_Cliente_6369/Experiencia_del_Cliente_75-07_48276",
        "term_results_folder": "crData/Experiencia_del_Cliente_6369/Experiencia_del_Cliente_75-07_48276/term_results",
        "merged": "crData/Experiencia_del_Cliente_6369/Experiencia_del_Cliente_75-07_48276/merged_results.json",
        "filtered": "crData/Experiencia_del_Cliente_6369/Experiencia_del_Cliente_75-07_48276/filtered_results.json",
        "final": "crData/Experiencia_del_Cliente_6369/Experiencia_del_Cliente_75-07_48276/final_results.json",
        "statistics": "crData/Experiencia_del_Cliente_6369/Experiencia_del_Cliente_75-07_48276/statistics_results.json"
      },
      "processing_time": 1.8953349590301514,
      "total_crossref": 33886,
      "crossref_percentage": 0.0
    },
    "75-08": {
      "tool_name": "Experiencia del Cliente",
      "batch_id": "48310",
      "date": "75-08",
      "initial_count": 1,
      "filtered_count": 0,
      "final_count": 0,
      "duplicate_count": 0,
      "terms": {
        "Customer": 1
      },
      "file_paths": {
        "base_folder": "crData/Experiencia_del_Cliente_6369/Experiencia_del_Cliente_75-08_48310",
        "term_results_folder": "crData/Experiencia_del_Cliente_6369/Experiencia_del_Cliente_75-08_48310/term_results",
        "merged": "crData/Experiencia_del_Cliente_6369/Experiencia_del_Cliente_75-08_48310/merged_results.json",
        "filtered": "crData/Experiencia_del_Cliente_6369/Experiencia_del_Cliente_75-08_48310/filtered_results.json",
        "final": "crData/Experiencia_del_Cliente_6369/Experiencia_del_Cliente_75-08_48310/final_results.json",
        "statistics": "crData/Experiencia_del_Cliente_6369/Experiencia_del_Cliente_75-08_48310/statistics_results.json"
      },
      "processing_time": 1.41453218460083,
      "total_crossref": 29015,
      "crossref_percentage": 0.0
    },
    "75-09": {
      "tool_name": "Experiencia del Cliente",
      "batch_id": "48339",
      "date": "75-09",
      "initial_count": 0,
      "filtered_count": 0,
      "final_count": 0,
      "duplicate_count": 0,
      "terms": {
        "Customer": 0
      },
      "file_paths": {
        "base_folder": "crData/Experiencia_del_Cliente_6369/Experiencia_del_Cliente_75-09_48339",
        "term_results_folder": "crData/Experiencia_del_Cliente_6369/Experiencia_del_Cliente_75-09_48339/term_results",
        "merged": "crData/Experiencia_del_Cliente_6369/Experiencia_del_Cliente_75-09_48339/merged_results.json",
        "filtered": "crData/Experiencia_del_Cliente_6369/Experiencia_del_Cliente_75-09_48339/filtered_results.json",
        "final": "crData/Experiencia_del_Cliente_6369/Experiencia_del_Cliente_75-09_48339/final_results.json",
        "statistics": "crData/Experiencia_del_Cliente_6369/Experiencia_del_Cliente_75-09_48339/statistics_results.json"
      },
      "processing_time": 1.385349988937378,
      "total_crossref": 38261,
      "crossref_percentage": 0.0
    },
    "75-10": {
      "tool_name": "Experiencia del Cliente",
      "batch_id": "48368",
      "date": "75-10",
      "initial_count": 2,
      "filtered_count": 0,
      "final_count": 0,
      "duplicate_count": 0,
      "terms": {
        "Customer": 2
      },
      "file_paths": {
        "base_folder": "crData/Experiencia_del_Cliente_6369/Experiencia_del_Cliente_75-10_48368",
        "term_results_folder": "crData/Experiencia_del_Cliente_6369/Experiencia_del_Cliente_75-10_48368/term_results",
        "merged": "crData/Experiencia_del_Cliente_6369/Experiencia_del_Cliente_75-10_48368/merged_results.json",
        "filtered": "crData/Experiencia_del_Cliente_6369/Experiencia_del_Cliente_75-10_48368/filtered_results.json",
        "final": "crData/Experiencia_del_Cliente_6369/Experiencia_del_Cliente_75-10_48368/final_results.json",
        "statistics": "crData/Experiencia_del_Cliente_6369/Experiencia_del_Cliente_75-10_48368/statistics_results.json"
      },
      "processing_time": 1.6924762725830078,
      "total_crossref": 36022,
      "crossref_percentage": 0.0
    },
    "75-11": {
      "tool_name": "Experiencia del Cliente",
      "batch_id": "48400",
      "date": "75-11",
      "initial_count": 0,
      "filtered_count": 0,
      "final_count": 0,
      "duplicate_count": 0,
      "terms": {
        "Customer": 0
      },
      "file_paths": {
        "base_folder": "crData/Experiencia_del_Cliente_6369/Experiencia_del_Cliente_75-11_48400",
        "term_results_folder": "crData/Experiencia_del_Cliente_6369/Experiencia_del_Cliente_75-11_48400/term_results",
        "merged": "crData/Experiencia_del_Cliente_6369/Experiencia_del_Cliente_75-11_48400/merged_results.json",
        "filtered": "crData/Experiencia_del_Cliente_6369/Experiencia_del_Cliente_75-11_48400/filtered_results.json",
        "final": "crData/Experiencia_del_Cliente_6369/Experiencia_del_Cliente_75-11_48400/final_results.json",
        "statistics": "crData/Experiencia_del_Cliente_6369/Experiencia_del_Cliente_75-11_48400/statistics_results.json"
      },
      "processing_time": 1.197843074798584,
      "total_crossref": 33641,
      "crossref_percentage": 0.0
    },
    "75-12": {
      "tool_name": "Experiencia del Cliente",
      "batch_id": "48428",
      "date": "75-12",
      "initial_count": 4,
      "filtered_count": 1,
      "final_count": 1,
      "duplicate_count": 0,
      "terms": {
        "Customer": 4
      },
      "file_paths": {
        "base_folder": "crData/Experiencia_del_Cliente_6369/Experiencia_del_Cliente_75-12_48428",
        "term_results_folder": "crData/Experiencia_del_Cliente_6369/Experiencia_del_Cliente_75-12_48428/term_results",
        "merged": "crData/Experiencia_del_Cliente_6369/Experiencia_del_Cliente_75-12_48428/merged_results.json",
        "filtered": "crData/Experiencia_del_Cliente_6369/Experiencia_del_Cliente_75-12_48428/filtered_results.json",
        "final": "crData/Experiencia_del_Cliente_6369/Experiencia_del_Cliente_75-12_48428/final_results.json",
        "statistics": "crData/Experiencia_del_Cliente_6369/Experiencia_del_Cliente_75-12_48428/statistics_results.json"
      },
      "processing_time": 1.4628279209136963,
      "total_crossref": 58301,
      "crossref_percentage": 0.0017152364453439908
    }
  },
  "total_duplicates": 0,
  "monthly_files": {
    "75-01": {
      "base_folder": "crData/Experiencia_del_Cliente_6369/Experiencia_del_Cliente_75-01_48091",
      "term_results_folder": "crData/Experiencia_del_Cliente_6369/Experiencia_del_Cliente_75-01_48091/term_results",
      "merged": "crData/Experiencia_del_Cliente_6369/Experiencia_del_Cliente_75-01_48091/merged_results.json",
      "filtered": "crData/Experiencia_del_Cliente_6369/Experiencia_del_Cliente_75-01_48091/filtered_results.json",
      "final": "crData/Experiencia_del_Cliente_6369/Experiencia_del_Cliente_75-01_48091/final_results.json",
      "statistics": "crData/Experiencia_del_Cliente_6369/Experiencia_del_Cliente_75-01_48091/statistics_results.json"
    },
    "75-02": {
      "base_folder": "crData/Experiencia_del_Cliente_6369/Experiencia_del_Cliente_75-02_48122",
      "term_results_folder": "crData/Experiencia_del_Cliente_6369/Experiencia_del_Cliente_75-02_48122/term_results",
      "merged": "crData/Experiencia_del_Cliente_6369/Experiencia_del_Cliente_75-02_48122/merged_results.json",
      "filtered": "crData/Experiencia_del_Cliente_6369/Experiencia_del_Cliente_75-02_48122/filtered_results.json",
      "final": "crData/Experiencia_del_Cliente_6369/Experiencia_del_Cliente_75-02_48122/final_results.json",
      "statistics": "crData/Experiencia_del_Cliente_6369/Experiencia_del_Cliente_75-02_48122/statistics_results.json"
    },
    "75-03": {
      "base_folder": "crData/Experiencia_del_Cliente_6369/Experiencia_del_Cliente_75-03_48156",
      "term_results_folder": "crData/Experiencia_del_Cliente_6369/Experiencia_del_Cliente_75-03_48156/term_results",
      "merged": "crData/Experiencia_del_Cliente_6369/Experiencia_del_Cliente_75-03_48156/merged_results.json",
      "filtered": "crData/Experiencia_del_Cliente_6369/Experiencia_del_Cliente_75-03_48156/filtered_results.json",
      "final": "crData/Experiencia_del_Cliente_6369/Experiencia_del_Cliente_75-03_48156/final_results.json",
      "statistics": "crData/Experiencia_del_Cliente_6369/Experiencia_del_Cliente_75-03_48156/statistics_results.json"
    },
    "75-04": {
      "base_folder": "crData/Experiencia_del_Cliente_6369/Experiencia_del_Cliente_75-04_48189",
      "term_results_folder": "crData/Experiencia_del_Cliente_6369/Experiencia_del_Cliente_75-04_48189/term_results",
      "merged": "crData/Experiencia_del_Cliente_6369/Experiencia_del_Cliente_75-04_48189/merged_results.json",
      "filtered": "crData/Experiencia_del_Cliente_6369/Experiencia_del_Cliente_75-04_48189/filtered_results.json",
      "final": "crData/Experiencia_del_Cliente_6369/Experiencia_del_Cliente_75-04_48189/final_results.json",
      "statistics": "crData/Experiencia_del_Cliente_6369/Experiencia_del_Cliente_75-04_48189/statistics_results.json"
    },
    "75-05": {
      "base_folder": "crData/Experiencia_del_Cliente_6369/Experiencia_del_Cliente_75-05_48219",
      "term_results_folder": "crData/Experiencia_del_Cliente_6369/Experiencia_del_Cliente_75-05_48219/term_results",
      "merged": "crData/Experiencia_del_Cliente_6369/Experiencia_del_Cliente_75-05_48219/merged_results.json",
      "filtered": "crData/Experiencia_del_Cliente_6369/Experiencia_del_Cliente_75-05_48219/filtered_results.json",
      "final": "crData/Experiencia_del_Cliente_6369/Experiencia_del_Cliente_75-05_48219/final_results.json",
      "statistics": "crData/Experiencia_del_Cliente_6369/Experiencia_del_Cliente_75-05_48219/statistics_results.json"
    },
    "75-06": {
      "base_folder": "crData/Experiencia_del_Cliente_6369/Experiencia_del_Cliente_75-06_48249",
      "term_results_folder": "crData/Experiencia_del_Cliente_6369/Experiencia_del_Cliente_75-06_48249/term_results",
      "merged": "crData/Experiencia_del_Cliente_6369/Experiencia_del_Cliente_75-06_48249/merged_results.json",
      "filtered": "crData/Experiencia_del_Cliente_6369/Experiencia_del_Cliente_75-06_48249/filtered_results.json",
      "final": "crData/Experiencia_del_Cliente_6369/Experiencia_del_Cliente_75-06_48249/final_results.json",
      "statistics": "crData/Experiencia_del_Cliente_6369/Experiencia_del_Cliente_75-06_48249/statistics_results.json"
    },
    "75-07": {
      "base_folder": "crData/Experiencia_del_Cliente_6369/Experiencia_del_Cliente_75-07_48276",
      "term_results_folder": "crData/Experiencia_del_Cliente_6369/Experiencia_del_Cliente_75-07_48276/term_results",
      "merged": "crData/Experiencia_del_Cliente_6369/Experiencia_del_Cliente_75-07_48276/merged_results.json",
      "filtered": "crData/Experiencia_del_Cliente_6369/Experiencia_del_Cliente_75-07_48276/filtered_results.json",
      "final": "crData/Experiencia_del_Cliente_6369/Experiencia_del_Cliente_75-07_48276/final_results.json",
      "statistics": "crData/Experiencia_del_Cliente_6369/Experiencia_del_Cliente_75-07_48276/statistics_results.json"
    },
    "75-08": {
      "base_folder": "crData/Experiencia_del_Cliente_6369/Experiencia_del_Cliente_75-08_48310",
      "term_results_folder": "crData/Experiencia_del_Cliente_6369/Experiencia_del_Cliente_75-08_48310/term_results",
      "merged": "crData/Experiencia_del_Cliente_6369/Experiencia_del_Cliente_75-08_48310/merged_results.json",
      "filtered": "crData/Experiencia_del_Cliente_6369/Experiencia_del_Cliente_75-08_48310/filtered_results.json",
      "final": "crData/Experiencia_del_Cliente_6369/Experiencia_del_Cliente_75-08_48310/final_results.json",
      "statistics": "crData/Experiencia_del_Cliente_6369/Experiencia_del_Cliente_75-08_48310/statistics_results.json"
    },
    "75-09": {
      "base_folder": "crData/Experiencia_del_Cliente_6369/Experiencia_del_Cliente_75-09_48339",
      "term_results_folder": "crData/Experiencia_del_Cliente_6369/Experiencia_del_Cliente_75-09_48339/term_results",
      "merged": "crData/Experiencia_del_Cliente_6369/Experiencia_del_Cliente_75-09_48339/merged_results.json",
      "filtered": "crData/Experiencia_del_Cliente_6369/Experiencia_del_Cliente_75-09_48339/filtered_results.json",
      "final": "crData/Experiencia_del_Cliente_6369/Experiencia_del_Cliente_75-09_48339/final_results.json",
      "statistics": "crData/Experiencia_del_Cliente_6369/Experiencia_del_Cliente_75-09_48339/statistics_results.json"
    },
    "75-10": {
      "base_folder": "crData/Experiencia_del_Cliente_6369/Experiencia_del_Cliente_75-10_48368",
      "term_results_folder": "crData/Experiencia_del_Cliente_6369/Experiencia_del_Cliente_75-10_48368/term_results",
      "merged": "crData/Experiencia_del_Cliente_6369/Experiencia_del_Cliente_75-10_48368/merged_results.json",
      "filtered": "crData/Experiencia_del_Cliente_6369/Experiencia_del_Cliente_75-10_48368/filtered_results.json",
      "final": "crData/Experiencia_del_Cliente_6369/Experiencia_del_Cliente_75-10_48368/final_results.json",
      "statistics": "crData/Experiencia_del_Cliente_6369/Experiencia_del_Cliente_75-10_48368/statistics_results.json"
    },
    "75-11": {
      "base_folder": "crData/Experiencia_del_Cliente_6369/Experiencia_del_Cliente_75-11_48400",
      "term_results_folder": "crData/Experiencia_del_Cliente_6369/Experiencia_del_Cliente_75-11_48400/term_results",
      "merged": "crData/Experiencia_del_Cliente_6369/Experiencia_del_Cliente_75-11_48400/merged_results.json",
      "filtered": "crData/Experiencia_del_Cliente_6369/Experiencia_del_Cliente_75-11_48400/filtered_results.json",
      "final": "crData/Experiencia_del_Cliente_6369/Experiencia_del_Cliente_75-11_48400/final_results.json",
      "statistics": "crData/Experiencia_del_Cliente_6369/Experiencia_del_Cliente_75-11_48400/statistics_results.json"
    },
    "75-12": {
      "base_folder": "crData/Experiencia_del_Cliente_6369/Experiencia_del_Cliente_75-12_48428",
      "term_results_folder": "crData/Experiencia_del_Cliente_6369/Experiencia_del_Cliente_75-12_48428/term_results",
      "merged": "crData/Experiencia_del_Cliente_6369/Experiencia_del_Cliente_75-12_48428/merged_results.json",
      "filtered": "crData/Experiencia_del_Cliente_6369/Experiencia_del_Cliente_75-12_48428/filtered_results.json",
      "final": "crData/Experiencia_del_Cliente_6369/Experiencia_del_Cliente_75-12_48428/final_results.json",
      "statistics": "crData/Experiencia_del_Cliente_6369/Experiencia_del_Cliente_75-12_48428/statistics_results.json"
    }
  }
}