{
  "tool_name": "Experiencia del Cliente",
  "year": "2012",
  "monthly_stats": {
    "12-01": {
      "tool_name": "Experiencia del Cliente",
      "batch_id": "19315",
      "date": "12-01",
      "initial_count": 999,
      "filtered_count": 167,
      "final_count": 167,
      "duplicate_count": 0,
      "terms": {
        "Customer": 1000
      },
      "file_paths": {
        "base_folder": "crData/Experiencia_del_Cliente_6369/Experiencia_del_Cliente_12-01_19315",
        "term_results_folder": "crData/Experiencia_del_Cliente_6369/Experiencia_del_Cliente_12-01_19315/term_results",
        "merged": "crData/Experiencia_del_Cliente_6369/Experiencia_del_Cliente_12-01_19315/merged_results.json",
        "filtered": "crData/Experiencia_del_Cliente_6369/Experiencia_del_Cliente_12-01_19315/filtered_results.json",
        "final": "crData/Experiencia_del_Cliente_6369/Experiencia_del_Cliente_12-01_19315/final_results.json",
        "statistics": "crData/Experiencia_del_Cliente_6369/Experiencia_del_Cliente_12-01_19315/statistics_results.json"
      },
      "processing_time": 3.767800807952881,
      "total_crossref": 1051303,
      "crossref_percentage": 0.01588504931499292
    },
    "12-02": {
      "tool_name": "Experiencia del Cliente",
      "batch_id": "19368",
      "date": "12-02",
      "initial_count": 120,
      "filtered_count": 26,
      "final_count": 26,
      "duplicate_count": 0,
      "terms": {
        "Customer": 120
      },
      "file_paths": {
        "base_folder": "crData/Experiencia_del_Cliente_6369/Experiencia_del_Cliente_12-02_19368",
        "term_results_folder": "crData/Experiencia_del_Cliente_6369/Experiencia_del_Cliente_12-02_19368/term_results",
        "merged": "crData/Experiencia_del_Cliente_6369/Experiencia_del_Cliente_12-02_19368/merged_results.json",
        "filtered": "crData/Experiencia_del_Cliente_6369/Experiencia_del_Cliente_12-02_19368/filtered_results.json",
        "final": "crData/Experiencia_del_Cliente_6369/Experiencia_del_Cliente_12-02_19368/final_results.json",
        "statistics": "crData/Experiencia_del_Cliente_6369/Experiencia_del_Cliente_12-02_19368/statistics_results.json"
      },
      "processing_time": 2.614473342895508,
      "total_crossref": 224089,
      "crossref_percentage": 0.011602532922187166
    },
    "12-03": {
      "tool_name": "Experiencia del Cliente",
      "batch_id": "19409",
      "date": "12-03",
      "initial_count": 158,
      "filtered_count": 38,
      "final_count": 38,
      "duplicate_count": 0,
      "terms": {
        "Customer": 158
      },
      "file_paths": {
        "base_folder": "crData/Experiencia_del_Cliente_6369/Experiencia_del_Cliente_12-03_19409",
        "term_results_folder": "crData/Experiencia_del_Cliente_6369/Experiencia_del_Cliente_12-03_19409/term_results",
        "merged": "crData/Experiencia_del_Cliente_6369/Experiencia_del_Cliente_12-03_19409/merged_results.json",
        "filtered": "crData/Experiencia_del_Cliente_6369/Experiencia_del_Cliente_12-03_19409/filtered_results.json",
        "final": "crData/Experiencia_del_Cliente_6369/Experiencia_del_Cliente_12-03_19409/final_results.json",
        "statistics": "crData/Experiencia_del_Cliente_6369/Experiencia_del_Cliente_12-03_19409/statistics_results.json"
      },
      "processing_time": 3.1915688514709473,
      "total_crossref": 267384,
      "crossref_percentage": 0.01421177033779134
    },
    "12-04": {
      "tool_name": "Experiencia del Cliente",
      "batch_id": "19456",
      "date": "12-04",
      "initial_count": 147,
      "filtered_count": 29,
      "final_count": 29,
      "duplicate_count": 0,
      "terms": {
        "Customer": 148
      },
      "file_paths": {
        "base_folder": "crData/Experiencia_del_Cliente_6369/Experiencia_del_Cliente_12-04_19456",
        "term_results_folder": "crData/Experiencia_del_Cliente_6369/Experiencia_del_Cliente_12-04_19456/term_results",
        "merged": "crData/Experiencia_del_Cliente_6369/Experiencia_del_Cliente_12-04_19456/merged_results.json",
        "filtered": "crData/Experiencia_del_Cliente_6369/Experiencia_del_Cliente_12-04_19456/filtered_results.json",
        "final": "crData/Experiencia_del_Cliente_6369/Experiencia_del_Cliente_12-04_19456/final_results.json",
        "statistics": "crData/Experiencia_del_Cliente_6369/Experiencia_del_Cliente_12-04_19456/statistics_results.json"
      },
      "processing_time": 3.6599972248077393,
      "total_crossref": 249667,
      "crossref_percentage": 0.011615471808448855
    },
    "12-05": {
      "tool_name": "Experiencia del Cliente",
      "batch_id": "19508",
      "date": "12-05",
      "initial_count": 155,
      "filtered_count": 28,
      "final_count": 28,
      "duplicate_count": 0,
      "terms": {
        "Customer": 155
      },
      "file_paths": {
        "base_folder": "crData/Experiencia_del_Cliente_6369/Experiencia_del_Cliente_12-05_19508",
        "term_results_folder": "crData/Experiencia_del_Cliente_6369/Experiencia_del_Cliente_12-05_19508/term_results",
        "merged": "crData/Experiencia_del_Cliente_6369/Experiencia_del_Cliente_12-05_19508/merged_results.json",
        "filtered": "crData/Experiencia_del_Cliente_6369/Experiencia_del_Cliente_12-05_19508/filtered_results.json",
        "final": "crData/Experiencia_del_Cliente_6369/Experiencia_del_Cliente_12-05_19508/final_results.json",
        "statistics": "crData/Experiencia_del_Cliente_6369/Experiencia_del_Cliente_12-05_19508/statistics_results.json"
      },
      "processing_time": 4.963347911834717,
      "total_crossref": 269787,
      "crossref_percentage": 0.010378557899379881
    },
    "12-06": {
      "tool_name": "Experiencia del Cliente",
      "batch_id": "19573",
      "date": "12-06",
      "initial_count": 213,
      "filtered_count": 56,
      "final_count": 56,
      "duplicate_count": 0,
      "terms": {
        "Customer": 213
      },
      "file_paths": {
        "base_folder": "crData/Experiencia_del_Cliente_6369/Experiencia_del_Cliente_12-06_19573",
        "term_results_folder": "crData/Experiencia_del_Cliente_6369/Experiencia_del_Cliente_12-06_19573/term_results",
        "merged": "crData/Experiencia_del_Cliente_6369/Experiencia_del_Cliente_12-06_19573/merged_results.json",
        "filtered": "crData/Experiencia_del_Cliente_6369/Experiencia_del_Cliente_12-06_19573/filtered_results.json",
        "final": "crData/Experiencia_del_Cliente_6369/Experiencia_del_Cliente_12-06_19573/final_results.json",
        "statistics": "crData/Experiencia_del_Cliente_6369/Experiencia_del_Cliente_12-06_19573/statistics_results.json"
      },
      "processing_time": 3.6272709369659424,
      "total_crossref": 285254,
      "crossref_percentage": 0.019631626550372653
    },
    "12-07": {
      "tool_name": "Experiencia del Cliente",
      "batch_id": "20025",
      "date": "12-07",
      "initial_count": 155,
      "filtered_count": 36,
      "final_count": 36,
      "duplicate_count": 0,
      "terms": {
        "Customer": 156
      },
      "file_paths": {
        "base_folder": "crData/Experiencia_del_Cliente_6369/Experiencia_del_Cliente_12-07_20025",
        "term_results_folder": "crData/Experiencia_del_Cliente_6369/Experiencia_del_Cliente_12-07_20025/term_results",
        "merged": "crData/Experiencia_del_Cliente_6369/Experiencia_del_Cliente_12-07_20025/merged_results.json",
        "filtered": "crData/Experiencia_del_Cliente_6369/Experiencia_del_Cliente_12-07_20025/filtered_results.json",
        "final": "crData/Experiencia_del_Cliente_6369/Experiencia_del_Cliente_12-07_20025/final_results.json",
        "statistics": "crData/Experiencia_del_Cliente_6369/Experiencia_del_Cliente_12-07_20025/statistics_results.json"
      },
      "processing_time": 6.1602301597595215,
      "total_crossref": 252457,
      "crossref_percentage": 0.014259854153380574
    },
    "12-08": {
      "tool_name": "Experiencia del Cliente",
      "batch_id": "20102",
      "date": "12-08",
      "initial_count": 160,
      "filtered_count": 30,
      "final_count": 30,
      "duplicate_count": 0,
      "terms": {
        "Customer": 160
      },
      "file_paths": {
        "base_folder": "crData/Experiencia_del_Cliente_6369/Experiencia_del_Cliente_12-08_20102",
        "term_results_folder": "crData/Experiencia_del_Cliente_6369/Experiencia_del_Cliente_12-08_20102/term_results",
        "merged": "crData/Experiencia_del_Cliente_6369/Experiencia_del_Cliente_12-08_20102/merged_results.json",
        "filtered": "crData/Experiencia_del_Cliente_6369/Experiencia_del_Cliente_12-08_20102/filtered_results.json",
        "final": "crData/Experiencia_del_Cliente_6369/Experiencia_del_Cliente_12-08_20102/final_results.json",
        "statistics": "crData/Experiencia_del_Cliente_6369/Experiencia_del_Cliente_12-08_20102/statistics_results.json"
      },
      "processing_time": 3.8874800205230713,
      "total_crossref": 228718,
      "crossref_percentage": 0.013116588987311885
    },
    "12-09": {
      "tool_name": "Experiencia del Cliente",
      "batch_id": "20156",
      "date": "12-09",
      "initial_count": 183,
      "filtered_count": 33,
      "final_count": 33,
      "duplicate_count": 0,
      "terms": {
        "Customer": 183
      },
      "file_paths": {
        "base_folder": "crData/Experiencia_del_Cliente_6369/Experiencia_del_Cliente_12-09_20156",
        "term_results_folder": "crData/Experiencia_del_Cliente_6369/Experiencia_del_Cliente_12-09_20156/term_results",
        "merged": "crData/Experiencia_del_Cliente_6369/Experiencia_del_Cliente_12-09_20156/merged_results.json",
        "filtered": "crData/Experiencia_del_Cliente_6369/Experiencia_del_Cliente_12-09_20156/filtered_results.json",
        "final": "crData/Experiencia_del_Cliente_6369/Experiencia_del_Cliente_12-09_20156/final_results.json",
        "statistics": "crData/Experiencia_del_Cliente_6369/Experiencia_del_Cliente_12-09_20156/statistics_results.json"
      },
      "processing_time": 3.8532238006591797,
      "total_crossref": 281840,
      "crossref_percentage": 0.011708770933863185
    },
    "12-10": {
      "tool_name": "Experiencia del Cliente",
      "batch_id": "20209",
      "date": "12-10",
      "initial_count": 170,
      "filtered_count": 26,
      "final_count": 26,
      "duplicate_count": 0,
      "terms": {
        "Customer": 171
      },
      "file_paths": {
        "base_folder": "crData/Experiencia_del_Cliente_6369/Experiencia_del_Cliente_12-10_20209",
        "term_results_folder": "crData/Experiencia_del_Cliente_6369/Experiencia_del_Cliente_12-10_20209/term_results",
        "merged": "crData/Experiencia_del_Cliente_6369/Experiencia_del_Cliente_12-10_20209/merged_results.json",
        "filtered": "crData/Experiencia_del_Cliente_6369/Experiencia_del_Cliente_12-10_20209/filtered_results.json",
        "final": "crData/Experiencia_del_Cliente_6369/Experiencia_del_Cliente_12-10_20209/final_results.json",
        "statistics": "crData/Experiencia_del_Cliente_6369/Experiencia_del_Cliente_12-10_20209/statistics_results.json"
      },
      "processing_time": 4.757819890975952,
      "total_crossref": 313635,
      "crossref_percentage": 0.008289891115468618
    },
    "12-11": {
      "tool_name": "Experiencia del Cliente",
      "batch_id": "20272",
      "date": "12-11",
      "initial_count": 166,
      "filtered_count": 18,
      "final_count": 18,
      "duplicate_count": 0,
      "terms": {
        "Customer": 166
      },
      "file_paths": {
        "base_folder": "crData/Experiencia_del_Cliente_6369/Experiencia_del_Cliente_12-11_20272",
        "term_results_folder": "crData/Experiencia_del_Cliente_6369/Experiencia_del_Cliente_12-11_20272/term_results",
        "merged": "crData/Experiencia_del_Cliente_6369/Experiencia_del_Cliente_12-11_20272/merged_results.json",
        "filtered": "crData/Experiencia_del_Cliente_6369/Experiencia_del_Cliente_12-11_20272/filtered_results.json",
        "final": "crData/Experiencia_del_Cliente_6369/Experiencia_del_Cliente_12-11_20272/final_results.json",
        "statistics": "crData/Experiencia_del_Cliente_6369/Experiencia_del_Cliente_12-11_20272/statistics_results.json"
      },
      "processing_time": 3.7190699577331543,
      "total_crossref": 283663,
      "crossref_percentage": 0.006345557933181275
    },
    "12-12": {
      "tool_name": "Experiencia del Cliente",
      "batch_id": "20325",
      "date": "12-12",
      "initial_count": 191,
      "filtered_count": 50,
      "final_count": 50,
      "duplicate_count": 0,
      "terms": {
        "Customer": 191
      },
      "file_paths": {
        "base_folder": "crData/Experiencia_del_Cliente_6369/Experiencia_del_Cliente_12-12_20325",
        "term_results_folder": "crData/Experiencia_del_Cliente_6369/Experiencia_del_Cliente_12-12_20325/term_results",
        "merged": "crData/Experiencia_del_Cliente_6369/Experiencia_del_Cliente_12-12_20325/merged_results.json",
        "filtered": "crData/Experiencia_del_Cliente_6369/Experiencia_del_Cliente_12-12_20325/filtered_results.json",
        "final": "crData/Experiencia_del_Cliente_6369/Experiencia_del_Cliente_12-12_20325/final_results.json",
        "statistics": "crData/Experiencia_del_Cliente_6369/Experiencia_del_Cliente_12-12_20325/statistics_results.json"
      },
      "processing_time": 2.88122296333313,
      "total_crossref": 347500,
      "crossref_percentage": 0.014388489208633093
    }
  },
  "total_duplicates": 0,
  "monthly_files": {
    "12-01": {
      "base_folder": "crData/Experiencia_del_Cliente_6369/Experiencia_del_Cliente_12-01_19315",
      "term_results_folder": "crData/Experiencia_del_Cliente_6369/Experiencia_del_Cliente_12-01_19315/term_results",
      "merged": "crData/Experiencia_del_Cliente_6369/Experiencia_del_Cliente_12-01_19315/merged_results.json",
      "filtered": "crData/Experiencia_del_Cliente_6369/Experiencia_del_Cliente_12-01_19315/filtered_results.json",
      "final": "crData/Experiencia_del_Cliente_6369/Experiencia_del_Cliente_12-01_19315/final_results.json",
      "statistics": "crData/Experiencia_del_Cliente_6369/Experiencia_del_Cliente_12-01_19315/statistics_results.json"
    },
    "12-02": {
      "base_folder": "crData/Experiencia_del_Cliente_6369/Experiencia_del_Cliente_12-02_19368",
      "term_results_folder": "crData/Experiencia_del_Cliente_6369/Experiencia_del_Cliente_12-02_19368/term_results",
      "merged": "crData/Experiencia_del_Cliente_6369/Experiencia_del_Cliente_12-02_19368/merged_results.json",
      "filtered": "crData/Experiencia_del_Cliente_6369/Experiencia_del_Cliente_12-02_19368/filtered_results.json",
      "final": "crData/Experiencia_del_Cliente_6369/Experiencia_del_Cliente_12-02_19368/final_results.json",
      "statistics": "crData/Experiencia_del_Cliente_6369/Experiencia_del_Cliente_12-02_19368/statistics_results.json"
    },
    "12-03": {
      "base_folder": "crData/Experiencia_del_Cliente_6369/Experiencia_del_Cliente_12-03_19409",
      "term_results_folder": "crData/Experiencia_del_Cliente_6369/Experiencia_del_Cliente_12-03_19409/term_results",
      "merged": "crData/Experiencia_del_Cliente_6369/Experiencia_del_Cliente_12-03_19409/merged_results.json",
      "filtered": "crData/Experiencia_del_Cliente_6369/Experiencia_del_Cliente_12-03_19409/filtered_results.json",
      "final": "crData/Experiencia_del_Cliente_6369/Experiencia_del_Cliente_12-03_19409/final_results.json",
      "statistics": "crData/Experiencia_del_Cliente_6369/Experiencia_del_Cliente_12-03_19409/statistics_results.json"
    },
    "12-04": {
      "base_folder": "crData/Experiencia_del_Cliente_6369/Experiencia_del_Cliente_12-04_19456",
      "term_results_folder": "crData/Experiencia_del_Cliente_6369/Experiencia_del_Cliente_12-04_19456/term_results",
      "merged": "crData/Experiencia_del_Cliente_6369/Experiencia_del_Cliente_12-04_19456/merged_results.json",
      "filtered": "crData/Experiencia_del_Cliente_6369/Experiencia_del_Cliente_12-04_19456/filtered_results.json",
      "final": "crData/Experiencia_del_Cliente_6369/Experiencia_del_Cliente_12-04_19456/final_results.json",
      "statistics": "crData/Experiencia_del_Cliente_6369/Experiencia_del_Cliente_12-04_19456/statistics_results.json"
    },
    "12-05": {
      "base_folder": "crData/Experiencia_del_Cliente_6369/Experiencia_del_Cliente_12-05_19508",
      "term_results_folder": "crData/Experiencia_del_Cliente_6369/Experiencia_del_Cliente_12-05_19508/term_results",
      "merged": "crData/Experiencia_del_Cliente_6369/Experiencia_del_Cliente_12-05_19508/merged_results.json",
      "filtered": "crData/Experiencia_del_Cliente_6369/Experiencia_del_Cliente_12-05_19508/filtered_results.json",
      "final": "crData/Experiencia_del_Cliente_6369/Experiencia_del_Cliente_12-05_19508/final_results.json",
      "statistics": "crData/Experiencia_del_Cliente_6369/Experiencia_del_Cliente_12-05_19508/statistics_results.json"
    },
    "12-06": {
      "base_folder": "crData/Experiencia_del_Cliente_6369/Experiencia_del_Cliente_12-06_19573",
      "term_results_folder": "crData/Experiencia_del_Cliente_6369/Experiencia_del_Cliente_12-06_19573/term_results",
      "merged": "crData/Experiencia_del_Cliente_6369/Experiencia_del_Cliente_12-06_19573/merged_results.json",
      "filtered": "crData/Experiencia_del_Cliente_6369/Experiencia_del_Cliente_12-06_19573/filtered_results.json",
      "final": "crData/Experiencia_del_Cliente_6369/Experiencia_del_Cliente_12-06_19573/final_results.json",
      "statistics": "crData/Experiencia_del_Cliente_6369/Experiencia_del_Cliente_12-06_19573/statistics_results.json"
    },
    "12-07": {
      "base_folder": "crData/Experiencia_del_Cliente_6369/Experiencia_del_Cliente_12-07_20025",
      "term_results_folder": "crData/Experiencia_del_Cliente_6369/Experiencia_del_Cliente_12-07_20025/term_results",
      "merged": "crData/Experiencia_del_Cliente_6369/Experiencia_del_Cliente_12-07_20025/merged_results.json",
      "filtered": "crData/Experiencia_del_Cliente_6369/Experiencia_del_Cliente_12-07_20025/filtered_results.json",
      "final": "crData/Experiencia_del_Cliente_6369/Experiencia_del_Cliente_12-07_20025/final_results.json",
      "statistics": "crData/Experiencia_del_Cliente_6369/Experiencia_del_Cliente_12-07_20025/statistics_results.json"
    },
    "12-08": {
      "base_folder": "crData/Experiencia_del_Cliente_6369/Experiencia_del_Cliente_12-08_20102",
      "term_results_folder": "crData/Experiencia_del_Cliente_6369/Experiencia_del_Cliente_12-08_20102/term_results",
      "merged": "crData/Experiencia_del_Cliente_6369/Experiencia_del_Cliente_12-08_20102/merged_results.json",
      "filtered": "crData/Experiencia_del_Cliente_6369/Experiencia_del_Cliente_12-08_20102/filtered_results.json",
      "final": "crData/Experiencia_del_Cliente_6369/Experiencia_del_Cliente_12-08_20102/final_results.json",
      "statistics": "crData/Experiencia_del_Cliente_6369/Experiencia_del_Cliente_12-08_20102/statistics_results.json"
    },
    "12-09": {
      "base_folder": "crData/Experiencia_del_Cliente_6369/Experiencia_del_Cliente_12-09_20156",
      "term_results_folder": "crData/Experiencia_del_Cliente_6369/Experiencia_del_Cliente_12-09_20156/term_results",
      "merged": "crData/Experiencia_del_Cliente_6369/Experiencia_del_Cliente_12-09_20156/merged_results.json",
      "filtered": "crData/Experiencia_del_Cliente_6369/Experiencia_del_Cliente_12-09_20156/filtered_results.json",
      "final": "crData/Experiencia_del_Cliente_6369/Experiencia_del_Cliente_12-09_20156/final_results.json",
      "statistics": "crData/Experiencia_del_Cliente_6369/Experiencia_del_Cliente_12-09_20156/statistics_results.json"
    },
    "12-10": {
      "base_folder": "crData/Experiencia_del_Cliente_6369/Experiencia_del_Cliente_12-10_20209",
      "term_results_folder": "crData/Experiencia_del_Cliente_6369/Experiencia_del_Cliente_12-10_20209/term_results",
      "merged": "crData/Experiencia_del_Cliente_6369/Experiencia_del_Cliente_12-10_20209/merged_results.json",
      "filtered": "crData/Experiencia_del_Cliente_6369/Experiencia_del_Cliente_12-10_20209/filtered_results.json",
      "final": "crData/Experiencia_del_Cliente_6369/Experiencia_del_Cliente_12-10_20209/final_results.json",
      "statistics": "crData/Experiencia_del_Cliente_6369/Experiencia_del_Cliente_12-10_20209/statistics_results.json"
    },
    "12-11": {
      "base_folder": "crData/Experiencia_del_Cliente_6369/Experiencia_del_Cliente_12-11_20272",
      "term_results_folder": "crData/Experiencia_del_Cliente_6369/Experiencia_del_Cliente_12-11_20272/term_results",
      "merged": "crData/Experiencia_del_Cliente_6369/Experiencia_del_Cliente_12-11_20272/merged_results.json",
      "filtered": "crData/Experiencia_del_Cliente_6369/Experiencia_del_Cliente_12-11_20272/filtered_results.json",
      "final": "crData/Experiencia_del_Cliente_6369/Experiencia_del_Cliente_12-11_20272/final_results.json",
      "statistics": "crData/Experiencia_del_Cliente_6369/Experiencia_del_Cliente_12-11_20272/statistics_results.json"
    },
    "12-12": {
      "base_folder": "crData/Experiencia_del_Cliente_6369/Experiencia_del_Cliente_12-12_20325",
      "term_results_folder": "crData/Experiencia_del_Cliente_6369/Experiencia_del_Cliente_12-12_20325/term_results",
      "merged": "crData/Experiencia_del_Cliente_6369/Experiencia_del_Cliente_12-12_20325/merged_results.json",
      "filtered": "crData/Experiencia_del_Cliente_6369/Experiencia_del_Cliente_12-12_20325/filtered_results.json",
      "final": "crData/Experiencia_del_Cliente_6369/Experiencia_del_Cliente_12-12_20325/final_results.json",
      "statistics": "crData/Experiencia_del_Cliente_6369/Experiencia_del_Cliente_12-12_20325/statistics_results.json"
    }
  }
}