{
  "tool_name": "Experiencia del Cliente",
  "year": "1985",
  "monthly_stats": {
    "85-01": {
      "tool_name": "Experiencia del Cliente",
      "batch_id": "55118",
      "date": "85-01",
      "initial_count": 14,
      "filtered_count": 0,
      "final_count": 0,
      "duplicate_count": 0,
      "terms": {
        "Customer": 14
      },
      "file_paths": {
        "base_folder": "crData/Experiencia_del_Cliente_6369/Experiencia_del_Cliente_85-01_55118",
        "term_results_folder": "crData/Experiencia_del_Cliente_6369/Experiencia_del_Cliente_85-01_55118/term_results",
        "merged": "crData/Experiencia_del_Cliente_6369/Experiencia_del_Cliente_85-01_55118/merged_results.json",
        "filtered": "crData/Experiencia_del_Cliente_6369/Experiencia_del_Cliente_85-01_55118/filtered_results.json",
        "final": "crData/Experiencia_del_Cliente_6369/Experiencia_del_Cliente_85-01_55118/final_results.json",
        "statistics": "crData/Experiencia_del_Cliente_6369/Experiencia_del_Cliente_85-01_55118/statistics_results.json"
      },
      "processing_time": 1.7605812549591064,
      "total_crossref": 318801,
      "crossref_percentage": 0.0
    },
    "85-02": {
      "tool_name": "Experiencia del Cliente",
      "batch_id": "55151",
      "date": "85-02",
      "initial_count": 2,
      "filtered_count": 0,
      "final_count": 0,
      "duplicate_count": 0,
      "terms": {
        "Customer": 2
      },
      "file_paths": {
        "base_folder": "crData/Experiencia_del_Cliente_6369/Experiencia_del_Cliente_85-02_55151",
        "term_results_folder": "crData/Experiencia_del_Cliente_6369/Experiencia_del_Cliente_85-02_55151/term_results",
        "merged": "crData/Experiencia_del_Cliente_6369/Experiencia_del_Cliente_85-02_55151/merged_results.json",
        "filtered": "crData/Experiencia_del_Cliente_6369/Experiencia_del_Cliente_85-02_55151/filtered_results.json",
        "final": "crData/Experiencia_del_Cliente_6369/Experiencia_del_Cliente_85-02_55151/final_results.json",
        "statistics": "crData/Experiencia_del_Cliente_6369/Experiencia_del_Cliente_85-02_55151/statistics_results.json"
      },
      "processing_time": 1.517491102218628,
      "total_crossref": 43149,
      "crossref_percentage": 0.0
    },
    "85-03": {
      "tool_name": "Experiencia del Cliente",
      "batch_id": "55182",
      "date": "85-03",
      "initial_count": 2,
      "filtered_count": 0,
      "final_count": 0,
      "duplicate_count": 0,
      "terms": {
        "Customer": 2
      },
      "file_paths": {
        "base_folder": "crData/Experiencia_del_Cliente_6369/Experiencia_del_Cliente_85-03_55182",
        "term_results_folder": "crData/Experiencia_del_Cliente_6369/Experiencia_del_Cliente_85-03_55182/term_results",
        "merged": "crData/Experiencia_del_Cliente_6369/Experiencia_del_Cliente_85-03_55182/merged_results.json",
        "filtered": "crData/Experiencia_del_Cliente_6369/Experiencia_del_Cliente_85-03_55182/filtered_results.json",
        "final": "crData/Experiencia_del_Cliente_6369/Experiencia_del_Cliente_85-03_55182/final_results.json",
        "statistics": "crData/Experiencia_del_Cliente_6369/Experiencia_del_Cliente_85-03_55182/statistics_results.json"
      },
      "processing_time": 2.214715003967285,
      "total_crossref": 54688,
      "crossref_percentage": 0.0
    },
    "85-04": {
      "tool_name": "Experiencia del Cliente",
      "batch_id": "55219",
      "date": "85-04",
      "initial_count": 6,
      "filtered_count": 0,
      "final_count": 0,
      "duplicate_count": 0,
      "terms": {
        "Customer": 6
      },
      "file_paths": {
        "base_folder": "crData/Experiencia_del_Cliente_6369/Experiencia_del_Cliente_85-04_55219",
        "term_results_folder": "crData/Experiencia_del_Cliente_6369/Experiencia_del_Cliente_85-04_55219/term_results",
        "merged": "crData/Experiencia_del_Cliente_6369/Experiencia_del_Cliente_85-04_55219/merged_results.json",
        "filtered": "crData/Experiencia_del_Cliente_6369/Experiencia_del_Cliente_85-04_55219/filtered_results.json",
        "final": "crData/Experiencia_del_Cliente_6369/Experiencia_del_Cliente_85-04_55219/final_results.json",
        "statistics": "crData/Experiencia_del_Cliente_6369/Experiencia_del_Cliente_85-04_55219/statistics_results.json"
      },
      "processing_time": 1.5968577861785889,
      "total_crossref": 52101,
      "crossref_percentage": 0.0
    },
    "85-05": {
      "tool_name": "Experiencia del Cliente",
      "batch_id": "55250",
      "date": "85-05",
      "initial_count": 1,
      "filtered_count": 0,
      "final_count": 0,
      "duplicate_count": 0,
      "terms": {
        "Customer": 1
      },
      "file_paths": {
        "base_folder": "crData/Experiencia_del_Cliente_6369/Experiencia_del_Cliente_85-05_55250",
        "term_results_folder": "crData/Experiencia_del_Cliente_6369/Experiencia_del_Cliente_85-05_55250/term_results",
        "merged": "crData/Experiencia_del_Cliente_6369/Experiencia_del_Cliente_85-05_55250/merged_results.json",
        "filtered": "crData/Experiencia_del_Cliente_6369/Experiencia_del_Cliente_85-05_55250/filtered_results.json",
        "final": "crData/Experiencia_del_Cliente_6369/Experiencia_del_Cliente_85-05_55250/final_results.json",
        "statistics": "crData/Experiencia_del_Cliente_6369/Experiencia_del_Cliente_85-05_55250/statistics_results.json"
      },
      "processing_time": 1.6961758136749268,
      "total_crossref": 46493,
      "crossref_percentage": 0.0
    },
    "85-06": {
      "tool_name": "Experiencia del Cliente",
      "batch_id": "55283",
      "date": "85-06",
      "initial_count": 3,
      "filtered_count": 1,
      "final_count": 1,
      "duplicate_count": 0,
      "terms": {
        "Customer": 3
      },
      "file_paths": {
        "base_folder": "crData/Experiencia_del_Cliente_6369/Experiencia_del_Cliente_85-06_55283",
        "term_results_folder": "crData/Experiencia_del_Cliente_6369/Experiencia_del_Cliente_85-06_55283/term_results",
        "merged": "crData/Experiencia_del_Cliente_6369/Experiencia_del_Cliente_85-06_55283/merged_results.json",
        "filtered": "crData/Experiencia_del_Cliente_6369/Experiencia_del_Cliente_85-06_55283/filtered_results.json",
        "final": "crData/Experiencia_del_Cliente_6369/Experiencia_del_Cliente_85-06_55283/final_results.json",
        "statistics": "crData/Experiencia_del_Cliente_6369/Experiencia_del_Cliente_85-06_55283/statistics_results.json"
      },
      "processing_time": 1.6465270519256592,
      "total_crossref": 53497,
      "crossref_percentage": 0.00186926369702974
    },
    "85-07": {
      "tool_name": "Experiencia del Cliente",
      "batch_id": "55314",
      "date": "85-07",
      "initial_count": 3,
      "filtered_count": 0,
      "final_count": 0,
      "duplicate_count": 0,
      "terms": {
        "Customer": 3
      },
      "file_paths": {
        "base_folder": "crData/Experiencia_del_Cliente_6369/Experiencia_del_Cliente_85-07_55314",
        "term_results_folder": "crData/Experiencia_del_Cliente_6369/Experiencia_del_Cliente_85-07_55314/term_results",
        "merged": "crData/Experiencia_del_Cliente_6369/Experiencia_del_Cliente_85-07_55314/merged_results.json",
        "filtered": "crData/Experiencia_del_Cliente_6369/Experiencia_del_Cliente_85-07_55314/filtered_results.json",
        "final": "crData/Experiencia_del_Cliente_6369/Experiencia_del_Cliente_85-07_55314/final_results.json",
        "statistics": "crData/Experiencia_del_Cliente_6369/Experiencia_del_Cliente_85-07_55314/statistics_results.json"
      },
      "processing_time": 3.2864880561828613,
      "total_crossref": 50178,
      "crossref_percentage": 0.0
    },
    "85-08": {
      "tool_name": "Experiencia del Cliente",
      "batch_id": "55362",
      "date": "85-08",
      "initial_count": 5,
      "filtered_count": 0,
      "final_count": 0,
      "duplicate_count": 0,
      "terms": {
        "Customer": 5
      },
      "file_paths": {
        "base_folder": "crData/Experiencia_del_Cliente_6369/Experiencia_del_Cliente_85-08_55362",
        "term_results_folder": "crData/Experiencia_del_Cliente_6369/Experiencia_del_Cliente_85-08_55362/term_results",
        "merged": "crData/Experiencia_del_Cliente_6369/Experiencia_del_Cliente_85-08_55362/merged_results.json",
        "filtered": "crData/Experiencia_del_Cliente_6369/Experiencia_del_Cliente_85-08_55362/filtered_results.json",
        "final": "crData/Experiencia_del_Cliente_6369/Experiencia_del_Cliente_85-08_55362/final_results.json",
        "statistics": "crData/Experiencia_del_Cliente_6369/Experiencia_del_Cliente_85-08_55362/statistics_results.json"
      },
      "processing_time": 3.087674140930176,
      "total_crossref": 42107,
      "crossref_percentage": 0.0
    },
    "85-09": {
      "tool_name": "Experiencia del Cliente",
      "batch_id": "55408",
      "date": "85-09",
      "initial_count": 3,
      "filtered_count": 0,
      "final_count": 0,
      "duplicate_count": 0,
      "terms": {
        "Customer": 3
      },
      "file_paths": {
        "base_folder": "crData/Experiencia_del_Cliente_6369/Experiencia_del_Cliente_85-09_55408",
        "term_results_folder": "crData/Experiencia_del_Cliente_6369/Experiencia_del_Cliente_85-09_55408/term_results",
        "merged": "crData/Experiencia_del_Cliente_6369/Experiencia_del_Cliente_85-09_55408/merged_results.json",
        "filtered": "crData/Experiencia_del_Cliente_6369/Experiencia_del_Cliente_85-09_55408/filtered_results.json",
        "final": "crData/Experiencia_del_Cliente_6369/Experiencia_del_Cliente_85-09_55408/final_results.json",
        "statistics": "crData/Experiencia_del_Cliente_6369/Experiencia_del_Cliente_85-09_55408/statistics_results.json"
      },
      "processing_time": 1.864997148513794,
      "total_crossref": 56208,
      "crossref_percentage": 0.0
    },
    "85-10": {
      "tool_name": "Experiencia del Cliente",
      "batch_id": "55442",
      "date": "85-10",
      "initial_count": 3,
      "filtered_count": 0,
      "final_count": 0,
      "duplicate_count": 0,
      "terms": {
        "Customer": 3
      },
      "file_paths": {
        "base_folder": "crData/Experiencia_del_Cliente_6369/Experiencia_del_Cliente_85-10_55442",
        "term_results_folder": "crData/Experiencia_del_Cliente_6369/Experiencia_del_Cliente_85-10_55442/term_results",
        "merged": "crData/Experiencia_del_Cliente_6369/Experiencia_del_Cliente_85-10_55442/merged_results.json",
        "filtered": "crData/Experiencia_del_Cliente_6369/Experiencia_del_Cliente_85-10_55442/filtered_results.json",
        "final": "crData/Experiencia_del_Cliente_6369/Experiencia_del_Cliente_85-10_55442/final_results.json",
        "statistics": "crData/Experiencia_del_Cliente_6369/Experiencia_del_Cliente_85-10_55442/statistics_results.json"
      },
      "processing_time": 1.4786889553070068,
      "total_crossref": 51615,
      "crossref_percentage": 0.0
    },
    "85-11": {
      "tool_name": "Experiencia del Cliente",
      "batch_id": "55473",
      "date": "85-11",
      "initial_count": 11,
      "filtered_count": 0,
      "final_count": 0,
      "duplicate_count": 0,
      "terms": {
        "Customer": 11
      },
      "file_paths": {
        "base_folder": "crData/Experiencia_del_Cliente_6369/Experiencia_del_Cliente_85-11_55473",
        "term_results_folder": "crData/Experiencia_del_Cliente_6369/Experiencia_del_Cliente_85-11_55473/term_results",
        "merged": "crData/Experiencia_del_Cliente_6369/Experiencia_del_Cliente_85-11_55473/merged_results.json",
        "filtered": "crData/Experiencia_del_Cliente_6369/Experiencia_del_Cliente_85-11_55473/filtered_results.json",
        "final": "crData/Experiencia_del_Cliente_6369/Experiencia_del_Cliente_85-11_55473/final_results.json",
        "statistics": "crData/Experiencia_del_Cliente_6369/Experiencia_del_Cliente_85-11_55473/statistics_results.json"
      },
      "processing_time": 1.5946919918060303,
      "total_crossref": 46271,
      "crossref_percentage": 0.0
    },
    "85-12": {
      "tool_name": "Experiencia del Cliente",
      "batch_id": "55505",
      "date": "85-12",
      "initial_count": 2,
      "filtered_count": 0,
      "final_count": 0,
      "duplicate_count": 0,
      "terms": {
        "Customer": 2
      },
      "file_paths": {
        "base_folder": "crData/Experiencia_del_Cliente_6369/Experiencia_del_Cliente_85-12_55505",
        "term_results_folder": "crData/Experiencia_del_Cliente_6369/Experiencia_del_Cliente_85-12_55505/term_results",
        "merged": "crData/Experiencia_del_Cliente_6369/Experiencia_del_Cliente_85-12_55505/merged_results.json",
        "filtered": "crData/Experiencia_del_Cliente_6369/Experiencia_del_Cliente_85-12_55505/filtered_results.json",
        "final": "crData/Experiencia_del_Cliente_6369/Experiencia_del_Cliente_85-12_55505/final_results.json",
        "statistics": "crData/Experiencia_del_Cliente_6369/Experiencia_del_Cliente_85-12_55505/statistics_results.json"
      },
      "processing_time": 1.355644941329956,
      "total_crossref": 81399,
      "crossref_percentage": 0.0
    }
  },
  "total_duplicates": 0,
  "monthly_files": {
    "85-01": {
      "base_folder": "crData/Experiencia_del_Cliente_6369/Experiencia_del_Cliente_85-01_55118",
      "term_results_folder": "crData/Experiencia_del_Cliente_6369/Experiencia_del_Cliente_85-01_55118/term_results",
      "merged": "crData/Experiencia_del_Cliente_6369/Experiencia_del_Cliente_85-01_55118/merged_results.json",
      "filtered": "crData/Experiencia_del_Cliente_6369/Experiencia_del_Cliente_85-01_55118/filtered_results.json",
      "final": "crData/Experiencia_del_Cliente_6369/Experiencia_del_Cliente_85-01_55118/final_results.json",
      "statistics": "crData/Experiencia_del_Cliente_6369/Experiencia_del_Cliente_85-01_55118/statistics_results.json"
    },
    "85-02": {
      "base_folder": "crData/Experiencia_del_Cliente_6369/Experiencia_del_Cliente_85-02_55151",
      "term_results_folder": "crData/Experiencia_del_Cliente_6369/Experiencia_del_Cliente_85-02_55151/term_results",
      "merged": "crData/Experiencia_del_Cliente_6369/Experiencia_del_Cliente_85-02_55151/merged_results.json",
      "filtered": "crData/Experiencia_del_Cliente_6369/Experiencia_del_Cliente_85-02_55151/filtered_results.json",
      "final": "crData/Experiencia_del_Cliente_6369/Experiencia_del_Cliente_85-02_55151/final_results.json",
      "statistics": "crData/Experiencia_del_Cliente_6369/Experiencia_del_Cliente_85-02_55151/statistics_results.json"
    },
    "85-03": {
      "base_folder": "crData/Experiencia_del_Cliente_6369/Experiencia_del_Cliente_85-03_55182",
      "term_results_folder": "crData/Experiencia_del_Cliente_6369/Experiencia_del_Cliente_85-03_55182/term_results",
      "merged": "crData/Experiencia_del_Cliente_6369/Experiencia_del_Cliente_85-03_55182/merged_results.json",
      "filtered": "crData/Experiencia_del_Cliente_6369/Experiencia_del_Cliente_85-03_55182/filtered_results.json",
      "final": "crData/Experiencia_del_Cliente_6369/Experiencia_del_Cliente_85-03_55182/final_results.json",
      "statistics": "crData/Experiencia_del_Cliente_6369/Experiencia_del_Cliente_85-03_55182/statistics_results.json"
    },
    "85-04": {
      "base_folder": "crData/Experiencia_del_Cliente_6369/Experiencia_del_Cliente_85-04_55219",
      "term_results_folder": "crData/Experiencia_del_Cliente_6369/Experiencia_del_Cliente_85-04_55219/term_results",
      "merged": "crData/Experiencia_del_Cliente_6369/Experiencia_del_Cliente_85-04_55219/merged_results.json",
      "filtered": "crData/Experiencia_del_Cliente_6369/Experiencia_del_Cliente_85-04_55219/filtered_results.json",
      "final": "crData/Experiencia_del_Cliente_6369/Experiencia_del_Cliente_85-04_55219/final_results.json",
      "statistics": "crData/Experiencia_del_Cliente_6369/Experiencia_del_Cliente_85-04_55219/statistics_results.json"
    },
    "85-05": {
      "base_folder": "crData/Experiencia_del_Cliente_6369/Experiencia_del_Cliente_85-05_55250",
      "term_results_folder": "crData/Experiencia_del_Cliente_6369/Experiencia_del_Cliente_85-05_55250/term_results",
      "merged": "crData/Experiencia_del_Cliente_6369/Experiencia_del_Cliente_85-05_55250/merged_results.json",
      "filtered": "crData/Experiencia_del_Cliente_6369/Experiencia_del_Cliente_85-05_55250/filtered_results.json",
      "final": "crData/Experiencia_del_Cliente_6369/Experiencia_del_Cliente_85-05_55250/final_results.json",
      "statistics": "crData/Experiencia_del_Cliente_6369/Experiencia_del_Cliente_85-05_55250/statistics_results.json"
    },
    "85-06": {
      "base_folder": "crData/Experiencia_del_Cliente_6369/Experiencia_del_Cliente_85-06_55283",
      "term_results_folder": "crData/Experiencia_del_Cliente_6369/Experiencia_del_Cliente_85-06_55283/term_results",
      "merged": "crData/Experiencia_del_Cliente_6369/Experiencia_del_Cliente_85-06_55283/merged_results.json",
      "filtered": "crData/Experiencia_del_Cliente_6369/Experiencia_del_Cliente_85-06_55283/filtered_results.json",
      "final": "crData/Experiencia_del_Cliente_6369/Experiencia_del_Cliente_85-06_55283/final_results.json",
      "statistics": "crData/Experiencia_del_Cliente_6369/Experiencia_del_Cliente_85-06_55283/statistics_results.json"
    },
    "85-07": {
      "base_folder": "crData/Experiencia_del_Cliente_6369/Experiencia_del_Cliente_85-07_55314",
      "term_results_folder": "crData/Experiencia_del_Cliente_6369/Experiencia_del_Cliente_85-07_55314/term_results",
      "merged": "crData/Experiencia_del_Cliente_6369/Experiencia_del_Cliente_85-07_55314/merged_results.json",
      "filtered": "crData/Experiencia_del_Cliente_6369/Experiencia_del_Cliente_85-07_55314/filtered_results.json",
      "final": "crData/Experiencia_del_Cliente_6369/Experiencia_del_Cliente_85-07_55314/final_results.json",
      "statistics": "crData/Experiencia_del_Cliente_6369/Experiencia_del_Cliente_85-07_55314/statistics_results.json"
    },
    "85-08": {
      "base_folder": "crData/Experiencia_del_Cliente_6369/Experiencia_del_Cliente_85-08_55362",
      "term_results_folder": "crData/Experiencia_del_Cliente_6369/Experiencia_del_Cliente_85-08_55362/term_results",
      "merged": "crData/Experiencia_del_Cliente_6369/Experiencia_del_Cliente_85-08_55362/merged_results.json",
      "filtered": "crData/Experiencia_del_Cliente_6369/Experiencia_del_Cliente_85-08_55362/filtered_results.json",
      "final": "crData/Experiencia_del_Cliente_6369/Experiencia_del_Cliente_85-08_55362/final_results.json",
      "statistics": "crData/Experiencia_del_Cliente_6369/Experiencia_del_Cliente_85-08_55362/statistics_results.json"
    },
    "85-09": {
      "base_folder": "crData/Experiencia_del_Cliente_6369/Experiencia_del_Cliente_85-09_55408",
      "term_results_folder": "crData/Experiencia_del_Cliente_6369/Experiencia_del_Cliente_85-09_55408/term_results",
      "merged": "crData/Experiencia_del_Cliente_6369/Experiencia_del_Cliente_85-09_55408/merged_results.json",
      "filtered": "crData/Experiencia_del_Cliente_6369/Experiencia_del_Cliente_85-09_55408/filtered_results.json",
      "final": "crData/Experiencia_del_Cliente_6369/Experiencia_del_Cliente_85-09_55408/final_results.json",
      "statistics": "crData/Experiencia_del_Cliente_6369/Experiencia_del_Cliente_85-09_55408/statistics_results.json"
    },
    "85-10": {
      "base_folder": "crData/Experiencia_del_Cliente_6369/Experiencia_del_Cliente_85-10_55442",
      "term_results_folder": "crData/Experiencia_del_Cliente_6369/Experiencia_del_Cliente_85-10_55442/term_results",
      "merged": "crData/Experiencia_del_Cliente_6369/Experiencia_del_Cliente_85-10_55442/merged_results.json",
      "filtered": "crData/Experiencia_del_Cliente_6369/Experiencia_del_Cliente_85-10_55442/filtered_results.json",
      "final": "crData/Experiencia_del_Cliente_6369/Experiencia_del_Cliente_85-10_55442/final_results.json",
      "statistics": "crData/Experiencia_del_Cliente_6369/Experiencia_del_Cliente_85-10_55442/statistics_results.json"
    },
    "85-11": {
      "base_folder": "crData/Experiencia_del_Cliente_6369/Experiencia_del_Cliente_85-11_55473",
      "term_results_folder": "crData/Experiencia_del_Cliente_6369/Experiencia_del_Cliente_85-11_55473/term_results",
      "merged": "crData/Experiencia_del_Cliente_6369/Experiencia_del_Cliente_85-11_55473/merged_results.json",
      "filtered": "crData/Experiencia_del_Cliente_6369/Experiencia_del_Cliente_85-11_55473/filtered_results.json",
      "final": "crData/Experiencia_del_Cliente_6369/Experiencia_del_Cliente_85-11_55473/final_results.json",
      "statistics": "crData/Experiencia_del_Cliente_6369/Experiencia_del_Cliente_85-11_55473/statistics_results.json"
    },
    "85-12": {
      "base_folder": "crData/Experiencia_del_Cliente_6369/Experiencia_del_Cliente_85-12_55505",
      "term_results_folder": "crData/Experiencia_del_Cliente_6369/Experiencia_del_Cliente_85-12_55505/term_results",
      "merged": "crData/Experiencia_del_Cliente_6369/Experiencia_del_Cliente_85-12_55505/merged_results.json",
      "filtered": "crData/Experiencia_del_Cliente_6369/Experiencia_del_Cliente_85-12_55505/filtered_results.json",
      "final": "crData/Experiencia_del_Cliente_6369/Experiencia_del_Cliente_85-12_55505/final_results.json",
      "statistics": "crData/Experiencia_del_Cliente_6369/Experiencia_del_Cliente_85-12_55505/statistics_results.json"
    }
  }
}