{
  "tool_name": "Experiencia del Cliente",
  "year": "1972",
  "monthly_stats": {
    "72-01": {
      "tool_name": "Experiencia del Cliente",
      "batch_id": "46124",
      "date": "72-01",
      "initial_count": 4,
      "filtered_count": 0,
      "final_count": 0,
      "duplicate_count": 0,
      "terms": {
        "Customer": 4
      },
      "file_paths": {
        "base_folder": "crData/Experiencia_del_Cliente_6369/Experiencia_del_Cliente_72-01_46124",
        "term_results_folder": "crData/Experiencia_del_Cliente_6369/Experiencia_del_Cliente_72-01_46124/term_results",
        "merged": "crData/Experiencia_del_Cliente_6369/Experiencia_del_Cliente_72-01_46124/merged_results.json",
        "filtered": "crData/Experiencia_del_Cliente_6369/Experiencia_del_Cliente_72-01_46124/filtered_results.json",
        "final": "crData/Experiencia_del_Cliente_6369/Experiencia_del_Cliente_72-01_46124/final_results.json",
        "statistics": "crData/Experiencia_del_Cliente_6369/Experiencia_del_Cliente_72-01_46124/statistics_results.json"
      },
      "processing_time": 1.4436242580413818,
      "total_crossref": 166736,
      "crossref_percentage": 0.0
    },
    "72-02": {
      "tool_name": "Experiencia del Cliente",
      "batch_id": "46154",
      "date": "72-02",
      "initial_count": 1,
      "filtered_count": 0,
      "final_count": 0,
      "duplicate_count": 0,
      "terms": {
        "Customer": 1
      },
      "file_paths": {
        "base_folder": "crData/Experiencia_del_Cliente_6369/Experiencia_del_Cliente_72-02_46154",
        "term_results_folder": "crData/Experiencia_del_Cliente_6369/Experiencia_del_Cliente_72-02_46154/term_results",
        "merged": "crData/Experiencia_del_Cliente_6369/Experiencia_del_Cliente_72-02_46154/merged_results.json",
        "filtered": "crData/Experiencia_del_Cliente_6369/Experiencia_del_Cliente_72-02_46154/filtered_results.json",
        "final": "crData/Experiencia_del_Cliente_6369/Experiencia_del_Cliente_72-02_46154/final_results.json",
        "statistics": "crData/Experiencia_del_Cliente_6369/Experiencia_del_Cliente_72-02_46154/statistics_results.json"
      },
      "processing_time": 1.351802110671997,
      "total_crossref": 28635,
      "crossref_percentage": 0.0
    },
    "72-03": {
      "tool_name": "Experiencia del Cliente",
      "batch_id": "46183",
      "date": "72-03",
      "initial_count": 1,
      "filtered_count": 0,
      "final_count": 0,
      "duplicate_count": 0,
      "terms": {
        "Customer": 1
      },
      "file_paths": {
        "base_folder": "crData/Experiencia_del_Cliente_6369/Experiencia_del_Cliente_72-03_46183",
        "term_results_folder": "crData/Experiencia_del_Cliente_6369/Experiencia_del_Cliente_72-03_46183/term_results",
        "merged": "crData/Experiencia_del_Cliente_6369/Experiencia_del_Cliente_72-03_46183/merged_results.json",
        "filtered": "crData/Experiencia_del_Cliente_6369/Experiencia_del_Cliente_72-03_46183/filtered_results.json",
        "final": "crData/Experiencia_del_Cliente_6369/Experiencia_del_Cliente_72-03_46183/final_results.json",
        "statistics": "crData/Experiencia_del_Cliente_6369/Experiencia_del_Cliente_72-03_46183/statistics_results.json"
      },
      "processing_time": 0.9614572525024414,
      "total_crossref": 35510,
      "crossref_percentage": 0.0
    },
    "72-04": {
      "tool_name": "Experiencia del Cliente",
      "batch_id": "46208",
      "date": "72-04",
      "initial_count": 0,
      "filtered_count": 0,
      "final_count": 0,
      "duplicate_count": 0,
      "terms": {
        "Customer": 0
      },
      "file_paths": {
        "base_folder": "crData/Experiencia_del_Cliente_6369/Experiencia_del_Cliente_72-04_46208",
        "term_results_folder": "crData/Experiencia_del_Cliente_6369/Experiencia_del_Cliente_72-04_46208/term_results",
        "merged": "crData/Experiencia_del_Cliente_6369/Experiencia_del_Cliente_72-04_46208/merged_results.json",
        "filtered": "crData/Experiencia_del_Cliente_6369/Experiencia_del_Cliente_72-04_46208/filtered_results.json",
        "final": "crData/Experiencia_del_Cliente_6369/Experiencia_del_Cliente_72-04_46208/final_results.json",
        "statistics": "crData/Experiencia_del_Cliente_6369/Experiencia_del_Cliente_72-04_46208/statistics_results.json"
      },
      "processing_time": 1.0822110176086426,
      "total_crossref": 32685,
      "crossref_percentage": 0.0
    },
    "72-05": {
      "tool_name": "Experiencia del Cliente",
      "batch_id": "46234",
      "date": "72-05",
      "initial_count": 0,
      "filtered_count": 0,
      "final_count": 0,
      "duplicate_count": 0,
      "terms": {
        "Customer": 0
      },
      "file_paths": {
        "base_folder": "crData/Experiencia_del_Cliente_6369/Experiencia_del_Cliente_72-05_46234",
        "term_results_folder": "crData/Experiencia_del_Cliente_6369/Experiencia_del_Cliente_72-05_46234/term_results",
        "merged": "crData/Experiencia_del_Cliente_6369/Experiencia_del_Cliente_72-05_46234/merged_results.json",
        "filtered": "crData/Experiencia_del_Cliente_6369/Experiencia_del_Cliente_72-05_46234/filtered_results.json",
        "final": "crData/Experiencia_del_Cliente_6369/Experiencia_del_Cliente_72-05_46234/final_results.json",
        "statistics": "crData/Experiencia_del_Cliente_6369/Experiencia_del_Cliente_72-05_46234/statistics_results.json"
      },
      "processing_time": 1.6533057689666748,
      "total_crossref": 29422,
      "crossref_percentage": 0.0
    },
    "72-06": {
      "tool_name": "Experiencia del Cliente",
      "batch_id": "46266",
      "date": "72-06",
      "initial_count": 0,
      "filtered_count": 0,
      "final_count": 0,
      "duplicate_count": 0,
      "terms": {
        "Customer": 0
      },
      "file_paths": {
        "base_folder": "crData/Experiencia_del_Cliente_6369/Experiencia_del_Cliente_72-06_46266",
        "term_results_folder": "crData/Experiencia_del_Cliente_6369/Experiencia_del_Cliente_72-06_46266/term_results",
        "merged": "crData/Experiencia_del_Cliente_6369/Experiencia_del_Cliente_72-06_46266/merged_results.json",
        "filtered": "crData/Experiencia_del_Cliente_6369/Experiencia_del_Cliente_72-06_46266/filtered_results.json",
        "final": "crData/Experiencia_del_Cliente_6369/Experiencia_del_Cliente_72-06_46266/final_results.json",
        "statistics": "crData/Experiencia_del_Cliente_6369/Experiencia_del_Cliente_72-06_46266/statistics_results.json"
      },
      "processing_time": 1.276026964187622,
      "total_crossref": 35517,
      "crossref_percentage": 0.0
    },
    "72-07": {
      "tool_name": "Experiencia del Cliente",
      "batch_id": "46293",
      "date": "72-07",
      "initial_count": 1,
      "filtered_count": 0,
      "final_count": 0,
      "duplicate_count": 0,
      "terms": {
        "Customer": 1
      },
      "file_paths": {
        "base_folder": "crData/Experiencia_del_Cliente_6369/Experiencia_del_Cliente_72-07_46293",
        "term_results_folder": "crData/Experiencia_del_Cliente_6369/Experiencia_del_Cliente_72-07_46293/term_results",
        "merged": "crData/Experiencia_del_Cliente_6369/Experiencia_del_Cliente_72-07_46293/merged_results.json",
        "filtered": "crData/Experiencia_del_Cliente_6369/Experiencia_del_Cliente_72-07_46293/filtered_results.json",
        "final": "crData/Experiencia_del_Cliente_6369/Experiencia_del_Cliente_72-07_46293/final_results.json",
        "statistics": "crData/Experiencia_del_Cliente_6369/Experiencia_del_Cliente_72-07_46293/statistics_results.json"
      },
      "processing_time": 1.1739330291748047,
      "total_crossref": 31056,
      "crossref_percentage": 0.0
    },
    "72-08": {
      "tool_name": "Experiencia del Cliente",
      "batch_id": "46321",
      "date": "72-08",
      "initial_count": 1,
      "filtered_count": 0,
      "final_count": 0,
      "duplicate_count": 0,
      "terms": {
        "Customer": 1
      },
      "file_paths": {
        "base_folder": "crData/Experiencia_del_Cliente_6369/Experiencia_del_Cliente_72-08_46321",
        "term_results_folder": "crData/Experiencia_del_Cliente_6369/Experiencia_del_Cliente_72-08_46321/term_results",
        "merged": "crData/Experiencia_del_Cliente_6369/Experiencia_del_Cliente_72-08_46321/merged_results.json",
        "filtered": "crData/Experiencia_del_Cliente_6369/Experiencia_del_Cliente_72-08_46321/filtered_results.json",
        "final": "crData/Experiencia_del_Cliente_6369/Experiencia_del_Cliente_72-08_46321/final_results.json",
        "statistics": "crData/Experiencia_del_Cliente_6369/Experiencia_del_Cliente_72-08_46321/statistics_results.json"
      },
      "processing_time": 1.9751410484313965,
      "total_crossref": 27118,
      "crossref_percentage": 0.0
    },
    "72-09": {
      "tool_name": "Experiencia del Cliente",
      "batch_id": "46355",
      "date": "72-09",
      "initial_count": 3,
      "filtered_count": 1,
      "final_count": 1,
      "duplicate_count": 0,
      "terms": {
        "Customer": 3
      },
      "file_paths": {
        "base_folder": "crData/Experiencia_del_Cliente_6369/Experiencia_del_Cliente_72-09_46355",
        "term_results_folder": "crData/Experiencia_del_Cliente_6369/Experiencia_del_Cliente_72-09_46355/term_results",
        "merged": "crData/Experiencia_del_Cliente_6369/Experiencia_del_Cliente_72-09_46355/merged_results.json",
        "filtered": "crData/Experiencia_del_Cliente_6369/Experiencia_del_Cliente_72-09_46355/filtered_results.json",
        "final": "crData/Experiencia_del_Cliente_6369/Experiencia_del_Cliente_72-09_46355/final_results.json",
        "statistics": "crData/Experiencia_del_Cliente_6369/Experiencia_del_Cliente_72-09_46355/statistics_results.json"
      },
      "processing_time": 1.2181370258331299,
      "total_crossref": 34685,
      "crossref_percentage": 0.002883090673201672
    },
    "72-10": {
      "tool_name": "Experiencia del Cliente",
      "batch_id": "46383",
      "date": "72-10",
      "initial_count": 1,
      "filtered_count": 0,
      "final_count": 0,
      "duplicate_count": 0,
      "terms": {
        "Customer": 1
      },
      "file_paths": {
        "base_folder": "crData/Experiencia_del_Cliente_6369/Experiencia_del_Cliente_72-10_46383",
        "term_results_folder": "crData/Experiencia_del_Cliente_6369/Experiencia_del_Cliente_72-10_46383/term_results",
        "merged": "crData/Experiencia_del_Cliente_6369/Experiencia_del_Cliente_72-10_46383/merged_results.json",
        "filtered": "crData/Experiencia_del_Cliente_6369/Experiencia_del_Cliente_72-10_46383/filtered_results.json",
        "final": "crData/Experiencia_del_Cliente_6369/Experiencia_del_Cliente_72-10_46383/final_results.json",
        "statistics": "crData/Experiencia_del_Cliente_6369/Experiencia_del_Cliente_72-10_46383/statistics_results.json"
      },
      "processing_time": 1.3792078495025635,
      "total_crossref": 32997,
      "crossref_percentage": 0.0
    },
    "72-11": {
      "tool_name": "Experiencia del Cliente",
      "batch_id": "46412",
      "date": "72-11",
      "initial_count": 0,
      "filtered_count": 0,
      "final_count": 0,
      "duplicate_count": 0,
      "terms": {
        "Customer": 0
      },
      "file_paths": {
        "base_folder": "crData/Experiencia_del_Cliente_6369/Experiencia_del_Cliente_72-11_46412",
        "term_results_folder": "crData/Experiencia_del_Cliente_6369/Experiencia_del_Cliente_72-11_46412/term_results",
        "merged": "crData/Experiencia_del_Cliente_6369/Experiencia_del_Cliente_72-11_46412/merged_results.json",
        "filtered": "crData/Experiencia_del_Cliente_6369/Experiencia_del_Cliente_72-11_46412/filtered_results.json",
        "final": "crData/Experiencia_del_Cliente_6369/Experiencia_del_Cliente_72-11_46412/final_results.json",
        "statistics": "crData/Experiencia_del_Cliente_6369/Experiencia_del_Cliente_72-11_46412/statistics_results.json"
      },
      "processing_time": 1.6850080490112305,
      "total_crossref": 29347,
      "crossref_percentage": 0.0
    },
    "72-12": {
      "tool_name": "Experiencia del Cliente",
      "batch_id": "46444",
      "date": "72-12",
      "initial_count": 0,
      "filtered_count": 0,
      "final_count": 0,
      "duplicate_count": 0,
      "terms": {
        "Customer": 0
      },
      "file_paths": {
        "base_folder": "crData/Experiencia_del_Cliente_6369/Experiencia_del_Cliente_72-12_46444",
        "term_results_folder": "crData/Experiencia_del_Cliente_6369/Experiencia_del_Cliente_72-12_46444/term_results",
        "merged": "crData/Experiencia_del_Cliente_6369/Experiencia_del_Cliente_72-12_46444/merged_results.json",
        "filtered": "crData/Experiencia_del_Cliente_6369/Experiencia_del_Cliente_72-12_46444/filtered_results.json",
        "final": "crData/Experiencia_del_Cliente_6369/Experiencia_del_Cliente_72-12_46444/final_results.json",
        "statistics": "crData/Experiencia_del_Cliente_6369/Experiencia_del_Cliente_72-12_46444/statistics_results.json"
      },
      "processing_time": 1.2177400588989258,
      "total_crossref": 55851,
      "crossref_percentage": 0.0
    }
  },
  "total_duplicates": 0,
  "monthly_files": {
    "72-01": {
      "base_folder": "crData/Experiencia_del_Cliente_6369/Experiencia_del_Cliente_72-01_46124",
      "term_results_folder": "crData/Experiencia_del_Cliente_6369/Experiencia_del_Cliente_72-01_46124/term_results",
      "merged": "crData/Experiencia_del_Cliente_6369/Experiencia_del_Cliente_72-01_46124/merged_results.json",
      "filtered": "crData/Experiencia_del_Cliente_6369/Experiencia_del_Cliente_72-01_46124/filtered_results.json",
      "final": "crData/Experiencia_del_Cliente_6369/Experiencia_del_Cliente_72-01_46124/final_results.json",
      "statistics": "crData/Experiencia_del_Cliente_6369/Experiencia_del_Cliente_72-01_46124/statistics_results.json"
    },
    "72-02": {
      "base_folder": "crData/Experiencia_del_Cliente_6369/Experiencia_del_Cliente_72-02_46154",
      "term_results_folder": "crData/Experiencia_del_Cliente_6369/Experiencia_del_Cliente_72-02_46154/term_results",
      "merged": "crData/Experiencia_del_Cliente_6369/Experiencia_del_Cliente_72-02_46154/merged_results.json",
      "filtered": "crData/Experiencia_del_Cliente_6369/Experiencia_del_Cliente_72-02_46154/filtered_results.json",
      "final": "crData/Experiencia_del_Cliente_6369/Experiencia_del_Cliente_72-02_46154/final_results.json",
      "statistics": "crData/Experiencia_del_Cliente_6369/Experiencia_del_Cliente_72-02_46154/statistics_results.json"
    },
    "72-03": {
      "base_folder": "crData/Experiencia_del_Cliente_6369/Experiencia_del_Cliente_72-03_46183",
      "term_results_folder": "crData/Experiencia_del_Cliente_6369/Experiencia_del_Cliente_72-03_46183/term_results",
      "merged": "crData/Experiencia_del_Cliente_6369/Experiencia_del_Cliente_72-03_46183/merged_results.json",
      "filtered": "crData/Experiencia_del_Cliente_6369/Experiencia_del_Cliente_72-03_46183/filtered_results.json",
      "final": "crData/Experiencia_del_Cliente_6369/Experiencia_del_Cliente_72-03_46183/final_results.json",
      "statistics": "crData/Experiencia_del_Cliente_6369/Experiencia_del_Cliente_72-03_46183/statistics_results.json"
    },
    "72-04": {
      "base_folder": "crData/Experiencia_del_Cliente_6369/Experiencia_del_Cliente_72-04_46208",
      "term_results_folder": "crData/Experiencia_del_Cliente_6369/Experiencia_del_Cliente_72-04_46208/term_results",
      "merged": "crData/Experiencia_del_Cliente_6369/Experiencia_del_Cliente_72-04_46208/merged_results.json",
      "filtered": "crData/Experiencia_del_Cliente_6369/Experiencia_del_Cliente_72-04_46208/filtered_results.json",
      "final": "crData/Experiencia_del_Cliente_6369/Experiencia_del_Cliente_72-04_46208/final_results.json",
      "statistics": "crData/Experiencia_del_Cliente_6369/Experiencia_del_Cliente_72-04_46208/statistics_results.json"
    },
    "72-05": {
      "base_folder": "crData/Experiencia_del_Cliente_6369/Experiencia_del_Cliente_72-05_46234",
      "term_results_folder": "crData/Experiencia_del_Cliente_6369/Experiencia_del_Cliente_72-05_46234/term_results",
      "merged": "crData/Experiencia_del_Cliente_6369/Experiencia_del_Cliente_72-05_46234/merged_results.json",
      "filtered": "crData/Experiencia_del_Cliente_6369/Experiencia_del_Cliente_72-05_46234/filtered_results.json",
      "final": "crData/Experiencia_del_Cliente_6369/Experiencia_del_Cliente_72-05_46234/final_results.json",
      "statistics": "crData/Experiencia_del_Cliente_6369/Experiencia_del_Cliente_72-05_46234/statistics_results.json"
    },
    "72-06": {
      "base_folder": "crData/Experiencia_del_Cliente_6369/Experiencia_del_Cliente_72-06_46266",
      "term_results_folder": "crData/Experiencia_del_Cliente_6369/Experiencia_del_Cliente_72-06_46266/term_results",
      "merged": "crData/Experiencia_del_Cliente_6369/Experiencia_del_Cliente_72-06_46266/merged_results.json",
      "filtered": "crData/Experiencia_del_Cliente_6369/Experiencia_del_Cliente_72-06_46266/filtered_results.json",
      "final": "crData/Experiencia_del_Cliente_6369/Experiencia_del_Cliente_72-06_46266/final_results.json",
      "statistics": "crData/Experiencia_del_Cliente_6369/Experiencia_del_Cliente_72-06_46266/statistics_results.json"
    },
    "72-07": {
      "base_folder": "crData/Experiencia_del_Cliente_6369/Experiencia_del_Cliente_72-07_46293",
      "term_results_folder": "crData/Experiencia_del_Cliente_6369/Experiencia_del_Cliente_72-07_46293/term_results",
      "merged": "crData/Experiencia_del_Cliente_6369/Experiencia_del_Cliente_72-07_46293/merged_results.json",
      "filtered": "crData/Experiencia_del_Cliente_6369/Experiencia_del_Cliente_72-07_46293/filtered_results.json",
      "final": "crData/Experiencia_del_Cliente_6369/Experiencia_del_Cliente_72-07_46293/final_results.json",
      "statistics": "crData/Experiencia_del_Cliente_6369/Experiencia_del_Cliente_72-07_46293/statistics_results.json"
    },
    "72-08": {
      "base_folder": "crData/Experiencia_del_Cliente_6369/Experiencia_del_Cliente_72-08_46321",
      "term_results_folder": "crData/Experiencia_del_Cliente_6369/Experiencia_del_Cliente_72-08_46321/term_results",
      "merged": "crData/Experiencia_del_Cliente_6369/Experiencia_del_Cliente_72-08_46321/merged_results.json",
      "filtered": "crData/Experiencia_del_Cliente_6369/Experiencia_del_Cliente_72-08_46321/filtered_results.json",
      "final": "crData/Experiencia_del_Cliente_6369/Experiencia_del_Cliente_72-08_46321/final_results.json",
      "statistics": "crData/Experiencia_del_Cliente_6369/Experiencia_del_Cliente_72-08_46321/statistics_results.json"
    },
    "72-09": {
      "base_folder": "crData/Experiencia_del_Cliente_6369/Experiencia_del_Cliente_72-09_46355",
      "term_results_folder": "crData/Experiencia_del_Cliente_6369/Experiencia_del_Cliente_72-09_46355/term_results",
      "merged": "crData/Experiencia_del_Cliente_6369/Experiencia_del_Cliente_72-09_46355/merged_results.json",
      "filtered": "crData/Experiencia_del_Cliente_6369/Experiencia_del_Cliente_72-09_46355/filtered_results.json",
      "final": "crData/Experiencia_del_Cliente_6369/Experiencia_del_Cliente_72-09_46355/final_results.json",
      "statistics": "crData/Experiencia_del_Cliente_6369/Experiencia_del_Cliente_72-09_46355/statistics_results.json"
    },
    "72-10": {
      "base_folder": "crData/Experiencia_del_Cliente_6369/Experiencia_del_Cliente_72-10_46383",
      "term_results_folder": "crData/Experiencia_del_Cliente_6369/Experiencia_del_Cliente_72-10_46383/term_results",
      "merged": "crData/Experiencia_del_Cliente_6369/Experiencia_del_Cliente_72-10_46383/merged_results.json",
      "filtered": "crData/Experiencia_del_Cliente_6369/Experiencia_del_Cliente_72-10_46383/filtered_results.json",
      "final": "crData/Experiencia_del_Cliente_6369/Experiencia_del_Cliente_72-10_46383/final_results.json",
      "statistics": "crData/Experiencia_del_Cliente_6369/Experiencia_del_Cliente_72-10_46383/statistics_results.json"
    },
    "72-11": {
      "base_folder": "crData/Experiencia_del_Cliente_6369/Experiencia_del_Cliente_72-11_46412",
      "term_results_folder": "crData/Experiencia_del_Cliente_6369/Experiencia_del_Cliente_72-11_46412/term_results",
      "merged": "crData/Experiencia_del_Cliente_6369/Experiencia_del_Cliente_72-11_46412/merged_results.json",
      "filtered": "crData/Experiencia_del_Cliente_6369/Experiencia_del_Cliente_72-11_46412/filtered_results.json",
      "final": "crData/Experiencia_del_Cliente_6369/Experiencia_del_Cliente_72-11_46412/final_results.json",
      "statistics": "crData/Experiencia_del_Cliente_6369/Experiencia_del_Cliente_72-11_46412/statistics_results.json"
    },
    "72-12": {
      "base_folder": "crData/Experiencia_del_Cliente_6369/Experiencia_del_Cliente_72-12_46444",
      "term_results_folder": "crData/Experiencia_del_Cliente_6369/Experiencia_del_Cliente_72-12_46444/term_results",
      "merged": "crData/Experiencia_del_Cliente_6369/Experiencia_del_Cliente_72-12_46444/merged_results.json",
      "filtered": "crData/Experiencia_del_Cliente_6369/Experiencia_del_Cliente_72-12_46444/filtered_results.json",
      "final": "crData/Experiencia_del_Cliente_6369/Experiencia_del_Cliente_72-12_46444/final_results.json",
      "statistics": "crData/Experiencia_del_Cliente_6369/Experiencia_del_Cliente_72-12_46444/statistics_results.json"
    }
  }
}