{
  "tool_name": "Experiencia del Cliente",
  "year": "2015",
  "monthly_stats": {
    "15-01": {
      "tool_name": "Experiencia del Cliente",
      "batch_id": "23093",
      "date": "15-01",
      "initial_count": 1224,
      "filtered_count": 228,
      "final_count": 228,
      "duplicate_count": 0,
      "terms": {
        "Customer": 1225
      },
      "file_paths": {
        "base_folder": "crData/Experiencia_del_Cliente_6369/Experiencia_del_Cliente_15-01_23093",
        "term_results_folder": "crData/Experiencia_del_Cliente_6369/Experiencia_del_Cliente_15-01_23093/term_results",
        "merged": "crData/Experiencia_del_Cliente_6369/Experiencia_del_Cliente_15-01_23093/merged_results.json",
        "filtered": "crData/Experiencia_del_Cliente_6369/Experiencia_del_Cliente_15-01_23093/filtered_results.json",
        "final": "crData/Experiencia_del_Cliente_6369/Experiencia_del_Cliente_15-01_23093/final_results.json",
        "statistics": "crData/Experiencia_del_Cliente_6369/Experiencia_del_Cliente_15-01_23093/statistics_results.json"
      },
      "processing_time": 6.923204183578491,
      "total_crossref": 1208126,
      "crossref_percentage": 0.01887220372709469
    },
    "15-02": {
      "tool_name": "Experiencia del Cliente",
      "batch_id": "23177",
      "date": "15-02",
      "initial_count": 117,
      "filtered_count": 27,
      "final_count": 27,
      "duplicate_count": 0,
      "terms": {
        "Customer": 117
      },
      "file_paths": {
        "base_folder": "crData/Experiencia_del_Cliente_6369/Experiencia_del_Cliente_15-02_23177",
        "term_results_folder": "crData/Experiencia_del_Cliente_6369/Experiencia_del_Cliente_15-02_23177/term_results",
        "merged": "crData/Experiencia_del_Cliente_6369/Experiencia_del_Cliente_15-02_23177/merged_results.json",
        "filtered": "crData/Experiencia_del_Cliente_6369/Experiencia_del_Cliente_15-02_23177/filtered_results.json",
        "final": "crData/Experiencia_del_Cliente_6369/Experiencia_del_Cliente_15-02_23177/final_results.json",
        "statistics": "crData/Experiencia_del_Cliente_6369/Experiencia_del_Cliente_15-02_23177/statistics_results.json"
      },
      "processing_time": 2.9066150188446045,
      "total_crossref": 231585,
      "crossref_percentage": 0.011658786190815467
    },
    "15-03": {
      "tool_name": "Experiencia del Cliente",
      "batch_id": "23222",
      "date": "15-03",
      "initial_count": 151,
      "filtered_count": 39,
      "final_count": 39,
      "duplicate_count": 0,
      "terms": {
        "Customer": 151
      },
      "file_paths": {
        "base_folder": "crData/Experiencia_del_Cliente_6369/Experiencia_del_Cliente_15-03_23222",
        "term_results_folder": "crData/Experiencia_del_Cliente_6369/Experiencia_del_Cliente_15-03_23222/term_results",
        "merged": "crData/Experiencia_del_Cliente_6369/Experiencia_del_Cliente_15-03_23222/merged_results.json",
        "filtered": "crData/Experiencia_del_Cliente_6369/Experiencia_del_Cliente_15-03_23222/filtered_results.json",
        "final": "crData/Experiencia_del_Cliente_6369/Experiencia_del_Cliente_15-03_23222/final_results.json",
        "statistics": "crData/Experiencia_del_Cliente_6369/Experiencia_del_Cliente_15-03_23222/statistics_results.json"
      },
      "processing_time": 4.217123985290527,
      "total_crossref": 297775,
      "crossref_percentage": 0.013097137100159516
    },
    "15-04": {
      "tool_name": "Experiencia del Cliente",
      "batch_id": "23279",
      "date": "15-04",
      "initial_count": 162,
      "filtered_count": 26,
      "final_count": 26,
      "duplicate_count": 0,
      "terms": {
        "Customer": 163
      },
      "file_paths": {
        "base_folder": "crData/Experiencia_del_Cliente_6369/Experiencia_del_Cliente_15-04_23279",
        "term_results_folder": "crData/Experiencia_del_Cliente_6369/Experiencia_del_Cliente_15-04_23279/term_results",
        "merged": "crData/Experiencia_del_Cliente_6369/Experiencia_del_Cliente_15-04_23279/merged_results.json",
        "filtered": "crData/Experiencia_del_Cliente_6369/Experiencia_del_Cliente_15-04_23279/filtered_results.json",
        "final": "crData/Experiencia_del_Cliente_6369/Experiencia_del_Cliente_15-04_23279/final_results.json",
        "statistics": "crData/Experiencia_del_Cliente_6369/Experiencia_del_Cliente_15-04_23279/statistics_results.json"
      },
      "processing_time": 4.071282863616943,
      "total_crossref": 304667,
      "crossref_percentage": 0.008533907512136202
    },
    "15-05": {
      "tool_name": "Experiencia del Cliente",
      "batch_id": "23335",
      "date": "15-05",
      "initial_count": 162,
      "filtered_count": 34,
      "final_count": 34,
      "duplicate_count": 0,
      "terms": {
        "Customer": 162
      },
      "file_paths": {
        "base_folder": "crData/Experiencia_del_Cliente_6369/Experiencia_del_Cliente_15-05_23335",
        "term_results_folder": "crData/Experiencia_del_Cliente_6369/Experiencia_del_Cliente_15-05_23335/term_results",
        "merged": "crData/Experiencia_del_Cliente_6369/Experiencia_del_Cliente_15-05_23335/merged_results.json",
        "filtered": "crData/Experiencia_del_Cliente_6369/Experiencia_del_Cliente_15-05_23335/filtered_results.json",
        "final": "crData/Experiencia_del_Cliente_6369/Experiencia_del_Cliente_15-05_23335/final_results.json",
        "statistics": "crData/Experiencia_del_Cliente_6369/Experiencia_del_Cliente_15-05_23335/statistics_results.json"
      },
      "processing_time": 4.764333248138428,
      "total_crossref": 289085,
      "crossref_percentage": 0.011761246692149369
    },
    "15-06": {
      "tool_name": "Experiencia del Cliente",
      "batch_id": "23398",
      "date": "15-06",
      "initial_count": 233,
      "filtered_count": 55,
      "final_count": 55,
      "duplicate_count": 0,
      "terms": {
        "Customer": 233
      },
      "file_paths": {
        "base_folder": "crData/Experiencia_del_Cliente_6369/Experiencia_del_Cliente_15-06_23398",
        "term_results_folder": "crData/Experiencia_del_Cliente_6369/Experiencia_del_Cliente_15-06_23398/term_results",
        "merged": "crData/Experiencia_del_Cliente_6369/Experiencia_del_Cliente_15-06_23398/merged_results.json",
        "filtered": "crData/Experiencia_del_Cliente_6369/Experiencia_del_Cliente_15-06_23398/filtered_results.json",
        "final": "crData/Experiencia_del_Cliente_6369/Experiencia_del_Cliente_15-06_23398/final_results.json",
        "statistics": "crData/Experiencia_del_Cliente_6369/Experiencia_del_Cliente_15-06_23398/statistics_results.json"
      },
      "processing_time": 4.899428844451904,
      "total_crossref": 332669,
      "crossref_percentage": 0.016532950169688188
    },
    "15-07": {
      "tool_name": "Experiencia del Cliente",
      "batch_id": "23462",
      "date": "15-07",
      "initial_count": 161,
      "filtered_count": 32,
      "final_count": 32,
      "duplicate_count": 0,
      "terms": {
        "Customer": 162
      },
      "file_paths": {
        "base_folder": "crData/Experiencia_del_Cliente_6369/Experiencia_del_Cliente_15-07_23462",
        "term_results_folder": "crData/Experiencia_del_Cliente_6369/Experiencia_del_Cliente_15-07_23462/term_results",
        "merged": "crData/Experiencia_del_Cliente_6369/Experiencia_del_Cliente_15-07_23462/merged_results.json",
        "filtered": "crData/Experiencia_del_Cliente_6369/Experiencia_del_Cliente_15-07_23462/filtered_results.json",
        "final": "crData/Experiencia_del_Cliente_6369/Experiencia_del_Cliente_15-07_23462/final_results.json",
        "statistics": "crData/Experiencia_del_Cliente_6369/Experiencia_del_Cliente_15-07_23462/statistics_results.json"
      },
      "processing_time": 4.303359031677246,
      "total_crossref": 287389,
      "crossref_percentage": 0.011134733758077033
    },
    "15-08": {
      "tool_name": "Experiencia del Cliente",
      "batch_id": "23521",
      "date": "15-08",
      "initial_count": 220,
      "filtered_count": 50,
      "final_count": 50,
      "duplicate_count": 0,
      "terms": {
        "Customer": 220
      },
      "file_paths": {
        "base_folder": "crData/Experiencia_del_Cliente_6369/Experiencia_del_Cliente_15-08_23521",
        "term_results_folder": "crData/Experiencia_del_Cliente_6369/Experiencia_del_Cliente_15-08_23521/term_results",
        "merged": "crData/Experiencia_del_Cliente_6369/Experiencia_del_Cliente_15-08_23521/merged_results.json",
        "filtered": "crData/Experiencia_del_Cliente_6369/Experiencia_del_Cliente_15-08_23521/filtered_results.json",
        "final": "crData/Experiencia_del_Cliente_6369/Experiencia_del_Cliente_15-08_23521/final_results.json",
        "statistics": "crData/Experiencia_del_Cliente_6369/Experiencia_del_Cliente_15-08_23521/statistics_results.json"
      },
      "processing_time": 2.183706760406494,
      "total_crossref": 272170,
      "crossref_percentage": 0.018370871146709777
    },
    "15-09": {
      "tool_name": "Experiencia del Cliente",
      "batch_id": "23558",
      "date": "15-09",
      "initial_count": 196,
      "filtered_count": 43,
      "final_count": 43,
      "duplicate_count": 0,
      "terms": {
        "Customer": 196
      },
      "file_paths": {
        "base_folder": "crData/Experiencia_del_Cliente_6369/Experiencia_del_Cliente_15-09_23558",
        "term_results_folder": "crData/Experiencia_del_Cliente_6369/Experiencia_del_Cliente_15-09_23558/term_results",
        "merged": "crData/Experiencia_del_Cliente_6369/Experiencia_del_Cliente_15-09_23558/merged_results.json",
        "filtered": "crData/Experiencia_del_Cliente_6369/Experiencia_del_Cliente_15-09_23558/filtered_results.json",
        "final": "crData/Experiencia_del_Cliente_6369/Experiencia_del_Cliente_15-09_23558/final_results.json",
        "statistics": "crData/Experiencia_del_Cliente_6369/Experiencia_del_Cliente_15-09_23558/statistics_results.json"
      },
      "processing_time": 3.6110358238220215,
      "total_crossref": 340200,
      "crossref_percentage": 0.012639623750734862
    },
    "15-10": {
      "tool_name": "Experiencia del Cliente",
      "batch_id": "24009",
      "date": "15-10",
      "initial_count": 215,
      "filtered_count": 43,
      "final_count": 43,
      "duplicate_count": 0,
      "terms": {
        "Customer": 216
      },
      "file_paths": {
        "base_folder": "crData/Experiencia_del_Cliente_6369/Experiencia_del_Cliente_15-10_24009",
        "term_results_folder": "crData/Experiencia_del_Cliente_6369/Experiencia_del_Cliente_15-10_24009/term_results",
        "merged": "crData/Experiencia_del_Cliente_6369/Experiencia_del_Cliente_15-10_24009/merged_results.json",
        "filtered": "crData/Experiencia_del_Cliente_6369/Experiencia_del_Cliente_15-10_24009/filtered_results.json",
        "final": "crData/Experiencia_del_Cliente_6369/Experiencia_del_Cliente_15-10_24009/final_results.json",
        "statistics": "crData/Experiencia_del_Cliente_6369/Experiencia_del_Cliente_15-10_24009/statistics_results.json"
      },
      "processing_time": 5.683058738708496,
      "total_crossref": 329870,
      "crossref_percentage": 0.013035438202928427
    },
    "15-11": {
      "tool_name": "Experiencia del Cliente",
      "batch_id": "24081",
      "date": "15-11",
      "initial_count": 188,
      "filtered_count": 37,
      "final_count": 37,
      "duplicate_count": 0,
      "terms": {
        "Customer": 188
      },
      "file_paths": {
        "base_folder": "crData/Experiencia_del_Cliente_6369/Experiencia_del_Cliente_15-11_24081",
        "term_results_folder": "crData/Experiencia_del_Cliente_6369/Experiencia_del_Cliente_15-11_24081/term_results",
        "merged": "crData/Experiencia_del_Cliente_6369/Experiencia_del_Cliente_15-11_24081/merged_results.json",
        "filtered": "crData/Experiencia_del_Cliente_6369/Experiencia_del_Cliente_15-11_24081/filtered_results.json",
        "final": "crData/Experiencia_del_Cliente_6369/Experiencia_del_Cliente_15-11_24081/final_results.json",
        "statistics": "crData/Experiencia_del_Cliente_6369/Experiencia_del_Cliente_15-11_24081/statistics_results.json"
      },
      "processing_time": 3.314678192138672,
      "total_crossref": 309898,
      "crossref_percentage": 0.011939412322764263
    },
    "15-12": {
      "tool_name": "Experiencia del Cliente",
      "batch_id": "24130",
      "date": "15-12",
      "initial_count": 267,
      "filtered_count": 55,
      "final_count": 55,
      "duplicate_count": 0,
      "terms": {
        "Customer": 267
      },
      "file_paths": {
        "base_folder": "crData/Experiencia_del_Cliente_6369/Experiencia_del_Cliente_15-12_24130",
        "term_results_folder": "crData/Experiencia_del_Cliente_6369/Experiencia_del_Cliente_15-12_24130/term_results",
        "merged": "crData/Experiencia_del_Cliente_6369/Experiencia_del_Cliente_15-12_24130/merged_results.json",
        "filtered": "crData/Experiencia_del_Cliente_6369/Experiencia_del_Cliente_15-12_24130/filtered_results.json",
        "final": "crData/Experiencia_del_Cliente_6369/Experiencia_del_Cliente_15-12_24130/final_results.json",
        "statistics": "crData/Experiencia_del_Cliente_6369/Experiencia_del_Cliente_15-12_24130/statistics_results.json"
      },
      "processing_time": 5.976298093795776,
      "total_crossref": 451832,
      "crossref_percentage": 0.012172665946635032
    }
  },
  "total_duplicates": 0,
  "monthly_files": {
    "15-01": {
      "base_folder": "crData/Experiencia_del_Cliente_6369/Experiencia_del_Cliente_15-01_23093",
      "term_results_folder": "crData/Experiencia_del_Cliente_6369/Experiencia_del_Cliente_15-01_23093/term_results",
      "merged": "crData/Experiencia_del_Cliente_6369/Experiencia_del_Cliente_15-01_23093/merged_results.json",
      "filtered": "crData/Experiencia_del_Cliente_6369/Experiencia_del_Cliente_15-01_23093/filtered_results.json",
      "final": "crData/Experiencia_del_Cliente_6369/Experiencia_del_Cliente_15-01_23093/final_results.json",
      "statistics": "crData/Experiencia_del_Cliente_6369/Experiencia_del_Cliente_15-01_23093/statistics_results.json"
    },
    "15-02": {
      "base_folder": "crData/Experiencia_del_Cliente_6369/Experiencia_del_Cliente_15-02_23177",
      "term_results_folder": "crData/Experiencia_del_Cliente_6369/Experiencia_del_Cliente_15-02_23177/term_results",
      "merged": "crData/Experiencia_del_Cliente_6369/Experiencia_del_Cliente_15-02_23177/merged_results.json",
      "filtered": "crData/Experiencia_del_Cliente_6369/Experiencia_del_Cliente_15-02_23177/filtered_results.json",
      "final": "crData/Experiencia_del_Cliente_6369/Experiencia_del_Cliente_15-02_23177/final_results.json",
      "statistics": "crData/Experiencia_del_Cliente_6369/Experiencia_del_Cliente_15-02_23177/statistics_results.json"
    },
    "15-03": {
      "base_folder": "crData/Experiencia_del_Cliente_6369/Experiencia_del_Cliente_15-03_23222",
      "term_results_folder": "crData/Experiencia_del_Cliente_6369/Experiencia_del_Cliente_15-03_23222/term_results",
      "merged": "crData/Experiencia_del_Cliente_6369/Experiencia_del_Cliente_15-03_23222/merged_results.json",
      "filtered": "crData/Experiencia_del_Cliente_6369/Experiencia_del_Cliente_15-03_23222/filtered_results.json",
      "final": "crData/Experiencia_del_Cliente_6369/Experiencia_del_Cliente_15-03_23222/final_results.json",
      "statistics": "crData/Experiencia_del_Cliente_6369/Experiencia_del_Cliente_15-03_23222/statistics_results.json"
    },
    "15-04": {
      "base_folder": "crData/Experiencia_del_Cliente_6369/Experiencia_del_Cliente_15-04_23279",
      "term_results_folder": "crData/Experiencia_del_Cliente_6369/Experiencia_del_Cliente_15-04_23279/term_results",
      "merged": "crData/Experiencia_del_Cliente_6369/Experiencia_del_Cliente_15-04_23279/merged_results.json",
      "filtered": "crData/Experiencia_del_Cliente_6369/Experiencia_del_Cliente_15-04_23279/filtered_results.json",
      "final": "crData/Experiencia_del_Cliente_6369/Experiencia_del_Cliente_15-04_23279/final_results.json",
      "statistics": "crData/Experiencia_del_Cliente_6369/Experiencia_del_Cliente_15-04_23279/statistics_results.json"
    },
    "15-05": {
      "base_folder": "crData/Experiencia_del_Cliente_6369/Experiencia_del_Cliente_15-05_23335",
      "term_results_folder": "crData/Experiencia_del_Cliente_6369/Experiencia_del_Cliente_15-05_23335/term_results",
      "merged": "crData/Experiencia_del_Cliente_6369/Experiencia_del_Cliente_15-05_23335/merged_results.json",
      "filtered": "crData/Experiencia_del_Cliente_6369/Experiencia_del_Cliente_15-05_23335/filtered_results.json",
      "final": "crData/Experiencia_del_Cliente_6369/Experiencia_del_Cliente_15-05_23335/final_results.json",
      "statistics": "crData/Experiencia_del_Cliente_6369/Experiencia_del_Cliente_15-05_23335/statistics_results.json"
    },
    "15-06": {
      "base_folder": "crData/Experiencia_del_Cliente_6369/Experiencia_del_Cliente_15-06_23398",
      "term_results_folder": "crData/Experiencia_del_Cliente_6369/Experiencia_del_Cliente_15-06_23398/term_results",
      "merged": "crData/Experiencia_del_Cliente_6369/Experiencia_del_Cliente_15-06_23398/merged_results.json",
      "filtered": "crData/Experiencia_del_Cliente_6369/Experiencia_del_Cliente_15-06_23398/filtered_results.json",
      "final": "crData/Experiencia_del_Cliente_6369/Experiencia_del_Cliente_15-06_23398/final_results.json",
      "statistics": "crData/Experiencia_del_Cliente_6369/Experiencia_del_Cliente_15-06_23398/statistics_results.json"
    },
    "15-07": {
      "base_folder": "crData/Experiencia_del_Cliente_6369/Experiencia_del_Cliente_15-07_23462",
      "term_results_folder": "crData/Experiencia_del_Cliente_6369/Experiencia_del_Cliente_15-07_23462/term_results",
      "merged": "crData/Experiencia_del_Cliente_6369/Experiencia_del_Cliente_15-07_23462/merged_results.json",
      "filtered": "crData/Experiencia_del_Cliente_6369/Experiencia_del_Cliente_15-07_23462/filtered_results.json",
      "final": "crData/Experiencia_del_Cliente_6369/Experiencia_del_Cliente_15-07_23462/final_results.json",
      "statistics": "crData/Experiencia_del_Cliente_6369/Experiencia_del_Cliente_15-07_23462/statistics_results.json"
    },
    "15-08": {
      "base_folder": "crData/Experiencia_del_Cliente_6369/Experiencia_del_Cliente_15-08_23521",
      "term_results_folder": "crData/Experiencia_del_Cliente_6369/Experiencia_del_Cliente_15-08_23521/term_results",
      "merged": "crData/Experiencia_del_Cliente_6369/Experiencia_del_Cliente_15-08_23521/merged_results.json",
      "filtered": "crData/Experiencia_del_Cliente_6369/Experiencia_del_Cliente_15-08_23521/filtered_results.json",
      "final": "crData/Experiencia_del_Cliente_6369/Experiencia_del_Cliente_15-08_23521/final_results.json",
      "statistics": "crData/Experiencia_del_Cliente_6369/Experiencia_del_Cliente_15-08_23521/statistics_results.json"
    },
    "15-09": {
      "base_folder": "crData/Experiencia_del_Cliente_6369/Experiencia_del_Cliente_15-09_23558",
      "term_results_folder": "crData/Experiencia_del_Cliente_6369/Experiencia_del_Cliente_15-09_23558/term_results",
      "merged": "crData/Experiencia_del_Cliente_6369/Experiencia_del_Cliente_15-09_23558/merged_results.json",
      "filtered": "crData/Experiencia_del_Cliente_6369/Experiencia_del_Cliente_15-09_23558/filtered_results.json",
      "final": "crData/Experiencia_del_Cliente_6369/Experiencia_del_Cliente_15-09_23558/final_results.json",
      "statistics": "crData/Experiencia_del_Cliente_6369/Experiencia_del_Cliente_15-09_23558/statistics_results.json"
    },
    "15-10": {
      "base_folder": "crData/Experiencia_del_Cliente_6369/Experiencia_del_Cliente_15-10_24009",
      "term_results_folder": "crData/Experiencia_del_Cliente_6369/Experiencia_del_Cliente_15-10_24009/term_results",
      "merged": "crData/Experiencia_del_Cliente_6369/Experiencia_del_Cliente_15-10_24009/merged_results.json",
      "filtered": "crData/Experiencia_del_Cliente_6369/Experiencia_del_Cliente_15-10_24009/filtered_results.json",
      "final": "crData/Experiencia_del_Cliente_6369/Experiencia_del_Cliente_15-10_24009/final_results.json",
      "statistics": "crData/Experiencia_del_Cliente_6369/Experiencia_del_Cliente_15-10_24009/statistics_results.json"
    },
    "15-11": {
      "base_folder": "crData/Experiencia_del_Cliente_6369/Experiencia_del_Cliente_15-11_24081",
      "term_results_folder": "crData/Experiencia_del_Cliente_6369/Experiencia_del_Cliente_15-11_24081/term_results",
      "merged": "crData/Experiencia_del_Cliente_6369/Experiencia_del_Cliente_15-11_24081/merged_results.json",
      "filtered": "crData/Experiencia_del_Cliente_6369/Experiencia_del_Cliente_15-11_24081/filtered_results.json",
      "final": "crData/Experiencia_del_Cliente_6369/Experiencia_del_Cliente_15-11_24081/final_results.json",
      "statistics": "crData/Experiencia_del_Cliente_6369/Experiencia_del_Cliente_15-11_24081/statistics_results.json"
    },
    "15-12": {
      "base_folder": "crData/Experiencia_del_Cliente_6369/Experiencia_del_Cliente_15-12_24130",
      "term_results_folder": "crData/Experiencia_del_Cliente_6369/Experiencia_del_Cliente_15-12_24130/term_results",
      "merged": "crData/Experiencia_del_Cliente_6369/Experiencia_del_Cliente_15-12_24130/merged_results.json",
      "filtered": "crData/Experiencia_del_Cliente_6369/Experiencia_del_Cliente_15-12_24130/filtered_results.json",
      "final": "crData/Experiencia_del_Cliente_6369/Experiencia_del_Cliente_15-12_24130/final_results.json",
      "statistics": "crData/Experiencia_del_Cliente_6369/Experiencia_del_Cliente_15-12_24130/statistics_results.json"
    }
  }
}