{
  "tool_name": "Experiencia del Cliente",
  "year": "2022",
  "monthly_stats": {
    "22-01": {
      "tool_name": "Experiencia del Cliente",
      "batch_id": "32311",
      "date": "22-01",
      "initial_count": 1748,
      "filtered_count": 389,
      "final_count": 389,
      "duplicate_count": 0,
      "terms": {
        "Customer": 1749
      },
      "file_paths": {
        "base_folder": "crData/Experiencia_del_Cliente_6369/Experiencia_del_Cliente_22-01_32311",
        "term_results_folder": "crData/Experiencia_del_Cliente_6369/Experiencia_del_Cliente_22-01_32311/term_results",
        "merged": "crData/Experiencia_del_Cliente_6369/Experiencia_del_Cliente_22-01_32311/merged_results.json",
        "filtered": "crData/Experiencia_del_Cliente_6369/Experiencia_del_Cliente_22-01_32311/filtered_results.json",
        "final": "crData/Experiencia_del_Cliente_6369/Experiencia_del_Cliente_22-01_32311/final_results.json",
        "statistics": "crData/Experiencia_del_Cliente_6369/Experiencia_del_Cliente_22-01_32311/statistics_results.json"
      },
      "processing_time": 9.847585916519165,
      "total_crossref": 1790391,
      "crossref_percentage": 0.021727097600468277
    },
    "22-02": {
      "tool_name": "Experiencia del Cliente",
      "batch_id": "32425",
      "date": "22-02",
      "initial_count": 372,
      "filtered_count": 109,
      "final_count": 109,
      "duplicate_count": 0,
      "terms": {
        "Customer": 372
      },
      "file_paths": {
        "base_folder": "crData/Experiencia_del_Cliente_6369/Experiencia_del_Cliente_22-02_32425",
        "term_results_folder": "crData/Experiencia_del_Cliente_6369/Experiencia_del_Cliente_22-02_32425/term_results",
        "merged": "crData/Experiencia_del_Cliente_6369/Experiencia_del_Cliente_22-02_32425/merged_results.json",
        "filtered": "crData/Experiencia_del_Cliente_6369/Experiencia_del_Cliente_22-02_32425/filtered_results.json",
        "final": "crData/Experiencia_del_Cliente_6369/Experiencia_del_Cliente_22-02_32425/final_results.json",
        "statistics": "crData/Experiencia_del_Cliente_6369/Experiencia_del_Cliente_22-02_32425/statistics_results.json"
      },
      "processing_time": 4.432693004608154,
      "total_crossref": 419173,
      "crossref_percentage": 0.02600358324605831
    },
    "22-03": {
      "tool_name": "Experiencia del Cliente",
      "batch_id": "32484",
      "date": "22-03",
      "initial_count": 500,
      "filtered_count": 121,
      "final_count": 121,
      "duplicate_count": 0,
      "terms": {
        "Customer": 500
      },
      "file_paths": {
        "base_folder": "crData/Experiencia_del_Cliente_6369/Experiencia_del_Cliente_22-03_32484",
        "term_results_folder": "crData/Experiencia_del_Cliente_6369/Experiencia_del_Cliente_22-03_32484/term_results",
        "merged": "crData/Experiencia_del_Cliente_6369/Experiencia_del_Cliente_22-03_32484/merged_results.json",
        "filtered": "crData/Experiencia_del_Cliente_6369/Experiencia_del_Cliente_22-03_32484/filtered_results.json",
        "final": "crData/Experiencia_del_Cliente_6369/Experiencia_del_Cliente_22-03_32484/final_results.json",
        "statistics": "crData/Experiencia_del_Cliente_6369/Experiencia_del_Cliente_22-03_32484/statistics_results.json"
      },
      "processing_time": 4.964568138122559,
      "total_crossref": 904664,
      "crossref_percentage": 0.01337513154054986
    },
    "22-04": {
      "tool_name": "Experiencia del Cliente",
      "batch_id": "32549",
      "date": "22-04",
      "initial_count": 452,
      "filtered_count": 121,
      "final_count": 121,
      "duplicate_count": 0,
      "terms": {
        "Customer": 452
      },
      "file_paths": {
        "base_folder": "crData/Experiencia_del_Cliente_6369/Experiencia_del_Cliente_22-04_32549",
        "term_results_folder": "crData/Experiencia_del_Cliente_6369/Experiencia_del_Cliente_22-04_32549/term_results",
        "merged": "crData/Experiencia_del_Cliente_6369/Experiencia_del_Cliente_22-04_32549/merged_results.json",
        "filtered": "crData/Experiencia_del_Cliente_6369/Experiencia_del_Cliente_22-04_32549/filtered_results.json",
        "final": "crData/Experiencia_del_Cliente_6369/Experiencia_del_Cliente_22-04_32549/final_results.json",
        "statistics": "crData/Experiencia_del_Cliente_6369/Experiencia_del_Cliente_22-04_32549/statistics_results.json"
      },
      "processing_time": 4.095177888870239,
      "total_crossref": 481417,
      "crossref_percentage": 0.025134135271500588
    },
    "22-05": {
      "tool_name": "Experiencia del Cliente",
      "batch_id": "33005",
      "date": "22-05",
      "initial_count": 537,
      "filtered_count": 116,
      "final_count": 116,
      "duplicate_count": 0,
      "terms": {
        "Customer": 537
      },
      "file_paths": {
        "base_folder": "crData/Experiencia_del_Cliente_6369/Experiencia_del_Cliente_22-05_33005",
        "term_results_folder": "crData/Experiencia_del_Cliente_6369/Experiencia_del_Cliente_22-05_33005/term_results",
        "merged": "crData/Experiencia_del_Cliente_6369/Experiencia_del_Cliente_22-05_33005/merged_results.json",
        "filtered": "crData/Experiencia_del_Cliente_6369/Experiencia_del_Cliente_22-05_33005/filtered_results.json",
        "final": "crData/Experiencia_del_Cliente_6369/Experiencia_del_Cliente_22-05_33005/final_results.json",
        "statistics": "crData/Experiencia_del_Cliente_6369/Experiencia_del_Cliente_22-05_33005/statistics_results.json"
      },
      "processing_time": 5.6800971031188965,
      "total_crossref": 505017,
      "crossref_percentage": 0.022969523798208772
    },
    "22-06": {
      "tool_name": "Experiencia del Cliente",
      "batch_id": "33077",
      "date": "22-06",
      "initial_count": 722,
      "filtered_count": 178,
      "final_count": 178,
      "duplicate_count": 0,
      "terms": {
        "Customer": 722
      },
      "file_paths": {
        "base_folder": "crData/Experiencia_del_Cliente_6369/Experiencia_del_Cliente_22-06_33077",
        "term_results_folder": "crData/Experiencia_del_Cliente_6369/Experiencia_del_Cliente_22-06_33077/term_results",
        "merged": "crData/Experiencia_del_Cliente_6369/Experiencia_del_Cliente_22-06_33077/merged_results.json",
        "filtered": "crData/Experiencia_del_Cliente_6369/Experiencia_del_Cliente_22-06_33077/filtered_results.json",
        "final": "crData/Experiencia_del_Cliente_6369/Experiencia_del_Cliente_22-06_33077/final_results.json",
        "statistics": "crData/Experiencia_del_Cliente_6369/Experiencia_del_Cliente_22-06_33077/statistics_results.json"
      },
      "processing_time": 5.831887245178223,
      "total_crossref": 603276,
      "crossref_percentage": 0.029505566274806223
    },
    "22-07": {
      "tool_name": "Experiencia del Cliente",
      "batch_id": "33151",
      "date": "22-07",
      "initial_count": 520,
      "filtered_count": 109,
      "final_count": 109,
      "duplicate_count": 0,
      "terms": {
        "Customer": 520
      },
      "file_paths": {
        "base_folder": "crData/Experiencia_del_Cliente_6369/Experiencia_del_Cliente_22-07_33151",
        "term_results_folder": "crData/Experiencia_del_Cliente_6369/Experiencia_del_Cliente_22-07_33151/term_results",
        "merged": "crData/Experiencia_del_Cliente_6369/Experiencia_del_Cliente_22-07_33151/merged_results.json",
        "filtered": "crData/Experiencia_del_Cliente_6369/Experiencia_del_Cliente_22-07_33151/filtered_results.json",
        "final": "crData/Experiencia_del_Cliente_6369/Experiencia_del_Cliente_22-07_33151/final_results.json",
        "statistics": "crData/Experiencia_del_Cliente_6369/Experiencia_del_Cliente_22-07_33151/statistics_results.json"
      },
      "processing_time": 4.396738052368164,
      "total_crossref": 498535,
      "crossref_percentage": 0.021864061700783297
    },
    "22-08": {
      "tool_name": "Experiencia del Cliente",
      "batch_id": "33210",
      "date": "22-08",
      "initial_count": 518,
      "filtered_count": 145,
      "final_count": 145,
      "duplicate_count": 0,
      "terms": {
        "Customer": 518
      },
      "file_paths": {
        "base_folder": "crData/Experiencia_del_Cliente_6369/Experiencia_del_Cliente_22-08_33210",
        "term_results_folder": "crData/Experiencia_del_Cliente_6369/Experiencia_del_Cliente_22-08_33210/term_results",
        "merged": "crData/Experiencia_del_Cliente_6369/Experiencia_del_Cliente_22-08_33210/merged_results.json",
        "filtered": "crData/Experiencia_del_Cliente_6369/Experiencia_del_Cliente_22-08_33210/filtered_results.json",
        "final": "crData/Experiencia_del_Cliente_6369/Experiencia_del_Cliente_22-08_33210/final_results.json",
        "statistics": "crData/Experiencia_del_Cliente_6369/Experiencia_del_Cliente_22-08_33210/statistics_results.json"
      },
      "processing_time": 5.892352104187012,
      "total_crossref": 485216,
      "crossref_percentage": 0.029883598232539735
    },
    "22-09": {
      "tool_name": "Experiencia del Cliente",
      "batch_id": "33284",
      "date": "22-09",
      "initial_count": 502,
      "filtered_count": 114,
      "final_count": 114,
      "duplicate_count": 0,
      "terms": {
        "Customer": 502
      },
      "file_paths": {
        "base_folder": "crData/Experiencia_del_Cliente_6369/Experiencia_del_Cliente_22-09_33284",
        "term_results_folder": "crData/Experiencia_del_Cliente_6369/Experiencia_del_Cliente_22-09_33284/term_results",
        "merged": "crData/Experiencia_del_Cliente_6369/Experiencia_del_Cliente_22-09_33284/merged_results.json",
        "filtered": "crData/Experiencia_del_Cliente_6369/Experiencia_del_Cliente_22-09_33284/filtered_results.json",
        "final": "crData/Experiencia_del_Cliente_6369/Experiencia_del_Cliente_22-09_33284/final_results.json",
        "statistics": "crData/Experiencia_del_Cliente_6369/Experiencia_del_Cliente_22-09_33284/statistics_results.json"
      },
      "processing_time": 5.178447961807251,
      "total_crossref": 555265,
      "crossref_percentage": 0.02053073757575212
    },
    "22-10": {
      "tool_name": "Experiencia del Cliente",
      "batch_id": "33351",
      "date": "22-10",
      "initial_count": 478,
      "filtered_count": 109,
      "final_count": 109,
      "duplicate_count": 0,
      "terms": {
        "Customer": 478
      },
      "file_paths": {
        "base_folder": "crData/Experiencia_del_Cliente_6369/Experiencia_del_Cliente_22-10_33351",
        "term_results_folder": "crData/Experiencia_del_Cliente_6369/Experiencia_del_Cliente_22-10_33351/term_results",
        "merged": "crData/Experiencia_del_Cliente_6369/Experiencia_del_Cliente_22-10_33351/merged_results.json",
        "filtered": "crData/Experiencia_del_Cliente_6369/Experiencia_del_Cliente_22-10_33351/filtered_results.json",
        "final": "crData/Experiencia_del_Cliente_6369/Experiencia_del_Cliente_22-10_33351/final_results.json",
        "statistics": "crData/Experiencia_del_Cliente_6369/Experiencia_del_Cliente_22-10_33351/statistics_results.json"
      },
      "processing_time": 7.449641227722168,
      "total_crossref": 539323,
      "crossref_percentage": 0.020210523192966
    },
    "22-11": {
      "tool_name": "Experiencia del Cliente",
      "batch_id": "33440",
      "date": "22-11",
      "initial_count": 503,
      "filtered_count": 112,
      "final_count": 112,
      "duplicate_count": 0,
      "terms": {
        "Customer": 503
      },
      "file_paths": {
        "base_folder": "crData/Experiencia_del_Cliente_6369/Experiencia_del_Cliente_22-11_33440",
        "term_results_folder": "crData/Experiencia_del_Cliente_6369/Experiencia_del_Cliente_22-11_33440/term_results",
        "merged": "crData/Experiencia_del_Cliente_6369/Experiencia_del_Cliente_22-11_33440/merged_results.json",
        "filtered": "crData/Experiencia_del_Cliente_6369/Experiencia_del_Cliente_22-11_33440/filtered_results.json",
        "final": "crData/Experiencia_del_Cliente_6369/Experiencia_del_Cliente_22-11_33440/final_results.json",
        "statistics": "crData/Experiencia_del_Cliente_6369/Experiencia_del_Cliente_22-11_33440/statistics_results.json"
      },
      "processing_time": 5.056212902069092,
      "total_crossref": 569210,
      "crossref_percentage": 0.019676393598144798
    },
    "22-12": {
      "tool_name": "Experiencia del Cliente",
      "batch_id": "33506",
      "date": "22-12",
      "initial_count": 811,
      "filtered_count": 241,
      "final_count": 241,
      "duplicate_count": 0,
      "terms": {
        "Customer": 811
      },
      "file_paths": {
        "base_folder": "crData/Experiencia_del_Cliente_6369/Experiencia_del_Cliente_22-12_33506",
        "term_results_folder": "crData/Experiencia_del_Cliente_6369/Experiencia_del_Cliente_22-12_33506/term_results",
        "merged": "crData/Experiencia_del_Cliente_6369/Experiencia_del_Cliente_22-12_33506/merged_results.json",
        "filtered": "crData/Experiencia_del_Cliente_6369/Experiencia_del_Cliente_22-12_33506/filtered_results.json",
        "final": "crData/Experiencia_del_Cliente_6369/Experiencia_del_Cliente_22-12_33506/final_results.json",
        "statistics": "crData/Experiencia_del_Cliente_6369/Experiencia_del_Cliente_22-12_33506/statistics_results.json"
      },
      "processing_time": 5.786456823348999,
      "total_crossref": 830160,
      "crossref_percentage": 0.02903054832803315
    }
  },
  "total_duplicates": 0,
  "monthly_files": {
    "22-01": {
      "base_folder": "crData/Experiencia_del_Cliente_6369/Experiencia_del_Cliente_22-01_32311",
      "term_results_folder": "crData/Experiencia_del_Cliente_6369/Experiencia_del_Cliente_22-01_32311/term_results",
      "merged": "crData/Experiencia_del_Cliente_6369/Experiencia_del_Cliente_22-01_32311/merged_results.json",
      "filtered": "crData/Experiencia_del_Cliente_6369/Experiencia_del_Cliente_22-01_32311/filtered_results.json",
      "final": "crData/Experiencia_del_Cliente_6369/Experiencia_del_Cliente_22-01_32311/final_results.json",
      "statistics": "crData/Experiencia_del_Cliente_6369/Experiencia_del_Cliente_22-01_32311/statistics_results.json"
    },
    "22-02": {
      "base_folder": "crData/Experiencia_del_Cliente_6369/Experiencia_del_Cliente_22-02_32425",
      "term_results_folder": "crData/Experiencia_del_Cliente_6369/Experiencia_del_Cliente_22-02_32425/term_results",
      "merged": "crData/Experiencia_del_Cliente_6369/Experiencia_del_Cliente_22-02_32425/merged_results.json",
      "filtered": "crData/Experiencia_del_Cliente_6369/Experiencia_del_Cliente_22-02_32425/filtered_results.json",
      "final": "crData/Experiencia_del_Cliente_6369/Experiencia_del_Cliente_22-02_32425/final_results.json",
      "statistics": "crData/Experiencia_del_Cliente_6369/Experiencia_del_Cliente_22-02_32425/statistics_results.json"
    },
    "22-03": {
      "base_folder": "crData/Experiencia_del_Cliente_6369/Experiencia_del_Cliente_22-03_32484",
      "term_results_folder": "crData/Experiencia_del_Cliente_6369/Experiencia_del_Cliente_22-03_32484/term_results",
      "merged": "crData/Experiencia_del_Cliente_6369/Experiencia_del_Cliente_22-03_32484/merged_results.json",
      "filtered": "crData/Experiencia_del_Cliente_6369/Experiencia_del_Cliente_22-03_32484/filtered_results.json",
      "final": "crData/Experiencia_del_Cliente_6369/Experiencia_del_Cliente_22-03_32484/final_results.json",
      "statistics": "crData/Experiencia_del_Cliente_6369/Experiencia_del_Cliente_22-03_32484/statistics_results.json"
    },
    "22-04": {
      "base_folder": "crData/Experiencia_del_Cliente_6369/Experiencia_del_Cliente_22-04_32549",
      "term_results_folder": "crData/Experiencia_del_Cliente_6369/Experiencia_del_Cliente_22-04_32549/term_results",
      "merged": "crData/Experiencia_del_Cliente_6369/Experiencia_del_Cliente_22-04_32549/merged_results.json",
      "filtered": "crData/Experiencia_del_Cliente_6369/Experiencia_del_Cliente_22-04_32549/filtered_results.json",
      "final": "crData/Experiencia_del_Cliente_6369/Experiencia_del_Cliente_22-04_32549/final_results.json",
      "statistics": "crData/Experiencia_del_Cliente_6369/Experiencia_del_Cliente_22-04_32549/statistics_results.json"
    },
    "22-05": {
      "base_folder": "crData/Experiencia_del_Cliente_6369/Experiencia_del_Cliente_22-05_33005",
      "term_results_folder": "crData/Experiencia_del_Cliente_6369/Experiencia_del_Cliente_22-05_33005/term_results",
      "merged": "crData/Experiencia_del_Cliente_6369/Experiencia_del_Cliente_22-05_33005/merged_results.json",
      "filtered": "crData/Experiencia_del_Cliente_6369/Experiencia_del_Cliente_22-05_33005/filtered_results.json",
      "final": "crData/Experiencia_del_Cliente_6369/Experiencia_del_Cliente_22-05_33005/final_results.json",
      "statistics": "crData/Experiencia_del_Cliente_6369/Experiencia_del_Cliente_22-05_33005/statistics_results.json"
    },
    "22-06": {
      "base_folder": "crData/Experiencia_del_Cliente_6369/Experiencia_del_Cliente_22-06_33077",
      "term_results_folder": "crData/Experiencia_del_Cliente_6369/Experiencia_del_Cliente_22-06_33077/term_results",
      "merged": "crData/Experiencia_del_Cliente_6369/Experiencia_del_Cliente_22-06_33077/merged_results.json",
      "filtered": "crData/Experiencia_del_Cliente_6369/Experiencia_del_Cliente_22-06_33077/filtered_results.json",
      "final": "crData/Experiencia_del_Cliente_6369/Experiencia_del_Cliente_22-06_33077/final_results.json",
      "statistics": "crData/Experiencia_del_Cliente_6369/Experiencia_del_Cliente_22-06_33077/statistics_results.json"
    },
    "22-07": {
      "base_folder": "crData/Experiencia_del_Cliente_6369/Experiencia_del_Cliente_22-07_33151",
      "term_results_folder": "crData/Experiencia_del_Cliente_6369/Experiencia_del_Cliente_22-07_33151/term_results",
      "merged": "crData/Experiencia_del_Cliente_6369/Experiencia_del_Cliente_22-07_33151/merged_results.json",
      "filtered": "crData/Experiencia_del_Cliente_6369/Experiencia_del_Cliente_22-07_33151/filtered_results.json",
      "final": "crData/Experiencia_del_Cliente_6369/Experiencia_del_Cliente_22-07_33151/final_results.json",
      "statistics": "crData/Experiencia_del_Cliente_6369/Experiencia_del_Cliente_22-07_33151/statistics_results.json"
    },
    "22-08": {
      "base_folder": "crData/Experiencia_del_Cliente_6369/Experiencia_del_Cliente_22-08_33210",
      "term_results_folder": "crData/Experiencia_del_Cliente_6369/Experiencia_del_Cliente_22-08_33210/term_results",
      "merged": "crData/Experiencia_del_Cliente_6369/Experiencia_del_Cliente_22-08_33210/merged_results.json",
      "filtered": "crData/Experiencia_del_Cliente_6369/Experiencia_del_Cliente_22-08_33210/filtered_results.json",
      "final": "crData/Experiencia_del_Cliente_6369/Experiencia_del_Cliente_22-08_33210/final_results.json",
      "statistics": "crData/Experiencia_del_Cliente_6369/Experiencia_del_Cliente_22-08_33210/statistics_results.json"
    },
    "22-09": {
      "base_folder": "crData/Experiencia_del_Cliente_6369/Experiencia_del_Cliente_22-09_33284",
      "term_results_folder": "crData/Experiencia_del_Cliente_6369/Experiencia_del_Cliente_22-09_33284/term_results",
      "merged": "crData/Experiencia_del_Cliente_6369/Experiencia_del_Cliente_22-09_33284/merged_results.json",
      "filtered": "crData/Experiencia_del_Cliente_6369/Experiencia_del_Cliente_22-09_33284/filtered_results.json",
      "final": "crData/Experiencia_del_Cliente_6369/Experiencia_del_Cliente_22-09_33284/final_results.json",
      "statistics": "crData/Experiencia_del_Cliente_6369/Experiencia_del_Cliente_22-09_33284/statistics_results.json"
    },
    "22-10": {
      "base_folder": "crData/Experiencia_del_Cliente_6369/Experiencia_del_Cliente_22-10_33351",
      "term_results_folder": "crData/Experiencia_del_Cliente_6369/Experiencia_del_Cliente_22-10_33351/term_results",
      "merged": "crData/Experiencia_del_Cliente_6369/Experiencia_del_Cliente_22-10_33351/merged_results.json",
      "filtered": "crData/Experiencia_del_Cliente_6369/Experiencia_del_Cliente_22-10_33351/filtered_results.json",
      "final": "crData/Experiencia_del_Cliente_6369/Experiencia_del_Cliente_22-10_33351/final_results.json",
      "statistics": "crData/Experiencia_del_Cliente_6369/Experiencia_del_Cliente_22-10_33351/statistics_results.json"
    },
    "22-11": {
      "base_folder": "crData/Experiencia_del_Cliente_6369/Experiencia_del_Cliente_22-11_33440",
      "term_results_folder": "crData/Experiencia_del_Cliente_6369/Experiencia_del_Cliente_22-11_33440/term_results",
      "merged": "crData/Experiencia_del_Cliente_6369/Experiencia_del_Cliente_22-11_33440/merged_results.json",
      "filtered": "crData/Experiencia_del_Cliente_6369/Experiencia_del_Cliente_22-11_33440/filtered_results.json",
      "final": "crData/Experiencia_del_Cliente_6369/Experiencia_del_Cliente_22-11_33440/final_results.json",
      "statistics": "crData/Experiencia_del_Cliente_6369/Experiencia_del_Cliente_22-11_33440/statistics_results.json"
    },
    "22-12": {
      "base_folder": "crData/Experiencia_del_Cliente_6369/Experiencia_del_Cliente_22-12_33506",
      "term_results_folder": "crData/Experiencia_del_Cliente_6369/Experiencia_del_Cliente_22-12_33506/term_results",
      "merged": "crData/Experiencia_del_Cliente_6369/Experiencia_del_Cliente_22-12_33506/merged_results.json",
      "filtered": "crData/Experiencia_del_Cliente_6369/Experiencia_del_Cliente_22-12_33506/filtered_results.json",
      "final": "crData/Experiencia_del_Cliente_6369/Experiencia_del_Cliente_22-12_33506/final_results.json",
      "statistics": "crData/Experiencia_del_Cliente_6369/Experiencia_del_Cliente_22-12_33506/statistics_results.json"
    }
  }
}