{
  "tool_name": "Experiencia del Cliente",
  "year": "1971",
  "monthly_stats": {
    "71-01": {
      "tool_name": "Experiencia del Cliente",
      "batch_id": "45304",
      "date": "71-01",
      "initial_count": 3,
      "filtered_count": 0,
      "final_count": 0,
      "duplicate_count": 0,
      "terms": {
        "Customer": 3
      },
      "file_paths": {
        "base_folder": "crData/Experiencia_del_Cliente_6369/Experiencia_del_Cliente_71-01_45304",
        "term_results_folder": "crData/Experiencia_del_Cliente_6369/Experiencia_del_Cliente_71-01_45304/term_results",
        "merged": "crData/Experiencia_del_Cliente_6369/Experiencia_del_Cliente_71-01_45304/merged_results.json",
        "filtered": "crData/Experiencia_del_Cliente_6369/Experiencia_del_Cliente_71-01_45304/filtered_results.json",
        "final": "crData/Experiencia_del_Cliente_6369/Experiencia_del_Cliente_71-01_45304/final_results.json",
        "statistics": "crData/Experiencia_del_Cliente_6369/Experiencia_del_Cliente_71-01_45304/statistics_results.json"
      },
      "processing_time": 1.536672830581665,
      "total_crossref": 157796,
      "crossref_percentage": 0.0
    },
    "71-02": {
      "tool_name": "Experiencia del Cliente",
      "batch_id": "45334",
      "date": "71-02",
      "initial_count": 4,
      "filtered_count": 0,
      "final_count": 0,
      "duplicate_count": 0,
      "terms": {
        "Customer": 4
      },
      "file_paths": {
        "base_folder": "crData/Experiencia_del_Cliente_6369/Experiencia_del_Cliente_71-02_45334",
        "term_results_folder": "crData/Experiencia_del_Cliente_6369/Experiencia_del_Cliente_71-02_45334/term_results",
        "merged": "crData/Experiencia_del_Cliente_6369/Experiencia_del_Cliente_71-02_45334/merged_results.json",
        "filtered": "crData/Experiencia_del_Cliente_6369/Experiencia_del_Cliente_71-02_45334/filtered_results.json",
        "final": "crData/Experiencia_del_Cliente_6369/Experiencia_del_Cliente_71-02_45334/final_results.json",
        "statistics": "crData/Experiencia_del_Cliente_6369/Experiencia_del_Cliente_71-02_45334/statistics_results.json"
      },
      "processing_time": 1.3439788818359375,
      "total_crossref": 26548,
      "crossref_percentage": 0.0
    },
    "71-03": {
      "tool_name": "Experiencia del Cliente",
      "batch_id": "45363",
      "date": "71-03",
      "initial_count": 1,
      "filtered_count": 0,
      "final_count": 0,
      "duplicate_count": 0,
      "terms": {
        "Customer": 1
      },
      "file_paths": {
        "base_folder": "crData/Experiencia_del_Cliente_6369/Experiencia_del_Cliente_71-03_45363",
        "term_results_folder": "crData/Experiencia_del_Cliente_6369/Experiencia_del_Cliente_71-03_45363/term_results",
        "merged": "crData/Experiencia_del_Cliente_6369/Experiencia_del_Cliente_71-03_45363/merged_results.json",
        "filtered": "crData/Experiencia_del_Cliente_6369/Experiencia_del_Cliente_71-03_45363/filtered_results.json",
        "final": "crData/Experiencia_del_Cliente_6369/Experiencia_del_Cliente_71-03_45363/final_results.json",
        "statistics": "crData/Experiencia_del_Cliente_6369/Experiencia_del_Cliente_71-03_45363/statistics_results.json"
      },
      "processing_time": 1.1987700462341309,
      "total_crossref": 32834,
      "crossref_percentage": 0.0
    },
    "71-04": {
      "tool_name": "Experiencia del Cliente",
      "batch_id": "45390",
      "date": "71-04",
      "initial_count": 1,
      "filtered_count": 0,
      "final_count": 0,
      "duplicate_count": 0,
      "terms": {
        "Customer": 1
      },
      "file_paths": {
        "base_folder": "crData/Experiencia_del_Cliente_6369/Experiencia_del_Cliente_71-04_45390",
        "term_results_folder": "crData/Experiencia_del_Cliente_6369/Experiencia_del_Cliente_71-04_45390/term_results",
        "merged": "crData/Experiencia_del_Cliente_6369/Experiencia_del_Cliente_71-04_45390/merged_results.json",
        "filtered": "crData/Experiencia_del_Cliente_6369/Experiencia_del_Cliente_71-04_45390/filtered_results.json",
        "final": "crData/Experiencia_del_Cliente_6369/Experiencia_del_Cliente_71-04_45390/final_results.json",
        "statistics": "crData/Experiencia_del_Cliente_6369/Experiencia_del_Cliente_71-04_45390/statistics_results.json"
      },
      "processing_time": 2.1146459579467773,
      "total_crossref": 28983,
      "crossref_percentage": 0.0
    },
    "71-05": {
      "tool_name": "Experiencia del Cliente",
      "batch_id": "45426",
      "date": "71-05",
      "initial_count": 1,
      "filtered_count": 0,
      "final_count": 0,
      "duplicate_count": 0,
      "terms": {
        "Customer": 1
      },
      "file_paths": {
        "base_folder": "crData/Experiencia_del_Cliente_6369/Experiencia_del_Cliente_71-05_45426",
        "term_results_folder": "crData/Experiencia_del_Cliente_6369/Experiencia_del_Cliente_71-05_45426/term_results",
        "merged": "crData/Experiencia_del_Cliente_6369/Experiencia_del_Cliente_71-05_45426/merged_results.json",
        "filtered": "crData/Experiencia_del_Cliente_6369/Experiencia_del_Cliente_71-05_45426/filtered_results.json",
        "final": "crData/Experiencia_del_Cliente_6369/Experiencia_del_Cliente_71-05_45426/final_results.json",
        "statistics": "crData/Experiencia_del_Cliente_6369/Experiencia_del_Cliente_71-05_45426/statistics_results.json"
      },
      "processing_time": 1.5068697929382324,
      "total_crossref": 27516,
      "crossref_percentage": 0.0
    },
    "71-06": {
      "tool_name": "Experiencia del Cliente",
      "batch_id": "45457",
      "date": "71-06",
      "initial_count": 3,
      "filtered_count": 0,
      "final_count": 0,
      "duplicate_count": 0,
      "terms": {
        "Customer": 3
      },
      "file_paths": {
        "base_folder": "crData/Experiencia_del_Cliente_6369/Experiencia_del_Cliente_71-06_45457",
        "term_results_folder": "crData/Experiencia_del_Cliente_6369/Experiencia_del_Cliente_71-06_45457/term_results",
        "merged": "crData/Experiencia_del_Cliente_6369/Experiencia_del_Cliente_71-06_45457/merged_results.json",
        "filtered": "crData/Experiencia_del_Cliente_6369/Experiencia_del_Cliente_71-06_45457/filtered_results.json",
        "final": "crData/Experiencia_del_Cliente_6369/Experiencia_del_Cliente_71-06_45457/final_results.json",
        "statistics": "crData/Experiencia_del_Cliente_6369/Experiencia_del_Cliente_71-06_45457/statistics_results.json"
      },
      "processing_time": 1.517664909362793,
      "total_crossref": 32661,
      "crossref_percentage": 0.0
    },
    "71-07": {
      "tool_name": "Experiencia del Cliente",
      "batch_id": "45487",
      "date": "71-07",
      "initial_count": 1,
      "filtered_count": 0,
      "final_count": 0,
      "duplicate_count": 0,
      "terms": {
        "Customer": 1
      },
      "file_paths": {
        "base_folder": "crData/Experiencia_del_Cliente_6369/Experiencia_del_Cliente_71-07_45487",
        "term_results_folder": "crData/Experiencia_del_Cliente_6369/Experiencia_del_Cliente_71-07_45487/term_results",
        "merged": "crData/Experiencia_del_Cliente_6369/Experiencia_del_Cliente_71-07_45487/merged_results.json",
        "filtered": "crData/Experiencia_del_Cliente_6369/Experiencia_del_Cliente_71-07_45487/filtered_results.json",
        "final": "crData/Experiencia_del_Cliente_6369/Experiencia_del_Cliente_71-07_45487/final_results.json",
        "statistics": "crData/Experiencia_del_Cliente_6369/Experiencia_del_Cliente_71-07_45487/statistics_results.json"
      },
      "processing_time": 1.4357521533966064,
      "total_crossref": 28729,
      "crossref_percentage": 0.0
    },
    "71-08": {
      "tool_name": "Experiencia del Cliente",
      "batch_id": "45517",
      "date": "71-08",
      "initial_count": 0,
      "filtered_count": 0,
      "final_count": 0,
      "duplicate_count": 0,
      "terms": {
        "Customer": 0
      },
      "file_paths": {
        "base_folder": "crData/Experiencia_del_Cliente_6369/Experiencia_del_Cliente_71-08_45517",
        "term_results_folder": "crData/Experiencia_del_Cliente_6369/Experiencia_del_Cliente_71-08_45517/term_results",
        "merged": "crData/Experiencia_del_Cliente_6369/Experiencia_del_Cliente_71-08_45517/merged_results.json",
        "filtered": "crData/Experiencia_del_Cliente_6369/Experiencia_del_Cliente_71-08_45517/filtered_results.json",
        "final": "crData/Experiencia_del_Cliente_6369/Experiencia_del_Cliente_71-08_45517/final_results.json",
        "statistics": "crData/Experiencia_del_Cliente_6369/Experiencia_del_Cliente_71-08_45517/statistics_results.json"
      },
      "processing_time": 1.936953067779541,
      "total_crossref": 26121,
      "crossref_percentage": 0.0
    },
    "71-09": {
      "tool_name": "Experiencia del Cliente",
      "batch_id": "45551",
      "date": "71-09",
      "initial_count": 4,
      "filtered_count": 0,
      "final_count": 0,
      "duplicate_count": 0,
      "terms": {
        "Customer": 4
      },
      "file_paths": {
        "base_folder": "crData/Experiencia_del_Cliente_6369/Experiencia_del_Cliente_71-09_45551",
        "term_results_folder": "crData/Experiencia_del_Cliente_6369/Experiencia_del_Cliente_71-09_45551/term_results",
        "merged": "crData/Experiencia_del_Cliente_6369/Experiencia_del_Cliente_71-09_45551/merged_results.json",
        "filtered": "crData/Experiencia_del_Cliente_6369/Experiencia_del_Cliente_71-09_45551/filtered_results.json",
        "final": "crData/Experiencia_del_Cliente_6369/Experiencia_del_Cliente_71-09_45551/final_results.json",
        "statistics": "crData/Experiencia_del_Cliente_6369/Experiencia_del_Cliente_71-09_45551/statistics_results.json"
      },
      "processing_time": 2.165184736251831,
      "total_crossref": 31924,
      "crossref_percentage": 0.0
    },
    "71-10": {
      "tool_name": "Experiencia del Cliente",
      "batch_id": "45588",
      "date": "71-10",
      "initial_count": 0,
      "filtered_count": 0,
      "final_count": 0,
      "duplicate_count": 0,
      "terms": {
        "Customer": 0
      },
      "file_paths": {
        "base_folder": "crData/Experiencia_del_Cliente_6369/Experiencia_del_Cliente_71-10_45588",
        "term_results_folder": "crData/Experiencia_del_Cliente_6369/Experiencia_del_Cliente_71-10_45588/term_results",
        "merged": "crData/Experiencia_del_Cliente_6369/Experiencia_del_Cliente_71-10_45588/merged_results.json",
        "filtered": "crData/Experiencia_del_Cliente_6369/Experiencia_del_Cliente_71-10_45588/filtered_results.json",
        "final": "crData/Experiencia_del_Cliente_6369/Experiencia_del_Cliente_71-10_45588/final_results.json",
        "statistics": "crData/Experiencia_del_Cliente_6369/Experiencia_del_Cliente_71-10_45588/statistics_results.json"
      },
      "processing_time": 1.250899076461792,
      "total_crossref": 31201,
      "crossref_percentage": 0.0
    },
    "71-11": {
      "tool_name": "Experiencia del Cliente",
      "batch_id": "46016",
      "date": "71-11",
      "initial_count": 0,
      "filtered_count": 0,
      "final_count": 0,
      "duplicate_count": 0,
      "terms": {
        "Customer": 0
      },
      "file_paths": {
        "base_folder": "crData/Experiencia_del_Cliente_6369/Experiencia_del_Cliente_71-11_46016",
        "term_results_folder": "crData/Experiencia_del_Cliente_6369/Experiencia_del_Cliente_71-11_46016/term_results",
        "merged": "crData/Experiencia_del_Cliente_6369/Experiencia_del_Cliente_71-11_46016/merged_results.json",
        "filtered": "crData/Experiencia_del_Cliente_6369/Experiencia_del_Cliente_71-11_46016/filtered_results.json",
        "final": "crData/Experiencia_del_Cliente_6369/Experiencia_del_Cliente_71-11_46016/final_results.json",
        "statistics": "crData/Experiencia_del_Cliente_6369/Experiencia_del_Cliente_71-11_46016/statistics_results.json"
      },
      "processing_time": 2.9916369915008545,
      "total_crossref": 28072,
      "crossref_percentage": 0.0
    },
    "71-12": {
      "tool_name": "Experiencia del Cliente",
      "batch_id": "46061",
      "date": "71-12",
      "initial_count": 0,
      "filtered_count": 0,
      "final_count": 0,
      "duplicate_count": 0,
      "terms": {
        "Customer": 0
      },
      "file_paths": {
        "base_folder": "crData/Experiencia_del_Cliente_6369/Experiencia_del_Cliente_71-12_46061",
        "term_results_folder": "crData/Experiencia_del_Cliente_6369/Experiencia_del_Cliente_71-12_46061/term_results",
        "merged": "crData/Experiencia_del_Cliente_6369/Experiencia_del_Cliente_71-12_46061/merged_results.json",
        "filtered": "crData/Experiencia_del_Cliente_6369/Experiencia_del_Cliente_71-12_46061/filtered_results.json",
        "final": "crData/Experiencia_del_Cliente_6369/Experiencia_del_Cliente_71-12_46061/final_results.json",
        "statistics": "crData/Experiencia_del_Cliente_6369/Experiencia_del_Cliente_71-12_46061/statistics_results.json"
      },
      "processing_time": 1.7896482944488525,
      "total_crossref": 53451,
      "crossref_percentage": 0.0
    }
  },
  "total_duplicates": 0,
  "monthly_files": {
    "71-01": {
      "base_folder": "crData/Experiencia_del_Cliente_6369/Experiencia_del_Cliente_71-01_45304",
      "term_results_folder": "crData/Experiencia_del_Cliente_6369/Experiencia_del_Cliente_71-01_45304/term_results",
      "merged": "crData/Experiencia_del_Cliente_6369/Experiencia_del_Cliente_71-01_45304/merged_results.json",
      "filtered": "crData/Experiencia_del_Cliente_6369/Experiencia_del_Cliente_71-01_45304/filtered_results.json",
      "final": "crData/Experiencia_del_Cliente_6369/Experiencia_del_Cliente_71-01_45304/final_results.json",
      "statistics": "crData/Experiencia_del_Cliente_6369/Experiencia_del_Cliente_71-01_45304/statistics_results.json"
    },
    "71-02": {
      "base_folder": "crData/Experiencia_del_Cliente_6369/Experiencia_del_Cliente_71-02_45334",
      "term_results_folder": "crData/Experiencia_del_Cliente_6369/Experiencia_del_Cliente_71-02_45334/term_results",
      "merged": "crData/Experiencia_del_Cliente_6369/Experiencia_del_Cliente_71-02_45334/merged_results.json",
      "filtered": "crData/Experiencia_del_Cliente_6369/Experiencia_del_Cliente_71-02_45334/filtered_results.json",
      "final": "crData/Experiencia_del_Cliente_6369/Experiencia_del_Cliente_71-02_45334/final_results.json",
      "statistics": "crData/Experiencia_del_Cliente_6369/Experiencia_del_Cliente_71-02_45334/statistics_results.json"
    },
    "71-03": {
      "base_folder": "crData/Experiencia_del_Cliente_6369/Experiencia_del_Cliente_71-03_45363",
      "term_results_folder": "crData/Experiencia_del_Cliente_6369/Experiencia_del_Cliente_71-03_45363/term_results",
      "merged": "crData/Experiencia_del_Cliente_6369/Experiencia_del_Cliente_71-03_45363/merged_results.json",
      "filtered": "crData/Experiencia_del_Cliente_6369/Experiencia_del_Cliente_71-03_45363/filtered_results.json",
      "final": "crData/Experiencia_del_Cliente_6369/Experiencia_del_Cliente_71-03_45363/final_results.json",
      "statistics": "crData/Experiencia_del_Cliente_6369/Experiencia_del_Cliente_71-03_45363/statistics_results.json"
    },
    "71-04": {
      "base_folder": "crData/Experiencia_del_Cliente_6369/Experiencia_del_Cliente_71-04_45390",
      "term_results_folder": "crData/Experiencia_del_Cliente_6369/Experiencia_del_Cliente_71-04_45390/term_results",
      "merged": "crData/Experiencia_del_Cliente_6369/Experiencia_del_Cliente_71-04_45390/merged_results.json",
      "filtered": "crData/Experiencia_del_Cliente_6369/Experiencia_del_Cliente_71-04_45390/filtered_results.json",
      "final": "crData/Experiencia_del_Cliente_6369/Experiencia_del_Cliente_71-04_45390/final_results.json",
      "statistics": "crData/Experiencia_del_Cliente_6369/Experiencia_del_Cliente_71-04_45390/statistics_results.json"
    },
    "71-05": {
      "base_folder": "crData/Experiencia_del_Cliente_6369/Experiencia_del_Cliente_71-05_45426",
      "term_results_folder": "crData/Experiencia_del_Cliente_6369/Experiencia_del_Cliente_71-05_45426/term_results",
      "merged": "crData/Experiencia_del_Cliente_6369/Experiencia_del_Cliente_71-05_45426/merged_results.json",
      "filtered": "crData/Experiencia_del_Cliente_6369/Experiencia_del_Cliente_71-05_45426/filtered_results.json",
      "final": "crData/Experiencia_del_Cliente_6369/Experiencia_del_Cliente_71-05_45426/final_results.json",
      "statistics": "crData/Experiencia_del_Cliente_6369/Experiencia_del_Cliente_71-05_45426/statistics_results.json"
    },
    "71-06": {
      "base_folder": "crData/Experiencia_del_Cliente_6369/Experiencia_del_Cliente_71-06_45457",
      "term_results_folder": "crData/Experiencia_del_Cliente_6369/Experiencia_del_Cliente_71-06_45457/term_results",
      "merged": "crData/Experiencia_del_Cliente_6369/Experiencia_del_Cliente_71-06_45457/merged_results.json",
      "filtered": "crData/Experiencia_del_Cliente_6369/Experiencia_del_Cliente_71-06_45457/filtered_results.json",
      "final": "crData/Experiencia_del_Cliente_6369/Experiencia_del_Cliente_71-06_45457/final_results.json",
      "statistics": "crData/Experiencia_del_Cliente_6369/Experiencia_del_Cliente_71-06_45457/statistics_results.json"
    },
    "71-07": {
      "base_folder": "crData/Experiencia_del_Cliente_6369/Experiencia_del_Cliente_71-07_45487",
      "term_results_folder": "crData/Experiencia_del_Cliente_6369/Experiencia_del_Cliente_71-07_45487/term_results",
      "merged": "crData/Experiencia_del_Cliente_6369/Experiencia_del_Cliente_71-07_45487/merged_results.json",
      "filtered": "crData/Experiencia_del_Cliente_6369/Experiencia_del_Cliente_71-07_45487/filtered_results.json",
      "final": "crData/Experiencia_del_Cliente_6369/Experiencia_del_Cliente_71-07_45487/final_results.json",
      "statistics": "crData/Experiencia_del_Cliente_6369/Experiencia_del_Cliente_71-07_45487/statistics_results.json"
    },
    "71-08": {
      "base_folder": "crData/Experiencia_del_Cliente_6369/Experiencia_del_Cliente_71-08_45517",
      "term_results_folder": "crData/Experiencia_del_Cliente_6369/Experiencia_del_Cliente_71-08_45517/term_results",
      "merged": "crData/Experiencia_del_Cliente_6369/Experiencia_del_Cliente_71-08_45517/merged_results.json",
      "filtered": "crData/Experiencia_del_Cliente_6369/Experiencia_del_Cliente_71-08_45517/filtered_results.json",
      "final": "crData/Experiencia_del_Cliente_6369/Experiencia_del_Cliente_71-08_45517/final_results.json",
      "statistics": "crData/Experiencia_del_Cliente_6369/Experiencia_del_Cliente_71-08_45517/statistics_results.json"
    },
    "71-09": {
      "base_folder": "crData/Experiencia_del_Cliente_6369/Experiencia_del_Cliente_71-09_45551",
      "term_results_folder": "crData/Experiencia_del_Cliente_6369/Experiencia_del_Cliente_71-09_45551/term_results",
      "merged": "crData/Experiencia_del_Cliente_6369/Experiencia_del_Cliente_71-09_45551/merged_results.json",
      "filtered": "crData/Experiencia_del_Cliente_6369/Experiencia_del_Cliente_71-09_45551/filtered_results.json",
      "final": "crData/Experiencia_del_Cliente_6369/Experiencia_del_Cliente_71-09_45551/final_results.json",
      "statistics": "crData/Experiencia_del_Cliente_6369/Experiencia_del_Cliente_71-09_45551/statistics_results.json"
    },
    "71-10": {
      "base_folder": "crData/Experiencia_del_Cliente_6369/Experiencia_del_Cliente_71-10_45588",
      "term_results_folder": "crData/Experiencia_del_Cliente_6369/Experiencia_del_Cliente_71-10_45588/term_results",
      "merged": "crData/Experiencia_del_Cliente_6369/Experiencia_del_Cliente_71-10_45588/merged_results.json",
      "filtered": "crData/Experiencia_del_Cliente_6369/Experiencia_del_Cliente_71-10_45588/filtered_results.json",
      "final": "crData/Experiencia_del_Cliente_6369/Experiencia_del_Cliente_71-10_45588/final_results.json",
      "statistics": "crData/Experiencia_del_Cliente_6369/Experiencia_del_Cliente_71-10_45588/statistics_results.json"
    },
    "71-11": {
      "base_folder": "crData/Experiencia_del_Cliente_6369/Experiencia_del_Cliente_71-11_46016",
      "term_results_folder": "crData/Experiencia_del_Cliente_6369/Experiencia_del_Cliente_71-11_46016/term_results",
      "merged": "crData/Experiencia_del_Cliente_6369/Experiencia_del_Cliente_71-11_46016/merged_results.json",
      "filtered": "crData/Experiencia_del_Cliente_6369/Experiencia_del_Cliente_71-11_46016/filtered_results.json",
      "final": "crData/Experiencia_del_Cliente_6369/Experiencia_del_Cliente_71-11_46016/final_results.json",
      "statistics": "crData/Experiencia_del_Cliente_6369/Experiencia_del_Cliente_71-11_46016/statistics_results.json"
    },
    "71-12": {
      "base_folder": "crData/Experiencia_del_Cliente_6369/Experiencia_del_Cliente_71-12_46061",
      "term_results_folder": "crData/Experiencia_del_Cliente_6369/Experiencia_del_Cliente_71-12_46061/term_results",
      "merged": "crData/Experiencia_del_Cliente_6369/Experiencia_del_Cliente_71-12_46061/merged_results.json",
      "filtered": "crData/Experiencia_del_Cliente_6369/Experiencia_del_Cliente_71-12_46061/filtered_results.json",
      "final": "crData/Experiencia_del_Cliente_6369/Experiencia_del_Cliente_71-12_46061/final_results.json",
      "statistics": "crData/Experiencia_del_Cliente_6369/Experiencia_del_Cliente_71-12_46061/statistics_results.json"
    }
  }
}