{
  "tool_name": "Fusiones y Adquisiciones",
  "year": "1981",
  "monthly_stats": {
    "81-01": {
      "tool_name": "Fusiones y Adquisiciones",
      "batch_id": "27335",
      "date": "81-01",
      "initial_count": 3,
      "filtered_count": 0,
      "final_count": 0,
      "duplicate_count": 0,
      "terms": {
        "“Mergers”": 3
      },
      "file_paths": {
        "base_folder": "crData/Fusiones_y_Adquisiciones_1947/Fusiones_y_Adquisiciones_81-01_27335",
        "term_results_folder": "crData/Fusiones_y_Adquisiciones_1947/Fusiones_y_Adquisiciones_81-01_27335/term_results",
        "merged": "crData/Fusiones_y_Adquisiciones_1947/Fusiones_y_Adquisiciones_81-01_27335/merged_results.json",
        "filtered": "crData/Fusiones_y_Adquisiciones_1947/Fusiones_y_Adquisiciones_81-01_27335/filtered_results.json",
        "final": "crData/Fusiones_y_Adquisiciones_1947/Fusiones_y_Adquisiciones_81-01_27335/final_results.json",
        "statistics": "crData/Fusiones_y_Adquisiciones_1947/Fusiones_y_Adquisiciones_81-01_27335/statistics_results.json"
      },
      "processing_time": 3.423862934112549,
      "total_crossref": 265285,
      "crossref_percentage": 0.0
    },
    "81-02": {
      "tool_name": "Fusiones y Adquisiciones",
      "batch_id": "27384",
      "date": "81-02",
      "initial_count": 2,
      "filtered_count": 0,
      "final_count": 0,
      "duplicate_count": 0,
      "terms": {
        "“Mergers”": 2
      },
      "file_paths": {
        "base_folder": "crData/Fusiones_y_Adquisiciones_1947/Fusiones_y_Adquisiciones_81-02_27384",
        "term_results_folder": "crData/Fusiones_y_Adquisiciones_1947/Fusiones_y_Adquisiciones_81-02_27384/term_results",
        "merged": "crData/Fusiones_y_Adquisiciones_1947/Fusiones_y_Adquisiciones_81-02_27384/merged_results.json",
        "filtered": "crData/Fusiones_y_Adquisiciones_1947/Fusiones_y_Adquisiciones_81-02_27384/filtered_results.json",
        "final": "crData/Fusiones_y_Adquisiciones_1947/Fusiones_y_Adquisiciones_81-02_27384/final_results.json",
        "statistics": "crData/Fusiones_y_Adquisiciones_1947/Fusiones_y_Adquisiciones_81-02_27384/statistics_results.json"
      },
      "processing_time": 2.9326088428497314,
      "total_crossref": 38011,
      "crossref_percentage": 0.0
    },
    "81-03": {
      "tool_name": "Fusiones y Adquisiciones",
      "batch_id": "27429",
      "date": "81-03",
      "initial_count": 5,
      "filtered_count": 0,
      "final_count": 0,
      "duplicate_count": 0,
      "terms": {
        "“Mergers”": 5
      },
      "file_paths": {
        "base_folder": "crData/Fusiones_y_Adquisiciones_1947/Fusiones_y_Adquisiciones_81-03_27429",
        "term_results_folder": "crData/Fusiones_y_Adquisiciones_1947/Fusiones_y_Adquisiciones_81-03_27429/term_results",
        "merged": "crData/Fusiones_y_Adquisiciones_1947/Fusiones_y_Adquisiciones_81-03_27429/merged_results.json",
        "filtered": "crData/Fusiones_y_Adquisiciones_1947/Fusiones_y_Adquisiciones_81-03_27429/filtered_results.json",
        "final": "crData/Fusiones_y_Adquisiciones_1947/Fusiones_y_Adquisiciones_81-03_27429/final_results.json",
        "statistics": "crData/Fusiones_y_Adquisiciones_1947/Fusiones_y_Adquisiciones_81-03_27429/statistics_results.json"
      },
      "processing_time": 3.0466220378875732,
      "total_crossref": 49667,
      "crossref_percentage": 0.0
    },
    "81-04": {
      "tool_name": "Fusiones y Adquisiciones",
      "batch_id": "27474",
      "date": "81-04",
      "initial_count": 7,
      "filtered_count": 0,
      "final_count": 0,
      "duplicate_count": 0,
      "terms": {
        "“Mergers”": 7
      },
      "file_paths": {
        "base_folder": "crData/Fusiones_y_Adquisiciones_1947/Fusiones_y_Adquisiciones_81-04_27474",
        "term_results_folder": "crData/Fusiones_y_Adquisiciones_1947/Fusiones_y_Adquisiciones_81-04_27474/term_results",
        "merged": "crData/Fusiones_y_Adquisiciones_1947/Fusiones_y_Adquisiciones_81-04_27474/merged_results.json",
        "filtered": "crData/Fusiones_y_Adquisiciones_1947/Fusiones_y_Adquisiciones_81-04_27474/filtered_results.json",
        "final": "crData/Fusiones_y_Adquisiciones_1947/Fusiones_y_Adquisiciones_81-04_27474/final_results.json",
        "statistics": "crData/Fusiones_y_Adquisiciones_1947/Fusiones_y_Adquisiciones_81-04_27474/statistics_results.json"
      },
      "processing_time": 3.0712878704071045,
      "total_crossref": 46666,
      "crossref_percentage": 0.0
    },
    "81-05": {
      "tool_name": "Fusiones y Adquisiciones",
      "batch_id": "27520",
      "date": "81-05",
      "initial_count": 1,
      "filtered_count": 0,
      "final_count": 0,
      "duplicate_count": 0,
      "terms": {
        "“Mergers”": 1
      },
      "file_paths": {
        "base_folder": "crData/Fusiones_y_Adquisiciones_1947/Fusiones_y_Adquisiciones_81-05_27520",
        "term_results_folder": "crData/Fusiones_y_Adquisiciones_1947/Fusiones_y_Adquisiciones_81-05_27520/term_results",
        "merged": "crData/Fusiones_y_Adquisiciones_1947/Fusiones_y_Adquisiciones_81-05_27520/merged_results.json",
        "filtered": "crData/Fusiones_y_Adquisiciones_1947/Fusiones_y_Adquisiciones_81-05_27520/filtered_results.json",
        "final": "crData/Fusiones_y_Adquisiciones_1947/Fusiones_y_Adquisiciones_81-05_27520/final_results.json",
        "statistics": "crData/Fusiones_y_Adquisiciones_1947/Fusiones_y_Adquisiciones_81-05_27520/statistics_results.json"
      },
      "processing_time": 1.762274980545044,
      "total_crossref": 39140,
      "crossref_percentage": 0.0
    },
    "81-06": {
      "tool_name": "Fusiones y Adquisiciones",
      "batch_id": "27553",
      "date": "81-06",
      "initial_count": 3,
      "filtered_count": 0,
      "final_count": 0,
      "duplicate_count": 0,
      "terms": {
        "“Mergers”": 3
      },
      "file_paths": {
        "base_folder": "crData/Fusiones_y_Adquisiciones_1947/Fusiones_y_Adquisiciones_81-06_27553",
        "term_results_folder": "crData/Fusiones_y_Adquisiciones_1947/Fusiones_y_Adquisiciones_81-06_27553/term_results",
        "merged": "crData/Fusiones_y_Adquisiciones_1947/Fusiones_y_Adquisiciones_81-06_27553/merged_results.json",
        "filtered": "crData/Fusiones_y_Adquisiciones_1947/Fusiones_y_Adquisiciones_81-06_27553/filtered_results.json",
        "final": "crData/Fusiones_y_Adquisiciones_1947/Fusiones_y_Adquisiciones_81-06_27553/final_results.json",
        "statistics": "crData/Fusiones_y_Adquisiciones_1947/Fusiones_y_Adquisiciones_81-06_27553/statistics_results.json"
      },
      "processing_time": 1.3146471977233887,
      "total_crossref": 45830,
      "crossref_percentage": 0.0
    },
    "81-07": {
      "tool_name": "Fusiones y Adquisiciones",
      "batch_id": "27581",
      "date": "81-07",
      "initial_count": 0,
      "filtered_count": 0,
      "final_count": 0,
      "duplicate_count": 0,
      "terms": {
        "“Mergers”": 0
      },
      "file_paths": {
        "base_folder": "crData/Fusiones_y_Adquisiciones_1947/Fusiones_y_Adquisiciones_81-07_27581",
        "term_results_folder": "crData/Fusiones_y_Adquisiciones_1947/Fusiones_y_Adquisiciones_81-07_27581/term_results",
        "merged": "crData/Fusiones_y_Adquisiciones_1947/Fusiones_y_Adquisiciones_81-07_27581/merged_results.json",
        "filtered": "crData/Fusiones_y_Adquisiciones_1947/Fusiones_y_Adquisiciones_81-07_27581/filtered_results.json",
        "final": "crData/Fusiones_y_Adquisiciones_1947/Fusiones_y_Adquisiciones_81-07_27581/final_results.json",
        "statistics": "crData/Fusiones_y_Adquisiciones_1947/Fusiones_y_Adquisiciones_81-07_27581/statistics_results.json"
      },
      "processing_time": 1.845505714416504,
      "total_crossref": 41977,
      "crossref_percentage": 0.0
    },
    "81-08": {
      "tool_name": "Fusiones y Adquisiciones",
      "batch_id": "28014",
      "date": "81-08",
      "initial_count": 0,
      "filtered_count": 0,
      "final_count": 0,
      "duplicate_count": 0,
      "terms": {
        "“Mergers”": 0
      },
      "file_paths": {
        "base_folder": "crData/Fusiones_y_Adquisiciones_1947/Fusiones_y_Adquisiciones_81-08_28014",
        "term_results_folder": "crData/Fusiones_y_Adquisiciones_1947/Fusiones_y_Adquisiciones_81-08_28014/term_results",
        "merged": "crData/Fusiones_y_Adquisiciones_1947/Fusiones_y_Adquisiciones_81-08_28014/merged_results.json",
        "filtered": "crData/Fusiones_y_Adquisiciones_1947/Fusiones_y_Adquisiciones_81-08_28014/filtered_results.json",
        "final": "crData/Fusiones_y_Adquisiciones_1947/Fusiones_y_Adquisiciones_81-08_28014/final_results.json",
        "statistics": "crData/Fusiones_y_Adquisiciones_1947/Fusiones_y_Adquisiciones_81-08_28014/statistics_results.json"
      },
      "processing_time": 3.8411941528320312,
      "total_crossref": 37860,
      "crossref_percentage": 0.0
    },
    "81-09": {
      "tool_name": "Fusiones y Adquisiciones",
      "batch_id": "28068",
      "date": "81-09",
      "initial_count": 0,
      "filtered_count": 0,
      "final_count": 0,
      "duplicate_count": 0,
      "terms": {
        "“Mergers”": 0
      },
      "file_paths": {
        "base_folder": "crData/Fusiones_y_Adquisiciones_1947/Fusiones_y_Adquisiciones_81-09_28068",
        "term_results_folder": "crData/Fusiones_y_Adquisiciones_1947/Fusiones_y_Adquisiciones_81-09_28068/term_results",
        "merged": "crData/Fusiones_y_Adquisiciones_1947/Fusiones_y_Adquisiciones_81-09_28068/merged_results.json",
        "filtered": "crData/Fusiones_y_Adquisiciones_1947/Fusiones_y_Adquisiciones_81-09_28068/filtered_results.json",
        "final": "crData/Fusiones_y_Adquisiciones_1947/Fusiones_y_Adquisiciones_81-09_28068/final_results.json",
        "statistics": "crData/Fusiones_y_Adquisiciones_1947/Fusiones_y_Adquisiciones_81-09_28068/statistics_results.json"
      },
      "processing_time": 2.1512036323547363,
      "total_crossref": 47044,
      "crossref_percentage": 0.0
    },
    "81-10": {
      "tool_name": "Fusiones y Adquisiciones",
      "batch_id": "28104",
      "date": "81-10",
      "initial_count": 0,
      "filtered_count": 0,
      "final_count": 0,
      "duplicate_count": 0,
      "terms": {
        "“Mergers”": 0
      },
      "file_paths": {
        "base_folder": "crData/Fusiones_y_Adquisiciones_1947/Fusiones_y_Adquisiciones_81-10_28104",
        "term_results_folder": "crData/Fusiones_y_Adquisiciones_1947/Fusiones_y_Adquisiciones_81-10_28104/term_results",
        "merged": "crData/Fusiones_y_Adquisiciones_1947/Fusiones_y_Adquisiciones_81-10_28104/merged_results.json",
        "filtered": "crData/Fusiones_y_Adquisiciones_1947/Fusiones_y_Adquisiciones_81-10_28104/filtered_results.json",
        "final": "crData/Fusiones_y_Adquisiciones_1947/Fusiones_y_Adquisiciones_81-10_28104/final_results.json",
        "statistics": "crData/Fusiones_y_Adquisiciones_1947/Fusiones_y_Adquisiciones_81-10_28104/statistics_results.json"
      },
      "processing_time": 3.8562138080596924,
      "total_crossref": 45752,
      "crossref_percentage": 0.0
    },
    "81-11": {
      "tool_name": "Fusiones y Adquisiciones",
      "batch_id": "28158",
      "date": "81-11",
      "initial_count": 0,
      "filtered_count": 0,
      "final_count": 0,
      "duplicate_count": 0,
      "terms": {
        "“Mergers”": 0
      },
      "file_paths": {
        "base_folder": "crData/Fusiones_y_Adquisiciones_1947/Fusiones_y_Adquisiciones_81-11_28158",
        "term_results_folder": "crData/Fusiones_y_Adquisiciones_1947/Fusiones_y_Adquisiciones_81-11_28158/term_results",
        "merged": "crData/Fusiones_y_Adquisiciones_1947/Fusiones_y_Adquisiciones_81-11_28158/merged_results.json",
        "filtered": "crData/Fusiones_y_Adquisiciones_1947/Fusiones_y_Adquisiciones_81-11_28158/filtered_results.json",
        "final": "crData/Fusiones_y_Adquisiciones_1947/Fusiones_y_Adquisiciones_81-11_28158/final_results.json",
        "statistics": "crData/Fusiones_y_Adquisiciones_1947/Fusiones_y_Adquisiciones_81-11_28158/statistics_results.json"
      },
      "processing_time": 1.540248155593872,
      "total_crossref": 39722,
      "crossref_percentage": 0.0
    },
    "81-12": {
      "tool_name": "Fusiones y Adquisiciones",
      "batch_id": "28188",
      "date": "81-12",
      "initial_count": 5,
      "filtered_count": 1,
      "final_count": 1,
      "duplicate_count": 0,
      "terms": {
        "“Mergers”": 5
      },
      "file_paths": {
        "base_folder": "crData/Fusiones_y_Adquisiciones_1947/Fusiones_y_Adquisiciones_81-12_28188",
        "term_results_folder": "crData/Fusiones_y_Adquisiciones_1947/Fusiones_y_Adquisiciones_81-12_28188/term_results",
        "merged": "crData/Fusiones_y_Adquisiciones_1947/Fusiones_y_Adquisiciones_81-12_28188/merged_results.json",
        "filtered": "crData/Fusiones_y_Adquisiciones_1947/Fusiones_y_Adquisiciones_81-12_28188/filtered_results.json",
        "final": "crData/Fusiones_y_Adquisiciones_1947/Fusiones_y_Adquisiciones_81-12_28188/final_results.json",
        "statistics": "crData/Fusiones_y_Adquisiciones_1947/Fusiones_y_Adquisiciones_81-12_28188/statistics_results.json"
      },
      "processing_time": 1.8795719146728516,
      "total_crossref": 72513,
      "crossref_percentage": 0.001379063064553942
    }
  },
  "total_duplicates": 0,
  "monthly_files": {
    "81-01": {
      "base_folder": "crData/Fusiones_y_Adquisiciones_1947/Fusiones_y_Adquisiciones_81-01_27335",
      "term_results_folder": "crData/Fusiones_y_Adquisiciones_1947/Fusiones_y_Adquisiciones_81-01_27335/term_results",
      "merged": "crData/Fusiones_y_Adquisiciones_1947/Fusiones_y_Adquisiciones_81-01_27335/merged_results.json",
      "filtered": "crData/Fusiones_y_Adquisiciones_1947/Fusiones_y_Adquisiciones_81-01_27335/filtered_results.json",
      "final": "crData/Fusiones_y_Adquisiciones_1947/Fusiones_y_Adquisiciones_81-01_27335/final_results.json",
      "statistics": "crData/Fusiones_y_Adquisiciones_1947/Fusiones_y_Adquisiciones_81-01_27335/statistics_results.json"
    },
    "81-02": {
      "base_folder": "crData/Fusiones_y_Adquisiciones_1947/Fusiones_y_Adquisiciones_81-02_27384",
      "term_results_folder": "crData/Fusiones_y_Adquisiciones_1947/Fusiones_y_Adquisiciones_81-02_27384/term_results",
      "merged": "crData/Fusiones_y_Adquisiciones_1947/Fusiones_y_Adquisiciones_81-02_27384/merged_results.json",
      "filtered": "crData/Fusiones_y_Adquisiciones_1947/Fusiones_y_Adquisiciones_81-02_27384/filtered_results.json",
      "final": "crData/Fusiones_y_Adquisiciones_1947/Fusiones_y_Adquisiciones_81-02_27384/final_results.json",
      "statistics": "crData/Fusiones_y_Adquisiciones_1947/Fusiones_y_Adquisiciones_81-02_27384/statistics_results.json"
    },
    "81-03": {
      "base_folder": "crData/Fusiones_y_Adquisiciones_1947/Fusiones_y_Adquisiciones_81-03_27429",
      "term_results_folder": "crData/Fusiones_y_Adquisiciones_1947/Fusiones_y_Adquisiciones_81-03_27429/term_results",
      "merged": "crData/Fusiones_y_Adquisiciones_1947/Fusiones_y_Adquisiciones_81-03_27429/merged_results.json",
      "filtered": "crData/Fusiones_y_Adquisiciones_1947/Fusiones_y_Adquisiciones_81-03_27429/filtered_results.json",
      "final": "crData/Fusiones_y_Adquisiciones_1947/Fusiones_y_Adquisiciones_81-03_27429/final_results.json",
      "statistics": "crData/Fusiones_y_Adquisiciones_1947/Fusiones_y_Adquisiciones_81-03_27429/statistics_results.json"
    },
    "81-04": {
      "base_folder": "crData/Fusiones_y_Adquisiciones_1947/Fusiones_y_Adquisiciones_81-04_27474",
      "term_results_folder": "crData/Fusiones_y_Adquisiciones_1947/Fusiones_y_Adquisiciones_81-04_27474/term_results",
      "merged": "crData/Fusiones_y_Adquisiciones_1947/Fusiones_y_Adquisiciones_81-04_27474/merged_results.json",
      "filtered": "crData/Fusiones_y_Adquisiciones_1947/Fusiones_y_Adquisiciones_81-04_27474/filtered_results.json",
      "final": "crData/Fusiones_y_Adquisiciones_1947/Fusiones_y_Adquisiciones_81-04_27474/final_results.json",
      "statistics": "crData/Fusiones_y_Adquisiciones_1947/Fusiones_y_Adquisiciones_81-04_27474/statistics_results.json"
    },
    "81-05": {
      "base_folder": "crData/Fusiones_y_Adquisiciones_1947/Fusiones_y_Adquisiciones_81-05_27520",
      "term_results_folder": "crData/Fusiones_y_Adquisiciones_1947/Fusiones_y_Adquisiciones_81-05_27520/term_results",
      "merged": "crData/Fusiones_y_Adquisiciones_1947/Fusiones_y_Adquisiciones_81-05_27520/merged_results.json",
      "filtered": "crData/Fusiones_y_Adquisiciones_1947/Fusiones_y_Adquisiciones_81-05_27520/filtered_results.json",
      "final": "crData/Fusiones_y_Adquisiciones_1947/Fusiones_y_Adquisiciones_81-05_27520/final_results.json",
      "statistics": "crData/Fusiones_y_Adquisiciones_1947/Fusiones_y_Adquisiciones_81-05_27520/statistics_results.json"
    },
    "81-06": {
      "base_folder": "crData/Fusiones_y_Adquisiciones_1947/Fusiones_y_Adquisiciones_81-06_27553",
      "term_results_folder": "crData/Fusiones_y_Adquisiciones_1947/Fusiones_y_Adquisiciones_81-06_27553/term_results",
      "merged": "crData/Fusiones_y_Adquisiciones_1947/Fusiones_y_Adquisiciones_81-06_27553/merged_results.json",
      "filtered": "crData/Fusiones_y_Adquisiciones_1947/Fusiones_y_Adquisiciones_81-06_27553/filtered_results.json",
      "final": "crData/Fusiones_y_Adquisiciones_1947/Fusiones_y_Adquisiciones_81-06_27553/final_results.json",
      "statistics": "crData/Fusiones_y_Adquisiciones_1947/Fusiones_y_Adquisiciones_81-06_27553/statistics_results.json"
    },
    "81-07": {
      "base_folder": "crData/Fusiones_y_Adquisiciones_1947/Fusiones_y_Adquisiciones_81-07_27581",
      "term_results_folder": "crData/Fusiones_y_Adquisiciones_1947/Fusiones_y_Adquisiciones_81-07_27581/term_results",
      "merged": "crData/Fusiones_y_Adquisiciones_1947/Fusiones_y_Adquisiciones_81-07_27581/merged_results.json",
      "filtered": "crData/Fusiones_y_Adquisiciones_1947/Fusiones_y_Adquisiciones_81-07_27581/filtered_results.json",
      "final": "crData/Fusiones_y_Adquisiciones_1947/Fusiones_y_Adquisiciones_81-07_27581/final_results.json",
      "statistics": "crData/Fusiones_y_Adquisiciones_1947/Fusiones_y_Adquisiciones_81-07_27581/statistics_results.json"
    },
    "81-08": {
      "base_folder": "crData/Fusiones_y_Adquisiciones_1947/Fusiones_y_Adquisiciones_81-08_28014",
      "term_results_folder": "crData/Fusiones_y_Adquisiciones_1947/Fusiones_y_Adquisiciones_81-08_28014/term_results",
      "merged": "crData/Fusiones_y_Adquisiciones_1947/Fusiones_y_Adquisiciones_81-08_28014/merged_results.json",
      "filtered": "crData/Fusiones_y_Adquisiciones_1947/Fusiones_y_Adquisiciones_81-08_28014/filtered_results.json",
      "final": "crData/Fusiones_y_Adquisiciones_1947/Fusiones_y_Adquisiciones_81-08_28014/final_results.json",
      "statistics": "crData/Fusiones_y_Adquisiciones_1947/Fusiones_y_Adquisiciones_81-08_28014/statistics_results.json"
    },
    "81-09": {
      "base_folder": "crData/Fusiones_y_Adquisiciones_1947/Fusiones_y_Adquisiciones_81-09_28068",
      "term_results_folder": "crData/Fusiones_y_Adquisiciones_1947/Fusiones_y_Adquisiciones_81-09_28068/term_results",
      "merged": "crData/Fusiones_y_Adquisiciones_1947/Fusiones_y_Adquisiciones_81-09_28068/merged_results.json",
      "filtered": "crData/Fusiones_y_Adquisiciones_1947/Fusiones_y_Adquisiciones_81-09_28068/filtered_results.json",
      "final": "crData/Fusiones_y_Adquisiciones_1947/Fusiones_y_Adquisiciones_81-09_28068/final_results.json",
      "statistics": "crData/Fusiones_y_Adquisiciones_1947/Fusiones_y_Adquisiciones_81-09_28068/statistics_results.json"
    },
    "81-10": {
      "base_folder": "crData/Fusiones_y_Adquisiciones_1947/Fusiones_y_Adquisiciones_81-10_28104",
      "term_results_folder": "crData/Fusiones_y_Adquisiciones_1947/Fusiones_y_Adquisiciones_81-10_28104/term_results",
      "merged": "crData/Fusiones_y_Adquisiciones_1947/Fusiones_y_Adquisiciones_81-10_28104/merged_results.json",
      "filtered": "crData/Fusiones_y_Adquisiciones_1947/Fusiones_y_Adquisiciones_81-10_28104/filtered_results.json",
      "final": "crData/Fusiones_y_Adquisiciones_1947/Fusiones_y_Adquisiciones_81-10_28104/final_results.json",
      "statistics": "crData/Fusiones_y_Adquisiciones_1947/Fusiones_y_Adquisiciones_81-10_28104/statistics_results.json"
    },
    "81-11": {
      "base_folder": "crData/Fusiones_y_Adquisiciones_1947/Fusiones_y_Adquisiciones_81-11_28158",
      "term_results_folder": "crData/Fusiones_y_Adquisiciones_1947/Fusiones_y_Adquisiciones_81-11_28158/term_results",
      "merged": "crData/Fusiones_y_Adquisiciones_1947/Fusiones_y_Adquisiciones_81-11_28158/merged_results.json",
      "filtered": "crData/Fusiones_y_Adquisiciones_1947/Fusiones_y_Adquisiciones_81-11_28158/filtered_results.json",
      "final": "crData/Fusiones_y_Adquisiciones_1947/Fusiones_y_Adquisiciones_81-11_28158/final_results.json",
      "statistics": "crData/Fusiones_y_Adquisiciones_1947/Fusiones_y_Adquisiciones_81-11_28158/statistics_results.json"
    },
    "81-12": {
      "base_folder": "crData/Fusiones_y_Adquisiciones_1947/Fusiones_y_Adquisiciones_81-12_28188",
      "term_results_folder": "crData/Fusiones_y_Adquisiciones_1947/Fusiones_y_Adquisiciones_81-12_28188/term_results",
      "merged": "crData/Fusiones_y_Adquisiciones_1947/Fusiones_y_Adquisiciones_81-12_28188/merged_results.json",
      "filtered": "crData/Fusiones_y_Adquisiciones_1947/Fusiones_y_Adquisiciones_81-12_28188/filtered_results.json",
      "final": "crData/Fusiones_y_Adquisiciones_1947/Fusiones_y_Adquisiciones_81-12_28188/final_results.json",
      "statistics": "crData/Fusiones_y_Adquisiciones_1947/Fusiones_y_Adquisiciones_81-12_28188/statistics_results.json"
    }
  }
}