{
  "tool_name": "Fusiones y Adquisiciones",
  "year": "1972",
  "monthly_stats": {
    "72-01": {
      "tool_name": "Fusiones y Adquisiciones",
      "batch_id": "20580",
      "date": "72-01",
      "initial_count": 3,
      "filtered_count": 0,
      "final_count": 0,
      "duplicate_count": 0,
      "terms": {
        "“Mergers”": 3
      },
      "file_paths": {
        "base_folder": "crData/Fusiones_y_Adquisiciones_1947/Fusiones_y_Adquisiciones_72-01_20580",
        "term_results_folder": "crData/Fusiones_y_Adquisiciones_1947/Fusiones_y_Adquisiciones_72-01_20580/term_results",
        "merged": "crData/Fusiones_y_Adquisiciones_1947/Fusiones_y_Adquisiciones_72-01_20580/merged_results.json",
        "filtered": "crData/Fusiones_y_Adquisiciones_1947/Fusiones_y_Adquisiciones_72-01_20580/filtered_results.json",
        "final": "crData/Fusiones_y_Adquisiciones_1947/Fusiones_y_Adquisiciones_72-01_20580/final_results.json",
        "statistics": "crData/Fusiones_y_Adquisiciones_1947/Fusiones_y_Adquisiciones_72-01_20580/statistics_results.json"
      },
      "processing_time": 1.7739949226379395,
      "total_crossref": 166713,
      "crossref_percentage": 0.0
    },
    "72-02": {
      "tool_name": "Fusiones y Adquisiciones",
      "batch_id": "21013",
      "date": "72-02",
      "initial_count": 0,
      "filtered_count": 0,
      "final_count": 0,
      "duplicate_count": 0,
      "terms": {
        "“Mergers”": 0
      },
      "file_paths": {
        "base_folder": "crData/Fusiones_y_Adquisiciones_1947/Fusiones_y_Adquisiciones_72-02_21013",
        "term_results_folder": "crData/Fusiones_y_Adquisiciones_1947/Fusiones_y_Adquisiciones_72-02_21013/term_results",
        "merged": "crData/Fusiones_y_Adquisiciones_1947/Fusiones_y_Adquisiciones_72-02_21013/merged_results.json",
        "filtered": "crData/Fusiones_y_Adquisiciones_1947/Fusiones_y_Adquisiciones_72-02_21013/filtered_results.json",
        "final": "crData/Fusiones_y_Adquisiciones_1947/Fusiones_y_Adquisiciones_72-02_21013/final_results.json",
        "statistics": "crData/Fusiones_y_Adquisiciones_1947/Fusiones_y_Adquisiciones_72-02_21013/statistics_results.json"
      },
      "processing_time": 2.869647979736328,
      "total_crossref": 28635,
      "crossref_percentage": 0.0
    },
    "72-03": {
      "tool_name": "Fusiones y Adquisiciones",
      "batch_id": "21057",
      "date": "72-03",
      "initial_count": 0,
      "filtered_count": 0,
      "final_count": 0,
      "duplicate_count": 0,
      "terms": {
        "“Mergers”": 0
      },
      "file_paths": {
        "base_folder": "crData/Fusiones_y_Adquisiciones_1947/Fusiones_y_Adquisiciones_72-03_21057",
        "term_results_folder": "crData/Fusiones_y_Adquisiciones_1947/Fusiones_y_Adquisiciones_72-03_21057/term_results",
        "merged": "crData/Fusiones_y_Adquisiciones_1947/Fusiones_y_Adquisiciones_72-03_21057/merged_results.json",
        "filtered": "crData/Fusiones_y_Adquisiciones_1947/Fusiones_y_Adquisiciones_72-03_21057/filtered_results.json",
        "final": "crData/Fusiones_y_Adquisiciones_1947/Fusiones_y_Adquisiciones_72-03_21057/final_results.json",
        "statistics": "crData/Fusiones_y_Adquisiciones_1947/Fusiones_y_Adquisiciones_72-03_21057/statistics_results.json"
      },
      "processing_time": 1.616137981414795,
      "total_crossref": 35510,
      "crossref_percentage": 0.0
    },
    "72-04": {
      "tool_name": "Fusiones y Adquisiciones",
      "batch_id": "21088",
      "date": "72-04",
      "initial_count": 0,
      "filtered_count": 0,
      "final_count": 0,
      "duplicate_count": 0,
      "terms": {
        "“Mergers”": 0
      },
      "file_paths": {
        "base_folder": "crData/Fusiones_y_Adquisiciones_1947/Fusiones_y_Adquisiciones_72-04_21088",
        "term_results_folder": "crData/Fusiones_y_Adquisiciones_1947/Fusiones_y_Adquisiciones_72-04_21088/term_results",
        "merged": "crData/Fusiones_y_Adquisiciones_1947/Fusiones_y_Adquisiciones_72-04_21088/merged_results.json",
        "filtered": "crData/Fusiones_y_Adquisiciones_1947/Fusiones_y_Adquisiciones_72-04_21088/filtered_results.json",
        "final": "crData/Fusiones_y_Adquisiciones_1947/Fusiones_y_Adquisiciones_72-04_21088/final_results.json",
        "statistics": "crData/Fusiones_y_Adquisiciones_1947/Fusiones_y_Adquisiciones_72-04_21088/statistics_results.json"
      },
      "processing_time": 1.4381887912750244,
      "total_crossref": 32685,
      "crossref_percentage": 0.0
    },
    "72-05": {
      "tool_name": "Fusiones y Adquisiciones",
      "batch_id": "21118",
      "date": "72-05",
      "initial_count": 4,
      "filtered_count": 2,
      "final_count": 2,
      "duplicate_count": 0,
      "terms": {
        "“Mergers”": 4
      },
      "file_paths": {
        "base_folder": "crData/Fusiones_y_Adquisiciones_1947/Fusiones_y_Adquisiciones_72-05_21118",
        "term_results_folder": "crData/Fusiones_y_Adquisiciones_1947/Fusiones_y_Adquisiciones_72-05_21118/term_results",
        "merged": "crData/Fusiones_y_Adquisiciones_1947/Fusiones_y_Adquisiciones_72-05_21118/merged_results.json",
        "filtered": "crData/Fusiones_y_Adquisiciones_1947/Fusiones_y_Adquisiciones_72-05_21118/filtered_results.json",
        "final": "crData/Fusiones_y_Adquisiciones_1947/Fusiones_y_Adquisiciones_72-05_21118/final_results.json",
        "statistics": "crData/Fusiones_y_Adquisiciones_1947/Fusiones_y_Adquisiciones_72-05_21118/statistics_results.json"
      },
      "processing_time": 3.4183509349823,
      "total_crossref": 29422,
      "crossref_percentage": 0.006797634423220719
    },
    "72-06": {
      "tool_name": "Fusiones y Adquisiciones",
      "batch_id": "21167",
      "date": "72-06",
      "initial_count": 1,
      "filtered_count": 0,
      "final_count": 0,
      "duplicate_count": 0,
      "terms": {
        "“Mergers”": 1
      },
      "file_paths": {
        "base_folder": "crData/Fusiones_y_Adquisiciones_1947/Fusiones_y_Adquisiciones_72-06_21167",
        "term_results_folder": "crData/Fusiones_y_Adquisiciones_1947/Fusiones_y_Adquisiciones_72-06_21167/term_results",
        "merged": "crData/Fusiones_y_Adquisiciones_1947/Fusiones_y_Adquisiciones_72-06_21167/merged_results.json",
        "filtered": "crData/Fusiones_y_Adquisiciones_1947/Fusiones_y_Adquisiciones_72-06_21167/filtered_results.json",
        "final": "crData/Fusiones_y_Adquisiciones_1947/Fusiones_y_Adquisiciones_72-06_21167/final_results.json",
        "statistics": "crData/Fusiones_y_Adquisiciones_1947/Fusiones_y_Adquisiciones_72-06_21167/statistics_results.json"
      },
      "processing_time": 0.9676971435546875,
      "total_crossref": 35517,
      "crossref_percentage": 0.0
    },
    "72-07": {
      "tool_name": "Fusiones y Adquisiciones",
      "batch_id": "21192",
      "date": "72-07",
      "initial_count": 1,
      "filtered_count": 0,
      "final_count": 0,
      "duplicate_count": 0,
      "terms": {
        "“Mergers”": 1
      },
      "file_paths": {
        "base_folder": "crData/Fusiones_y_Adquisiciones_1947/Fusiones_y_Adquisiciones_72-07_21192",
        "term_results_folder": "crData/Fusiones_y_Adquisiciones_1947/Fusiones_y_Adquisiciones_72-07_21192/term_results",
        "merged": "crData/Fusiones_y_Adquisiciones_1947/Fusiones_y_Adquisiciones_72-07_21192/merged_results.json",
        "filtered": "crData/Fusiones_y_Adquisiciones_1947/Fusiones_y_Adquisiciones_72-07_21192/filtered_results.json",
        "final": "crData/Fusiones_y_Adquisiciones_1947/Fusiones_y_Adquisiciones_72-07_21192/final_results.json",
        "statistics": "crData/Fusiones_y_Adquisiciones_1947/Fusiones_y_Adquisiciones_72-07_21192/statistics_results.json"
      },
      "processing_time": 1.5840840339660645,
      "total_crossref": 31056,
      "crossref_percentage": 0.0
    },
    "72-08": {
      "tool_name": "Fusiones y Adquisiciones",
      "batch_id": "21223",
      "date": "72-08",
      "initial_count": 0,
      "filtered_count": 0,
      "final_count": 0,
      "duplicate_count": 0,
      "terms": {
        "“Mergers”": 0
      },
      "file_paths": {
        "base_folder": "crData/Fusiones_y_Adquisiciones_1947/Fusiones_y_Adquisiciones_72-08_21223",
        "term_results_folder": "crData/Fusiones_y_Adquisiciones_1947/Fusiones_y_Adquisiciones_72-08_21223/term_results",
        "merged": "crData/Fusiones_y_Adquisiciones_1947/Fusiones_y_Adquisiciones_72-08_21223/merged_results.json",
        "filtered": "crData/Fusiones_y_Adquisiciones_1947/Fusiones_y_Adquisiciones_72-08_21223/filtered_results.json",
        "final": "crData/Fusiones_y_Adquisiciones_1947/Fusiones_y_Adquisiciones_72-08_21223/final_results.json",
        "statistics": "crData/Fusiones_y_Adquisiciones_1947/Fusiones_y_Adquisiciones_72-08_21223/statistics_results.json"
      },
      "processing_time": 1.5277271270751953,
      "total_crossref": 27118,
      "crossref_percentage": 0.0
    },
    "72-09": {
      "tool_name": "Fusiones y Adquisiciones",
      "batch_id": "21253",
      "date": "72-09",
      "initial_count": 1,
      "filtered_count": 0,
      "final_count": 0,
      "duplicate_count": 0,
      "terms": {
        "“Mergers”": 1
      },
      "file_paths": {
        "base_folder": "crData/Fusiones_y_Adquisiciones_1947/Fusiones_y_Adquisiciones_72-09_21253",
        "term_results_folder": "crData/Fusiones_y_Adquisiciones_1947/Fusiones_y_Adquisiciones_72-09_21253/term_results",
        "merged": "crData/Fusiones_y_Adquisiciones_1947/Fusiones_y_Adquisiciones_72-09_21253/merged_results.json",
        "filtered": "crData/Fusiones_y_Adquisiciones_1947/Fusiones_y_Adquisiciones_72-09_21253/filtered_results.json",
        "final": "crData/Fusiones_y_Adquisiciones_1947/Fusiones_y_Adquisiciones_72-09_21253/final_results.json",
        "statistics": "crData/Fusiones_y_Adquisiciones_1947/Fusiones_y_Adquisiciones_72-09_21253/statistics_results.json"
      },
      "processing_time": 1.6170480251312256,
      "total_crossref": 34685,
      "crossref_percentage": 0.0
    },
    "72-10": {
      "tool_name": "Fusiones y Adquisiciones",
      "batch_id": "21284",
      "date": "72-10",
      "initial_count": 0,
      "filtered_count": 0,
      "final_count": 0,
      "duplicate_count": 0,
      "terms": {
        "“Mergers”": 0
      },
      "file_paths": {
        "base_folder": "crData/Fusiones_y_Adquisiciones_1947/Fusiones_y_Adquisiciones_72-10_21284",
        "term_results_folder": "crData/Fusiones_y_Adquisiciones_1947/Fusiones_y_Adquisiciones_72-10_21284/term_results",
        "merged": "crData/Fusiones_y_Adquisiciones_1947/Fusiones_y_Adquisiciones_72-10_21284/merged_results.json",
        "filtered": "crData/Fusiones_y_Adquisiciones_1947/Fusiones_y_Adquisiciones_72-10_21284/filtered_results.json",
        "final": "crData/Fusiones_y_Adquisiciones_1947/Fusiones_y_Adquisiciones_72-10_21284/final_results.json",
        "statistics": "crData/Fusiones_y_Adquisiciones_1947/Fusiones_y_Adquisiciones_72-10_21284/statistics_results.json"
      },
      "processing_time": 1.2575349807739258,
      "total_crossref": 32997,
      "crossref_percentage": 0.0
    },
    "72-11": {
      "tool_name": "Fusiones y Adquisiciones",
      "batch_id": "21312",
      "date": "72-11",
      "initial_count": 1,
      "filtered_count": 0,
      "final_count": 0,
      "duplicate_count": 0,
      "terms": {
        "“Mergers”": 1
      },
      "file_paths": {
        "base_folder": "crData/Fusiones_y_Adquisiciones_1947/Fusiones_y_Adquisiciones_72-11_21312",
        "term_results_folder": "crData/Fusiones_y_Adquisiciones_1947/Fusiones_y_Adquisiciones_72-11_21312/term_results",
        "merged": "crData/Fusiones_y_Adquisiciones_1947/Fusiones_y_Adquisiciones_72-11_21312/merged_results.json",
        "filtered": "crData/Fusiones_y_Adquisiciones_1947/Fusiones_y_Adquisiciones_72-11_21312/filtered_results.json",
        "final": "crData/Fusiones_y_Adquisiciones_1947/Fusiones_y_Adquisiciones_72-11_21312/final_results.json",
        "statistics": "crData/Fusiones_y_Adquisiciones_1947/Fusiones_y_Adquisiciones_72-11_21312/statistics_results.json"
      },
      "processing_time": 1.1152939796447754,
      "total_crossref": 29347,
      "crossref_percentage": 0.0
    },
    "72-12": {
      "tool_name": "Fusiones y Adquisiciones",
      "batch_id": "21338",
      "date": "72-12",
      "initial_count": 1,
      "filtered_count": 0,
      "final_count": 0,
      "duplicate_count": 0,
      "terms": {
        "“Mergers”": 1
      },
      "file_paths": {
        "base_folder": "crData/Fusiones_y_Adquisiciones_1947/Fusiones_y_Adquisiciones_72-12_21338",
        "term_results_folder": "crData/Fusiones_y_Adquisiciones_1947/Fusiones_y_Adquisiciones_72-12_21338/term_results",
        "merged": "crData/Fusiones_y_Adquisiciones_1947/Fusiones_y_Adquisiciones_72-12_21338/merged_results.json",
        "filtered": "crData/Fusiones_y_Adquisiciones_1947/Fusiones_y_Adquisiciones_72-12_21338/filtered_results.json",
        "final": "crData/Fusiones_y_Adquisiciones_1947/Fusiones_y_Adquisiciones_72-12_21338/final_results.json",
        "statistics": "crData/Fusiones_y_Adquisiciones_1947/Fusiones_y_Adquisiciones_72-12_21338/statistics_results.json"
      },
      "processing_time": 1.9754760265350342,
      "total_crossref": 55851,
      "crossref_percentage": 0.0
    }
  },
  "total_duplicates": 0,
  "monthly_files": {
    "72-01": {
      "base_folder": "crData/Fusiones_y_Adquisiciones_1947/Fusiones_y_Adquisiciones_72-01_20580",
      "term_results_folder": "crData/Fusiones_y_Adquisiciones_1947/Fusiones_y_Adquisiciones_72-01_20580/term_results",
      "merged": "crData/Fusiones_y_Adquisiciones_1947/Fusiones_y_Adquisiciones_72-01_20580/merged_results.json",
      "filtered": "crData/Fusiones_y_Adquisiciones_1947/Fusiones_y_Adquisiciones_72-01_20580/filtered_results.json",
      "final": "crData/Fusiones_y_Adquisiciones_1947/Fusiones_y_Adquisiciones_72-01_20580/final_results.json",
      "statistics": "crData/Fusiones_y_Adquisiciones_1947/Fusiones_y_Adquisiciones_72-01_20580/statistics_results.json"
    },
    "72-02": {
      "base_folder": "crData/Fusiones_y_Adquisiciones_1947/Fusiones_y_Adquisiciones_72-02_21013",
      "term_results_folder": "crData/Fusiones_y_Adquisiciones_1947/Fusiones_y_Adquisiciones_72-02_21013/term_results",
      "merged": "crData/Fusiones_y_Adquisiciones_1947/Fusiones_y_Adquisiciones_72-02_21013/merged_results.json",
      "filtered": "crData/Fusiones_y_Adquisiciones_1947/Fusiones_y_Adquisiciones_72-02_21013/filtered_results.json",
      "final": "crData/Fusiones_y_Adquisiciones_1947/Fusiones_y_Adquisiciones_72-02_21013/final_results.json",
      "statistics": "crData/Fusiones_y_Adquisiciones_1947/Fusiones_y_Adquisiciones_72-02_21013/statistics_results.json"
    },
    "72-03": {
      "base_folder": "crData/Fusiones_y_Adquisiciones_1947/Fusiones_y_Adquisiciones_72-03_21057",
      "term_results_folder": "crData/Fusiones_y_Adquisiciones_1947/Fusiones_y_Adquisiciones_72-03_21057/term_results",
      "merged": "crData/Fusiones_y_Adquisiciones_1947/Fusiones_y_Adquisiciones_72-03_21057/merged_results.json",
      "filtered": "crData/Fusiones_y_Adquisiciones_1947/Fusiones_y_Adquisiciones_72-03_21057/filtered_results.json",
      "final": "crData/Fusiones_y_Adquisiciones_1947/Fusiones_y_Adquisiciones_72-03_21057/final_results.json",
      "statistics": "crData/Fusiones_y_Adquisiciones_1947/Fusiones_y_Adquisiciones_72-03_21057/statistics_results.json"
    },
    "72-04": {
      "base_folder": "crData/Fusiones_y_Adquisiciones_1947/Fusiones_y_Adquisiciones_72-04_21088",
      "term_results_folder": "crData/Fusiones_y_Adquisiciones_1947/Fusiones_y_Adquisiciones_72-04_21088/term_results",
      "merged": "crData/Fusiones_y_Adquisiciones_1947/Fusiones_y_Adquisiciones_72-04_21088/merged_results.json",
      "filtered": "crData/Fusiones_y_Adquisiciones_1947/Fusiones_y_Adquisiciones_72-04_21088/filtered_results.json",
      "final": "crData/Fusiones_y_Adquisiciones_1947/Fusiones_y_Adquisiciones_72-04_21088/final_results.json",
      "statistics": "crData/Fusiones_y_Adquisiciones_1947/Fusiones_y_Adquisiciones_72-04_21088/statistics_results.json"
    },
    "72-05": {
      "base_folder": "crData/Fusiones_y_Adquisiciones_1947/Fusiones_y_Adquisiciones_72-05_21118",
      "term_results_folder": "crData/Fusiones_y_Adquisiciones_1947/Fusiones_y_Adquisiciones_72-05_21118/term_results",
      "merged": "crData/Fusiones_y_Adquisiciones_1947/Fusiones_y_Adquisiciones_72-05_21118/merged_results.json",
      "filtered": "crData/Fusiones_y_Adquisiciones_1947/Fusiones_y_Adquisiciones_72-05_21118/filtered_results.json",
      "final": "crData/Fusiones_y_Adquisiciones_1947/Fusiones_y_Adquisiciones_72-05_21118/final_results.json",
      "statistics": "crData/Fusiones_y_Adquisiciones_1947/Fusiones_y_Adquisiciones_72-05_21118/statistics_results.json"
    },
    "72-06": {
      "base_folder": "crData/Fusiones_y_Adquisiciones_1947/Fusiones_y_Adquisiciones_72-06_21167",
      "term_results_folder": "crData/Fusiones_y_Adquisiciones_1947/Fusiones_y_Adquisiciones_72-06_21167/term_results",
      "merged": "crData/Fusiones_y_Adquisiciones_1947/Fusiones_y_Adquisiciones_72-06_21167/merged_results.json",
      "filtered": "crData/Fusiones_y_Adquisiciones_1947/Fusiones_y_Adquisiciones_72-06_21167/filtered_results.json",
      "final": "crData/Fusiones_y_Adquisiciones_1947/Fusiones_y_Adquisiciones_72-06_21167/final_results.json",
      "statistics": "crData/Fusiones_y_Adquisiciones_1947/Fusiones_y_Adquisiciones_72-06_21167/statistics_results.json"
    },
    "72-07": {
      "base_folder": "crData/Fusiones_y_Adquisiciones_1947/Fusiones_y_Adquisiciones_72-07_21192",
      "term_results_folder": "crData/Fusiones_y_Adquisiciones_1947/Fusiones_y_Adquisiciones_72-07_21192/term_results",
      "merged": "crData/Fusiones_y_Adquisiciones_1947/Fusiones_y_Adquisiciones_72-07_21192/merged_results.json",
      "filtered": "crData/Fusiones_y_Adquisiciones_1947/Fusiones_y_Adquisiciones_72-07_21192/filtered_results.json",
      "final": "crData/Fusiones_y_Adquisiciones_1947/Fusiones_y_Adquisiciones_72-07_21192/final_results.json",
      "statistics": "crData/Fusiones_y_Adquisiciones_1947/Fusiones_y_Adquisiciones_72-07_21192/statistics_results.json"
    },
    "72-08": {
      "base_folder": "crData/Fusiones_y_Adquisiciones_1947/Fusiones_y_Adquisiciones_72-08_21223",
      "term_results_folder": "crData/Fusiones_y_Adquisiciones_1947/Fusiones_y_Adquisiciones_72-08_21223/term_results",
      "merged": "crData/Fusiones_y_Adquisiciones_1947/Fusiones_y_Adquisiciones_72-08_21223/merged_results.json",
      "filtered": "crData/Fusiones_y_Adquisiciones_1947/Fusiones_y_Adquisiciones_72-08_21223/filtered_results.json",
      "final": "crData/Fusiones_y_Adquisiciones_1947/Fusiones_y_Adquisiciones_72-08_21223/final_results.json",
      "statistics": "crData/Fusiones_y_Adquisiciones_1947/Fusiones_y_Adquisiciones_72-08_21223/statistics_results.json"
    },
    "72-09": {
      "base_folder": "crData/Fusiones_y_Adquisiciones_1947/Fusiones_y_Adquisiciones_72-09_21253",
      "term_results_folder": "crData/Fusiones_y_Adquisiciones_1947/Fusiones_y_Adquisiciones_72-09_21253/term_results",
      "merged": "crData/Fusiones_y_Adquisiciones_1947/Fusiones_y_Adquisiciones_72-09_21253/merged_results.json",
      "filtered": "crData/Fusiones_y_Adquisiciones_1947/Fusiones_y_Adquisiciones_72-09_21253/filtered_results.json",
      "final": "crData/Fusiones_y_Adquisiciones_1947/Fusiones_y_Adquisiciones_72-09_21253/final_results.json",
      "statistics": "crData/Fusiones_y_Adquisiciones_1947/Fusiones_y_Adquisiciones_72-09_21253/statistics_results.json"
    },
    "72-10": {
      "base_folder": "crData/Fusiones_y_Adquisiciones_1947/Fusiones_y_Adquisiciones_72-10_21284",
      "term_results_folder": "crData/Fusiones_y_Adquisiciones_1947/Fusiones_y_Adquisiciones_72-10_21284/term_results",
      "merged": "crData/Fusiones_y_Adquisiciones_1947/Fusiones_y_Adquisiciones_72-10_21284/merged_results.json",
      "filtered": "crData/Fusiones_y_Adquisiciones_1947/Fusiones_y_Adquisiciones_72-10_21284/filtered_results.json",
      "final": "crData/Fusiones_y_Adquisiciones_1947/Fusiones_y_Adquisiciones_72-10_21284/final_results.json",
      "statistics": "crData/Fusiones_y_Adquisiciones_1947/Fusiones_y_Adquisiciones_72-10_21284/statistics_results.json"
    },
    "72-11": {
      "base_folder": "crData/Fusiones_y_Adquisiciones_1947/Fusiones_y_Adquisiciones_72-11_21312",
      "term_results_folder": "crData/Fusiones_y_Adquisiciones_1947/Fusiones_y_Adquisiciones_72-11_21312/term_results",
      "merged": "crData/Fusiones_y_Adquisiciones_1947/Fusiones_y_Adquisiciones_72-11_21312/merged_results.json",
      "filtered": "crData/Fusiones_y_Adquisiciones_1947/Fusiones_y_Adquisiciones_72-11_21312/filtered_results.json",
      "final": "crData/Fusiones_y_Adquisiciones_1947/Fusiones_y_Adquisiciones_72-11_21312/final_results.json",
      "statistics": "crData/Fusiones_y_Adquisiciones_1947/Fusiones_y_Adquisiciones_72-11_21312/statistics_results.json"
    },
    "72-12": {
      "base_folder": "crData/Fusiones_y_Adquisiciones_1947/Fusiones_y_Adquisiciones_72-12_21338",
      "term_results_folder": "crData/Fusiones_y_Adquisiciones_1947/Fusiones_y_Adquisiciones_72-12_21338/term_results",
      "merged": "crData/Fusiones_y_Adquisiciones_1947/Fusiones_y_Adquisiciones_72-12_21338/merged_results.json",
      "filtered": "crData/Fusiones_y_Adquisiciones_1947/Fusiones_y_Adquisiciones_72-12_21338/filtered_results.json",
      "final": "crData/Fusiones_y_Adquisiciones_1947/Fusiones_y_Adquisiciones_72-12_21338/final_results.json",
      "statistics": "crData/Fusiones_y_Adquisiciones_1947/Fusiones_y_Adquisiciones_72-12_21338/statistics_results.json"
    }
  }
}