{
  "tool_name": "Fusiones y Adquisiciones",
  "year": "2024",
  "monthly_stats": {
    "24-01": {
      "tool_name": "Fusiones y Adquisiciones",
      "batch_id": "09038",
      "date": "24-01",
      "initial_count": 291,
      "filtered_count": 130,
      "final_count": 130,
      "duplicate_count": 0,
      "terms": {
        "“Mergers”": 291
      },
      "file_paths": {
        "base_folder": "crData/Fusiones_y_Adquisiciones_1947/Fusiones_y_Adquisiciones_24-01_09038",
        "term_results_folder": "crData/Fusiones_y_Adquisiciones_1947/Fusiones_y_Adquisiciones_24-01_09038/term_results",
        "merged": "crData/Fusiones_y_Adquisiciones_1947/Fusiones_y_Adquisiciones_24-01_09038/merged_results.json",
        "filtered": "crData/Fusiones_y_Adquisiciones_1947/Fusiones_y_Adquisiciones_24-01_09038/filtered_results.json",
        "final": "crData/Fusiones_y_Adquisiciones_1947/Fusiones_y_Adquisiciones_24-01_09038/final_results.json",
        "statistics": "crData/Fusiones_y_Adquisiciones_1947/Fusiones_y_Adquisiciones_24-01_09038/statistics_results.json"
      },
      "processing_time": 4.351588010787964,
      "total_crossref": 1924600,
      "crossref_percentage": 0.006754650316948977
    },
    "24-02": {
      "tool_name": "Fusiones y Adquisiciones",
      "batch_id": "09097",
      "date": "24-02",
      "initial_count": 52,
      "filtered_count": 14,
      "final_count": 14,
      "duplicate_count": 0,
      "terms": {
        "“Mergers”": 52
      },
      "file_paths": {
        "base_folder": "crData/Fusiones_y_Adquisiciones_1947/Fusiones_y_Adquisiciones_24-02_09097",
        "term_results_folder": "crData/Fusiones_y_Adquisiciones_1947/Fusiones_y_Adquisiciones_24-02_09097/term_results",
        "merged": "crData/Fusiones_y_Adquisiciones_1947/Fusiones_y_Adquisiciones_24-02_09097/merged_results.json",
        "filtered": "crData/Fusiones_y_Adquisiciones_1947/Fusiones_y_Adquisiciones_24-02_09097/filtered_results.json",
        "final": "crData/Fusiones_y_Adquisiciones_1947/Fusiones_y_Adquisiciones_24-02_09097/final_results.json",
        "statistics": "crData/Fusiones_y_Adquisiciones_1947/Fusiones_y_Adquisiciones_24-02_09097/statistics_results.json"
      },
      "processing_time": 3.132723331451416,
      "total_crossref": 482646,
      "crossref_percentage": 0.0029006766864327063
    },
    "24-03": {
      "tool_name": "Fusiones y Adquisiciones",
      "batch_id": "09143",
      "date": "24-03",
      "initial_count": 56,
      "filtered_count": 22,
      "final_count": 22,
      "duplicate_count": 0,
      "terms": {
        "“Mergers”": 56
      },
      "file_paths": {
        "base_folder": "crData/Fusiones_y_Adquisiciones_1947/Fusiones_y_Adquisiciones_24-03_09143",
        "term_results_folder": "crData/Fusiones_y_Adquisiciones_1947/Fusiones_y_Adquisiciones_24-03_09143/term_results",
        "merged": "crData/Fusiones_y_Adquisiciones_1947/Fusiones_y_Adquisiciones_24-03_09143/merged_results.json",
        "filtered": "crData/Fusiones_y_Adquisiciones_1947/Fusiones_y_Adquisiciones_24-03_09143/filtered_results.json",
        "final": "crData/Fusiones_y_Adquisiciones_1947/Fusiones_y_Adquisiciones_24-03_09143/final_results.json",
        "statistics": "crData/Fusiones_y_Adquisiciones_1947/Fusiones_y_Adquisiciones_24-03_09143/statistics_results.json"
      },
      "processing_time": 2.195930004119873,
      "total_crossref": 562186,
      "crossref_percentage": 0.003913295599676975
    },
    "24-04": {
      "tool_name": "Fusiones y Adquisiciones",
      "batch_id": "09180",
      "date": "24-04",
      "initial_count": 55,
      "filtered_count": 29,
      "final_count": 29,
      "duplicate_count": 0,
      "terms": {
        "“Mergers”": 55
      },
      "file_paths": {
        "base_folder": "crData/Fusiones_y_Adquisiciones_1947/Fusiones_y_Adquisiciones_24-04_09180",
        "term_results_folder": "crData/Fusiones_y_Adquisiciones_1947/Fusiones_y_Adquisiciones_24-04_09180/term_results",
        "merged": "crData/Fusiones_y_Adquisiciones_1947/Fusiones_y_Adquisiciones_24-04_09180/merged_results.json",
        "filtered": "crData/Fusiones_y_Adquisiciones_1947/Fusiones_y_Adquisiciones_24-04_09180/filtered_results.json",
        "final": "crData/Fusiones_y_Adquisiciones_1947/Fusiones_y_Adquisiciones_24-04_09180/final_results.json",
        "statistics": "crData/Fusiones_y_Adquisiciones_1947/Fusiones_y_Adquisiciones_24-04_09180/statistics_results.json"
      },
      "processing_time": 2.7595748901367188,
      "total_crossref": 563123,
      "crossref_percentage": 0.005149851808574681
    },
    "24-05": {
      "tool_name": "Fusiones y Adquisiciones",
      "batch_id": "09223",
      "date": "24-05",
      "initial_count": 71,
      "filtered_count": 22,
      "final_count": 22,
      "duplicate_count": 0,
      "terms": {
        "“Mergers”": 71
      },
      "file_paths": {
        "base_folder": "crData/Fusiones_y_Adquisiciones_1947/Fusiones_y_Adquisiciones_24-05_09223",
        "term_results_folder": "crData/Fusiones_y_Adquisiciones_1947/Fusiones_y_Adquisiciones_24-05_09223/term_results",
        "merged": "crData/Fusiones_y_Adquisiciones_1947/Fusiones_y_Adquisiciones_24-05_09223/merged_results.json",
        "filtered": "crData/Fusiones_y_Adquisiciones_1947/Fusiones_y_Adquisiciones_24-05_09223/filtered_results.json",
        "final": "crData/Fusiones_y_Adquisiciones_1947/Fusiones_y_Adquisiciones_24-05_09223/final_results.json",
        "statistics": "crData/Fusiones_y_Adquisiciones_1947/Fusiones_y_Adquisiciones_24-05_09223/statistics_results.json"
      },
      "processing_time": 4.2830939292907715,
      "total_crossref": 573839,
      "crossref_percentage": 0.00383382795522786
    },
    "24-06": {
      "tool_name": "Fusiones y Adquisiciones",
      "batch_id": "09281",
      "date": "24-06",
      "initial_count": 50,
      "filtered_count": 23,
      "final_count": 23,
      "duplicate_count": 0,
      "terms": {
        "“Mergers”": 50
      },
      "file_paths": {
        "base_folder": "crData/Fusiones_y_Adquisiciones_1947/Fusiones_y_Adquisiciones_24-06_09281",
        "term_results_folder": "crData/Fusiones_y_Adquisiciones_1947/Fusiones_y_Adquisiciones_24-06_09281/term_results",
        "merged": "crData/Fusiones_y_Adquisiciones_1947/Fusiones_y_Adquisiciones_24-06_09281/merged_results.json",
        "filtered": "crData/Fusiones_y_Adquisiciones_1947/Fusiones_y_Adquisiciones_24-06_09281/filtered_results.json",
        "final": "crData/Fusiones_y_Adquisiciones_1947/Fusiones_y_Adquisiciones_24-06_09281/final_results.json",
        "statistics": "crData/Fusiones_y_Adquisiciones_1947/Fusiones_y_Adquisiciones_24-06_09281/statistics_results.json"
      },
      "processing_time": 2.4502370357513428,
      "total_crossref": 644112,
      "crossref_percentage": 0.0035708075614178905
    },
    "24-07": {
      "tool_name": "Fusiones y Adquisiciones",
      "batch_id": "09321",
      "date": "24-07",
      "initial_count": 68,
      "filtered_count": 21,
      "final_count": 21,
      "duplicate_count": 0,
      "terms": {
        "“Mergers”": 68
      },
      "file_paths": {
        "base_folder": "crData/Fusiones_y_Adquisiciones_1947/Fusiones_y_Adquisiciones_24-07_09321",
        "term_results_folder": "crData/Fusiones_y_Adquisiciones_1947/Fusiones_y_Adquisiciones_24-07_09321/term_results",
        "merged": "crData/Fusiones_y_Adquisiciones_1947/Fusiones_y_Adquisiciones_24-07_09321/merged_results.json",
        "filtered": "crData/Fusiones_y_Adquisiciones_1947/Fusiones_y_Adquisiciones_24-07_09321/filtered_results.json",
        "final": "crData/Fusiones_y_Adquisiciones_1947/Fusiones_y_Adquisiciones_24-07_09321/final_results.json",
        "statistics": "crData/Fusiones_y_Adquisiciones_1947/Fusiones_y_Adquisiciones_24-07_09321/statistics_results.json"
      },
      "processing_time": 2.5958809852600098,
      "total_crossref": 582696,
      "crossref_percentage": 0.003603937559207546
    },
    "24-08": {
      "tool_name": "Fusiones y Adquisiciones",
      "batch_id": "09362",
      "date": "24-08",
      "initial_count": 63,
      "filtered_count": 29,
      "final_count": 29,
      "duplicate_count": 0,
      "terms": {
        "“Mergers”": 63
      },
      "file_paths": {
        "base_folder": "crData/Fusiones_y_Adquisiciones_1947/Fusiones_y_Adquisiciones_24-08_09362",
        "term_results_folder": "crData/Fusiones_y_Adquisiciones_1947/Fusiones_y_Adquisiciones_24-08_09362/term_results",
        "merged": "crData/Fusiones_y_Adquisiciones_1947/Fusiones_y_Adquisiciones_24-08_09362/merged_results.json",
        "filtered": "crData/Fusiones_y_Adquisiciones_1947/Fusiones_y_Adquisiciones_24-08_09362/filtered_results.json",
        "final": "crData/Fusiones_y_Adquisiciones_1947/Fusiones_y_Adquisiciones_24-08_09362/final_results.json",
        "statistics": "crData/Fusiones_y_Adquisiciones_1947/Fusiones_y_Adquisiciones_24-08_09362/statistics_results.json"
      },
      "processing_time": 2.5664851665496826,
      "total_crossref": 520792,
      "crossref_percentage": 0.0055684419115501005
    },
    "24-09": {
      "tool_name": "Fusiones y Adquisiciones",
      "batch_id": "09402",
      "date": "24-09",
      "initial_count": 62,
      "filtered_count": 23,
      "final_count": 23,
      "duplicate_count": 0,
      "terms": {
        "“Mergers”": 62
      },
      "file_paths": {
        "base_folder": "crData/Fusiones_y_Adquisiciones_1947/Fusiones_y_Adquisiciones_24-09_09402",
        "term_results_folder": "crData/Fusiones_y_Adquisiciones_1947/Fusiones_y_Adquisiciones_24-09_09402/term_results",
        "merged": "crData/Fusiones_y_Adquisiciones_1947/Fusiones_y_Adquisiciones_24-09_09402/merged_results.json",
        "filtered": "crData/Fusiones_y_Adquisiciones_1947/Fusiones_y_Adquisiciones_24-09_09402/filtered_results.json",
        "final": "crData/Fusiones_y_Adquisiciones_1947/Fusiones_y_Adquisiciones_24-09_09402/final_results.json",
        "statistics": "crData/Fusiones_y_Adquisiciones_1947/Fusiones_y_Adquisiciones_24-09_09402/statistics_results.json"
      },
      "processing_time": 3.4035861492156982,
      "total_crossref": 599136,
      "crossref_percentage": 0.003838861293596112
    },
    "24-10": {
      "tool_name": "Fusiones y Adquisiciones",
      "batch_id": "09452",
      "date": "24-10",
      "initial_count": 43,
      "filtered_count": 19,
      "final_count": 19,
      "duplicate_count": 0,
      "terms": {
        "“Mergers”": 43
      },
      "file_paths": {
        "base_folder": "crData/Fusiones_y_Adquisiciones_1947/Fusiones_y_Adquisiciones_24-10_09452",
        "term_results_folder": "crData/Fusiones_y_Adquisiciones_1947/Fusiones_y_Adquisiciones_24-10_09452/term_results",
        "merged": "crData/Fusiones_y_Adquisiciones_1947/Fusiones_y_Adquisiciones_24-10_09452/merged_results.json",
        "filtered": "crData/Fusiones_y_Adquisiciones_1947/Fusiones_y_Adquisiciones_24-10_09452/filtered_results.json",
        "final": "crData/Fusiones_y_Adquisiciones_1947/Fusiones_y_Adquisiciones_24-10_09452/final_results.json",
        "statistics": "crData/Fusiones_y_Adquisiciones_1947/Fusiones_y_Adquisiciones_24-10_09452/statistics_results.json"
      },
      "processing_time": 1.9553170204162598,
      "total_crossref": 672919,
      "crossref_percentage": 0.002823519621232273
    },
    "24-11": {
      "tool_name": "Fusiones y Adquisiciones",
      "batch_id": "09486",
      "date": "24-11",
      "initial_count": 49,
      "filtered_count": 18,
      "final_count": 18,
      "duplicate_count": 0,
      "terms": {
        "“Mergers”": 49
      },
      "file_paths": {
        "base_folder": "crData/Fusiones_y_Adquisiciones_1947/Fusiones_y_Adquisiciones_24-11_09486",
        "term_results_folder": "crData/Fusiones_y_Adquisiciones_1947/Fusiones_y_Adquisiciones_24-11_09486/term_results",
        "merged": "crData/Fusiones_y_Adquisiciones_1947/Fusiones_y_Adquisiciones_24-11_09486/merged_results.json",
        "filtered": "crData/Fusiones_y_Adquisiciones_1947/Fusiones_y_Adquisiciones_24-11_09486/filtered_results.json",
        "final": "crData/Fusiones_y_Adquisiciones_1947/Fusiones_y_Adquisiciones_24-11_09486/final_results.json",
        "statistics": "crData/Fusiones_y_Adquisiciones_1947/Fusiones_y_Adquisiciones_24-11_09486/statistics_results.json"
      },
      "processing_time": 3.5974137783050537,
      "total_crossref": 584411,
      "crossref_percentage": 0.003080024161078419
    },
    "24-12": {
      "tool_name": "Fusiones y Adquisiciones",
      "batch_id": "09537",
      "date": "24-12",
      "initial_count": 56,
      "filtered_count": 17,
      "final_count": 17,
      "duplicate_count": 0,
      "terms": {
        "“Mergers”": 56
      },
      "file_paths": {
        "base_folder": "crData/Fusiones_y_Adquisiciones_1947/Fusiones_y_Adquisiciones_24-12_09537",
        "term_results_folder": "crData/Fusiones_y_Adquisiciones_1947/Fusiones_y_Adquisiciones_24-12_09537/term_results",
        "merged": "crData/Fusiones_y_Adquisiciones_1947/Fusiones_y_Adquisiciones_24-12_09537/merged_results.json",
        "filtered": "crData/Fusiones_y_Adquisiciones_1947/Fusiones_y_Adquisiciones_24-12_09537/filtered_results.json",
        "final": "crData/Fusiones_y_Adquisiciones_1947/Fusiones_y_Adquisiciones_24-12_09537/final_results.json",
        "statistics": "crData/Fusiones_y_Adquisiciones_1947/Fusiones_y_Adquisiciones_24-12_09537/statistics_results.json"
      },
      "processing_time": 3.23974609375,
      "total_crossref": 802364,
      "crossref_percentage": 0.0021187391258830155
    }
  },
  "total_duplicates": 0,
  "monthly_files": {
    "24-01": {
      "base_folder": "crData/Fusiones_y_Adquisiciones_1947/Fusiones_y_Adquisiciones_24-01_09038",
      "term_results_folder": "crData/Fusiones_y_Adquisiciones_1947/Fusiones_y_Adquisiciones_24-01_09038/term_results",
      "merged": "crData/Fusiones_y_Adquisiciones_1947/Fusiones_y_Adquisiciones_24-01_09038/merged_results.json",
      "filtered": "crData/Fusiones_y_Adquisiciones_1947/Fusiones_y_Adquisiciones_24-01_09038/filtered_results.json",
      "final": "crData/Fusiones_y_Adquisiciones_1947/Fusiones_y_Adquisiciones_24-01_09038/final_results.json",
      "statistics": "crData/Fusiones_y_Adquisiciones_1947/Fusiones_y_Adquisiciones_24-01_09038/statistics_results.json"
    },
    "24-02": {
      "base_folder": "crData/Fusiones_y_Adquisiciones_1947/Fusiones_y_Adquisiciones_24-02_09097",
      "term_results_folder": "crData/Fusiones_y_Adquisiciones_1947/Fusiones_y_Adquisiciones_24-02_09097/term_results",
      "merged": "crData/Fusiones_y_Adquisiciones_1947/Fusiones_y_Adquisiciones_24-02_09097/merged_results.json",
      "filtered": "crData/Fusiones_y_Adquisiciones_1947/Fusiones_y_Adquisiciones_24-02_09097/filtered_results.json",
      "final": "crData/Fusiones_y_Adquisiciones_1947/Fusiones_y_Adquisiciones_24-02_09097/final_results.json",
      "statistics": "crData/Fusiones_y_Adquisiciones_1947/Fusiones_y_Adquisiciones_24-02_09097/statistics_results.json"
    },
    "24-03": {
      "base_folder": "crData/Fusiones_y_Adquisiciones_1947/Fusiones_y_Adquisiciones_24-03_09143",
      "term_results_folder": "crData/Fusiones_y_Adquisiciones_1947/Fusiones_y_Adquisiciones_24-03_09143/term_results",
      "merged": "crData/Fusiones_y_Adquisiciones_1947/Fusiones_y_Adquisiciones_24-03_09143/merged_results.json",
      "filtered": "crData/Fusiones_y_Adquisiciones_1947/Fusiones_y_Adquisiciones_24-03_09143/filtered_results.json",
      "final": "crData/Fusiones_y_Adquisiciones_1947/Fusiones_y_Adquisiciones_24-03_09143/final_results.json",
      "statistics": "crData/Fusiones_y_Adquisiciones_1947/Fusiones_y_Adquisiciones_24-03_09143/statistics_results.json"
    },
    "24-04": {
      "base_folder": "crData/Fusiones_y_Adquisiciones_1947/Fusiones_y_Adquisiciones_24-04_09180",
      "term_results_folder": "crData/Fusiones_y_Adquisiciones_1947/Fusiones_y_Adquisiciones_24-04_09180/term_results",
      "merged": "crData/Fusiones_y_Adquisiciones_1947/Fusiones_y_Adquisiciones_24-04_09180/merged_results.json",
      "filtered": "crData/Fusiones_y_Adquisiciones_1947/Fusiones_y_Adquisiciones_24-04_09180/filtered_results.json",
      "final": "crData/Fusiones_y_Adquisiciones_1947/Fusiones_y_Adquisiciones_24-04_09180/final_results.json",
      "statistics": "crData/Fusiones_y_Adquisiciones_1947/Fusiones_y_Adquisiciones_24-04_09180/statistics_results.json"
    },
    "24-05": {
      "base_folder": "crData/Fusiones_y_Adquisiciones_1947/Fusiones_y_Adquisiciones_24-05_09223",
      "term_results_folder": "crData/Fusiones_y_Adquisiciones_1947/Fusiones_y_Adquisiciones_24-05_09223/term_results",
      "merged": "crData/Fusiones_y_Adquisiciones_1947/Fusiones_y_Adquisiciones_24-05_09223/merged_results.json",
      "filtered": "crData/Fusiones_y_Adquisiciones_1947/Fusiones_y_Adquisiciones_24-05_09223/filtered_results.json",
      "final": "crData/Fusiones_y_Adquisiciones_1947/Fusiones_y_Adquisiciones_24-05_09223/final_results.json",
      "statistics": "crData/Fusiones_y_Adquisiciones_1947/Fusiones_y_Adquisiciones_24-05_09223/statistics_results.json"
    },
    "24-06": {
      "base_folder": "crData/Fusiones_y_Adquisiciones_1947/Fusiones_y_Adquisiciones_24-06_09281",
      "term_results_folder": "crData/Fusiones_y_Adquisiciones_1947/Fusiones_y_Adquisiciones_24-06_09281/term_results",
      "merged": "crData/Fusiones_y_Adquisiciones_1947/Fusiones_y_Adquisiciones_24-06_09281/merged_results.json",
      "filtered": "crData/Fusiones_y_Adquisiciones_1947/Fusiones_y_Adquisiciones_24-06_09281/filtered_results.json",
      "final": "crData/Fusiones_y_Adquisiciones_1947/Fusiones_y_Adquisiciones_24-06_09281/final_results.json",
      "statistics": "crData/Fusiones_y_Adquisiciones_1947/Fusiones_y_Adquisiciones_24-06_09281/statistics_results.json"
    },
    "24-07": {
      "base_folder": "crData/Fusiones_y_Adquisiciones_1947/Fusiones_y_Adquisiciones_24-07_09321",
      "term_results_folder": "crData/Fusiones_y_Adquisiciones_1947/Fusiones_y_Adquisiciones_24-07_09321/term_results",
      "merged": "crData/Fusiones_y_Adquisiciones_1947/Fusiones_y_Adquisiciones_24-07_09321/merged_results.json",
      "filtered": "crData/Fusiones_y_Adquisiciones_1947/Fusiones_y_Adquisiciones_24-07_09321/filtered_results.json",
      "final": "crData/Fusiones_y_Adquisiciones_1947/Fusiones_y_Adquisiciones_24-07_09321/final_results.json",
      "statistics": "crData/Fusiones_y_Adquisiciones_1947/Fusiones_y_Adquisiciones_24-07_09321/statistics_results.json"
    },
    "24-08": {
      "base_folder": "crData/Fusiones_y_Adquisiciones_1947/Fusiones_y_Adquisiciones_24-08_09362",
      "term_results_folder": "crData/Fusiones_y_Adquisiciones_1947/Fusiones_y_Adquisiciones_24-08_09362/term_results",
      "merged": "crData/Fusiones_y_Adquisiciones_1947/Fusiones_y_Adquisiciones_24-08_09362/merged_results.json",
      "filtered": "crData/Fusiones_y_Adquisiciones_1947/Fusiones_y_Adquisiciones_24-08_09362/filtered_results.json",
      "final": "crData/Fusiones_y_Adquisiciones_1947/Fusiones_y_Adquisiciones_24-08_09362/final_results.json",
      "statistics": "crData/Fusiones_y_Adquisiciones_1947/Fusiones_y_Adquisiciones_24-08_09362/statistics_results.json"
    },
    "24-09": {
      "base_folder": "crData/Fusiones_y_Adquisiciones_1947/Fusiones_y_Adquisiciones_24-09_09402",
      "term_results_folder": "crData/Fusiones_y_Adquisiciones_1947/Fusiones_y_Adquisiciones_24-09_09402/term_results",
      "merged": "crData/Fusiones_y_Adquisiciones_1947/Fusiones_y_Adquisiciones_24-09_09402/merged_results.json",
      "filtered": "crData/Fusiones_y_Adquisiciones_1947/Fusiones_y_Adquisiciones_24-09_09402/filtered_results.json",
      "final": "crData/Fusiones_y_Adquisiciones_1947/Fusiones_y_Adquisiciones_24-09_09402/final_results.json",
      "statistics": "crData/Fusiones_y_Adquisiciones_1947/Fusiones_y_Adquisiciones_24-09_09402/statistics_results.json"
    },
    "24-10": {
      "base_folder": "crData/Fusiones_y_Adquisiciones_1947/Fusiones_y_Adquisiciones_24-10_09452",
      "term_results_folder": "crData/Fusiones_y_Adquisiciones_1947/Fusiones_y_Adquisiciones_24-10_09452/term_results",
      "merged": "crData/Fusiones_y_Adquisiciones_1947/Fusiones_y_Adquisiciones_24-10_09452/merged_results.json",
      "filtered": "crData/Fusiones_y_Adquisiciones_1947/Fusiones_y_Adquisiciones_24-10_09452/filtered_results.json",
      "final": "crData/Fusiones_y_Adquisiciones_1947/Fusiones_y_Adquisiciones_24-10_09452/final_results.json",
      "statistics": "crData/Fusiones_y_Adquisiciones_1947/Fusiones_y_Adquisiciones_24-10_09452/statistics_results.json"
    },
    "24-11": {
      "base_folder": "crData/Fusiones_y_Adquisiciones_1947/Fusiones_y_Adquisiciones_24-11_09486",
      "term_results_folder": "crData/Fusiones_y_Adquisiciones_1947/Fusiones_y_Adquisiciones_24-11_09486/term_results",
      "merged": "crData/Fusiones_y_Adquisiciones_1947/Fusiones_y_Adquisiciones_24-11_09486/merged_results.json",
      "filtered": "crData/Fusiones_y_Adquisiciones_1947/Fusiones_y_Adquisiciones_24-11_09486/filtered_results.json",
      "final": "crData/Fusiones_y_Adquisiciones_1947/Fusiones_y_Adquisiciones_24-11_09486/final_results.json",
      "statistics": "crData/Fusiones_y_Adquisiciones_1947/Fusiones_y_Adquisiciones_24-11_09486/statistics_results.json"
    },
    "24-12": {
      "base_folder": "crData/Fusiones_y_Adquisiciones_1947/Fusiones_y_Adquisiciones_24-12_09537",
      "term_results_folder": "crData/Fusiones_y_Adquisiciones_1947/Fusiones_y_Adquisiciones_24-12_09537/term_results",
      "merged": "crData/Fusiones_y_Adquisiciones_1947/Fusiones_y_Adquisiciones_24-12_09537/merged_results.json",
      "filtered": "crData/Fusiones_y_Adquisiciones_1947/Fusiones_y_Adquisiciones_24-12_09537/filtered_results.json",
      "final": "crData/Fusiones_y_Adquisiciones_1947/Fusiones_y_Adquisiciones_24-12_09537/final_results.json",
      "statistics": "crData/Fusiones_y_Adquisiciones_1947/Fusiones_y_Adquisiciones_24-12_09537/statistics_results.json"
    }
  }
}