{
  "tool_name": "Fusiones y Adquisiciones",
  "year": "1978",
  "monthly_stats": {
    "78-01": {
      "tool_name": "Fusiones y Adquisiciones",
      "batch_id": "25188",
      "date": "78-01",
      "initial_count": 5,
      "filtered_count": 1,
      "final_count": 1,
      "duplicate_count": 0,
      "terms": {
        "“Mergers”": 5
      },
      "file_paths": {
        "base_folder": "crData/Fusiones_y_Adquisiciones_1947/Fusiones_y_Adquisiciones_78-01_25188",
        "term_results_folder": "crData/Fusiones_y_Adquisiciones_1947/Fusiones_y_Adquisiciones_78-01_25188/term_results",
        "merged": "crData/Fusiones_y_Adquisiciones_1947/Fusiones_y_Adquisiciones_78-01_25188/merged_results.json",
        "filtered": "crData/Fusiones_y_Adquisiciones_1947/Fusiones_y_Adquisiciones_78-01_25188/filtered_results.json",
        "final": "crData/Fusiones_y_Adquisiciones_1947/Fusiones_y_Adquisiciones_78-01_25188/final_results.json",
        "statistics": "crData/Fusiones_y_Adquisiciones_1947/Fusiones_y_Adquisiciones_78-01_25188/statistics_results.json"
      },
      "processing_time": 3.104435920715332,
      "total_crossref": 229329,
      "crossref_percentage": 0.00043605475103453985
    },
    "78-02": {
      "tool_name": "Fusiones y Adquisiciones",
      "batch_id": "25234",
      "date": "78-02",
      "initial_count": 1,
      "filtered_count": 0,
      "final_count": 0,
      "duplicate_count": 0,
      "terms": {
        "“Mergers”": 1
      },
      "file_paths": {
        "base_folder": "crData/Fusiones_y_Adquisiciones_1947/Fusiones_y_Adquisiciones_78-02_25234",
        "term_results_folder": "crData/Fusiones_y_Adquisiciones_1947/Fusiones_y_Adquisiciones_78-02_25234/term_results",
        "merged": "crData/Fusiones_y_Adquisiciones_1947/Fusiones_y_Adquisiciones_78-02_25234/merged_results.json",
        "filtered": "crData/Fusiones_y_Adquisiciones_1947/Fusiones_y_Adquisiciones_78-02_25234/filtered_results.json",
        "final": "crData/Fusiones_y_Adquisiciones_1947/Fusiones_y_Adquisiciones_78-02_25234/final_results.json",
        "statistics": "crData/Fusiones_y_Adquisiciones_1947/Fusiones_y_Adquisiciones_78-02_25234/statistics_results.json"
      },
      "processing_time": 2.128873109817505,
      "total_crossref": 34439,
      "crossref_percentage": 0.0
    },
    "78-03": {
      "tool_name": "Fusiones y Adquisiciones",
      "batch_id": "25270",
      "date": "78-03",
      "initial_count": 2,
      "filtered_count": 0,
      "final_count": 0,
      "duplicate_count": 0,
      "terms": {
        "“Mergers”": 2
      },
      "file_paths": {
        "base_folder": "crData/Fusiones_y_Adquisiciones_1947/Fusiones_y_Adquisiciones_78-03_25270",
        "term_results_folder": "crData/Fusiones_y_Adquisiciones_1947/Fusiones_y_Adquisiciones_78-03_25270/term_results",
        "merged": "crData/Fusiones_y_Adquisiciones_1947/Fusiones_y_Adquisiciones_78-03_25270/merged_results.json",
        "filtered": "crData/Fusiones_y_Adquisiciones_1947/Fusiones_y_Adquisiciones_78-03_25270/filtered_results.json",
        "final": "crData/Fusiones_y_Adquisiciones_1947/Fusiones_y_Adquisiciones_78-03_25270/final_results.json",
        "statistics": "crData/Fusiones_y_Adquisiciones_1947/Fusiones_y_Adquisiciones_78-03_25270/statistics_results.json"
      },
      "processing_time": 1.393739938735962,
      "total_crossref": 43034,
      "crossref_percentage": 0.0
    },
    "78-04": {
      "tool_name": "Fusiones y Adquisiciones",
      "batch_id": "25299",
      "date": "78-04",
      "initial_count": 1,
      "filtered_count": 0,
      "final_count": 0,
      "duplicate_count": 0,
      "terms": {
        "“Mergers”": 1
      },
      "file_paths": {
        "base_folder": "crData/Fusiones_y_Adquisiciones_1947/Fusiones_y_Adquisiciones_78-04_25299",
        "term_results_folder": "crData/Fusiones_y_Adquisiciones_1947/Fusiones_y_Adquisiciones_78-04_25299/term_results",
        "merged": "crData/Fusiones_y_Adquisiciones_1947/Fusiones_y_Adquisiciones_78-04_25299/merged_results.json",
        "filtered": "crData/Fusiones_y_Adquisiciones_1947/Fusiones_y_Adquisiciones_78-04_25299/filtered_results.json",
        "final": "crData/Fusiones_y_Adquisiciones_1947/Fusiones_y_Adquisiciones_78-04_25299/final_results.json",
        "statistics": "crData/Fusiones_y_Adquisiciones_1947/Fusiones_y_Adquisiciones_78-04_25299/statistics_results.json"
      },
      "processing_time": 1.6094839572906494,
      "total_crossref": 39991,
      "crossref_percentage": 0.0
    },
    "78-05": {
      "tool_name": "Fusiones y Adquisiciones",
      "batch_id": "25331",
      "date": "78-05",
      "initial_count": 3,
      "filtered_count": 0,
      "final_count": 0,
      "duplicate_count": 0,
      "terms": {
        "“Mergers”": 3
      },
      "file_paths": {
        "base_folder": "crData/Fusiones_y_Adquisiciones_1947/Fusiones_y_Adquisiciones_78-05_25331",
        "term_results_folder": "crData/Fusiones_y_Adquisiciones_1947/Fusiones_y_Adquisiciones_78-05_25331/term_results",
        "merged": "crData/Fusiones_y_Adquisiciones_1947/Fusiones_y_Adquisiciones_78-05_25331/merged_results.json",
        "filtered": "crData/Fusiones_y_Adquisiciones_1947/Fusiones_y_Adquisiciones_78-05_25331/filtered_results.json",
        "final": "crData/Fusiones_y_Adquisiciones_1947/Fusiones_y_Adquisiciones_78-05_25331/final_results.json",
        "statistics": "crData/Fusiones_y_Adquisiciones_1947/Fusiones_y_Adquisiciones_78-05_25331/statistics_results.json"
      },
      "processing_time": 1.6392431259155273,
      "total_crossref": 36113,
      "crossref_percentage": 0.0
    },
    "78-06": {
      "tool_name": "Fusiones y Adquisiciones",
      "batch_id": "25362",
      "date": "78-06",
      "initial_count": 0,
      "filtered_count": 0,
      "final_count": 0,
      "duplicate_count": 0,
      "terms": {
        "“Mergers”": 0
      },
      "file_paths": {
        "base_folder": "crData/Fusiones_y_Adquisiciones_1947/Fusiones_y_Adquisiciones_78-06_25362",
        "term_results_folder": "crData/Fusiones_y_Adquisiciones_1947/Fusiones_y_Adquisiciones_78-06_25362/term_results",
        "merged": "crData/Fusiones_y_Adquisiciones_1947/Fusiones_y_Adquisiciones_78-06_25362/merged_results.json",
        "filtered": "crData/Fusiones_y_Adquisiciones_1947/Fusiones_y_Adquisiciones_78-06_25362/filtered_results.json",
        "final": "crData/Fusiones_y_Adquisiciones_1947/Fusiones_y_Adquisiciones_78-06_25362/final_results.json",
        "statistics": "crData/Fusiones_y_Adquisiciones_1947/Fusiones_y_Adquisiciones_78-06_25362/statistics_results.json"
      },
      "processing_time": 2.3396952152252197,
      "total_crossref": 41132,
      "crossref_percentage": 0.0
    },
    "78-07": {
      "tool_name": "Fusiones y Adquisiciones",
      "batch_id": "25401",
      "date": "78-07",
      "initial_count": 0,
      "filtered_count": 0,
      "final_count": 0,
      "duplicate_count": 0,
      "terms": {
        "“Mergers”": 0
      },
      "file_paths": {
        "base_folder": "crData/Fusiones_y_Adquisiciones_1947/Fusiones_y_Adquisiciones_78-07_25401",
        "term_results_folder": "crData/Fusiones_y_Adquisiciones_1947/Fusiones_y_Adquisiciones_78-07_25401/term_results",
        "merged": "crData/Fusiones_y_Adquisiciones_1947/Fusiones_y_Adquisiciones_78-07_25401/merged_results.json",
        "filtered": "crData/Fusiones_y_Adquisiciones_1947/Fusiones_y_Adquisiciones_78-07_25401/filtered_results.json",
        "final": "crData/Fusiones_y_Adquisiciones_1947/Fusiones_y_Adquisiciones_78-07_25401/final_results.json",
        "statistics": "crData/Fusiones_y_Adquisiciones_1947/Fusiones_y_Adquisiciones_78-07_25401/statistics_results.json"
      },
      "processing_time": 1.4644088745117188,
      "total_crossref": 36980,
      "crossref_percentage": 0.0
    },
    "78-08": {
      "tool_name": "Fusiones y Adquisiciones",
      "batch_id": "25430",
      "date": "78-08",
      "initial_count": 0,
      "filtered_count": 0,
      "final_count": 0,
      "duplicate_count": 0,
      "terms": {
        "“Mergers”": 0
      },
      "file_paths": {
        "base_folder": "crData/Fusiones_y_Adquisiciones_1947/Fusiones_y_Adquisiciones_78-08_25430",
        "term_results_folder": "crData/Fusiones_y_Adquisiciones_1947/Fusiones_y_Adquisiciones_78-08_25430/term_results",
        "merged": "crData/Fusiones_y_Adquisiciones_1947/Fusiones_y_Adquisiciones_78-08_25430/merged_results.json",
        "filtered": "crData/Fusiones_y_Adquisiciones_1947/Fusiones_y_Adquisiciones_78-08_25430/filtered_results.json",
        "final": "crData/Fusiones_y_Adquisiciones_1947/Fusiones_y_Adquisiciones_78-08_25430/final_results.json",
        "statistics": "crData/Fusiones_y_Adquisiciones_1947/Fusiones_y_Adquisiciones_78-08_25430/statistics_results.json"
      },
      "processing_time": 1.6371700763702393,
      "total_crossref": 32231,
      "crossref_percentage": 0.0
    },
    "78-09": {
      "tool_name": "Fusiones y Adquisiciones",
      "batch_id": "25462",
      "date": "78-09",
      "initial_count": 2,
      "filtered_count": 0,
      "final_count": 0,
      "duplicate_count": 0,
      "terms": {
        "“Mergers”": 2
      },
      "file_paths": {
        "base_folder": "crData/Fusiones_y_Adquisiciones_1947/Fusiones_y_Adquisiciones_78-09_25462",
        "term_results_folder": "crData/Fusiones_y_Adquisiciones_1947/Fusiones_y_Adquisiciones_78-09_25462/term_results",
        "merged": "crData/Fusiones_y_Adquisiciones_1947/Fusiones_y_Adquisiciones_78-09_25462/merged_results.json",
        "filtered": "crData/Fusiones_y_Adquisiciones_1947/Fusiones_y_Adquisiciones_78-09_25462/filtered_results.json",
        "final": "crData/Fusiones_y_Adquisiciones_1947/Fusiones_y_Adquisiciones_78-09_25462/final_results.json",
        "statistics": "crData/Fusiones_y_Adquisiciones_1947/Fusiones_y_Adquisiciones_78-09_25462/statistics_results.json"
      },
      "processing_time": 2.695651054382324,
      "total_crossref": 42672,
      "crossref_percentage": 0.0
    },
    "78-10": {
      "tool_name": "Fusiones y Adquisiciones",
      "batch_id": "25504",
      "date": "78-10",
      "initial_count": 0,
      "filtered_count": 0,
      "final_count": 0,
      "duplicate_count": 0,
      "terms": {
        "“Mergers”": 0
      },
      "file_paths": {
        "base_folder": "crData/Fusiones_y_Adquisiciones_1947/Fusiones_y_Adquisiciones_78-10_25504",
        "term_results_folder": "crData/Fusiones_y_Adquisiciones_1947/Fusiones_y_Adquisiciones_78-10_25504/term_results",
        "merged": "crData/Fusiones_y_Adquisiciones_1947/Fusiones_y_Adquisiciones_78-10_25504/merged_results.json",
        "filtered": "crData/Fusiones_y_Adquisiciones_1947/Fusiones_y_Adquisiciones_78-10_25504/filtered_results.json",
        "final": "crData/Fusiones_y_Adquisiciones_1947/Fusiones_y_Adquisiciones_78-10_25504/final_results.json",
        "statistics": "crData/Fusiones_y_Adquisiciones_1947/Fusiones_y_Adquisiciones_78-10_25504/statistics_results.json"
      },
      "processing_time": 1.8983659744262695,
      "total_crossref": 40093,
      "crossref_percentage": 0.0
    },
    "78-11": {
      "tool_name": "Fusiones y Adquisiciones",
      "batch_id": "25538",
      "date": "78-11",
      "initial_count": 2,
      "filtered_count": 0,
      "final_count": 0,
      "duplicate_count": 0,
      "terms": {
        "“Mergers”": 2
      },
      "file_paths": {
        "base_folder": "crData/Fusiones_y_Adquisiciones_1947/Fusiones_y_Adquisiciones_78-11_25538",
        "term_results_folder": "crData/Fusiones_y_Adquisiciones_1947/Fusiones_y_Adquisiciones_78-11_25538/term_results",
        "merged": "crData/Fusiones_y_Adquisiciones_1947/Fusiones_y_Adquisiciones_78-11_25538/merged_results.json",
        "filtered": "crData/Fusiones_y_Adquisiciones_1947/Fusiones_y_Adquisiciones_78-11_25538/filtered_results.json",
        "final": "crData/Fusiones_y_Adquisiciones_1947/Fusiones_y_Adquisiciones_78-11_25538/final_results.json",
        "statistics": "crData/Fusiones_y_Adquisiciones_1947/Fusiones_y_Adquisiciones_78-11_25538/statistics_results.json"
      },
      "processing_time": 1.6223621368408203,
      "total_crossref": 35400,
      "crossref_percentage": 0.0
    },
    "78-12": {
      "tool_name": "Fusiones y Adquisiciones",
      "batch_id": "25569",
      "date": "78-12",
      "initial_count": 4,
      "filtered_count": 0,
      "final_count": 0,
      "duplicate_count": 0,
      "terms": {
        "“Mergers”": 4
      },
      "file_paths": {
        "base_folder": "crData/Fusiones_y_Adquisiciones_1947/Fusiones_y_Adquisiciones_78-12_25569",
        "term_results_folder": "crData/Fusiones_y_Adquisiciones_1947/Fusiones_y_Adquisiciones_78-12_25569/term_results",
        "merged": "crData/Fusiones_y_Adquisiciones_1947/Fusiones_y_Adquisiciones_78-12_25569/merged_results.json",
        "filtered": "crData/Fusiones_y_Adquisiciones_1947/Fusiones_y_Adquisiciones_78-12_25569/filtered_results.json",
        "final": "crData/Fusiones_y_Adquisiciones_1947/Fusiones_y_Adquisiciones_78-12_25569/final_results.json",
        "statistics": "crData/Fusiones_y_Adquisiciones_1947/Fusiones_y_Adquisiciones_78-12_25569/statistics_results.json"
      },
      "processing_time": 2.0024869441986084,
      "total_crossref": 62918,
      "crossref_percentage": 0.0
    }
  },
  "total_duplicates": 0,
  "monthly_files": {
    "78-01": {
      "base_folder": "crData/Fusiones_y_Adquisiciones_1947/Fusiones_y_Adquisiciones_78-01_25188",
      "term_results_folder": "crData/Fusiones_y_Adquisiciones_1947/Fusiones_y_Adquisiciones_78-01_25188/term_results",
      "merged": "crData/Fusiones_y_Adquisiciones_1947/Fusiones_y_Adquisiciones_78-01_25188/merged_results.json",
      "filtered": "crData/Fusiones_y_Adquisiciones_1947/Fusiones_y_Adquisiciones_78-01_25188/filtered_results.json",
      "final": "crData/Fusiones_y_Adquisiciones_1947/Fusiones_y_Adquisiciones_78-01_25188/final_results.json",
      "statistics": "crData/Fusiones_y_Adquisiciones_1947/Fusiones_y_Adquisiciones_78-01_25188/statistics_results.json"
    },
    "78-02": {
      "base_folder": "crData/Fusiones_y_Adquisiciones_1947/Fusiones_y_Adquisiciones_78-02_25234",
      "term_results_folder": "crData/Fusiones_y_Adquisiciones_1947/Fusiones_y_Adquisiciones_78-02_25234/term_results",
      "merged": "crData/Fusiones_y_Adquisiciones_1947/Fusiones_y_Adquisiciones_78-02_25234/merged_results.json",
      "filtered": "crData/Fusiones_y_Adquisiciones_1947/Fusiones_y_Adquisiciones_78-02_25234/filtered_results.json",
      "final": "crData/Fusiones_y_Adquisiciones_1947/Fusiones_y_Adquisiciones_78-02_25234/final_results.json",
      "statistics": "crData/Fusiones_y_Adquisiciones_1947/Fusiones_y_Adquisiciones_78-02_25234/statistics_results.json"
    },
    "78-03": {
      "base_folder": "crData/Fusiones_y_Adquisiciones_1947/Fusiones_y_Adquisiciones_78-03_25270",
      "term_results_folder": "crData/Fusiones_y_Adquisiciones_1947/Fusiones_y_Adquisiciones_78-03_25270/term_results",
      "merged": "crData/Fusiones_y_Adquisiciones_1947/Fusiones_y_Adquisiciones_78-03_25270/merged_results.json",
      "filtered": "crData/Fusiones_y_Adquisiciones_1947/Fusiones_y_Adquisiciones_78-03_25270/filtered_results.json",
      "final": "crData/Fusiones_y_Adquisiciones_1947/Fusiones_y_Adquisiciones_78-03_25270/final_results.json",
      "statistics": "crData/Fusiones_y_Adquisiciones_1947/Fusiones_y_Adquisiciones_78-03_25270/statistics_results.json"
    },
    "78-04": {
      "base_folder": "crData/Fusiones_y_Adquisiciones_1947/Fusiones_y_Adquisiciones_78-04_25299",
      "term_results_folder": "crData/Fusiones_y_Adquisiciones_1947/Fusiones_y_Adquisiciones_78-04_25299/term_results",
      "merged": "crData/Fusiones_y_Adquisiciones_1947/Fusiones_y_Adquisiciones_78-04_25299/merged_results.json",
      "filtered": "crData/Fusiones_y_Adquisiciones_1947/Fusiones_y_Adquisiciones_78-04_25299/filtered_results.json",
      "final": "crData/Fusiones_y_Adquisiciones_1947/Fusiones_y_Adquisiciones_78-04_25299/final_results.json",
      "statistics": "crData/Fusiones_y_Adquisiciones_1947/Fusiones_y_Adquisiciones_78-04_25299/statistics_results.json"
    },
    "78-05": {
      "base_folder": "crData/Fusiones_y_Adquisiciones_1947/Fusiones_y_Adquisiciones_78-05_25331",
      "term_results_folder": "crData/Fusiones_y_Adquisiciones_1947/Fusiones_y_Adquisiciones_78-05_25331/term_results",
      "merged": "crData/Fusiones_y_Adquisiciones_1947/Fusiones_y_Adquisiciones_78-05_25331/merged_results.json",
      "filtered": "crData/Fusiones_y_Adquisiciones_1947/Fusiones_y_Adquisiciones_78-05_25331/filtered_results.json",
      "final": "crData/Fusiones_y_Adquisiciones_1947/Fusiones_y_Adquisiciones_78-05_25331/final_results.json",
      "statistics": "crData/Fusiones_y_Adquisiciones_1947/Fusiones_y_Adquisiciones_78-05_25331/statistics_results.json"
    },
    "78-06": {
      "base_folder": "crData/Fusiones_y_Adquisiciones_1947/Fusiones_y_Adquisiciones_78-06_25362",
      "term_results_folder": "crData/Fusiones_y_Adquisiciones_1947/Fusiones_y_Adquisiciones_78-06_25362/term_results",
      "merged": "crData/Fusiones_y_Adquisiciones_1947/Fusiones_y_Adquisiciones_78-06_25362/merged_results.json",
      "filtered": "crData/Fusiones_y_Adquisiciones_1947/Fusiones_y_Adquisiciones_78-06_25362/filtered_results.json",
      "final": "crData/Fusiones_y_Adquisiciones_1947/Fusiones_y_Adquisiciones_78-06_25362/final_results.json",
      "statistics": "crData/Fusiones_y_Adquisiciones_1947/Fusiones_y_Adquisiciones_78-06_25362/statistics_results.json"
    },
    "78-07": {
      "base_folder": "crData/Fusiones_y_Adquisiciones_1947/Fusiones_y_Adquisiciones_78-07_25401",
      "term_results_folder": "crData/Fusiones_y_Adquisiciones_1947/Fusiones_y_Adquisiciones_78-07_25401/term_results",
      "merged": "crData/Fusiones_y_Adquisiciones_1947/Fusiones_y_Adquisiciones_78-07_25401/merged_results.json",
      "filtered": "crData/Fusiones_y_Adquisiciones_1947/Fusiones_y_Adquisiciones_78-07_25401/filtered_results.json",
      "final": "crData/Fusiones_y_Adquisiciones_1947/Fusiones_y_Adquisiciones_78-07_25401/final_results.json",
      "statistics": "crData/Fusiones_y_Adquisiciones_1947/Fusiones_y_Adquisiciones_78-07_25401/statistics_results.json"
    },
    "78-08": {
      "base_folder": "crData/Fusiones_y_Adquisiciones_1947/Fusiones_y_Adquisiciones_78-08_25430",
      "term_results_folder": "crData/Fusiones_y_Adquisiciones_1947/Fusiones_y_Adquisiciones_78-08_25430/term_results",
      "merged": "crData/Fusiones_y_Adquisiciones_1947/Fusiones_y_Adquisiciones_78-08_25430/merged_results.json",
      "filtered": "crData/Fusiones_y_Adquisiciones_1947/Fusiones_y_Adquisiciones_78-08_25430/filtered_results.json",
      "final": "crData/Fusiones_y_Adquisiciones_1947/Fusiones_y_Adquisiciones_78-08_25430/final_results.json",
      "statistics": "crData/Fusiones_y_Adquisiciones_1947/Fusiones_y_Adquisiciones_78-08_25430/statistics_results.json"
    },
    "78-09": {
      "base_folder": "crData/Fusiones_y_Adquisiciones_1947/Fusiones_y_Adquisiciones_78-09_25462",
      "term_results_folder": "crData/Fusiones_y_Adquisiciones_1947/Fusiones_y_Adquisiciones_78-09_25462/term_results",
      "merged": "crData/Fusiones_y_Adquisiciones_1947/Fusiones_y_Adquisiciones_78-09_25462/merged_results.json",
      "filtered": "crData/Fusiones_y_Adquisiciones_1947/Fusiones_y_Adquisiciones_78-09_25462/filtered_results.json",
      "final": "crData/Fusiones_y_Adquisiciones_1947/Fusiones_y_Adquisiciones_78-09_25462/final_results.json",
      "statistics": "crData/Fusiones_y_Adquisiciones_1947/Fusiones_y_Adquisiciones_78-09_25462/statistics_results.json"
    },
    "78-10": {
      "base_folder": "crData/Fusiones_y_Adquisiciones_1947/Fusiones_y_Adquisiciones_78-10_25504",
      "term_results_folder": "crData/Fusiones_y_Adquisiciones_1947/Fusiones_y_Adquisiciones_78-10_25504/term_results",
      "merged": "crData/Fusiones_y_Adquisiciones_1947/Fusiones_y_Adquisiciones_78-10_25504/merged_results.json",
      "filtered": "crData/Fusiones_y_Adquisiciones_1947/Fusiones_y_Adquisiciones_78-10_25504/filtered_results.json",
      "final": "crData/Fusiones_y_Adquisiciones_1947/Fusiones_y_Adquisiciones_78-10_25504/final_results.json",
      "statistics": "crData/Fusiones_y_Adquisiciones_1947/Fusiones_y_Adquisiciones_78-10_25504/statistics_results.json"
    },
    "78-11": {
      "base_folder": "crData/Fusiones_y_Adquisiciones_1947/Fusiones_y_Adquisiciones_78-11_25538",
      "term_results_folder": "crData/Fusiones_y_Adquisiciones_1947/Fusiones_y_Adquisiciones_78-11_25538/term_results",
      "merged": "crData/Fusiones_y_Adquisiciones_1947/Fusiones_y_Adquisiciones_78-11_25538/merged_results.json",
      "filtered": "crData/Fusiones_y_Adquisiciones_1947/Fusiones_y_Adquisiciones_78-11_25538/filtered_results.json",
      "final": "crData/Fusiones_y_Adquisiciones_1947/Fusiones_y_Adquisiciones_78-11_25538/final_results.json",
      "statistics": "crData/Fusiones_y_Adquisiciones_1947/Fusiones_y_Adquisiciones_78-11_25538/statistics_results.json"
    },
    "78-12": {
      "base_folder": "crData/Fusiones_y_Adquisiciones_1947/Fusiones_y_Adquisiciones_78-12_25569",
      "term_results_folder": "crData/Fusiones_y_Adquisiciones_1947/Fusiones_y_Adquisiciones_78-12_25569/term_results",
      "merged": "crData/Fusiones_y_Adquisiciones_1947/Fusiones_y_Adquisiciones_78-12_25569/merged_results.json",
      "filtered": "crData/Fusiones_y_Adquisiciones_1947/Fusiones_y_Adquisiciones_78-12_25569/filtered_results.json",
      "final": "crData/Fusiones_y_Adquisiciones_1947/Fusiones_y_Adquisiciones_78-12_25569/final_results.json",
      "statistics": "crData/Fusiones_y_Adquisiciones_1947/Fusiones_y_Adquisiciones_78-12_25569/statistics_results.json"
    }
  }
}