{
  "tool_name": "Fusiones y Adquisiciones",
  "year": "1988",
  "monthly_stats": {
    "88-01": {
      "tool_name": "Fusiones y Adquisiciones",
      "batch_id": "33175",
      "date": "88-01",
      "initial_count": 24,
      "filtered_count": 7,
      "final_count": 7,
      "duplicate_count": 0,
      "terms": {
        "“Mergers”": 24
      },
      "file_paths": {
        "base_folder": "crData/Fusiones_y_Adquisiciones_1947/Fusiones_y_Adquisiciones_88-01_33175",
        "term_results_folder": "crData/Fusiones_y_Adquisiciones_1947/Fusiones_y_Adquisiciones_88-01_33175/term_results",
        "merged": "crData/Fusiones_y_Adquisiciones_1947/Fusiones_y_Adquisiciones_88-01_33175/merged_results.json",
        "filtered": "crData/Fusiones_y_Adquisiciones_1947/Fusiones_y_Adquisiciones_88-01_33175/filtered_results.json",
        "final": "crData/Fusiones_y_Adquisiciones_1947/Fusiones_y_Adquisiciones_88-01_33175/final_results.json",
        "statistics": "crData/Fusiones_y_Adquisiciones_1947/Fusiones_y_Adquisiciones_88-01_33175/statistics_results.json"
      },
      "processing_time": 2.2255699634552,
      "total_crossref": 384445,
      "crossref_percentage": 0.001820806617331478
    },
    "88-02": {
      "tool_name": "Fusiones y Adquisiciones",
      "batch_id": "33212",
      "date": "88-02",
      "initial_count": 0,
      "filtered_count": 0,
      "final_count": 0,
      "duplicate_count": 0,
      "terms": {
        "“Mergers”": 0
      },
      "file_paths": {
        "base_folder": "crData/Fusiones_y_Adquisiciones_1947/Fusiones_y_Adquisiciones_88-02_33212",
        "term_results_folder": "crData/Fusiones_y_Adquisiciones_1947/Fusiones_y_Adquisiciones_88-02_33212/term_results",
        "merged": "crData/Fusiones_y_Adquisiciones_1947/Fusiones_y_Adquisiciones_88-02_33212/merged_results.json",
        "filtered": "crData/Fusiones_y_Adquisiciones_1947/Fusiones_y_Adquisiciones_88-02_33212/filtered_results.json",
        "final": "crData/Fusiones_y_Adquisiciones_1947/Fusiones_y_Adquisiciones_88-02_33212/final_results.json",
        "statistics": "crData/Fusiones_y_Adquisiciones_1947/Fusiones_y_Adquisiciones_88-02_33212/statistics_results.json"
      },
      "processing_time": 1.7570350170135498,
      "total_crossref": 48964,
      "crossref_percentage": 0.0
    },
    "88-03": {
      "tool_name": "Fusiones y Adquisiciones",
      "batch_id": "33245",
      "date": "88-03",
      "initial_count": 4,
      "filtered_count": 1,
      "final_count": 1,
      "duplicate_count": 0,
      "terms": {
        "“Mergers”": 4
      },
      "file_paths": {
        "base_folder": "crData/Fusiones_y_Adquisiciones_1947/Fusiones_y_Adquisiciones_88-03_33245",
        "term_results_folder": "crData/Fusiones_y_Adquisiciones_1947/Fusiones_y_Adquisiciones_88-03_33245/term_results",
        "merged": "crData/Fusiones_y_Adquisiciones_1947/Fusiones_y_Adquisiciones_88-03_33245/merged_results.json",
        "filtered": "crData/Fusiones_y_Adquisiciones_1947/Fusiones_y_Adquisiciones_88-03_33245/filtered_results.json",
        "final": "crData/Fusiones_y_Adquisiciones_1947/Fusiones_y_Adquisiciones_88-03_33245/final_results.json",
        "statistics": "crData/Fusiones_y_Adquisiciones_1947/Fusiones_y_Adquisiciones_88-03_33245/statistics_results.json"
      },
      "processing_time": 1.8852651119232178,
      "total_crossref": 64481,
      "crossref_percentage": 0.0015508444347947456
    },
    "88-04": {
      "tool_name": "Fusiones y Adquisiciones",
      "batch_id": "33279",
      "date": "88-04",
      "initial_count": 3,
      "filtered_count": 0,
      "final_count": 0,
      "duplicate_count": 0,
      "terms": {
        "“Mergers”": 3
      },
      "file_paths": {
        "base_folder": "crData/Fusiones_y_Adquisiciones_1947/Fusiones_y_Adquisiciones_88-04_33279",
        "term_results_folder": "crData/Fusiones_y_Adquisiciones_1947/Fusiones_y_Adquisiciones_88-04_33279/term_results",
        "merged": "crData/Fusiones_y_Adquisiciones_1947/Fusiones_y_Adquisiciones_88-04_33279/merged_results.json",
        "filtered": "crData/Fusiones_y_Adquisiciones_1947/Fusiones_y_Adquisiciones_88-04_33279/filtered_results.json",
        "final": "crData/Fusiones_y_Adquisiciones_1947/Fusiones_y_Adquisiciones_88-04_33279/final_results.json",
        "statistics": "crData/Fusiones_y_Adquisiciones_1947/Fusiones_y_Adquisiciones_88-04_33279/statistics_results.json"
      },
      "processing_time": 1.5908558368682861,
      "total_crossref": 56412,
      "crossref_percentage": 0.0
    },
    "88-05": {
      "tool_name": "Fusiones y Adquisiciones",
      "batch_id": "33310",
      "date": "88-05",
      "initial_count": 4,
      "filtered_count": 0,
      "final_count": 0,
      "duplicate_count": 0,
      "terms": {
        "“Mergers”": 4
      },
      "file_paths": {
        "base_folder": "crData/Fusiones_y_Adquisiciones_1947/Fusiones_y_Adquisiciones_88-05_33310",
        "term_results_folder": "crData/Fusiones_y_Adquisiciones_1947/Fusiones_y_Adquisiciones_88-05_33310/term_results",
        "merged": "crData/Fusiones_y_Adquisiciones_1947/Fusiones_y_Adquisiciones_88-05_33310/merged_results.json",
        "filtered": "crData/Fusiones_y_Adquisiciones_1947/Fusiones_y_Adquisiciones_88-05_33310/filtered_results.json",
        "final": "crData/Fusiones_y_Adquisiciones_1947/Fusiones_y_Adquisiciones_88-05_33310/final_results.json",
        "statistics": "crData/Fusiones_y_Adquisiciones_1947/Fusiones_y_Adquisiciones_88-05_33310/statistics_results.json"
      },
      "processing_time": 2.054252862930298,
      "total_crossref": 53210,
      "crossref_percentage": 0.0
    },
    "88-06": {
      "tool_name": "Fusiones y Adquisiciones",
      "batch_id": "33345",
      "date": "88-06",
      "initial_count": 8,
      "filtered_count": 0,
      "final_count": 0,
      "duplicate_count": 0,
      "terms": {
        "“Mergers”": 8
      },
      "file_paths": {
        "base_folder": "crData/Fusiones_y_Adquisiciones_1947/Fusiones_y_Adquisiciones_88-06_33345",
        "term_results_folder": "crData/Fusiones_y_Adquisiciones_1947/Fusiones_y_Adquisiciones_88-06_33345/term_results",
        "merged": "crData/Fusiones_y_Adquisiciones_1947/Fusiones_y_Adquisiciones_88-06_33345/merged_results.json",
        "filtered": "crData/Fusiones_y_Adquisiciones_1947/Fusiones_y_Adquisiciones_88-06_33345/filtered_results.json",
        "final": "crData/Fusiones_y_Adquisiciones_1947/Fusiones_y_Adquisiciones_88-06_33345/final_results.json",
        "statistics": "crData/Fusiones_y_Adquisiciones_1947/Fusiones_y_Adquisiciones_88-06_33345/statistics_results.json"
      },
      "processing_time": 2.0657451152801514,
      "total_crossref": 64582,
      "crossref_percentage": 0.0
    },
    "88-07": {
      "tool_name": "Fusiones y Adquisiciones",
      "batch_id": "33381",
      "date": "88-07",
      "initial_count": 1,
      "filtered_count": 0,
      "final_count": 0,
      "duplicate_count": 0,
      "terms": {
        "“Mergers”": 1
      },
      "file_paths": {
        "base_folder": "crData/Fusiones_y_Adquisiciones_1947/Fusiones_y_Adquisiciones_88-07_33381",
        "term_results_folder": "crData/Fusiones_y_Adquisiciones_1947/Fusiones_y_Adquisiciones_88-07_33381/term_results",
        "merged": "crData/Fusiones_y_Adquisiciones_1947/Fusiones_y_Adquisiciones_88-07_33381/merged_results.json",
        "filtered": "crData/Fusiones_y_Adquisiciones_1947/Fusiones_y_Adquisiciones_88-07_33381/filtered_results.json",
        "final": "crData/Fusiones_y_Adquisiciones_1947/Fusiones_y_Adquisiciones_88-07_33381/final_results.json",
        "statistics": "crData/Fusiones_y_Adquisiciones_1947/Fusiones_y_Adquisiciones_88-07_33381/statistics_results.json"
      },
      "processing_time": 2.417840003967285,
      "total_crossref": 55156,
      "crossref_percentage": 0.0
    },
    "88-08": {
      "tool_name": "Fusiones y Adquisiciones",
      "batch_id": "33420",
      "date": "88-08",
      "initial_count": 2,
      "filtered_count": 0,
      "final_count": 0,
      "duplicate_count": 0,
      "terms": {
        "“Mergers”": 2
      },
      "file_paths": {
        "base_folder": "crData/Fusiones_y_Adquisiciones_1947/Fusiones_y_Adquisiciones_88-08_33420",
        "term_results_folder": "crData/Fusiones_y_Adquisiciones_1947/Fusiones_y_Adquisiciones_88-08_33420/term_results",
        "merged": "crData/Fusiones_y_Adquisiciones_1947/Fusiones_y_Adquisiciones_88-08_33420/merged_results.json",
        "filtered": "crData/Fusiones_y_Adquisiciones_1947/Fusiones_y_Adquisiciones_88-08_33420/filtered_results.json",
        "final": "crData/Fusiones_y_Adquisiciones_1947/Fusiones_y_Adquisiciones_88-08_33420/final_results.json",
        "statistics": "crData/Fusiones_y_Adquisiciones_1947/Fusiones_y_Adquisiciones_88-08_33420/statistics_results.json"
      },
      "processing_time": 2.8439762592315674,
      "total_crossref": 49924,
      "crossref_percentage": 0.0
    },
    "88-09": {
      "tool_name": "Fusiones y Adquisiciones",
      "batch_id": "33464",
      "date": "88-09",
      "initial_count": 6,
      "filtered_count": 0,
      "final_count": 0,
      "duplicate_count": 0,
      "terms": {
        "“Mergers”": 6
      },
      "file_paths": {
        "base_folder": "crData/Fusiones_y_Adquisiciones_1947/Fusiones_y_Adquisiciones_88-09_33464",
        "term_results_folder": "crData/Fusiones_y_Adquisiciones_1947/Fusiones_y_Adquisiciones_88-09_33464/term_results",
        "merged": "crData/Fusiones_y_Adquisiciones_1947/Fusiones_y_Adquisiciones_88-09_33464/merged_results.json",
        "filtered": "crData/Fusiones_y_Adquisiciones_1947/Fusiones_y_Adquisiciones_88-09_33464/filtered_results.json",
        "final": "crData/Fusiones_y_Adquisiciones_1947/Fusiones_y_Adquisiciones_88-09_33464/final_results.json",
        "statistics": "crData/Fusiones_y_Adquisiciones_1947/Fusiones_y_Adquisiciones_88-09_33464/statistics_results.json"
      },
      "processing_time": 2.2289509773254395,
      "total_crossref": 64579,
      "crossref_percentage": 0.0
    },
    "88-10": {
      "tool_name": "Fusiones y Adquisiciones",
      "batch_id": "33501",
      "date": "88-10",
      "initial_count": 1,
      "filtered_count": 0,
      "final_count": 0,
      "duplicate_count": 0,
      "terms": {
        "“Mergers”": 1
      },
      "file_paths": {
        "base_folder": "crData/Fusiones_y_Adquisiciones_1947/Fusiones_y_Adquisiciones_88-10_33501",
        "term_results_folder": "crData/Fusiones_y_Adquisiciones_1947/Fusiones_y_Adquisiciones_88-10_33501/term_results",
        "merged": "crData/Fusiones_y_Adquisiciones_1947/Fusiones_y_Adquisiciones_88-10_33501/merged_results.json",
        "filtered": "crData/Fusiones_y_Adquisiciones_1947/Fusiones_y_Adquisiciones_88-10_33501/filtered_results.json",
        "final": "crData/Fusiones_y_Adquisiciones_1947/Fusiones_y_Adquisiciones_88-10_33501/final_results.json",
        "statistics": "crData/Fusiones_y_Adquisiciones_1947/Fusiones_y_Adquisiciones_88-10_33501/statistics_results.json"
      },
      "processing_time": 1.772542953491211,
      "total_crossref": 57994,
      "crossref_percentage": 0.0
    },
    "88-11": {
      "tool_name": "Fusiones y Adquisiciones",
      "batch_id": "33534",
      "date": "88-11",
      "initial_count": 6,
      "filtered_count": 0,
      "final_count": 0,
      "duplicate_count": 0,
      "terms": {
        "“Mergers”": 6
      },
      "file_paths": {
        "base_folder": "crData/Fusiones_y_Adquisiciones_1947/Fusiones_y_Adquisiciones_88-11_33534",
        "term_results_folder": "crData/Fusiones_y_Adquisiciones_1947/Fusiones_y_Adquisiciones_88-11_33534/term_results",
        "merged": "crData/Fusiones_y_Adquisiciones_1947/Fusiones_y_Adquisiciones_88-11_33534/merged_results.json",
        "filtered": "crData/Fusiones_y_Adquisiciones_1947/Fusiones_y_Adquisiciones_88-11_33534/filtered_results.json",
        "final": "crData/Fusiones_y_Adquisiciones_1947/Fusiones_y_Adquisiciones_88-11_33534/final_results.json",
        "statistics": "crData/Fusiones_y_Adquisiciones_1947/Fusiones_y_Adquisiciones_88-11_33534/statistics_results.json"
      },
      "processing_time": 1.4446442127227783,
      "total_crossref": 51791,
      "crossref_percentage": 0.0
    },
    "88-12": {
      "tool_name": "Fusiones y Adquisiciones",
      "batch_id": "33564",
      "date": "88-12",
      "initial_count": 4,
      "filtered_count": 2,
      "final_count": 2,
      "duplicate_count": 0,
      "terms": {
        "“Mergers”": 4
      },
      "file_paths": {
        "base_folder": "crData/Fusiones_y_Adquisiciones_1947/Fusiones_y_Adquisiciones_88-12_33564",
        "term_results_folder": "crData/Fusiones_y_Adquisiciones_1947/Fusiones_y_Adquisiciones_88-12_33564/term_results",
        "merged": "crData/Fusiones_y_Adquisiciones_1947/Fusiones_y_Adquisiciones_88-12_33564/merged_results.json",
        "filtered": "crData/Fusiones_y_Adquisiciones_1947/Fusiones_y_Adquisiciones_88-12_33564/filtered_results.json",
        "final": "crData/Fusiones_y_Adquisiciones_1947/Fusiones_y_Adquisiciones_88-12_33564/final_results.json",
        "statistics": "crData/Fusiones_y_Adquisiciones_1947/Fusiones_y_Adquisiciones_88-12_33564/statistics_results.json"
      },
      "processing_time": 3.212332248687744,
      "total_crossref": 89365,
      "crossref_percentage": 0.002238012644771443
    }
  },
  "total_duplicates": 0,
  "monthly_files": {
    "88-01": {
      "base_folder": "crData/Fusiones_y_Adquisiciones_1947/Fusiones_y_Adquisiciones_88-01_33175",
      "term_results_folder": "crData/Fusiones_y_Adquisiciones_1947/Fusiones_y_Adquisiciones_88-01_33175/term_results",
      "merged": "crData/Fusiones_y_Adquisiciones_1947/Fusiones_y_Adquisiciones_88-01_33175/merged_results.json",
      "filtered": "crData/Fusiones_y_Adquisiciones_1947/Fusiones_y_Adquisiciones_88-01_33175/filtered_results.json",
      "final": "crData/Fusiones_y_Adquisiciones_1947/Fusiones_y_Adquisiciones_88-01_33175/final_results.json",
      "statistics": "crData/Fusiones_y_Adquisiciones_1947/Fusiones_y_Adquisiciones_88-01_33175/statistics_results.json"
    },
    "88-02": {
      "base_folder": "crData/Fusiones_y_Adquisiciones_1947/Fusiones_y_Adquisiciones_88-02_33212",
      "term_results_folder": "crData/Fusiones_y_Adquisiciones_1947/Fusiones_y_Adquisiciones_88-02_33212/term_results",
      "merged": "crData/Fusiones_y_Adquisiciones_1947/Fusiones_y_Adquisiciones_88-02_33212/merged_results.json",
      "filtered": "crData/Fusiones_y_Adquisiciones_1947/Fusiones_y_Adquisiciones_88-02_33212/filtered_results.json",
      "final": "crData/Fusiones_y_Adquisiciones_1947/Fusiones_y_Adquisiciones_88-02_33212/final_results.json",
      "statistics": "crData/Fusiones_y_Adquisiciones_1947/Fusiones_y_Adquisiciones_88-02_33212/statistics_results.json"
    },
    "88-03": {
      "base_folder": "crData/Fusiones_y_Adquisiciones_1947/Fusiones_y_Adquisiciones_88-03_33245",
      "term_results_folder": "crData/Fusiones_y_Adquisiciones_1947/Fusiones_y_Adquisiciones_88-03_33245/term_results",
      "merged": "crData/Fusiones_y_Adquisiciones_1947/Fusiones_y_Adquisiciones_88-03_33245/merged_results.json",
      "filtered": "crData/Fusiones_y_Adquisiciones_1947/Fusiones_y_Adquisiciones_88-03_33245/filtered_results.json",
      "final": "crData/Fusiones_y_Adquisiciones_1947/Fusiones_y_Adquisiciones_88-03_33245/final_results.json",
      "statistics": "crData/Fusiones_y_Adquisiciones_1947/Fusiones_y_Adquisiciones_88-03_33245/statistics_results.json"
    },
    "88-04": {
      "base_folder": "crData/Fusiones_y_Adquisiciones_1947/Fusiones_y_Adquisiciones_88-04_33279",
      "term_results_folder": "crData/Fusiones_y_Adquisiciones_1947/Fusiones_y_Adquisiciones_88-04_33279/term_results",
      "merged": "crData/Fusiones_y_Adquisiciones_1947/Fusiones_y_Adquisiciones_88-04_33279/merged_results.json",
      "filtered": "crData/Fusiones_y_Adquisiciones_1947/Fusiones_y_Adquisiciones_88-04_33279/filtered_results.json",
      "final": "crData/Fusiones_y_Adquisiciones_1947/Fusiones_y_Adquisiciones_88-04_33279/final_results.json",
      "statistics": "crData/Fusiones_y_Adquisiciones_1947/Fusiones_y_Adquisiciones_88-04_33279/statistics_results.json"
    },
    "88-05": {
      "base_folder": "crData/Fusiones_y_Adquisiciones_1947/Fusiones_y_Adquisiciones_88-05_33310",
      "term_results_folder": "crData/Fusiones_y_Adquisiciones_1947/Fusiones_y_Adquisiciones_88-05_33310/term_results",
      "merged": "crData/Fusiones_y_Adquisiciones_1947/Fusiones_y_Adquisiciones_88-05_33310/merged_results.json",
      "filtered": "crData/Fusiones_y_Adquisiciones_1947/Fusiones_y_Adquisiciones_88-05_33310/filtered_results.json",
      "final": "crData/Fusiones_y_Adquisiciones_1947/Fusiones_y_Adquisiciones_88-05_33310/final_results.json",
      "statistics": "crData/Fusiones_y_Adquisiciones_1947/Fusiones_y_Adquisiciones_88-05_33310/statistics_results.json"
    },
    "88-06": {
      "base_folder": "crData/Fusiones_y_Adquisiciones_1947/Fusiones_y_Adquisiciones_88-06_33345",
      "term_results_folder": "crData/Fusiones_y_Adquisiciones_1947/Fusiones_y_Adquisiciones_88-06_33345/term_results",
      "merged": "crData/Fusiones_y_Adquisiciones_1947/Fusiones_y_Adquisiciones_88-06_33345/merged_results.json",
      "filtered": "crData/Fusiones_y_Adquisiciones_1947/Fusiones_y_Adquisiciones_88-06_33345/filtered_results.json",
      "final": "crData/Fusiones_y_Adquisiciones_1947/Fusiones_y_Adquisiciones_88-06_33345/final_results.json",
      "statistics": "crData/Fusiones_y_Adquisiciones_1947/Fusiones_y_Adquisiciones_88-06_33345/statistics_results.json"
    },
    "88-07": {
      "base_folder": "crData/Fusiones_y_Adquisiciones_1947/Fusiones_y_Adquisiciones_88-07_33381",
      "term_results_folder": "crData/Fusiones_y_Adquisiciones_1947/Fusiones_y_Adquisiciones_88-07_33381/term_results",
      "merged": "crData/Fusiones_y_Adquisiciones_1947/Fusiones_y_Adquisiciones_88-07_33381/merged_results.json",
      "filtered": "crData/Fusiones_y_Adquisiciones_1947/Fusiones_y_Adquisiciones_88-07_33381/filtered_results.json",
      "final": "crData/Fusiones_y_Adquisiciones_1947/Fusiones_y_Adquisiciones_88-07_33381/final_results.json",
      "statistics": "crData/Fusiones_y_Adquisiciones_1947/Fusiones_y_Adquisiciones_88-07_33381/statistics_results.json"
    },
    "88-08": {
      "base_folder": "crData/Fusiones_y_Adquisiciones_1947/Fusiones_y_Adquisiciones_88-08_33420",
      "term_results_folder": "crData/Fusiones_y_Adquisiciones_1947/Fusiones_y_Adquisiciones_88-08_33420/term_results",
      "merged": "crData/Fusiones_y_Adquisiciones_1947/Fusiones_y_Adquisiciones_88-08_33420/merged_results.json",
      "filtered": "crData/Fusiones_y_Adquisiciones_1947/Fusiones_y_Adquisiciones_88-08_33420/filtered_results.json",
      "final": "crData/Fusiones_y_Adquisiciones_1947/Fusiones_y_Adquisiciones_88-08_33420/final_results.json",
      "statistics": "crData/Fusiones_y_Adquisiciones_1947/Fusiones_y_Adquisiciones_88-08_33420/statistics_results.json"
    },
    "88-09": {
      "base_folder": "crData/Fusiones_y_Adquisiciones_1947/Fusiones_y_Adquisiciones_88-09_33464",
      "term_results_folder": "crData/Fusiones_y_Adquisiciones_1947/Fusiones_y_Adquisiciones_88-09_33464/term_results",
      "merged": "crData/Fusiones_y_Adquisiciones_1947/Fusiones_y_Adquisiciones_88-09_33464/merged_results.json",
      "filtered": "crData/Fusiones_y_Adquisiciones_1947/Fusiones_y_Adquisiciones_88-09_33464/filtered_results.json",
      "final": "crData/Fusiones_y_Adquisiciones_1947/Fusiones_y_Adquisiciones_88-09_33464/final_results.json",
      "statistics": "crData/Fusiones_y_Adquisiciones_1947/Fusiones_y_Adquisiciones_88-09_33464/statistics_results.json"
    },
    "88-10": {
      "base_folder": "crData/Fusiones_y_Adquisiciones_1947/Fusiones_y_Adquisiciones_88-10_33501",
      "term_results_folder": "crData/Fusiones_y_Adquisiciones_1947/Fusiones_y_Adquisiciones_88-10_33501/term_results",
      "merged": "crData/Fusiones_y_Adquisiciones_1947/Fusiones_y_Adquisiciones_88-10_33501/merged_results.json",
      "filtered": "crData/Fusiones_y_Adquisiciones_1947/Fusiones_y_Adquisiciones_88-10_33501/filtered_results.json",
      "final": "crData/Fusiones_y_Adquisiciones_1947/Fusiones_y_Adquisiciones_88-10_33501/final_results.json",
      "statistics": "crData/Fusiones_y_Adquisiciones_1947/Fusiones_y_Adquisiciones_88-10_33501/statistics_results.json"
    },
    "88-11": {
      "base_folder": "crData/Fusiones_y_Adquisiciones_1947/Fusiones_y_Adquisiciones_88-11_33534",
      "term_results_folder": "crData/Fusiones_y_Adquisiciones_1947/Fusiones_y_Adquisiciones_88-11_33534/term_results",
      "merged": "crData/Fusiones_y_Adquisiciones_1947/Fusiones_y_Adquisiciones_88-11_33534/merged_results.json",
      "filtered": "crData/Fusiones_y_Adquisiciones_1947/Fusiones_y_Adquisiciones_88-11_33534/filtered_results.json",
      "final": "crData/Fusiones_y_Adquisiciones_1947/Fusiones_y_Adquisiciones_88-11_33534/final_results.json",
      "statistics": "crData/Fusiones_y_Adquisiciones_1947/Fusiones_y_Adquisiciones_88-11_33534/statistics_results.json"
    },
    "88-12": {
      "base_folder": "crData/Fusiones_y_Adquisiciones_1947/Fusiones_y_Adquisiciones_88-12_33564",
      "term_results_folder": "crData/Fusiones_y_Adquisiciones_1947/Fusiones_y_Adquisiciones_88-12_33564/term_results",
      "merged": "crData/Fusiones_y_Adquisiciones_1947/Fusiones_y_Adquisiciones_88-12_33564/merged_results.json",
      "filtered": "crData/Fusiones_y_Adquisiciones_1947/Fusiones_y_Adquisiciones_88-12_33564/filtered_results.json",
      "final": "crData/Fusiones_y_Adquisiciones_1947/Fusiones_y_Adquisiciones_88-12_33564/final_results.json",
      "statistics": "crData/Fusiones_y_Adquisiciones_1947/Fusiones_y_Adquisiciones_88-12_33564/statistics_results.json"
    }
  }
}