{
  "tool_name": "Gestión de Costos",
  "year": "1993",
  "monthly_stats": {
    "93-01": {
      "tool_name": "Gestión de Costos",
      "batch_id": "21238",
      "date": "93-01",
      "initial_count": 7701,
      "filtered_count": 0,
      "final_count": 0,
      "duplicate_count": 0,
      "terms": {
        "Activity": 3180,
        "Based": 4525
      },
      "file_paths": {
        "base_folder": "crData/Gestión_de_Costos_6407/Gestión_de_Costos_93-01_21238",
        "term_results_folder": "crData/Gestión_de_Costos_6407/Gestión_de_Costos_93-01_21238/term_results",
        "merged": "crData/Gestión_de_Costos_6407/Gestión_de_Costos_93-01_21238/merged_results.json",
        "filtered": "crData/Gestión_de_Costos_6407/Gestión_de_Costos_93-01_21238/filtered_results.json",
        "final": "crData/Gestión_de_Costos_6407/Gestión_de_Costos_93-01_21238/final_results.json",
        "statistics": "crData/Gestión_de_Costos_6407/Gestión_de_Costos_93-01_21238/statistics_results.json"
      },
      "processing_time": 27.99721598625183,
      "total_crossref": 429995,
      "crossref_percentage": 0.0
    },
    "93-02": {
      "tool_name": "Gestión de Costos",
      "batch_id": "21533",
      "date": "93-02",
      "initial_count": 1302,
      "filtered_count": 0,
      "final_count": 0,
      "duplicate_count": 0,
      "terms": {
        "Activity": 684,
        "Based": 618
      },
      "file_paths": {
        "base_folder": "crData/Gestión_de_Costos_6407/Gestión_de_Costos_93-02_21533",
        "term_results_folder": "crData/Gestión_de_Costos_6407/Gestión_de_Costos_93-02_21533/term_results",
        "merged": "crData/Gestión_de_Costos_6407/Gestión_de_Costos_93-02_21533/merged_results.json",
        "filtered": "crData/Gestión_de_Costos_6407/Gestión_de_Costos_93-02_21533/filtered_results.json",
        "final": "crData/Gestión_de_Costos_6407/Gestión_de_Costos_93-02_21533/final_results.json",
        "statistics": "crData/Gestión_de_Costos_6407/Gestión_de_Costos_93-02_21533/statistics_results.json"
      },
      "processing_time": 8.178682088851929,
      "total_crossref": 63285,
      "crossref_percentage": 0.0
    },
    "93-03": {
      "tool_name": "Gestión de Costos",
      "batch_id": "22030",
      "date": "93-03",
      "initial_count": 1520,
      "filtered_count": 0,
      "final_count": 0,
      "duplicate_count": 0,
      "terms": {
        "Activity": 703,
        "Based": 817
      },
      "file_paths": {
        "base_folder": "crData/Gestión_de_Costos_6407/Gestión_de_Costos_93-03_22030",
        "term_results_folder": "crData/Gestión_de_Costos_6407/Gestión_de_Costos_93-03_22030/term_results",
        "merged": "crData/Gestión_de_Costos_6407/Gestión_de_Costos_93-03_22030/merged_results.json",
        "filtered": "crData/Gestión_de_Costos_6407/Gestión_de_Costos_93-03_22030/filtered_results.json",
        "final": "crData/Gestión_de_Costos_6407/Gestión_de_Costos_93-03_22030/final_results.json",
        "statistics": "crData/Gestión_de_Costos_6407/Gestión_de_Costos_93-03_22030/statistics_results.json"
      },
      "processing_time": 7.424654722213745,
      "total_crossref": 87936,
      "crossref_percentage": 0.0
    },
    "93-04": {
      "tool_name": "Gestión de Costos",
      "batch_id": "22119",
      "date": "93-04",
      "initial_count": 1524,
      "filtered_count": 0,
      "final_count": 0,
      "duplicate_count": 0,
      "terms": {
        "Activity": 804,
        "Based": 720
      },
      "file_paths": {
        "base_folder": "crData/Gestión_de_Costos_6407/Gestión_de_Costos_93-04_22119",
        "term_results_folder": "crData/Gestión_de_Costos_6407/Gestión_de_Costos_93-04_22119/term_results",
        "merged": "crData/Gestión_de_Costos_6407/Gestión_de_Costos_93-04_22119/merged_results.json",
        "filtered": "crData/Gestión_de_Costos_6407/Gestión_de_Costos_93-04_22119/filtered_results.json",
        "final": "crData/Gestión_de_Costos_6407/Gestión_de_Costos_93-04_22119/final_results.json",
        "statistics": "crData/Gestión_de_Costos_6407/Gestión_de_Costos_93-04_22119/statistics_results.json"
      },
      "processing_time": 7.669579982757568,
      "total_crossref": 78028,
      "crossref_percentage": 0.0
    },
    "93-05": {
      "tool_name": "Gestión de Costos",
      "batch_id": "22211",
      "date": "93-05",
      "initial_count": 1486,
      "filtered_count": 0,
      "final_count": 0,
      "duplicate_count": 0,
      "terms": {
        "Activity": 746,
        "Based": 740
      },
      "file_paths": {
        "base_folder": "crData/Gestión_de_Costos_6407/Gestión_de_Costos_93-05_22211",
        "term_results_folder": "crData/Gestión_de_Costos_6407/Gestión_de_Costos_93-05_22211/term_results",
        "merged": "crData/Gestión_de_Costos_6407/Gestión_de_Costos_93-05_22211/merged_results.json",
        "filtered": "crData/Gestión_de_Costos_6407/Gestión_de_Costos_93-05_22211/filtered_results.json",
        "final": "crData/Gestión_de_Costos_6407/Gestión_de_Costos_93-05_22211/final_results.json",
        "statistics": "crData/Gestión_de_Costos_6407/Gestión_de_Costos_93-05_22211/statistics_results.json"
      },
      "processing_time": 6.792265176773071,
      "total_crossref": 72865,
      "crossref_percentage": 0.0
    },
    "93-06": {
      "tool_name": "Gestión de Costos",
      "batch_id": "22294",
      "date": "93-06",
      "initial_count": 1584,
      "filtered_count": 0,
      "final_count": 0,
      "duplicate_count": 0,
      "terms": {
        "Activity": 752,
        "Based": 832
      },
      "file_paths": {
        "base_folder": "crData/Gestión_de_Costos_6407/Gestión_de_Costos_93-06_22294",
        "term_results_folder": "crData/Gestión_de_Costos_6407/Gestión_de_Costos_93-06_22294/term_results",
        "merged": "crData/Gestión_de_Costos_6407/Gestión_de_Costos_93-06_22294/merged_results.json",
        "filtered": "crData/Gestión_de_Costos_6407/Gestión_de_Costos_93-06_22294/filtered_results.json",
        "final": "crData/Gestión_de_Costos_6407/Gestión_de_Costos_93-06_22294/final_results.json",
        "statistics": "crData/Gestión_de_Costos_6407/Gestión_de_Costos_93-06_22294/statistics_results.json"
      },
      "processing_time": 9.00059986114502,
      "total_crossref": 80798,
      "crossref_percentage": 0.0
    },
    "93-07": {
      "tool_name": "Gestión de Costos",
      "batch_id": "22399",
      "date": "93-07",
      "initial_count": 1468,
      "filtered_count": 0,
      "final_count": 0,
      "duplicate_count": 0,
      "terms": {
        "Activity": 697,
        "Based": 771
      },
      "file_paths": {
        "base_folder": "crData/Gestión_de_Costos_6407/Gestión_de_Costos_93-07_22399",
        "term_results_folder": "crData/Gestión_de_Costos_6407/Gestión_de_Costos_93-07_22399/term_results",
        "merged": "crData/Gestión_de_Costos_6407/Gestión_de_Costos_93-07_22399/merged_results.json",
        "filtered": "crData/Gestión_de_Costos_6407/Gestión_de_Costos_93-07_22399/filtered_results.json",
        "final": "crData/Gestión_de_Costos_6407/Gestión_de_Costos_93-07_22399/final_results.json",
        "statistics": "crData/Gestión_de_Costos_6407/Gestión_de_Costos_93-07_22399/statistics_results.json"
      },
      "processing_time": 7.896484136581421,
      "total_crossref": 74959,
      "crossref_percentage": 0.0
    },
    "93-08": {
      "tool_name": "Gestión de Costos",
      "batch_id": "22493",
      "date": "93-08",
      "initial_count": 1415,
      "filtered_count": 0,
      "final_count": 0,
      "duplicate_count": 0,
      "terms": {
        "Activity": 733,
        "Based": 682
      },
      "file_paths": {
        "base_folder": "crData/Gestión_de_Costos_6407/Gestión_de_Costos_93-08_22493",
        "term_results_folder": "crData/Gestión_de_Costos_6407/Gestión_de_Costos_93-08_22493/term_results",
        "merged": "crData/Gestión_de_Costos_6407/Gestión_de_Costos_93-08_22493/merged_results.json",
        "filtered": "crData/Gestión_de_Costos_6407/Gestión_de_Costos_93-08_22493/filtered_results.json",
        "final": "crData/Gestión_de_Costos_6407/Gestión_de_Costos_93-08_22493/final_results.json",
        "statistics": "crData/Gestión_de_Costos_6407/Gestión_de_Costos_93-08_22493/statistics_results.json"
      },
      "processing_time": 6.9138219356536865,
      "total_crossref": 67225,
      "crossref_percentage": 0.0
    },
    "93-09": {
      "tool_name": "Gestión de Costos",
      "batch_id": "22577",
      "date": "93-09",
      "initial_count": 1647,
      "filtered_count": 0,
      "final_count": 0,
      "duplicate_count": 0,
      "terms": {
        "Activity": 738,
        "Based": 909
      },
      "file_paths": {
        "base_folder": "crData/Gestión_de_Costos_6407/Gestión_de_Costos_93-09_22577",
        "term_results_folder": "crData/Gestión_de_Costos_6407/Gestión_de_Costos_93-09_22577/term_results",
        "merged": "crData/Gestión_de_Costos_6407/Gestión_de_Costos_93-09_22577/merged_results.json",
        "filtered": "crData/Gestión_de_Costos_6407/Gestión_de_Costos_93-09_22577/filtered_results.json",
        "final": "crData/Gestión_de_Costos_6407/Gestión_de_Costos_93-09_22577/final_results.json",
        "statistics": "crData/Gestión_de_Costos_6407/Gestión_de_Costos_93-09_22577/statistics_results.json"
      },
      "processing_time": 8.551563024520874,
      "total_crossref": 83803,
      "crossref_percentage": 0.0
    },
    "93-10": {
      "tool_name": "Gestión de Costos",
      "batch_id": "23078",
      "date": "93-10",
      "initial_count": 1579,
      "filtered_count": 0,
      "final_count": 0,
      "duplicate_count": 0,
      "terms": {
        "Activity": 775,
        "Based": 804
      },
      "file_paths": {
        "base_folder": "crData/Gestión_de_Costos_6407/Gestión_de_Costos_93-10_23078",
        "term_results_folder": "crData/Gestión_de_Costos_6407/Gestión_de_Costos_93-10_23078/term_results",
        "merged": "crData/Gestión_de_Costos_6407/Gestión_de_Costos_93-10_23078/merged_results.json",
        "filtered": "crData/Gestión_de_Costos_6407/Gestión_de_Costos_93-10_23078/filtered_results.json",
        "final": "crData/Gestión_de_Costos_6407/Gestión_de_Costos_93-10_23078/final_results.json",
        "statistics": "crData/Gestión_de_Costos_6407/Gestión_de_Costos_93-10_23078/statistics_results.json"
      },
      "processing_time": 7.795176982879639,
      "total_crossref": 76591,
      "crossref_percentage": 0.0
    },
    "93-11": {
      "tool_name": "Gestión de Costos",
      "batch_id": "23171",
      "date": "93-11",
      "initial_count": 1471,
      "filtered_count": 0,
      "final_count": 0,
      "duplicate_count": 0,
      "terms": {
        "Activity": 783,
        "Based": 688
      },
      "file_paths": {
        "base_folder": "crData/Gestión_de_Costos_6407/Gestión_de_Costos_93-11_23171",
        "term_results_folder": "crData/Gestión_de_Costos_6407/Gestión_de_Costos_93-11_23171/term_results",
        "merged": "crData/Gestión_de_Costos_6407/Gestión_de_Costos_93-11_23171/merged_results.json",
        "filtered": "crData/Gestión_de_Costos_6407/Gestión_de_Costos_93-11_23171/filtered_results.json",
        "final": "crData/Gestión_de_Costos_6407/Gestión_de_Costos_93-11_23171/final_results.json",
        "statistics": "crData/Gestión_de_Costos_6407/Gestión_de_Costos_93-11_23171/statistics_results.json"
      },
      "processing_time": 8.258249998092651,
      "total_crossref": 68262,
      "crossref_percentage": 0.0
    },
    "93-12": {
      "tool_name": "Gestión de Costos",
      "batch_id": "23269",
      "date": "93-12",
      "initial_count": 1640,
      "filtered_count": 0,
      "final_count": 0,
      "duplicate_count": 0,
      "terms": {
        "Activity": 845,
        "Based": 795
      },
      "file_paths": {
        "base_folder": "crData/Gestión_de_Costos_6407/Gestión_de_Costos_93-12_23269",
        "term_results_folder": "crData/Gestión_de_Costos_6407/Gestión_de_Costos_93-12_23269/term_results",
        "merged": "crData/Gestión_de_Costos_6407/Gestión_de_Costos_93-12_23269/merged_results.json",
        "filtered": "crData/Gestión_de_Costos_6407/Gestión_de_Costos_93-12_23269/filtered_results.json",
        "final": "crData/Gestión_de_Costos_6407/Gestión_de_Costos_93-12_23269/final_results.json",
        "statistics": "crData/Gestión_de_Costos_6407/Gestión_de_Costos_93-12_23269/statistics_results.json"
      },
      "processing_time": 8.36325716972351,
      "total_crossref": 105120,
      "crossref_percentage": 0.0
    }
  },
  "total_duplicates": 0,
  "monthly_files": {
    "93-01": {
      "base_folder": "crData/Gestión_de_Costos_6407/Gestión_de_Costos_93-01_21238",
      "term_results_folder": "crData/Gestión_de_Costos_6407/Gestión_de_Costos_93-01_21238/term_results",
      "merged": "crData/Gestión_de_Costos_6407/Gestión_de_Costos_93-01_21238/merged_results.json",
      "filtered": "crData/Gestión_de_Costos_6407/Gestión_de_Costos_93-01_21238/filtered_results.json",
      "final": "crData/Gestión_de_Costos_6407/Gestión_de_Costos_93-01_21238/final_results.json",
      "statistics": "crData/Gestión_de_Costos_6407/Gestión_de_Costos_93-01_21238/statistics_results.json"
    },
    "93-02": {
      "base_folder": "crData/Gestión_de_Costos_6407/Gestión_de_Costos_93-02_21533",
      "term_results_folder": "crData/Gestión_de_Costos_6407/Gestión_de_Costos_93-02_21533/term_results",
      "merged": "crData/Gestión_de_Costos_6407/Gestión_de_Costos_93-02_21533/merged_results.json",
      "filtered": "crData/Gestión_de_Costos_6407/Gestión_de_Costos_93-02_21533/filtered_results.json",
      "final": "crData/Gestión_de_Costos_6407/Gestión_de_Costos_93-02_21533/final_results.json",
      "statistics": "crData/Gestión_de_Costos_6407/Gestión_de_Costos_93-02_21533/statistics_results.json"
    },
    "93-03": {
      "base_folder": "crData/Gestión_de_Costos_6407/Gestión_de_Costos_93-03_22030",
      "term_results_folder": "crData/Gestión_de_Costos_6407/Gestión_de_Costos_93-03_22030/term_results",
      "merged": "crData/Gestión_de_Costos_6407/Gestión_de_Costos_93-03_22030/merged_results.json",
      "filtered": "crData/Gestión_de_Costos_6407/Gestión_de_Costos_93-03_22030/filtered_results.json",
      "final": "crData/Gestión_de_Costos_6407/Gestión_de_Costos_93-03_22030/final_results.json",
      "statistics": "crData/Gestión_de_Costos_6407/Gestión_de_Costos_93-03_22030/statistics_results.json"
    },
    "93-04": {
      "base_folder": "crData/Gestión_de_Costos_6407/Gestión_de_Costos_93-04_22119",
      "term_results_folder": "crData/Gestión_de_Costos_6407/Gestión_de_Costos_93-04_22119/term_results",
      "merged": "crData/Gestión_de_Costos_6407/Gestión_de_Costos_93-04_22119/merged_results.json",
      "filtered": "crData/Gestión_de_Costos_6407/Gestión_de_Costos_93-04_22119/filtered_results.json",
      "final": "crData/Gestión_de_Costos_6407/Gestión_de_Costos_93-04_22119/final_results.json",
      "statistics": "crData/Gestión_de_Costos_6407/Gestión_de_Costos_93-04_22119/statistics_results.json"
    },
    "93-05": {
      "base_folder": "crData/Gestión_de_Costos_6407/Gestión_de_Costos_93-05_22211",
      "term_results_folder": "crData/Gestión_de_Costos_6407/Gestión_de_Costos_93-05_22211/term_results",
      "merged": "crData/Gestión_de_Costos_6407/Gestión_de_Costos_93-05_22211/merged_results.json",
      "filtered": "crData/Gestión_de_Costos_6407/Gestión_de_Costos_93-05_22211/filtered_results.json",
      "final": "crData/Gestión_de_Costos_6407/Gestión_de_Costos_93-05_22211/final_results.json",
      "statistics": "crData/Gestión_de_Costos_6407/Gestión_de_Costos_93-05_22211/statistics_results.json"
    },
    "93-06": {
      "base_folder": "crData/Gestión_de_Costos_6407/Gestión_de_Costos_93-06_22294",
      "term_results_folder": "crData/Gestión_de_Costos_6407/Gestión_de_Costos_93-06_22294/term_results",
      "merged": "crData/Gestión_de_Costos_6407/Gestión_de_Costos_93-06_22294/merged_results.json",
      "filtered": "crData/Gestión_de_Costos_6407/Gestión_de_Costos_93-06_22294/filtered_results.json",
      "final": "crData/Gestión_de_Costos_6407/Gestión_de_Costos_93-06_22294/final_results.json",
      "statistics": "crData/Gestión_de_Costos_6407/Gestión_de_Costos_93-06_22294/statistics_results.json"
    },
    "93-07": {
      "base_folder": "crData/Gestión_de_Costos_6407/Gestión_de_Costos_93-07_22399",
      "term_results_folder": "crData/Gestión_de_Costos_6407/Gestión_de_Costos_93-07_22399/term_results",
      "merged": "crData/Gestión_de_Costos_6407/Gestión_de_Costos_93-07_22399/merged_results.json",
      "filtered": "crData/Gestión_de_Costos_6407/Gestión_de_Costos_93-07_22399/filtered_results.json",
      "final": "crData/Gestión_de_Costos_6407/Gestión_de_Costos_93-07_22399/final_results.json",
      "statistics": "crData/Gestión_de_Costos_6407/Gestión_de_Costos_93-07_22399/statistics_results.json"
    },
    "93-08": {
      "base_folder": "crData/Gestión_de_Costos_6407/Gestión_de_Costos_93-08_22493",
      "term_results_folder": "crData/Gestión_de_Costos_6407/Gestión_de_Costos_93-08_22493/term_results",
      "merged": "crData/Gestión_de_Costos_6407/Gestión_de_Costos_93-08_22493/merged_results.json",
      "filtered": "crData/Gestión_de_Costos_6407/Gestión_de_Costos_93-08_22493/filtered_results.json",
      "final": "crData/Gestión_de_Costos_6407/Gestión_de_Costos_93-08_22493/final_results.json",
      "statistics": "crData/Gestión_de_Costos_6407/Gestión_de_Costos_93-08_22493/statistics_results.json"
    },
    "93-09": {
      "base_folder": "crData/Gestión_de_Costos_6407/Gestión_de_Costos_93-09_22577",
      "term_results_folder": "crData/Gestión_de_Costos_6407/Gestión_de_Costos_93-09_22577/term_results",
      "merged": "crData/Gestión_de_Costos_6407/Gestión_de_Costos_93-09_22577/merged_results.json",
      "filtered": "crData/Gestión_de_Costos_6407/Gestión_de_Costos_93-09_22577/filtered_results.json",
      "final": "crData/Gestión_de_Costos_6407/Gestión_de_Costos_93-09_22577/final_results.json",
      "statistics": "crData/Gestión_de_Costos_6407/Gestión_de_Costos_93-09_22577/statistics_results.json"
    },
    "93-10": {
      "base_folder": "crData/Gestión_de_Costos_6407/Gestión_de_Costos_93-10_23078",
      "term_results_folder": "crData/Gestión_de_Costos_6407/Gestión_de_Costos_93-10_23078/term_results",
      "merged": "crData/Gestión_de_Costos_6407/Gestión_de_Costos_93-10_23078/merged_results.json",
      "filtered": "crData/Gestión_de_Costos_6407/Gestión_de_Costos_93-10_23078/filtered_results.json",
      "final": "crData/Gestión_de_Costos_6407/Gestión_de_Costos_93-10_23078/final_results.json",
      "statistics": "crData/Gestión_de_Costos_6407/Gestión_de_Costos_93-10_23078/statistics_results.json"
    },
    "93-11": {
      "base_folder": "crData/Gestión_de_Costos_6407/Gestión_de_Costos_93-11_23171",
      "term_results_folder": "crData/Gestión_de_Costos_6407/Gestión_de_Costos_93-11_23171/term_results",
      "merged": "crData/Gestión_de_Costos_6407/Gestión_de_Costos_93-11_23171/merged_results.json",
      "filtered": "crData/Gestión_de_Costos_6407/Gestión_de_Costos_93-11_23171/filtered_results.json",
      "final": "crData/Gestión_de_Costos_6407/Gestión_de_Costos_93-11_23171/final_results.json",
      "statistics": "crData/Gestión_de_Costos_6407/Gestión_de_Costos_93-11_23171/statistics_results.json"
    },
    "93-12": {
      "base_folder": "crData/Gestión_de_Costos_6407/Gestión_de_Costos_93-12_23269",
      "term_results_folder": "crData/Gestión_de_Costos_6407/Gestión_de_Costos_93-12_23269/term_results",
      "merged": "crData/Gestión_de_Costos_6407/Gestión_de_Costos_93-12_23269/merged_results.json",
      "filtered": "crData/Gestión_de_Costos_6407/Gestión_de_Costos_93-12_23269/filtered_results.json",
      "final": "crData/Gestión_de_Costos_6407/Gestión_de_Costos_93-12_23269/final_results.json",
      "statistics": "crData/Gestión_de_Costos_6407/Gestión_de_Costos_93-12_23269/statistics_results.json"
    }
  }
}