{
  "tool_name": "Gestión de la Cadena de Suministro",
  "year": "2018",
  "monthly_stats": {
    "18-01": {
      "tool_name": "Gestión de la Cadena de Suministro",
      "batch_id": "56101",
      "date": "18-01",
      "initial_count": 3479,
      "filtered_count": 1518,
      "final_count": 1518,
      "duplicate_count": 0,
      "terms": {
        "Supply": 3485
      },
      "file_paths": {
        "base_folder": "crData/Gestión_de_la_Cadena_de_Suministro_8153/Gestión_de_la_Cadena_de_Suministro_18-01_56101",
        "term_results_folder": "crData/Gestión_de_la_Cadena_de_Suministro_8153/Gestión_de_la_Cadena_de_Suministro_18-01_56101/term_results",
        "merged": "crData/Gestión_de_la_Cadena_de_Suministro_8153/Gestión_de_la_Cadena_de_Suministro_18-01_56101/merged_results.json",
        "filtered": "crData/Gestión_de_la_Cadena_de_Suministro_8153/Gestión_de_la_Cadena_de_Suministro_18-01_56101/filtered_results.json",
        "final": "crData/Gestión_de_la_Cadena_de_Suministro_8153/Gestión_de_la_Cadena_de_Suministro_18-01_56101/final_results.json",
        "statistics": "crData/Gestión_de_la_Cadena_de_Suministro_8153/Gestión_de_la_Cadena_de_Suministro_18-01_56101/statistics_results.json"
      },
      "processing_time": 12.47467589378357,
      "total_crossref": 1401146,
      "crossref_percentage": 0.10833988749209575
    },
    "18-02": {
      "tool_name": "Gestión de la Cadena de Suministro",
      "batch_id": "56241",
      "date": "18-02",
      "initial_count": 590,
      "filtered_count": 234,
      "final_count": 234,
      "duplicate_count": 0,
      "terms": {
        "Supply": 593
      },
      "file_paths": {
        "base_folder": "crData/Gestión_de_la_Cadena_de_Suministro_8153/Gestión_de_la_Cadena_de_Suministro_18-02_56241",
        "term_results_folder": "crData/Gestión_de_la_Cadena_de_Suministro_8153/Gestión_de_la_Cadena_de_Suministro_18-02_56241/term_results",
        "merged": "crData/Gestión_de_la_Cadena_de_Suministro_8153/Gestión_de_la_Cadena_de_Suministro_18-02_56241/merged_results.json",
        "filtered": "crData/Gestión_de_la_Cadena_de_Suministro_8153/Gestión_de_la_Cadena_de_Suministro_18-02_56241/filtered_results.json",
        "final": "crData/Gestión_de_la_Cadena_de_Suministro_8153/Gestión_de_la_Cadena_de_Suministro_18-02_56241/final_results.json",
        "statistics": "crData/Gestión_de_la_Cadena_de_Suministro_8153/Gestión_de_la_Cadena_de_Suministro_18-02_56241/statistics_results.json"
      },
      "processing_time": 4.442720890045166,
      "total_crossref": 338244,
      "crossref_percentage": 0.06918082804129563
    },
    "18-03": {
      "tool_name": "Gestión de la Cadena de Suministro",
      "batch_id": "56301",
      "date": "18-03",
      "initial_count": 727,
      "filtered_count": 262,
      "final_count": 262,
      "duplicate_count": 0,
      "terms": {
        "Supply": 732
      },
      "file_paths": {
        "base_folder": "crData/Gestión_de_la_Cadena_de_Suministro_8153/Gestión_de_la_Cadena_de_Suministro_18-03_56301",
        "term_results_folder": "crData/Gestión_de_la_Cadena_de_Suministro_8153/Gestión_de_la_Cadena_de_Suministro_18-03_56301/term_results",
        "merged": "crData/Gestión_de_la_Cadena_de_Suministro_8153/Gestión_de_la_Cadena_de_Suministro_18-03_56301/merged_results.json",
        "filtered": "crData/Gestión_de_la_Cadena_de_Suministro_8153/Gestión_de_la_Cadena_de_Suministro_18-03_56301/filtered_results.json",
        "final": "crData/Gestión_de_la_Cadena_de_Suministro_8153/Gestión_de_la_Cadena_de_Suministro_18-03_56301/final_results.json",
        "statistics": "crData/Gestión_de_la_Cadena_de_Suministro_8153/Gestión_de_la_Cadena_de_Suministro_18-03_56301/statistics_results.json"
      },
      "processing_time": 4.657126188278198,
      "total_crossref": 383603,
      "crossref_percentage": 0.06829977867743475
    },
    "18-04": {
      "tool_name": "Gestión de la Cadena de Suministro",
      "batch_id": "56362",
      "date": "18-04",
      "initial_count": 760,
      "filtered_count": 273,
      "final_count": 273,
      "duplicate_count": 0,
      "terms": {
        "Supply": 766
      },
      "file_paths": {
        "base_folder": "crData/Gestión_de_la_Cadena_de_Suministro_8153/Gestión_de_la_Cadena_de_Suministro_18-04_56362",
        "term_results_folder": "crData/Gestión_de_la_Cadena_de_Suministro_8153/Gestión_de_la_Cadena_de_Suministro_18-04_56362/term_results",
        "merged": "crData/Gestión_de_la_Cadena_de_Suministro_8153/Gestión_de_la_Cadena_de_Suministro_18-04_56362/merged_results.json",
        "filtered": "crData/Gestión_de_la_Cadena_de_Suministro_8153/Gestión_de_la_Cadena_de_Suministro_18-04_56362/filtered_results.json",
        "final": "crData/Gestión_de_la_Cadena_de_Suministro_8153/Gestión_de_la_Cadena_de_Suministro_18-04_56362/final_results.json",
        "statistics": "crData/Gestión_de_la_Cadena_de_Suministro_8153/Gestión_de_la_Cadena_de_Suministro_18-04_56362/statistics_results.json"
      },
      "processing_time": 3.239734172821045,
      "total_crossref": 389268,
      "crossref_percentage": 0.07013163167791855
    },
    "18-05": {
      "tool_name": "Gestión de la Cadena de Suministro",
      "batch_id": "56410",
      "date": "18-05",
      "initial_count": 748,
      "filtered_count": 253,
      "final_count": 253,
      "duplicate_count": 0,
      "terms": {
        "Supply": 751
      },
      "file_paths": {
        "base_folder": "crData/Gestión_de_la_Cadena_de_Suministro_8153/Gestión_de_la_Cadena_de_Suministro_18-05_56410",
        "term_results_folder": "crData/Gestión_de_la_Cadena_de_Suministro_8153/Gestión_de_la_Cadena_de_Suministro_18-05_56410/term_results",
        "merged": "crData/Gestión_de_la_Cadena_de_Suministro_8153/Gestión_de_la_Cadena_de_Suministro_18-05_56410/merged_results.json",
        "filtered": "crData/Gestión_de_la_Cadena_de_Suministro_8153/Gestión_de_la_Cadena_de_Suministro_18-05_56410/filtered_results.json",
        "final": "crData/Gestión_de_la_Cadena_de_Suministro_8153/Gestión_de_la_Cadena_de_Suministro_18-05_56410/final_results.json",
        "statistics": "crData/Gestión_de_la_Cadena_de_Suministro_8153/Gestión_de_la_Cadena_de_Suministro_18-05_56410/statistics_results.json"
      },
      "processing_time": 5.247020721435547,
      "total_crossref": 386964,
      "crossref_percentage": 0.06538075893364757
    },
    "18-06": {
      "tool_name": "Gestión de la Cadena de Suministro",
      "batch_id": "56477",
      "date": "18-06",
      "initial_count": 829,
      "filtered_count": 305,
      "final_count": 305,
      "duplicate_count": 0,
      "terms": {
        "Supply": 832
      },
      "file_paths": {
        "base_folder": "crData/Gestión_de_la_Cadena_de_Suministro_8153/Gestión_de_la_Cadena_de_Suministro_18-06_56477",
        "term_results_folder": "crData/Gestión_de_la_Cadena_de_Suministro_8153/Gestión_de_la_Cadena_de_Suministro_18-06_56477/term_results",
        "merged": "crData/Gestión_de_la_Cadena_de_Suministro_8153/Gestión_de_la_Cadena_de_Suministro_18-06_56477/merged_results.json",
        "filtered": "crData/Gestión_de_la_Cadena_de_Suministro_8153/Gestión_de_la_Cadena_de_Suministro_18-06_56477/filtered_results.json",
        "final": "crData/Gestión_de_la_Cadena_de_Suministro_8153/Gestión_de_la_Cadena_de_Suministro_18-06_56477/final_results.json",
        "statistics": "crData/Gestión_de_la_Cadena_de_Suministro_8153/Gestión_de_la_Cadena_de_Suministro_18-06_56477/statistics_results.json"
      },
      "processing_time": 4.2245402336120605,
      "total_crossref": 425723,
      "crossref_percentage": 0.07164282878773287
    },
    "18-07": {
      "tool_name": "Gestión de la Cadena de Suministro",
      "batch_id": "56535",
      "date": "18-07",
      "initial_count": 777,
      "filtered_count": 314,
      "final_count": 314,
      "duplicate_count": 0,
      "terms": {
        "Supply": 782
      },
      "file_paths": {
        "base_folder": "crData/Gestión_de_la_Cadena_de_Suministro_8153/Gestión_de_la_Cadena_de_Suministro_18-07_56535",
        "term_results_folder": "crData/Gestión_de_la_Cadena_de_Suministro_8153/Gestión_de_la_Cadena_de_Suministro_18-07_56535/term_results",
        "merged": "crData/Gestión_de_la_Cadena_de_Suministro_8153/Gestión_de_la_Cadena_de_Suministro_18-07_56535/merged_results.json",
        "filtered": "crData/Gestión_de_la_Cadena_de_Suministro_8153/Gestión_de_la_Cadena_de_Suministro_18-07_56535/filtered_results.json",
        "final": "crData/Gestión_de_la_Cadena_de_Suministro_8153/Gestión_de_la_Cadena_de_Suministro_18-07_56535/final_results.json",
        "statistics": "crData/Gestión_de_la_Cadena_de_Suministro_8153/Gestión_de_la_Cadena_de_Suministro_18-07_56535/statistics_results.json"
      },
      "processing_time": 3.7294321060180664,
      "total_crossref": 382305,
      "crossref_percentage": 0.08213337518473471
    },
    "18-08": {
      "tool_name": "Gestión de la Cadena de Suministro",
      "batch_id": "56587",
      "date": "18-08",
      "initial_count": 753,
      "filtered_count": 307,
      "final_count": 307,
      "duplicate_count": 0,
      "terms": {
        "Supply": 755
      },
      "file_paths": {
        "base_folder": "crData/Gestión_de_la_Cadena_de_Suministro_8153/Gestión_de_la_Cadena_de_Suministro_18-08_56587",
        "term_results_folder": "crData/Gestión_de_la_Cadena_de_Suministro_8153/Gestión_de_la_Cadena_de_Suministro_18-08_56587/term_results",
        "merged": "crData/Gestión_de_la_Cadena_de_Suministro_8153/Gestión_de_la_Cadena_de_Suministro_18-08_56587/merged_results.json",
        "filtered": "crData/Gestión_de_la_Cadena_de_Suministro_8153/Gestión_de_la_Cadena_de_Suministro_18-08_56587/filtered_results.json",
        "final": "crData/Gestión_de_la_Cadena_de_Suministro_8153/Gestión_de_la_Cadena_de_Suministro_18-08_56587/final_results.json",
        "statistics": "crData/Gestión_de_la_Cadena_de_Suministro_8153/Gestión_de_la_Cadena_de_Suministro_18-08_56587/statistics_results.json"
      },
      "processing_time": 5.832753896713257,
      "total_crossref": 350932,
      "crossref_percentage": 0.08748133541540812
    },
    "18-09": {
      "tool_name": "Gestión de la Cadena de Suministro",
      "batch_id": "57060",
      "date": "18-09",
      "initial_count": 837,
      "filtered_count": 292,
      "final_count": 292,
      "duplicate_count": 0,
      "terms": {
        "Supply": 839
      },
      "file_paths": {
        "base_folder": "crData/Gestión_de_la_Cadena_de_Suministro_8153/Gestión_de_la_Cadena_de_Suministro_18-09_57060",
        "term_results_folder": "crData/Gestión_de_la_Cadena_de_Suministro_8153/Gestión_de_la_Cadena_de_Suministro_18-09_57060/term_results",
        "merged": "crData/Gestión_de_la_Cadena_de_Suministro_8153/Gestión_de_la_Cadena_de_Suministro_18-09_57060/merged_results.json",
        "filtered": "crData/Gestión_de_la_Cadena_de_Suministro_8153/Gestión_de_la_Cadena_de_Suministro_18-09_57060/filtered_results.json",
        "final": "crData/Gestión_de_la_Cadena_de_Suministro_8153/Gestión_de_la_Cadena_de_Suministro_18-09_57060/final_results.json",
        "statistics": "crData/Gestión_de_la_Cadena_de_Suministro_8153/Gestión_de_la_Cadena_de_Suministro_18-09_57060/statistics_results.json"
      },
      "processing_time": 4.5809290409088135,
      "total_crossref": 420989,
      "crossref_percentage": 0.06936048210285779
    },
    "18-10": {
      "tool_name": "Gestión de la Cadena de Suministro",
      "batch_id": "57121",
      "date": "18-10",
      "initial_count": 997,
      "filtered_count": 321,
      "final_count": 321,
      "duplicate_count": 0,
      "terms": {
        "Supply": 1002
      },
      "file_paths": {
        "base_folder": "crData/Gestión_de_la_Cadena_de_Suministro_8153/Gestión_de_la_Cadena_de_Suministro_18-10_57121",
        "term_results_folder": "crData/Gestión_de_la_Cadena_de_Suministro_8153/Gestión_de_la_Cadena_de_Suministro_18-10_57121/term_results",
        "merged": "crData/Gestión_de_la_Cadena_de_Suministro_8153/Gestión_de_la_Cadena_de_Suministro_18-10_57121/merged_results.json",
        "filtered": "crData/Gestión_de_la_Cadena_de_Suministro_8153/Gestión_de_la_Cadena_de_Suministro_18-10_57121/filtered_results.json",
        "final": "crData/Gestión_de_la_Cadena_de_Suministro_8153/Gestión_de_la_Cadena_de_Suministro_18-10_57121/final_results.json",
        "statistics": "crData/Gestión_de_la_Cadena_de_Suministro_8153/Gestión_de_la_Cadena_de_Suministro_18-10_57121/statistics_results.json"
      },
      "processing_time": 5.0341901779174805,
      "total_crossref": 458172,
      "crossref_percentage": 0.0700610251172049
    },
    "18-11": {
      "tool_name": "Gestión de la Cadena de Suministro",
      "batch_id": "57187",
      "date": "18-11",
      "initial_count": 829,
      "filtered_count": 297,
      "final_count": 297,
      "duplicate_count": 0,
      "terms": {
        "Supply": 831
      },
      "file_paths": {
        "base_folder": "crData/Gestión_de_la_Cadena_de_Suministro_8153/Gestión_de_la_Cadena_de_Suministro_18-11_57187",
        "term_results_folder": "crData/Gestión_de_la_Cadena_de_Suministro_8153/Gestión_de_la_Cadena_de_Suministro_18-11_57187/term_results",
        "merged": "crData/Gestión_de_la_Cadena_de_Suministro_8153/Gestión_de_la_Cadena_de_Suministro_18-11_57187/merged_results.json",
        "filtered": "crData/Gestión_de_la_Cadena_de_Suministro_8153/Gestión_de_la_Cadena_de_Suministro_18-11_57187/filtered_results.json",
        "final": "crData/Gestión_de_la_Cadena_de_Suministro_8153/Gestión_de_la_Cadena_de_Suministro_18-11_57187/final_results.json",
        "statistics": "crData/Gestión_de_la_Cadena_de_Suministro_8153/Gestión_de_la_Cadena_de_Suministro_18-11_57187/statistics_results.json"
      },
      "processing_time": 4.815126895904541,
      "total_crossref": 395493,
      "crossref_percentage": 0.07509614582306134
    },
    "18-12": {
      "tool_name": "Gestión de la Cadena de Suministro",
      "batch_id": "57250",
      "date": "18-12",
      "initial_count": 997,
      "filtered_count": 388,
      "final_count": 388,
      "duplicate_count": 0,
      "terms": {
        "Supply": 1003
      },
      "file_paths": {
        "base_folder": "crData/Gestión_de_la_Cadena_de_Suministro_8153/Gestión_de_la_Cadena_de_Suministro_18-12_57250",
        "term_results_folder": "crData/Gestión_de_la_Cadena_de_Suministro_8153/Gestión_de_la_Cadena_de_Suministro_18-12_57250/term_results",
        "merged": "crData/Gestión_de_la_Cadena_de_Suministro_8153/Gestión_de_la_Cadena_de_Suministro_18-12_57250/merged_results.json",
        "filtered": "crData/Gestión_de_la_Cadena_de_Suministro_8153/Gestión_de_la_Cadena_de_Suministro_18-12_57250/filtered_results.json",
        "final": "crData/Gestión_de_la_Cadena_de_Suministro_8153/Gestión_de_la_Cadena_de_Suministro_18-12_57250/final_results.json",
        "statistics": "crData/Gestión_de_la_Cadena_de_Suministro_8153/Gestión_de_la_Cadena_de_Suministro_18-12_57250/statistics_results.json"
      },
      "processing_time": 5.467143774032593,
      "total_crossref": 539736,
      "crossref_percentage": 0.07188699660574799
    }
  },
  "total_duplicates": 0,
  "monthly_files": {
    "18-01": {
      "base_folder": "crData/Gestión_de_la_Cadena_de_Suministro_8153/Gestión_de_la_Cadena_de_Suministro_18-01_56101",
      "term_results_folder": "crData/Gestión_de_la_Cadena_de_Suministro_8153/Gestión_de_la_Cadena_de_Suministro_18-01_56101/term_results",
      "merged": "crData/Gestión_de_la_Cadena_de_Suministro_8153/Gestión_de_la_Cadena_de_Suministro_18-01_56101/merged_results.json",
      "filtered": "crData/Gestión_de_la_Cadena_de_Suministro_8153/Gestión_de_la_Cadena_de_Suministro_18-01_56101/filtered_results.json",
      "final": "crData/Gestión_de_la_Cadena_de_Suministro_8153/Gestión_de_la_Cadena_de_Suministro_18-01_56101/final_results.json",
      "statistics": "crData/Gestión_de_la_Cadena_de_Suministro_8153/Gestión_de_la_Cadena_de_Suministro_18-01_56101/statistics_results.json"
    },
    "18-02": {
      "base_folder": "crData/Gestión_de_la_Cadena_de_Suministro_8153/Gestión_de_la_Cadena_de_Suministro_18-02_56241",
      "term_results_folder": "crData/Gestión_de_la_Cadena_de_Suministro_8153/Gestión_de_la_Cadena_de_Suministro_18-02_56241/term_results",
      "merged": "crData/Gestión_de_la_Cadena_de_Suministro_8153/Gestión_de_la_Cadena_de_Suministro_18-02_56241/merged_results.json",
      "filtered": "crData/Gestión_de_la_Cadena_de_Suministro_8153/Gestión_de_la_Cadena_de_Suministro_18-02_56241/filtered_results.json",
      "final": "crData/Gestión_de_la_Cadena_de_Suministro_8153/Gestión_de_la_Cadena_de_Suministro_18-02_56241/final_results.json",
      "statistics": "crData/Gestión_de_la_Cadena_de_Suministro_8153/Gestión_de_la_Cadena_de_Suministro_18-02_56241/statistics_results.json"
    },
    "18-03": {
      "base_folder": "crData/Gestión_de_la_Cadena_de_Suministro_8153/Gestión_de_la_Cadena_de_Suministro_18-03_56301",
      "term_results_folder": "crData/Gestión_de_la_Cadena_de_Suministro_8153/Gestión_de_la_Cadena_de_Suministro_18-03_56301/term_results",
      "merged": "crData/Gestión_de_la_Cadena_de_Suministro_8153/Gestión_de_la_Cadena_de_Suministro_18-03_56301/merged_results.json",
      "filtered": "crData/Gestión_de_la_Cadena_de_Suministro_8153/Gestión_de_la_Cadena_de_Suministro_18-03_56301/filtered_results.json",
      "final": "crData/Gestión_de_la_Cadena_de_Suministro_8153/Gestión_de_la_Cadena_de_Suministro_18-03_56301/final_results.json",
      "statistics": "crData/Gestión_de_la_Cadena_de_Suministro_8153/Gestión_de_la_Cadena_de_Suministro_18-03_56301/statistics_results.json"
    },
    "18-04": {
      "base_folder": "crData/Gestión_de_la_Cadena_de_Suministro_8153/Gestión_de_la_Cadena_de_Suministro_18-04_56362",
      "term_results_folder": "crData/Gestión_de_la_Cadena_de_Suministro_8153/Gestión_de_la_Cadena_de_Suministro_18-04_56362/term_results",
      "merged": "crData/Gestión_de_la_Cadena_de_Suministro_8153/Gestión_de_la_Cadena_de_Suministro_18-04_56362/merged_results.json",
      "filtered": "crData/Gestión_de_la_Cadena_de_Suministro_8153/Gestión_de_la_Cadena_de_Suministro_18-04_56362/filtered_results.json",
      "final": "crData/Gestión_de_la_Cadena_de_Suministro_8153/Gestión_de_la_Cadena_de_Suministro_18-04_56362/final_results.json",
      "statistics": "crData/Gestión_de_la_Cadena_de_Suministro_8153/Gestión_de_la_Cadena_de_Suministro_18-04_56362/statistics_results.json"
    },
    "18-05": {
      "base_folder": "crData/Gestión_de_la_Cadena_de_Suministro_8153/Gestión_de_la_Cadena_de_Suministro_18-05_56410",
      "term_results_folder": "crData/Gestión_de_la_Cadena_de_Suministro_8153/Gestión_de_la_Cadena_de_Suministro_18-05_56410/term_results",
      "merged": "crData/Gestión_de_la_Cadena_de_Suministro_8153/Gestión_de_la_Cadena_de_Suministro_18-05_56410/merged_results.json",
      "filtered": "crData/Gestión_de_la_Cadena_de_Suministro_8153/Gestión_de_la_Cadena_de_Suministro_18-05_56410/filtered_results.json",
      "final": "crData/Gestión_de_la_Cadena_de_Suministro_8153/Gestión_de_la_Cadena_de_Suministro_18-05_56410/final_results.json",
      "statistics": "crData/Gestión_de_la_Cadena_de_Suministro_8153/Gestión_de_la_Cadena_de_Suministro_18-05_56410/statistics_results.json"
    },
    "18-06": {
      "base_folder": "crData/Gestión_de_la_Cadena_de_Suministro_8153/Gestión_de_la_Cadena_de_Suministro_18-06_56477",
      "term_results_folder": "crData/Gestión_de_la_Cadena_de_Suministro_8153/Gestión_de_la_Cadena_de_Suministro_18-06_56477/term_results",
      "merged": "crData/Gestión_de_la_Cadena_de_Suministro_8153/Gestión_de_la_Cadena_de_Suministro_18-06_56477/merged_results.json",
      "filtered": "crData/Gestión_de_la_Cadena_de_Suministro_8153/Gestión_de_la_Cadena_de_Suministro_18-06_56477/filtered_results.json",
      "final": "crData/Gestión_de_la_Cadena_de_Suministro_8153/Gestión_de_la_Cadena_de_Suministro_18-06_56477/final_results.json",
      "statistics": "crData/Gestión_de_la_Cadena_de_Suministro_8153/Gestión_de_la_Cadena_de_Suministro_18-06_56477/statistics_results.json"
    },
    "18-07": {
      "base_folder": "crData/Gestión_de_la_Cadena_de_Suministro_8153/Gestión_de_la_Cadena_de_Suministro_18-07_56535",
      "term_results_folder": "crData/Gestión_de_la_Cadena_de_Suministro_8153/Gestión_de_la_Cadena_de_Suministro_18-07_56535/term_results",
      "merged": "crData/Gestión_de_la_Cadena_de_Suministro_8153/Gestión_de_la_Cadena_de_Suministro_18-07_56535/merged_results.json",
      "filtered": "crData/Gestión_de_la_Cadena_de_Suministro_8153/Gestión_de_la_Cadena_de_Suministro_18-07_56535/filtered_results.json",
      "final": "crData/Gestión_de_la_Cadena_de_Suministro_8153/Gestión_de_la_Cadena_de_Suministro_18-07_56535/final_results.json",
      "statistics": "crData/Gestión_de_la_Cadena_de_Suministro_8153/Gestión_de_la_Cadena_de_Suministro_18-07_56535/statistics_results.json"
    },
    "18-08": {
      "base_folder": "crData/Gestión_de_la_Cadena_de_Suministro_8153/Gestión_de_la_Cadena_de_Suministro_18-08_56587",
      "term_results_folder": "crData/Gestión_de_la_Cadena_de_Suministro_8153/Gestión_de_la_Cadena_de_Suministro_18-08_56587/term_results",
      "merged": "crData/Gestión_de_la_Cadena_de_Suministro_8153/Gestión_de_la_Cadena_de_Suministro_18-08_56587/merged_results.json",
      "filtered": "crData/Gestión_de_la_Cadena_de_Suministro_8153/Gestión_de_la_Cadena_de_Suministro_18-08_56587/filtered_results.json",
      "final": "crData/Gestión_de_la_Cadena_de_Suministro_8153/Gestión_de_la_Cadena_de_Suministro_18-08_56587/final_results.json",
      "statistics": "crData/Gestión_de_la_Cadena_de_Suministro_8153/Gestión_de_la_Cadena_de_Suministro_18-08_56587/statistics_results.json"
    },
    "18-09": {
      "base_folder": "crData/Gestión_de_la_Cadena_de_Suministro_8153/Gestión_de_la_Cadena_de_Suministro_18-09_57060",
      "term_results_folder": "crData/Gestión_de_la_Cadena_de_Suministro_8153/Gestión_de_la_Cadena_de_Suministro_18-09_57060/term_results",
      "merged": "crData/Gestión_de_la_Cadena_de_Suministro_8153/Gestión_de_la_Cadena_de_Suministro_18-09_57060/merged_results.json",
      "filtered": "crData/Gestión_de_la_Cadena_de_Suministro_8153/Gestión_de_la_Cadena_de_Suministro_18-09_57060/filtered_results.json",
      "final": "crData/Gestión_de_la_Cadena_de_Suministro_8153/Gestión_de_la_Cadena_de_Suministro_18-09_57060/final_results.json",
      "statistics": "crData/Gestión_de_la_Cadena_de_Suministro_8153/Gestión_de_la_Cadena_de_Suministro_18-09_57060/statistics_results.json"
    },
    "18-10": {
      "base_folder": "crData/Gestión_de_la_Cadena_de_Suministro_8153/Gestión_de_la_Cadena_de_Suministro_18-10_57121",
      "term_results_folder": "crData/Gestión_de_la_Cadena_de_Suministro_8153/Gestión_de_la_Cadena_de_Suministro_18-10_57121/term_results",
      "merged": "crData/Gestión_de_la_Cadena_de_Suministro_8153/Gestión_de_la_Cadena_de_Suministro_18-10_57121/merged_results.json",
      "filtered": "crData/Gestión_de_la_Cadena_de_Suministro_8153/Gestión_de_la_Cadena_de_Suministro_18-10_57121/filtered_results.json",
      "final": "crData/Gestión_de_la_Cadena_de_Suministro_8153/Gestión_de_la_Cadena_de_Suministro_18-10_57121/final_results.json",
      "statistics": "crData/Gestión_de_la_Cadena_de_Suministro_8153/Gestión_de_la_Cadena_de_Suministro_18-10_57121/statistics_results.json"
    },
    "18-11": {
      "base_folder": "crData/Gestión_de_la_Cadena_de_Suministro_8153/Gestión_de_la_Cadena_de_Suministro_18-11_57187",
      "term_results_folder": "crData/Gestión_de_la_Cadena_de_Suministro_8153/Gestión_de_la_Cadena_de_Suministro_18-11_57187/term_results",
      "merged": "crData/Gestión_de_la_Cadena_de_Suministro_8153/Gestión_de_la_Cadena_de_Suministro_18-11_57187/merged_results.json",
      "filtered": "crData/Gestión_de_la_Cadena_de_Suministro_8153/Gestión_de_la_Cadena_de_Suministro_18-11_57187/filtered_results.json",
      "final": "crData/Gestión_de_la_Cadena_de_Suministro_8153/Gestión_de_la_Cadena_de_Suministro_18-11_57187/final_results.json",
      "statistics": "crData/Gestión_de_la_Cadena_de_Suministro_8153/Gestión_de_la_Cadena_de_Suministro_18-11_57187/statistics_results.json"
    },
    "18-12": {
      "base_folder": "crData/Gestión_de_la_Cadena_de_Suministro_8153/Gestión_de_la_Cadena_de_Suministro_18-12_57250",
      "term_results_folder": "crData/Gestión_de_la_Cadena_de_Suministro_8153/Gestión_de_la_Cadena_de_Suministro_18-12_57250/term_results",
      "merged": "crData/Gestión_de_la_Cadena_de_Suministro_8153/Gestión_de_la_Cadena_de_Suministro_18-12_57250/merged_results.json",
      "filtered": "crData/Gestión_de_la_Cadena_de_Suministro_8153/Gestión_de_la_Cadena_de_Suministro_18-12_57250/filtered_results.json",
      "final": "crData/Gestión_de_la_Cadena_de_Suministro_8153/Gestión_de_la_Cadena_de_Suministro_18-12_57250/final_results.json",
      "statistics": "crData/Gestión_de_la_Cadena_de_Suministro_8153/Gestión_de_la_Cadena_de_Suministro_18-12_57250/statistics_results.json"
    }
  }
}