{
  "tool_name": "Gestión del Cambio",
  "year": "1955",
  "monthly_stats": {
    "55-01": {
      "tool_name": "Gestión del Cambio",
      "batch_id": "13401",
      "date": "55-01",
      "initial_count": 264,
      "filtered_count": 0,
      "final_count": 0,
      "duplicate_count": 0,
      "terms": {
        "Change": 114,
        "Management": 151
      },
      "file_paths": {
        "base_folder": "crData/Gestión_del_Cambio_3738/Gestión_del_Cambio_55-01_13401",
        "term_results_folder": "crData/Gestión_del_Cambio_3738/Gestión_del_Cambio_55-01_13401/term_results",
        "merged": "crData/Gestión_del_Cambio_3738/Gestión_del_Cambio_55-01_13401/merged_results.json",
        "filtered": "crData/Gestión_del_Cambio_3738/Gestión_del_Cambio_55-01_13401/filtered_results.json",
        "final": "crData/Gestión_del_Cambio_3738/Gestión_del_Cambio_55-01_13401/final_results.json",
        "statistics": "crData/Gestión_del_Cambio_3738/Gestión_del_Cambio_55-01_13401/statistics_results.json"
      },
      "processing_time": 3.3120501041412354,
      "total_crossref": 65717,
      "crossref_percentage": 0.0
    },
    "55-02": {
      "tool_name": "Gestión del Cambio",
      "batch_id": "13450",
      "date": "55-02",
      "initial_count": 75,
      "filtered_count": 0,
      "final_count": 0,
      "duplicate_count": 0,
      "terms": {
        "Change": 17,
        "Management": 58
      },
      "file_paths": {
        "base_folder": "crData/Gestión_del_Cambio_3738/Gestión_del_Cambio_55-02_13450",
        "term_results_folder": "crData/Gestión_del_Cambio_3738/Gestión_del_Cambio_55-02_13450/term_results",
        "merged": "crData/Gestión_del_Cambio_3738/Gestión_del_Cambio_55-02_13450/merged_results.json",
        "filtered": "crData/Gestión_del_Cambio_3738/Gestión_del_Cambio_55-02_13450/filtered_results.json",
        "final": "crData/Gestión_del_Cambio_3738/Gestión_del_Cambio_55-02_13450/final_results.json",
        "statistics": "crData/Gestión_del_Cambio_3738/Gestión_del_Cambio_55-02_13450/statistics_results.json"
      },
      "processing_time": 3.738821029663086,
      "total_crossref": 10128,
      "crossref_percentage": 0.0
    },
    "55-03": {
      "tool_name": "Gestión del Cambio",
      "batch_id": "13502",
      "date": "55-03",
      "initial_count": 92,
      "filtered_count": 0,
      "final_count": 0,
      "duplicate_count": 0,
      "terms": {
        "Change": 22,
        "Management": 70
      },
      "file_paths": {
        "base_folder": "crData/Gestión_del_Cambio_3738/Gestión_del_Cambio_55-03_13502",
        "term_results_folder": "crData/Gestión_del_Cambio_3738/Gestión_del_Cambio_55-03_13502/term_results",
        "merged": "crData/Gestión_del_Cambio_3738/Gestión_del_Cambio_55-03_13502/merged_results.json",
        "filtered": "crData/Gestión_del_Cambio_3738/Gestión_del_Cambio_55-03_13502/filtered_results.json",
        "final": "crData/Gestión_del_Cambio_3738/Gestión_del_Cambio_55-03_13502/final_results.json",
        "statistics": "crData/Gestión_del_Cambio_3738/Gestión_del_Cambio_55-03_13502/statistics_results.json"
      },
      "processing_time": 4.59485387802124,
      "total_crossref": 12822,
      "crossref_percentage": 0.0
    },
    "55-04": {
      "tool_name": "Gestión del Cambio",
      "batch_id": "13563",
      "date": "55-04",
      "initial_count": 133,
      "filtered_count": 0,
      "final_count": 0,
      "duplicate_count": 0,
      "terms": {
        "Change": 43,
        "Management": 91
      },
      "file_paths": {
        "base_folder": "crData/Gestión_del_Cambio_3738/Gestión_del_Cambio_55-04_13563",
        "term_results_folder": "crData/Gestión_del_Cambio_3738/Gestión_del_Cambio_55-04_13563/term_results",
        "merged": "crData/Gestión_del_Cambio_3738/Gestión_del_Cambio_55-04_13563/merged_results.json",
        "filtered": "crData/Gestión_del_Cambio_3738/Gestión_del_Cambio_55-04_13563/filtered_results.json",
        "final": "crData/Gestión_del_Cambio_3738/Gestión_del_Cambio_55-04_13563/final_results.json",
        "statistics": "crData/Gestión_del_Cambio_3738/Gestión_del_Cambio_55-04_13563/statistics_results.json"
      },
      "processing_time": 3.944751739501953,
      "total_crossref": 12736,
      "crossref_percentage": 0.0
    },
    "55-05": {
      "tool_name": "Gestión del Cambio",
      "batch_id": "14018",
      "date": "55-05",
      "initial_count": 85,
      "filtered_count": 0,
      "final_count": 0,
      "duplicate_count": 0,
      "terms": {
        "Change": 19,
        "Management": 66
      },
      "file_paths": {
        "base_folder": "crData/Gestión_del_Cambio_3738/Gestión_del_Cambio_55-05_14018",
        "term_results_folder": "crData/Gestión_del_Cambio_3738/Gestión_del_Cambio_55-05_14018/term_results",
        "merged": "crData/Gestión_del_Cambio_3738/Gestión_del_Cambio_55-05_14018/merged_results.json",
        "filtered": "crData/Gestión_del_Cambio_3738/Gestión_del_Cambio_55-05_14018/filtered_results.json",
        "final": "crData/Gestión_del_Cambio_3738/Gestión_del_Cambio_55-05_14018/final_results.json",
        "statistics": "crData/Gestión_del_Cambio_3738/Gestión_del_Cambio_55-05_14018/statistics_results.json"
      },
      "processing_time": 4.770558834075928,
      "total_crossref": 11018,
      "crossref_percentage": 0.0
    },
    "55-06": {
      "tool_name": "Gestión del Cambio",
      "batch_id": "14081",
      "date": "55-06",
      "initial_count": 78,
      "filtered_count": 0,
      "final_count": 0,
      "duplicate_count": 0,
      "terms": {
        "Change": 27,
        "Management": 51
      },
      "file_paths": {
        "base_folder": "crData/Gestión_del_Cambio_3738/Gestión_del_Cambio_55-06_14081",
        "term_results_folder": "crData/Gestión_del_Cambio_3738/Gestión_del_Cambio_55-06_14081/term_results",
        "merged": "crData/Gestión_del_Cambio_3738/Gestión_del_Cambio_55-06_14081/merged_results.json",
        "filtered": "crData/Gestión_del_Cambio_3738/Gestión_del_Cambio_55-06_14081/filtered_results.json",
        "final": "crData/Gestión_del_Cambio_3738/Gestión_del_Cambio_55-06_14081/final_results.json",
        "statistics": "crData/Gestión_del_Cambio_3738/Gestión_del_Cambio_55-06_14081/statistics_results.json"
      },
      "processing_time": 1.9470689296722412,
      "total_crossref": 11466,
      "crossref_percentage": 0.0
    },
    "55-07": {
      "tool_name": "Gestión del Cambio",
      "batch_id": "14115",
      "date": "55-07",
      "initial_count": 110,
      "filtered_count": 0,
      "final_count": 0,
      "duplicate_count": 0,
      "terms": {
        "Change": 24,
        "Management": 87
      },
      "file_paths": {
        "base_folder": "crData/Gestión_del_Cambio_3738/Gestión_del_Cambio_55-07_14115",
        "term_results_folder": "crData/Gestión_del_Cambio_3738/Gestión_del_Cambio_55-07_14115/term_results",
        "merged": "crData/Gestión_del_Cambio_3738/Gestión_del_Cambio_55-07_14115/merged_results.json",
        "filtered": "crData/Gestión_del_Cambio_3738/Gestión_del_Cambio_55-07_14115/filtered_results.json",
        "final": "crData/Gestión_del_Cambio_3738/Gestión_del_Cambio_55-07_14115/final_results.json",
        "statistics": "crData/Gestión_del_Cambio_3738/Gestión_del_Cambio_55-07_14115/statistics_results.json"
      },
      "processing_time": 4.05601692199707,
      "total_crossref": 12185,
      "crossref_percentage": 0.0
    },
    "55-08": {
      "tool_name": "Gestión del Cambio",
      "batch_id": "14171",
      "date": "55-08",
      "initial_count": 66,
      "filtered_count": 0,
      "final_count": 0,
      "duplicate_count": 0,
      "terms": {
        "Change": 18,
        "Management": 48
      },
      "file_paths": {
        "base_folder": "crData/Gestión_del_Cambio_3738/Gestión_del_Cambio_55-08_14171",
        "term_results_folder": "crData/Gestión_del_Cambio_3738/Gestión_del_Cambio_55-08_14171/term_results",
        "merged": "crData/Gestión_del_Cambio_3738/Gestión_del_Cambio_55-08_14171/merged_results.json",
        "filtered": "crData/Gestión_del_Cambio_3738/Gestión_del_Cambio_55-08_14171/filtered_results.json",
        "final": "crData/Gestión_del_Cambio_3738/Gestión_del_Cambio_55-08_14171/final_results.json",
        "statistics": "crData/Gestión_del_Cambio_3738/Gestión_del_Cambio_55-08_14171/statistics_results.json"
      },
      "processing_time": 3.015287160873413,
      "total_crossref": 8829,
      "crossref_percentage": 0.0
    },
    "55-09": {
      "tool_name": "Gestión del Cambio",
      "batch_id": "14216",
      "date": "55-09",
      "initial_count": 91,
      "filtered_count": 0,
      "final_count": 0,
      "duplicate_count": 0,
      "terms": {
        "Change": 25,
        "Management": 66
      },
      "file_paths": {
        "base_folder": "crData/Gestión_del_Cambio_3738/Gestión_del_Cambio_55-09_14216",
        "term_results_folder": "crData/Gestión_del_Cambio_3738/Gestión_del_Cambio_55-09_14216/term_results",
        "merged": "crData/Gestión_del_Cambio_3738/Gestión_del_Cambio_55-09_14216/merged_results.json",
        "filtered": "crData/Gestión_del_Cambio_3738/Gestión_del_Cambio_55-09_14216/filtered_results.json",
        "final": "crData/Gestión_del_Cambio_3738/Gestión_del_Cambio_55-09_14216/final_results.json",
        "statistics": "crData/Gestión_del_Cambio_3738/Gestión_del_Cambio_55-09_14216/statistics_results.json"
      },
      "processing_time": 2.252074956893921,
      "total_crossref": 11949,
      "crossref_percentage": 0.0
    },
    "55-10": {
      "tool_name": "Gestión del Cambio",
      "batch_id": "14254",
      "date": "55-10",
      "initial_count": 105,
      "filtered_count": 0,
      "final_count": 0,
      "duplicate_count": 0,
      "terms": {
        "Change": 19,
        "Management": 88
      },
      "file_paths": {
        "base_folder": "crData/Gestión_del_Cambio_3738/Gestión_del_Cambio_55-10_14254",
        "term_results_folder": "crData/Gestión_del_Cambio_3738/Gestión_del_Cambio_55-10_14254/term_results",
        "merged": "crData/Gestión_del_Cambio_3738/Gestión_del_Cambio_55-10_14254/merged_results.json",
        "filtered": "crData/Gestión_del_Cambio_3738/Gestión_del_Cambio_55-10_14254/filtered_results.json",
        "final": "crData/Gestión_del_Cambio_3738/Gestión_del_Cambio_55-10_14254/final_results.json",
        "statistics": "crData/Gestión_del_Cambio_3738/Gestión_del_Cambio_55-10_14254/statistics_results.json"
      },
      "processing_time": 1.676943063735962,
      "total_crossref": 12871,
      "crossref_percentage": 0.0
    },
    "55-11": {
      "tool_name": "Gestión del Cambio",
      "batch_id": "14286",
      "date": "55-11",
      "initial_count": 76,
      "filtered_count": 0,
      "final_count": 0,
      "duplicate_count": 0,
      "terms": {
        "Change": 13,
        "Management": 63
      },
      "file_paths": {
        "base_folder": "crData/Gestión_del_Cambio_3738/Gestión_del_Cambio_55-11_14286",
        "term_results_folder": "crData/Gestión_del_Cambio_3738/Gestión_del_Cambio_55-11_14286/term_results",
        "merged": "crData/Gestión_del_Cambio_3738/Gestión_del_Cambio_55-11_14286/merged_results.json",
        "filtered": "crData/Gestión_del_Cambio_3738/Gestión_del_Cambio_55-11_14286/filtered_results.json",
        "final": "crData/Gestión_del_Cambio_3738/Gestión_del_Cambio_55-11_14286/final_results.json",
        "statistics": "crData/Gestión_del_Cambio_3738/Gestión_del_Cambio_55-11_14286/statistics_results.json"
      },
      "processing_time": 2.3550479412078857,
      "total_crossref": 11022,
      "crossref_percentage": 0.0
    },
    "55-12": {
      "tool_name": "Gestión del Cambio",
      "batch_id": "14324",
      "date": "55-12",
      "initial_count": 154,
      "filtered_count": 0,
      "final_count": 0,
      "duplicate_count": 0,
      "terms": {
        "Change": 95,
        "Management": 59
      },
      "file_paths": {
        "base_folder": "crData/Gestión_del_Cambio_3738/Gestión_del_Cambio_55-12_14324",
        "term_results_folder": "crData/Gestión_del_Cambio_3738/Gestión_del_Cambio_55-12_14324/term_results",
        "merged": "crData/Gestión_del_Cambio_3738/Gestión_del_Cambio_55-12_14324/merged_results.json",
        "filtered": "crData/Gestión_del_Cambio_3738/Gestión_del_Cambio_55-12_14324/filtered_results.json",
        "final": "crData/Gestión_del_Cambio_3738/Gestión_del_Cambio_55-12_14324/final_results.json",
        "statistics": "crData/Gestión_del_Cambio_3738/Gestión_del_Cambio_55-12_14324/statistics_results.json"
      },
      "processing_time": 3.3308751583099365,
      "total_crossref": 21820,
      "crossref_percentage": 0.0
    }
  },
  "total_duplicates": 0,
  "monthly_files": {
    "55-01": {
      "base_folder": "crData/Gestión_del_Cambio_3738/Gestión_del_Cambio_55-01_13401",
      "term_results_folder": "crData/Gestión_del_Cambio_3738/Gestión_del_Cambio_55-01_13401/term_results",
      "merged": "crData/Gestión_del_Cambio_3738/Gestión_del_Cambio_55-01_13401/merged_results.json",
      "filtered": "crData/Gestión_del_Cambio_3738/Gestión_del_Cambio_55-01_13401/filtered_results.json",
      "final": "crData/Gestión_del_Cambio_3738/Gestión_del_Cambio_55-01_13401/final_results.json",
      "statistics": "crData/Gestión_del_Cambio_3738/Gestión_del_Cambio_55-01_13401/statistics_results.json"
    },
    "55-02": {
      "base_folder": "crData/Gestión_del_Cambio_3738/Gestión_del_Cambio_55-02_13450",
      "term_results_folder": "crData/Gestión_del_Cambio_3738/Gestión_del_Cambio_55-02_13450/term_results",
      "merged": "crData/Gestión_del_Cambio_3738/Gestión_del_Cambio_55-02_13450/merged_results.json",
      "filtered": "crData/Gestión_del_Cambio_3738/Gestión_del_Cambio_55-02_13450/filtered_results.json",
      "final": "crData/Gestión_del_Cambio_3738/Gestión_del_Cambio_55-02_13450/final_results.json",
      "statistics": "crData/Gestión_del_Cambio_3738/Gestión_del_Cambio_55-02_13450/statistics_results.json"
    },
    "55-03": {
      "base_folder": "crData/Gestión_del_Cambio_3738/Gestión_del_Cambio_55-03_13502",
      "term_results_folder": "crData/Gestión_del_Cambio_3738/Gestión_del_Cambio_55-03_13502/term_results",
      "merged": "crData/Gestión_del_Cambio_3738/Gestión_del_Cambio_55-03_13502/merged_results.json",
      "filtered": "crData/Gestión_del_Cambio_3738/Gestión_del_Cambio_55-03_13502/filtered_results.json",
      "final": "crData/Gestión_del_Cambio_3738/Gestión_del_Cambio_55-03_13502/final_results.json",
      "statistics": "crData/Gestión_del_Cambio_3738/Gestión_del_Cambio_55-03_13502/statistics_results.json"
    },
    "55-04": {
      "base_folder": "crData/Gestión_del_Cambio_3738/Gestión_del_Cambio_55-04_13563",
      "term_results_folder": "crData/Gestión_del_Cambio_3738/Gestión_del_Cambio_55-04_13563/term_results",
      "merged": "crData/Gestión_del_Cambio_3738/Gestión_del_Cambio_55-04_13563/merged_results.json",
      "filtered": "crData/Gestión_del_Cambio_3738/Gestión_del_Cambio_55-04_13563/filtered_results.json",
      "final": "crData/Gestión_del_Cambio_3738/Gestión_del_Cambio_55-04_13563/final_results.json",
      "statistics": "crData/Gestión_del_Cambio_3738/Gestión_del_Cambio_55-04_13563/statistics_results.json"
    },
    "55-05": {
      "base_folder": "crData/Gestión_del_Cambio_3738/Gestión_del_Cambio_55-05_14018",
      "term_results_folder": "crData/Gestión_del_Cambio_3738/Gestión_del_Cambio_55-05_14018/term_results",
      "merged": "crData/Gestión_del_Cambio_3738/Gestión_del_Cambio_55-05_14018/merged_results.json",
      "filtered": "crData/Gestión_del_Cambio_3738/Gestión_del_Cambio_55-05_14018/filtered_results.json",
      "final": "crData/Gestión_del_Cambio_3738/Gestión_del_Cambio_55-05_14018/final_results.json",
      "statistics": "crData/Gestión_del_Cambio_3738/Gestión_del_Cambio_55-05_14018/statistics_results.json"
    },
    "55-06": {
      "base_folder": "crData/Gestión_del_Cambio_3738/Gestión_del_Cambio_55-06_14081",
      "term_results_folder": "crData/Gestión_del_Cambio_3738/Gestión_del_Cambio_55-06_14081/term_results",
      "merged": "crData/Gestión_del_Cambio_3738/Gestión_del_Cambio_55-06_14081/merged_results.json",
      "filtered": "crData/Gestión_del_Cambio_3738/Gestión_del_Cambio_55-06_14081/filtered_results.json",
      "final": "crData/Gestión_del_Cambio_3738/Gestión_del_Cambio_55-06_14081/final_results.json",
      "statistics": "crData/Gestión_del_Cambio_3738/Gestión_del_Cambio_55-06_14081/statistics_results.json"
    },
    "55-07": {
      "base_folder": "crData/Gestión_del_Cambio_3738/Gestión_del_Cambio_55-07_14115",
      "term_results_folder": "crData/Gestión_del_Cambio_3738/Gestión_del_Cambio_55-07_14115/term_results",
      "merged": "crData/Gestión_del_Cambio_3738/Gestión_del_Cambio_55-07_14115/merged_results.json",
      "filtered": "crData/Gestión_del_Cambio_3738/Gestión_del_Cambio_55-07_14115/filtered_results.json",
      "final": "crData/Gestión_del_Cambio_3738/Gestión_del_Cambio_55-07_14115/final_results.json",
      "statistics": "crData/Gestión_del_Cambio_3738/Gestión_del_Cambio_55-07_14115/statistics_results.json"
    },
    "55-08": {
      "base_folder": "crData/Gestión_del_Cambio_3738/Gestión_del_Cambio_55-08_14171",
      "term_results_folder": "crData/Gestión_del_Cambio_3738/Gestión_del_Cambio_55-08_14171/term_results",
      "merged": "crData/Gestión_del_Cambio_3738/Gestión_del_Cambio_55-08_14171/merged_results.json",
      "filtered": "crData/Gestión_del_Cambio_3738/Gestión_del_Cambio_55-08_14171/filtered_results.json",
      "final": "crData/Gestión_del_Cambio_3738/Gestión_del_Cambio_55-08_14171/final_results.json",
      "statistics": "crData/Gestión_del_Cambio_3738/Gestión_del_Cambio_55-08_14171/statistics_results.json"
    },
    "55-09": {
      "base_folder": "crData/Gestión_del_Cambio_3738/Gestión_del_Cambio_55-09_14216",
      "term_results_folder": "crData/Gestión_del_Cambio_3738/Gestión_del_Cambio_55-09_14216/term_results",
      "merged": "crData/Gestión_del_Cambio_3738/Gestión_del_Cambio_55-09_14216/merged_results.json",
      "filtered": "crData/Gestión_del_Cambio_3738/Gestión_del_Cambio_55-09_14216/filtered_results.json",
      "final": "crData/Gestión_del_Cambio_3738/Gestión_del_Cambio_55-09_14216/final_results.json",
      "statistics": "crData/Gestión_del_Cambio_3738/Gestión_del_Cambio_55-09_14216/statistics_results.json"
    },
    "55-10": {
      "base_folder": "crData/Gestión_del_Cambio_3738/Gestión_del_Cambio_55-10_14254",
      "term_results_folder": "crData/Gestión_del_Cambio_3738/Gestión_del_Cambio_55-10_14254/term_results",
      "merged": "crData/Gestión_del_Cambio_3738/Gestión_del_Cambio_55-10_14254/merged_results.json",
      "filtered": "crData/Gestión_del_Cambio_3738/Gestión_del_Cambio_55-10_14254/filtered_results.json",
      "final": "crData/Gestión_del_Cambio_3738/Gestión_del_Cambio_55-10_14254/final_results.json",
      "statistics": "crData/Gestión_del_Cambio_3738/Gestión_del_Cambio_55-10_14254/statistics_results.json"
    },
    "55-11": {
      "base_folder": "crData/Gestión_del_Cambio_3738/Gestión_del_Cambio_55-11_14286",
      "term_results_folder": "crData/Gestión_del_Cambio_3738/Gestión_del_Cambio_55-11_14286/term_results",
      "merged": "crData/Gestión_del_Cambio_3738/Gestión_del_Cambio_55-11_14286/merged_results.json",
      "filtered": "crData/Gestión_del_Cambio_3738/Gestión_del_Cambio_55-11_14286/filtered_results.json",
      "final": "crData/Gestión_del_Cambio_3738/Gestión_del_Cambio_55-11_14286/final_results.json",
      "statistics": "crData/Gestión_del_Cambio_3738/Gestión_del_Cambio_55-11_14286/statistics_results.json"
    },
    "55-12": {
      "base_folder": "crData/Gestión_del_Cambio_3738/Gestión_del_Cambio_55-12_14324",
      "term_results_folder": "crData/Gestión_del_Cambio_3738/Gestión_del_Cambio_55-12_14324/term_results",
      "merged": "crData/Gestión_del_Cambio_3738/Gestión_del_Cambio_55-12_14324/merged_results.json",
      "filtered": "crData/Gestión_del_Cambio_3738/Gestión_del_Cambio_55-12_14324/filtered_results.json",
      "final": "crData/Gestión_del_Cambio_3738/Gestión_del_Cambio_55-12_14324/final_results.json",
      "statistics": "crData/Gestión_del_Cambio_3738/Gestión_del_Cambio_55-12_14324/statistics_results.json"
    }
  }
}