{
  "tool_name": "Gestión del Cambio",
  "year": "1969",
  "monthly_stats": {
    "69-01": {
      "tool_name": "Gestión del Cambio",
      "batch_id": "27524",
      "date": "69-01",
      "initial_count": 784,
      "filtered_count": 0,
      "final_count": 0,
      "duplicate_count": 0,
      "terms": {
        "Change": 383,
        "Management": 403
      },
      "file_paths": {
        "base_folder": "crData/Gestión_del_Cambio_3738/Gestión_del_Cambio_69-01_27524",
        "term_results_folder": "crData/Gestión_del_Cambio_3738/Gestión_del_Cambio_69-01_27524/term_results",
        "merged": "crData/Gestión_del_Cambio_3738/Gestión_del_Cambio_69-01_27524/merged_results.json",
        "filtered": "crData/Gestión_del_Cambio_3738/Gestión_del_Cambio_69-01_27524/filtered_results.json",
        "final": "crData/Gestión_del_Cambio_3738/Gestión_del_Cambio_69-01_27524/final_results.json",
        "statistics": "crData/Gestión_del_Cambio_3738/Gestión_del_Cambio_69-01_27524/statistics_results.json"
      },
      "processing_time": 2.718174934387207,
      "total_crossref": 141709,
      "crossref_percentage": 0.0
    },
    "69-02": {
      "tool_name": "Gestión del Cambio",
      "batch_id": "27566",
      "date": "69-02",
      "initial_count": 203,
      "filtered_count": 0,
      "final_count": 0,
      "duplicate_count": 0,
      "terms": {
        "Change": 50,
        "Management": 155
      },
      "file_paths": {
        "base_folder": "crData/Gestión_del_Cambio_3738/Gestión_del_Cambio_69-02_27566",
        "term_results_folder": "crData/Gestión_del_Cambio_3738/Gestión_del_Cambio_69-02_27566/term_results",
        "merged": "crData/Gestión_del_Cambio_3738/Gestión_del_Cambio_69-02_27566/merged_results.json",
        "filtered": "crData/Gestión_del_Cambio_3738/Gestión_del_Cambio_69-02_27566/filtered_results.json",
        "final": "crData/Gestión_del_Cambio_3738/Gestión_del_Cambio_69-02_27566/final_results.json",
        "statistics": "crData/Gestión_del_Cambio_3738/Gestión_del_Cambio_69-02_27566/statistics_results.json"
      },
      "processing_time": 2.7124319076538086,
      "total_crossref": 22476,
      "crossref_percentage": 0.0
    },
    "69-03": {
      "tool_name": "Gestión del Cambio",
      "batch_id": "28008",
      "date": "69-03",
      "initial_count": 277,
      "filtered_count": 0,
      "final_count": 0,
      "duplicate_count": 0,
      "terms": {
        "Change": 90,
        "Management": 188
      },
      "file_paths": {
        "base_folder": "crData/Gestión_del_Cambio_3738/Gestión_del_Cambio_69-03_28008",
        "term_results_folder": "crData/Gestión_del_Cambio_3738/Gestión_del_Cambio_69-03_28008/term_results",
        "merged": "crData/Gestión_del_Cambio_3738/Gestión_del_Cambio_69-03_28008/merged_results.json",
        "filtered": "crData/Gestión_del_Cambio_3738/Gestión_del_Cambio_69-03_28008/filtered_results.json",
        "final": "crData/Gestión_del_Cambio_3738/Gestión_del_Cambio_69-03_28008/final_results.json",
        "statistics": "crData/Gestión_del_Cambio_3738/Gestión_del_Cambio_69-03_28008/statistics_results.json"
      },
      "processing_time": 5.839601755142212,
      "total_crossref": 28306,
      "crossref_percentage": 0.0
    },
    "69-04": {
      "tool_name": "Gestión del Cambio",
      "batch_id": "28082",
      "date": "69-04",
      "initial_count": 265,
      "filtered_count": 0,
      "final_count": 0,
      "duplicate_count": 0,
      "terms": {
        "Change": 93,
        "Management": 174
      },
      "file_paths": {
        "base_folder": "crData/Gestión_del_Cambio_3738/Gestión_del_Cambio_69-04_28082",
        "term_results_folder": "crData/Gestión_del_Cambio_3738/Gestión_del_Cambio_69-04_28082/term_results",
        "merged": "crData/Gestión_del_Cambio_3738/Gestión_del_Cambio_69-04_28082/merged_results.json",
        "filtered": "crData/Gestión_del_Cambio_3738/Gestión_del_Cambio_69-04_28082/filtered_results.json",
        "final": "crData/Gestión_del_Cambio_3738/Gestión_del_Cambio_69-04_28082/final_results.json",
        "statistics": "crData/Gestión_del_Cambio_3738/Gestión_del_Cambio_69-04_28082/statistics_results.json"
      },
      "processing_time": 3.0045480728149414,
      "total_crossref": 25473,
      "crossref_percentage": 0.0
    },
    "69-05": {
      "tool_name": "Gestión del Cambio",
      "batch_id": "28127",
      "date": "69-05",
      "initial_count": 238,
      "filtered_count": 0,
      "final_count": 0,
      "duplicate_count": 0,
      "terms": {
        "Change": 94,
        "Management": 146
      },
      "file_paths": {
        "base_folder": "crData/Gestión_del_Cambio_3738/Gestión_del_Cambio_69-05_28127",
        "term_results_folder": "crData/Gestión_del_Cambio_3738/Gestión_del_Cambio_69-05_28127/term_results",
        "merged": "crData/Gestión_del_Cambio_3738/Gestión_del_Cambio_69-05_28127/merged_results.json",
        "filtered": "crData/Gestión_del_Cambio_3738/Gestión_del_Cambio_69-05_28127/filtered_results.json",
        "final": "crData/Gestión_del_Cambio_3738/Gestión_del_Cambio_69-05_28127/final_results.json",
        "statistics": "crData/Gestión_del_Cambio_3738/Gestión_del_Cambio_69-05_28127/statistics_results.json"
      },
      "processing_time": 2.487790822982788,
      "total_crossref": 24539,
      "crossref_percentage": 0.0
    },
    "69-06": {
      "tool_name": "Gestión del Cambio",
      "batch_id": "28167",
      "date": "69-06",
      "initial_count": 219,
      "filtered_count": 0,
      "final_count": 0,
      "duplicate_count": 0,
      "terms": {
        "Change": 86,
        "Management": 133
      },
      "file_paths": {
        "base_folder": "crData/Gestión_del_Cambio_3738/Gestión_del_Cambio_69-06_28167",
        "term_results_folder": "crData/Gestión_del_Cambio_3738/Gestión_del_Cambio_69-06_28167/term_results",
        "merged": "crData/Gestión_del_Cambio_3738/Gestión_del_Cambio_69-06_28167/merged_results.json",
        "filtered": "crData/Gestión_del_Cambio_3738/Gestión_del_Cambio_69-06_28167/filtered_results.json",
        "final": "crData/Gestión_del_Cambio_3738/Gestión_del_Cambio_69-06_28167/final_results.json",
        "statistics": "crData/Gestión_del_Cambio_3738/Gestión_del_Cambio_69-06_28167/statistics_results.json"
      },
      "processing_time": 1.9176249504089355,
      "total_crossref": 27237,
      "crossref_percentage": 0.0
    },
    "69-07": {
      "tool_name": "Gestión del Cambio",
      "batch_id": "28201",
      "date": "69-07",
      "initial_count": 317,
      "filtered_count": 0,
      "final_count": 0,
      "duplicate_count": 0,
      "terms": {
        "Change": 105,
        "Management": 214
      },
      "file_paths": {
        "base_folder": "crData/Gestión_del_Cambio_3738/Gestión_del_Cambio_69-07_28201",
        "term_results_folder": "crData/Gestión_del_Cambio_3738/Gestión_del_Cambio_69-07_28201/term_results",
        "merged": "crData/Gestión_del_Cambio_3738/Gestión_del_Cambio_69-07_28201/merged_results.json",
        "filtered": "crData/Gestión_del_Cambio_3738/Gestión_del_Cambio_69-07_28201/filtered_results.json",
        "final": "crData/Gestión_del_Cambio_3738/Gestión_del_Cambio_69-07_28201/final_results.json",
        "statistics": "crData/Gestión_del_Cambio_3738/Gestión_del_Cambio_69-07_28201/statistics_results.json"
      },
      "processing_time": 2.5463128089904785,
      "total_crossref": 25805,
      "crossref_percentage": 0.0
    },
    "69-08": {
      "tool_name": "Gestión del Cambio",
      "batch_id": "28242",
      "date": "69-08",
      "initial_count": 178,
      "filtered_count": 0,
      "final_count": 0,
      "duplicate_count": 0,
      "terms": {
        "Change": 56,
        "Management": 123
      },
      "file_paths": {
        "base_folder": "crData/Gestión_del_Cambio_3738/Gestión_del_Cambio_69-08_28242",
        "term_results_folder": "crData/Gestión_del_Cambio_3738/Gestión_del_Cambio_69-08_28242/term_results",
        "merged": "crData/Gestión_del_Cambio_3738/Gestión_del_Cambio_69-08_28242/merged_results.json",
        "filtered": "crData/Gestión_del_Cambio_3738/Gestión_del_Cambio_69-08_28242/filtered_results.json",
        "final": "crData/Gestión_del_Cambio_3738/Gestión_del_Cambio_69-08_28242/final_results.json",
        "statistics": "crData/Gestión_del_Cambio_3738/Gestión_del_Cambio_69-08_28242/statistics_results.json"
      },
      "processing_time": 2.8484930992126465,
      "total_crossref": 22118,
      "crossref_percentage": 0.0
    },
    "69-09": {
      "tool_name": "Gestión del Cambio",
      "batch_id": "28285",
      "date": "69-09",
      "initial_count": 301,
      "filtered_count": 0,
      "final_count": 0,
      "duplicate_count": 0,
      "terms": {
        "Change": 103,
        "Management": 200
      },
      "file_paths": {
        "base_folder": "crData/Gestión_del_Cambio_3738/Gestión_del_Cambio_69-09_28285",
        "term_results_folder": "crData/Gestión_del_Cambio_3738/Gestión_del_Cambio_69-09_28285/term_results",
        "merged": "crData/Gestión_del_Cambio_3738/Gestión_del_Cambio_69-09_28285/merged_results.json",
        "filtered": "crData/Gestión_del_Cambio_3738/Gestión_del_Cambio_69-09_28285/filtered_results.json",
        "final": "crData/Gestión_del_Cambio_3738/Gestión_del_Cambio_69-09_28285/final_results.json",
        "statistics": "crData/Gestión_del_Cambio_3738/Gestión_del_Cambio_69-09_28285/statistics_results.json"
      },
      "processing_time": 2.914161205291748,
      "total_crossref": 28527,
      "crossref_percentage": 0.0
    },
    "69-10": {
      "tool_name": "Gestión del Cambio",
      "batch_id": "28330",
      "date": "69-10",
      "initial_count": 317,
      "filtered_count": 0,
      "final_count": 0,
      "duplicate_count": 0,
      "terms": {
        "Change": 113,
        "Management": 208
      },
      "file_paths": {
        "base_folder": "crData/Gestión_del_Cambio_3738/Gestión_del_Cambio_69-10_28330",
        "term_results_folder": "crData/Gestión_del_Cambio_3738/Gestión_del_Cambio_69-10_28330/term_results",
        "merged": "crData/Gestión_del_Cambio_3738/Gestión_del_Cambio_69-10_28330/merged_results.json",
        "filtered": "crData/Gestión_del_Cambio_3738/Gestión_del_Cambio_69-10_28330/filtered_results.json",
        "final": "crData/Gestión_del_Cambio_3738/Gestión_del_Cambio_69-10_28330/final_results.json",
        "statistics": "crData/Gestión_del_Cambio_3738/Gestión_del_Cambio_69-10_28330/statistics_results.json"
      },
      "processing_time": 3.651671886444092,
      "total_crossref": 26802,
      "crossref_percentage": 0.0
    },
    "69-11": {
      "tool_name": "Gestión del Cambio",
      "batch_id": "28381",
      "date": "69-11",
      "initial_count": 240,
      "filtered_count": 0,
      "final_count": 0,
      "duplicate_count": 0,
      "terms": {
        "Change": 94,
        "Management": 148
      },
      "file_paths": {
        "base_folder": "crData/Gestión_del_Cambio_3738/Gestión_del_Cambio_69-11_28381",
        "term_results_folder": "crData/Gestión_del_Cambio_3738/Gestión_del_Cambio_69-11_28381/term_results",
        "merged": "crData/Gestión_del_Cambio_3738/Gestión_del_Cambio_69-11_28381/merged_results.json",
        "filtered": "crData/Gestión_del_Cambio_3738/Gestión_del_Cambio_69-11_28381/filtered_results.json",
        "final": "crData/Gestión_del_Cambio_3738/Gestión_del_Cambio_69-11_28381/final_results.json",
        "statistics": "crData/Gestión_del_Cambio_3738/Gestión_del_Cambio_69-11_28381/statistics_results.json"
      },
      "processing_time": 2.4543917179107666,
      "total_crossref": 25499,
      "crossref_percentage": 0.0
    },
    "69-12": {
      "tool_name": "Gestión del Cambio",
      "batch_id": "28421",
      "date": "69-12",
      "initial_count": 580,
      "filtered_count": 0,
      "final_count": 0,
      "duplicate_count": 0,
      "terms": {
        "Change": 255,
        "Management": 326
      },
      "file_paths": {
        "base_folder": "crData/Gestión_del_Cambio_3738/Gestión_del_Cambio_69-12_28421",
        "term_results_folder": "crData/Gestión_del_Cambio_3738/Gestión_del_Cambio_69-12_28421/term_results",
        "merged": "crData/Gestión_del_Cambio_3738/Gestión_del_Cambio_69-12_28421/merged_results.json",
        "filtered": "crData/Gestión_del_Cambio_3738/Gestión_del_Cambio_69-12_28421/filtered_results.json",
        "final": "crData/Gestión_del_Cambio_3738/Gestión_del_Cambio_69-12_28421/final_results.json",
        "statistics": "crData/Gestión_del_Cambio_3738/Gestión_del_Cambio_69-12_28421/statistics_results.json"
      },
      "processing_time": 3.1949119567871094,
      "total_crossref": 59554,
      "crossref_percentage": 0.0
    }
  },
  "total_duplicates": 0,
  "monthly_files": {
    "69-01": {
      "base_folder": "crData/Gestión_del_Cambio_3738/Gestión_del_Cambio_69-01_27524",
      "term_results_folder": "crData/Gestión_del_Cambio_3738/Gestión_del_Cambio_69-01_27524/term_results",
      "merged": "crData/Gestión_del_Cambio_3738/Gestión_del_Cambio_69-01_27524/merged_results.json",
      "filtered": "crData/Gestión_del_Cambio_3738/Gestión_del_Cambio_69-01_27524/filtered_results.json",
      "final": "crData/Gestión_del_Cambio_3738/Gestión_del_Cambio_69-01_27524/final_results.json",
      "statistics": "crData/Gestión_del_Cambio_3738/Gestión_del_Cambio_69-01_27524/statistics_results.json"
    },
    "69-02": {
      "base_folder": "crData/Gestión_del_Cambio_3738/Gestión_del_Cambio_69-02_27566",
      "term_results_folder": "crData/Gestión_del_Cambio_3738/Gestión_del_Cambio_69-02_27566/term_results",
      "merged": "crData/Gestión_del_Cambio_3738/Gestión_del_Cambio_69-02_27566/merged_results.json",
      "filtered": "crData/Gestión_del_Cambio_3738/Gestión_del_Cambio_69-02_27566/filtered_results.json",
      "final": "crData/Gestión_del_Cambio_3738/Gestión_del_Cambio_69-02_27566/final_results.json",
      "statistics": "crData/Gestión_del_Cambio_3738/Gestión_del_Cambio_69-02_27566/statistics_results.json"
    },
    "69-03": {
      "base_folder": "crData/Gestión_del_Cambio_3738/Gestión_del_Cambio_69-03_28008",
      "term_results_folder": "crData/Gestión_del_Cambio_3738/Gestión_del_Cambio_69-03_28008/term_results",
      "merged": "crData/Gestión_del_Cambio_3738/Gestión_del_Cambio_69-03_28008/merged_results.json",
      "filtered": "crData/Gestión_del_Cambio_3738/Gestión_del_Cambio_69-03_28008/filtered_results.json",
      "final": "crData/Gestión_del_Cambio_3738/Gestión_del_Cambio_69-03_28008/final_results.json",
      "statistics": "crData/Gestión_del_Cambio_3738/Gestión_del_Cambio_69-03_28008/statistics_results.json"
    },
    "69-04": {
      "base_folder": "crData/Gestión_del_Cambio_3738/Gestión_del_Cambio_69-04_28082",
      "term_results_folder": "crData/Gestión_del_Cambio_3738/Gestión_del_Cambio_69-04_28082/term_results",
      "merged": "crData/Gestión_del_Cambio_3738/Gestión_del_Cambio_69-04_28082/merged_results.json",
      "filtered": "crData/Gestión_del_Cambio_3738/Gestión_del_Cambio_69-04_28082/filtered_results.json",
      "final": "crData/Gestión_del_Cambio_3738/Gestión_del_Cambio_69-04_28082/final_results.json",
      "statistics": "crData/Gestión_del_Cambio_3738/Gestión_del_Cambio_69-04_28082/statistics_results.json"
    },
    "69-05": {
      "base_folder": "crData/Gestión_del_Cambio_3738/Gestión_del_Cambio_69-05_28127",
      "term_results_folder": "crData/Gestión_del_Cambio_3738/Gestión_del_Cambio_69-05_28127/term_results",
      "merged": "crData/Gestión_del_Cambio_3738/Gestión_del_Cambio_69-05_28127/merged_results.json",
      "filtered": "crData/Gestión_del_Cambio_3738/Gestión_del_Cambio_69-05_28127/filtered_results.json",
      "final": "crData/Gestión_del_Cambio_3738/Gestión_del_Cambio_69-05_28127/final_results.json",
      "statistics": "crData/Gestión_del_Cambio_3738/Gestión_del_Cambio_69-05_28127/statistics_results.json"
    },
    "69-06": {
      "base_folder": "crData/Gestión_del_Cambio_3738/Gestión_del_Cambio_69-06_28167",
      "term_results_folder": "crData/Gestión_del_Cambio_3738/Gestión_del_Cambio_69-06_28167/term_results",
      "merged": "crData/Gestión_del_Cambio_3738/Gestión_del_Cambio_69-06_28167/merged_results.json",
      "filtered": "crData/Gestión_del_Cambio_3738/Gestión_del_Cambio_69-06_28167/filtered_results.json",
      "final": "crData/Gestión_del_Cambio_3738/Gestión_del_Cambio_69-06_28167/final_results.json",
      "statistics": "crData/Gestión_del_Cambio_3738/Gestión_del_Cambio_69-06_28167/statistics_results.json"
    },
    "69-07": {
      "base_folder": "crData/Gestión_del_Cambio_3738/Gestión_del_Cambio_69-07_28201",
      "term_results_folder": "crData/Gestión_del_Cambio_3738/Gestión_del_Cambio_69-07_28201/term_results",
      "merged": "crData/Gestión_del_Cambio_3738/Gestión_del_Cambio_69-07_28201/merged_results.json",
      "filtered": "crData/Gestión_del_Cambio_3738/Gestión_del_Cambio_69-07_28201/filtered_results.json",
      "final": "crData/Gestión_del_Cambio_3738/Gestión_del_Cambio_69-07_28201/final_results.json",
      "statistics": "crData/Gestión_del_Cambio_3738/Gestión_del_Cambio_69-07_28201/statistics_results.json"
    },
    "69-08": {
      "base_folder": "crData/Gestión_del_Cambio_3738/Gestión_del_Cambio_69-08_28242",
      "term_results_folder": "crData/Gestión_del_Cambio_3738/Gestión_del_Cambio_69-08_28242/term_results",
      "merged": "crData/Gestión_del_Cambio_3738/Gestión_del_Cambio_69-08_28242/merged_results.json",
      "filtered": "crData/Gestión_del_Cambio_3738/Gestión_del_Cambio_69-08_28242/filtered_results.json",
      "final": "crData/Gestión_del_Cambio_3738/Gestión_del_Cambio_69-08_28242/final_results.json",
      "statistics": "crData/Gestión_del_Cambio_3738/Gestión_del_Cambio_69-08_28242/statistics_results.json"
    },
    "69-09": {
      "base_folder": "crData/Gestión_del_Cambio_3738/Gestión_del_Cambio_69-09_28285",
      "term_results_folder": "crData/Gestión_del_Cambio_3738/Gestión_del_Cambio_69-09_28285/term_results",
      "merged": "crData/Gestión_del_Cambio_3738/Gestión_del_Cambio_69-09_28285/merged_results.json",
      "filtered": "crData/Gestión_del_Cambio_3738/Gestión_del_Cambio_69-09_28285/filtered_results.json",
      "final": "crData/Gestión_del_Cambio_3738/Gestión_del_Cambio_69-09_28285/final_results.json",
      "statistics": "crData/Gestión_del_Cambio_3738/Gestión_del_Cambio_69-09_28285/statistics_results.json"
    },
    "69-10": {
      "base_folder": "crData/Gestión_del_Cambio_3738/Gestión_del_Cambio_69-10_28330",
      "term_results_folder": "crData/Gestión_del_Cambio_3738/Gestión_del_Cambio_69-10_28330/term_results",
      "merged": "crData/Gestión_del_Cambio_3738/Gestión_del_Cambio_69-10_28330/merged_results.json",
      "filtered": "crData/Gestión_del_Cambio_3738/Gestión_del_Cambio_69-10_28330/filtered_results.json",
      "final": "crData/Gestión_del_Cambio_3738/Gestión_del_Cambio_69-10_28330/final_results.json",
      "statistics": "crData/Gestión_del_Cambio_3738/Gestión_del_Cambio_69-10_28330/statistics_results.json"
    },
    "69-11": {
      "base_folder": "crData/Gestión_del_Cambio_3738/Gestión_del_Cambio_69-11_28381",
      "term_results_folder": "crData/Gestión_del_Cambio_3738/Gestión_del_Cambio_69-11_28381/term_results",
      "merged": "crData/Gestión_del_Cambio_3738/Gestión_del_Cambio_69-11_28381/merged_results.json",
      "filtered": "crData/Gestión_del_Cambio_3738/Gestión_del_Cambio_69-11_28381/filtered_results.json",
      "final": "crData/Gestión_del_Cambio_3738/Gestión_del_Cambio_69-11_28381/final_results.json",
      "statistics": "crData/Gestión_del_Cambio_3738/Gestión_del_Cambio_69-11_28381/statistics_results.json"
    },
    "69-12": {
      "base_folder": "crData/Gestión_del_Cambio_3738/Gestión_del_Cambio_69-12_28421",
      "term_results_folder": "crData/Gestión_del_Cambio_3738/Gestión_del_Cambio_69-12_28421/term_results",
      "merged": "crData/Gestión_del_Cambio_3738/Gestión_del_Cambio_69-12_28421/merged_results.json",
      "filtered": "crData/Gestión_del_Cambio_3738/Gestión_del_Cambio_69-12_28421/filtered_results.json",
      "final": "crData/Gestión_del_Cambio_3738/Gestión_del_Cambio_69-12_28421/final_results.json",
      "statistics": "crData/Gestión_del_Cambio_3738/Gestión_del_Cambio_69-12_28421/statistics_results.json"
    }
  }
}