{
  "tool_name": "Gestión de la Cadena de Suministro",
  "year": "2016",
  "monthly_stats": {
    "16-01": {
      "tool_name": "Gestión de la Cadena de Suministro",
      "batch_id": "53320",
      "date": "16-01",
      "initial_count": 2970,
      "filtered_count": 1295,
      "final_count": 1295,
      "duplicate_count": 0,
      "terms": {
        "Supply": 2975
      },
      "file_paths": {
        "base_folder": "crData/Gestión_de_la_Cadena_de_Suministro_8153/Gestión_de_la_Cadena_de_Suministro_16-01_53320",
        "term_results_folder": "crData/Gestión_de_la_Cadena_de_Suministro_8153/Gestión_de_la_Cadena_de_Suministro_16-01_53320/term_results",
        "merged": "crData/Gestión_de_la_Cadena_de_Suministro_8153/Gestión_de_la_Cadena_de_Suministro_16-01_53320/merged_results.json",
        "filtered": "crData/Gestión_de_la_Cadena_de_Suministro_8153/Gestión_de_la_Cadena_de_Suministro_16-01_53320/filtered_results.json",
        "final": "crData/Gestión_de_la_Cadena_de_Suministro_8153/Gestión_de_la_Cadena_de_Suministro_16-01_53320/final_results.json",
        "statistics": "crData/Gestión_de_la_Cadena_de_Suministro_8153/Gestión_de_la_Cadena_de_Suministro_16-01_53320/statistics_results.json"
      },
      "processing_time": 10.950230121612549,
      "total_crossref": 1319356,
      "crossref_percentage": 0.09815394783515594
    },
    "16-02": {
      "tool_name": "Gestión de la Cadena de Suministro",
      "batch_id": "53445",
      "date": "16-02",
      "initial_count": 406,
      "filtered_count": 147,
      "final_count": 147,
      "duplicate_count": 0,
      "terms": {
        "Supply": 410
      },
      "file_paths": {
        "base_folder": "crData/Gestión_de_la_Cadena_de_Suministro_8153/Gestión_de_la_Cadena_de_Suministro_16-02_53445",
        "term_results_folder": "crData/Gestión_de_la_Cadena_de_Suministro_8153/Gestión_de_la_Cadena_de_Suministro_16-02_53445/term_results",
        "merged": "crData/Gestión_de_la_Cadena_de_Suministro_8153/Gestión_de_la_Cadena_de_Suministro_16-02_53445/merged_results.json",
        "filtered": "crData/Gestión_de_la_Cadena_de_Suministro_8153/Gestión_de_la_Cadena_de_Suministro_16-02_53445/filtered_results.json",
        "final": "crData/Gestión_de_la_Cadena_de_Suministro_8153/Gestión_de_la_Cadena_de_Suministro_16-02_53445/final_results.json",
        "statistics": "crData/Gestión_de_la_Cadena_de_Suministro_8153/Gestión_de_la_Cadena_de_Suministro_16-02_53445/statistics_results.json"
      },
      "processing_time": 4.218552112579346,
      "total_crossref": 268295,
      "crossref_percentage": 0.05479043590078086
    },
    "16-03": {
      "tool_name": "Gestión de la Cadena de Suministro",
      "batch_id": "53502",
      "date": "16-03",
      "initial_count": 559,
      "filtered_count": 175,
      "final_count": 175,
      "duplicate_count": 0,
      "terms": {
        "Supply": 562
      },
      "file_paths": {
        "base_folder": "crData/Gestión_de_la_Cadena_de_Suministro_8153/Gestión_de_la_Cadena_de_Suministro_16-03_53502",
        "term_results_folder": "crData/Gestión_de_la_Cadena_de_Suministro_8153/Gestión_de_la_Cadena_de_Suministro_16-03_53502/term_results",
        "merged": "crData/Gestión_de_la_Cadena_de_Suministro_8153/Gestión_de_la_Cadena_de_Suministro_16-03_53502/merged_results.json",
        "filtered": "crData/Gestión_de_la_Cadena_de_Suministro_8153/Gestión_de_la_Cadena_de_Suministro_16-03_53502/filtered_results.json",
        "final": "crData/Gestión_de_la_Cadena_de_Suministro_8153/Gestión_de_la_Cadena_de_Suministro_16-03_53502/final_results.json",
        "statistics": "crData/Gestión_de_la_Cadena_de_Suministro_8153/Gestión_de_la_Cadena_de_Suministro_16-03_53502/statistics_results.json"
      },
      "processing_time": 3.223634719848633,
      "total_crossref": 342619,
      "crossref_percentage": 0.05107714399960305
    },
    "16-04": {
      "tool_name": "Gestión de la Cadena de Suministro",
      "batch_id": "53549",
      "date": "16-04",
      "initial_count": 653,
      "filtered_count": 214,
      "final_count": 214,
      "duplicate_count": 0,
      "terms": {
        "Supply": 658
      },
      "file_paths": {
        "base_folder": "crData/Gestión_de_la_Cadena_de_Suministro_8153/Gestión_de_la_Cadena_de_Suministro_16-04_53549",
        "term_results_folder": "crData/Gestión_de_la_Cadena_de_Suministro_8153/Gestión_de_la_Cadena_de_Suministro_16-04_53549/term_results",
        "merged": "crData/Gestión_de_la_Cadena_de_Suministro_8153/Gestión_de_la_Cadena_de_Suministro_16-04_53549/merged_results.json",
        "filtered": "crData/Gestión_de_la_Cadena_de_Suministro_8153/Gestión_de_la_Cadena_de_Suministro_16-04_53549/filtered_results.json",
        "final": "crData/Gestión_de_la_Cadena_de_Suministro_8153/Gestión_de_la_Cadena_de_Suministro_16-04_53549/final_results.json",
        "statistics": "crData/Gestión_de_la_Cadena_de_Suministro_8153/Gestión_de_la_Cadena_de_Suministro_16-04_53549/statistics_results.json"
      },
      "processing_time": 3.618997097015381,
      "total_crossref": 357979,
      "crossref_percentage": 0.059780042963414055
    },
    "16-05": {
      "tool_name": "Gestión de la Cadena de Suministro",
      "batch_id": "54001",
      "date": "16-05",
      "initial_count": 579,
      "filtered_count": 211,
      "final_count": 211,
      "duplicate_count": 0,
      "terms": {
        "Supply": 581
      },
      "file_paths": {
        "base_folder": "crData/Gestión_de_la_Cadena_de_Suministro_8153/Gestión_de_la_Cadena_de_Suministro_16-05_54001",
        "term_results_folder": "crData/Gestión_de_la_Cadena_de_Suministro_8153/Gestión_de_la_Cadena_de_Suministro_16-05_54001/term_results",
        "merged": "crData/Gestión_de_la_Cadena_de_Suministro_8153/Gestión_de_la_Cadena_de_Suministro_16-05_54001/merged_results.json",
        "filtered": "crData/Gestión_de_la_Cadena_de_Suministro_8153/Gestión_de_la_Cadena_de_Suministro_16-05_54001/filtered_results.json",
        "final": "crData/Gestión_de_la_Cadena_de_Suministro_8153/Gestión_de_la_Cadena_de_Suministro_16-05_54001/final_results.json",
        "statistics": "crData/Gestión_de_la_Cadena_de_Suministro_8153/Gestión_de_la_Cadena_de_Suministro_16-05_54001/statistics_results.json"
      },
      "processing_time": 4.951805830001831,
      "total_crossref": 313557,
      "crossref_percentage": 0.06729239021932217
    },
    "16-06": {
      "tool_name": "Gestión de la Cadena de Suministro",
      "batch_id": "54065",
      "date": "16-06",
      "initial_count": 582,
      "filtered_count": 209,
      "final_count": 209,
      "duplicate_count": 0,
      "terms": {
        "Supply": 585
      },
      "file_paths": {
        "base_folder": "crData/Gestión_de_la_Cadena_de_Suministro_8153/Gestión_de_la_Cadena_de_Suministro_16-06_54065",
        "term_results_folder": "crData/Gestión_de_la_Cadena_de_Suministro_8153/Gestión_de_la_Cadena_de_Suministro_16-06_54065/term_results",
        "merged": "crData/Gestión_de_la_Cadena_de_Suministro_8153/Gestión_de_la_Cadena_de_Suministro_16-06_54065/merged_results.json",
        "filtered": "crData/Gestión_de_la_Cadena_de_Suministro_8153/Gestión_de_la_Cadena_de_Suministro_16-06_54065/filtered_results.json",
        "final": "crData/Gestión_de_la_Cadena_de_Suministro_8153/Gestión_de_la_Cadena_de_Suministro_16-06_54065/final_results.json",
        "statistics": "crData/Gestión_de_la_Cadena_de_Suministro_8153/Gestión_de_la_Cadena_de_Suministro_16-06_54065/statistics_results.json"
      },
      "processing_time": 4.849628925323486,
      "total_crossref": 356645,
      "crossref_percentage": 0.05860169075691514
    },
    "16-07": {
      "tool_name": "Gestión de la Cadena de Suministro",
      "batch_id": "54129",
      "date": "16-07",
      "initial_count": 531,
      "filtered_count": 198,
      "final_count": 198,
      "duplicate_count": 0,
      "terms": {
        "Supply": 536
      },
      "file_paths": {
        "base_folder": "crData/Gestión_de_la_Cadena_de_Suministro_8153/Gestión_de_la_Cadena_de_Suministro_16-07_54129",
        "term_results_folder": "crData/Gestión_de_la_Cadena_de_Suministro_8153/Gestión_de_la_Cadena_de_Suministro_16-07_54129/term_results",
        "merged": "crData/Gestión_de_la_Cadena_de_Suministro_8153/Gestión_de_la_Cadena_de_Suministro_16-07_54129/merged_results.json",
        "filtered": "crData/Gestión_de_la_Cadena_de_Suministro_8153/Gestión_de_la_Cadena_de_Suministro_16-07_54129/filtered_results.json",
        "final": "crData/Gestión_de_la_Cadena_de_Suministro_8153/Gestión_de_la_Cadena_de_Suministro_16-07_54129/final_results.json",
        "statistics": "crData/Gestión_de_la_Cadena_de_Suministro_8153/Gestión_de_la_Cadena_de_Suministro_16-07_54129/statistics_results.json"
      },
      "processing_time": 4.483666896820068,
      "total_crossref": 319263,
      "crossref_percentage": 0.06201783482583324
    },
    "16-08": {
      "tool_name": "Gestión de la Cadena de Suministro",
      "batch_id": "54189",
      "date": "16-08",
      "initial_count": 564,
      "filtered_count": 199,
      "final_count": 199,
      "duplicate_count": 0,
      "terms": {
        "Supply": 566
      },
      "file_paths": {
        "base_folder": "crData/Gestión_de_la_Cadena_de_Suministro_8153/Gestión_de_la_Cadena_de_Suministro_16-08_54189",
        "term_results_folder": "crData/Gestión_de_la_Cadena_de_Suministro_8153/Gestión_de_la_Cadena_de_Suministro_16-08_54189/term_results",
        "merged": "crData/Gestión_de_la_Cadena_de_Suministro_8153/Gestión_de_la_Cadena_de_Suministro_16-08_54189/merged_results.json",
        "filtered": "crData/Gestión_de_la_Cadena_de_Suministro_8153/Gestión_de_la_Cadena_de_Suministro_16-08_54189/filtered_results.json",
        "final": "crData/Gestión_de_la_Cadena_de_Suministro_8153/Gestión_de_la_Cadena_de_Suministro_16-08_54189/final_results.json",
        "statistics": "crData/Gestión_de_la_Cadena_de_Suministro_8153/Gestión_de_la_Cadena_de_Suministro_16-08_54189/statistics_results.json"
      },
      "processing_time": 4.187608242034912,
      "total_crossref": 292204,
      "crossref_percentage": 0.0681031060491985
    },
    "16-09": {
      "tool_name": "Gestión de la Cadena de Suministro",
      "batch_id": "54246",
      "date": "16-09",
      "initial_count": 704,
      "filtered_count": 273,
      "final_count": 273,
      "duplicate_count": 0,
      "terms": {
        "Supply": 707
      },
      "file_paths": {
        "base_folder": "crData/Gestión_de_la_Cadena_de_Suministro_8153/Gestión_de_la_Cadena_de_Suministro_16-09_54246",
        "term_results_folder": "crData/Gestión_de_la_Cadena_de_Suministro_8153/Gestión_de_la_Cadena_de_Suministro_16-09_54246/term_results",
        "merged": "crData/Gestión_de_la_Cadena_de_Suministro_8153/Gestión_de_la_Cadena_de_Suministro_16-09_54246/merged_results.json",
        "filtered": "crData/Gestión_de_la_Cadena_de_Suministro_8153/Gestión_de_la_Cadena_de_Suministro_16-09_54246/filtered_results.json",
        "final": "crData/Gestión_de_la_Cadena_de_Suministro_8153/Gestión_de_la_Cadena_de_Suministro_16-09_54246/final_results.json",
        "statistics": "crData/Gestión_de_la_Cadena_de_Suministro_8153/Gestión_de_la_Cadena_de_Suministro_16-09_54246/statistics_results.json"
      },
      "processing_time": 4.082950115203857,
      "total_crossref": 374964,
      "crossref_percentage": 0.07280698947098921
    },
    "16-10": {
      "tool_name": "Gestión de la Cadena de Suministro",
      "batch_id": "54302",
      "date": "16-10",
      "initial_count": 612,
      "filtered_count": 190,
      "final_count": 190,
      "duplicate_count": 0,
      "terms": {
        "Supply": 616
      },
      "file_paths": {
        "base_folder": "crData/Gestión_de_la_Cadena_de_Suministro_8153/Gestión_de_la_Cadena_de_Suministro_16-10_54302",
        "term_results_folder": "crData/Gestión_de_la_Cadena_de_Suministro_8153/Gestión_de_la_Cadena_de_Suministro_16-10_54302/term_results",
        "merged": "crData/Gestión_de_la_Cadena_de_Suministro_8153/Gestión_de_la_Cadena_de_Suministro_16-10_54302/merged_results.json",
        "filtered": "crData/Gestión_de_la_Cadena_de_Suministro_8153/Gestión_de_la_Cadena_de_Suministro_16-10_54302/filtered_results.json",
        "final": "crData/Gestión_de_la_Cadena_de_Suministro_8153/Gestión_de_la_Cadena_de_Suministro_16-10_54302/final_results.json",
        "statistics": "crData/Gestión_de_la_Cadena_de_Suministro_8153/Gestión_de_la_Cadena_de_Suministro_16-10_54302/statistics_results.json"
      },
      "processing_time": 4.116215944290161,
      "total_crossref": 364460,
      "crossref_percentage": 0.05213192119848543
    },
    "16-11": {
      "tool_name": "Gestión de la Cadena de Suministro",
      "batch_id": "54358",
      "date": "16-11",
      "initial_count": 577,
      "filtered_count": 183,
      "final_count": 183,
      "duplicate_count": 0,
      "terms": {
        "Supply": 581
      },
      "file_paths": {
        "base_folder": "crData/Gestión_de_la_Cadena_de_Suministro_8153/Gestión_de_la_Cadena_de_Suministro_16-11_54358",
        "term_results_folder": "crData/Gestión_de_la_Cadena_de_Suministro_8153/Gestión_de_la_Cadena_de_Suministro_16-11_54358/term_results",
        "merged": "crData/Gestión_de_la_Cadena_de_Suministro_8153/Gestión_de_la_Cadena_de_Suministro_16-11_54358/merged_results.json",
        "filtered": "crData/Gestión_de_la_Cadena_de_Suministro_8153/Gestión_de_la_Cadena_de_Suministro_16-11_54358/filtered_results.json",
        "final": "crData/Gestión_de_la_Cadena_de_Suministro_8153/Gestión_de_la_Cadena_de_Suministro_16-11_54358/final_results.json",
        "statistics": "crData/Gestión_de_la_Cadena_de_Suministro_8153/Gestión_de_la_Cadena_de_Suministro_16-11_54358/statistics_results.json"
      },
      "processing_time": 4.053589105606079,
      "total_crossref": 326177,
      "crossref_percentage": 0.05610450767528059
    },
    "16-12": {
      "tool_name": "Gestión de la Cadena de Suministro",
      "batch_id": "54413",
      "date": "16-12",
      "initial_count": 736,
      "filtered_count": 254,
      "final_count": 254,
      "duplicate_count": 0,
      "terms": {
        "Supply": 740
      },
      "file_paths": {
        "base_folder": "crData/Gestión_de_la_Cadena_de_Suministro_8153/Gestión_de_la_Cadena_de_Suministro_16-12_54413",
        "term_results_folder": "crData/Gestión_de_la_Cadena_de_Suministro_8153/Gestión_de_la_Cadena_de_Suministro_16-12_54413/term_results",
        "merged": "crData/Gestión_de_la_Cadena_de_Suministro_8153/Gestión_de_la_Cadena_de_Suministro_16-12_54413/merged_results.json",
        "filtered": "crData/Gestión_de_la_Cadena_de_Suministro_8153/Gestión_de_la_Cadena_de_Suministro_16-12_54413/filtered_results.json",
        "final": "crData/Gestión_de_la_Cadena_de_Suministro_8153/Gestión_de_la_Cadena_de_Suministro_16-12_54413/final_results.json",
        "statistics": "crData/Gestión_de_la_Cadena_de_Suministro_8153/Gestión_de_la_Cadena_de_Suministro_16-12_54413/statistics_results.json"
      },
      "processing_time": 2.955030918121338,
      "total_crossref": 436916,
      "crossref_percentage": 0.058134744436001425
    }
  },
  "total_duplicates": 0,
  "monthly_files": {
    "16-01": {
      "base_folder": "crData/Gestión_de_la_Cadena_de_Suministro_8153/Gestión_de_la_Cadena_de_Suministro_16-01_53320",
      "term_results_folder": "crData/Gestión_de_la_Cadena_de_Suministro_8153/Gestión_de_la_Cadena_de_Suministro_16-01_53320/term_results",
      "merged": "crData/Gestión_de_la_Cadena_de_Suministro_8153/Gestión_de_la_Cadena_de_Suministro_16-01_53320/merged_results.json",
      "filtered": "crData/Gestión_de_la_Cadena_de_Suministro_8153/Gestión_de_la_Cadena_de_Suministro_16-01_53320/filtered_results.json",
      "final": "crData/Gestión_de_la_Cadena_de_Suministro_8153/Gestión_de_la_Cadena_de_Suministro_16-01_53320/final_results.json",
      "statistics": "crData/Gestión_de_la_Cadena_de_Suministro_8153/Gestión_de_la_Cadena_de_Suministro_16-01_53320/statistics_results.json"
    },
    "16-02": {
      "base_folder": "crData/Gestión_de_la_Cadena_de_Suministro_8153/Gestión_de_la_Cadena_de_Suministro_16-02_53445",
      "term_results_folder": "crData/Gestión_de_la_Cadena_de_Suministro_8153/Gestión_de_la_Cadena_de_Suministro_16-02_53445/term_results",
      "merged": "crData/Gestión_de_la_Cadena_de_Suministro_8153/Gestión_de_la_Cadena_de_Suministro_16-02_53445/merged_results.json",
      "filtered": "crData/Gestión_de_la_Cadena_de_Suministro_8153/Gestión_de_la_Cadena_de_Suministro_16-02_53445/filtered_results.json",
      "final": "crData/Gestión_de_la_Cadena_de_Suministro_8153/Gestión_de_la_Cadena_de_Suministro_16-02_53445/final_results.json",
      "statistics": "crData/Gestión_de_la_Cadena_de_Suministro_8153/Gestión_de_la_Cadena_de_Suministro_16-02_53445/statistics_results.json"
    },
    "16-03": {
      "base_folder": "crData/Gestión_de_la_Cadena_de_Suministro_8153/Gestión_de_la_Cadena_de_Suministro_16-03_53502",
      "term_results_folder": "crData/Gestión_de_la_Cadena_de_Suministro_8153/Gestión_de_la_Cadena_de_Suministro_16-03_53502/term_results",
      "merged": "crData/Gestión_de_la_Cadena_de_Suministro_8153/Gestión_de_la_Cadena_de_Suministro_16-03_53502/merged_results.json",
      "filtered": "crData/Gestión_de_la_Cadena_de_Suministro_8153/Gestión_de_la_Cadena_de_Suministro_16-03_53502/filtered_results.json",
      "final": "crData/Gestión_de_la_Cadena_de_Suministro_8153/Gestión_de_la_Cadena_de_Suministro_16-03_53502/final_results.json",
      "statistics": "crData/Gestión_de_la_Cadena_de_Suministro_8153/Gestión_de_la_Cadena_de_Suministro_16-03_53502/statistics_results.json"
    },
    "16-04": {
      "base_folder": "crData/Gestión_de_la_Cadena_de_Suministro_8153/Gestión_de_la_Cadena_de_Suministro_16-04_53549",
      "term_results_folder": "crData/Gestión_de_la_Cadena_de_Suministro_8153/Gestión_de_la_Cadena_de_Suministro_16-04_53549/term_results",
      "merged": "crData/Gestión_de_la_Cadena_de_Suministro_8153/Gestión_de_la_Cadena_de_Suministro_16-04_53549/merged_results.json",
      "filtered": "crData/Gestión_de_la_Cadena_de_Suministro_8153/Gestión_de_la_Cadena_de_Suministro_16-04_53549/filtered_results.json",
      "final": "crData/Gestión_de_la_Cadena_de_Suministro_8153/Gestión_de_la_Cadena_de_Suministro_16-04_53549/final_results.json",
      "statistics": "crData/Gestión_de_la_Cadena_de_Suministro_8153/Gestión_de_la_Cadena_de_Suministro_16-04_53549/statistics_results.json"
    },
    "16-05": {
      "base_folder": "crData/Gestión_de_la_Cadena_de_Suministro_8153/Gestión_de_la_Cadena_de_Suministro_16-05_54001",
      "term_results_folder": "crData/Gestión_de_la_Cadena_de_Suministro_8153/Gestión_de_la_Cadena_de_Suministro_16-05_54001/term_results",
      "merged": "crData/Gestión_de_la_Cadena_de_Suministro_8153/Gestión_de_la_Cadena_de_Suministro_16-05_54001/merged_results.json",
      "filtered": "crData/Gestión_de_la_Cadena_de_Suministro_8153/Gestión_de_la_Cadena_de_Suministro_16-05_54001/filtered_results.json",
      "final": "crData/Gestión_de_la_Cadena_de_Suministro_8153/Gestión_de_la_Cadena_de_Suministro_16-05_54001/final_results.json",
      "statistics": "crData/Gestión_de_la_Cadena_de_Suministro_8153/Gestión_de_la_Cadena_de_Suministro_16-05_54001/statistics_results.json"
    },
    "16-06": {
      "base_folder": "crData/Gestión_de_la_Cadena_de_Suministro_8153/Gestión_de_la_Cadena_de_Suministro_16-06_54065",
      "term_results_folder": "crData/Gestión_de_la_Cadena_de_Suministro_8153/Gestión_de_la_Cadena_de_Suministro_16-06_54065/term_results",
      "merged": "crData/Gestión_de_la_Cadena_de_Suministro_8153/Gestión_de_la_Cadena_de_Suministro_16-06_54065/merged_results.json",
      "filtered": "crData/Gestión_de_la_Cadena_de_Suministro_8153/Gestión_de_la_Cadena_de_Suministro_16-06_54065/filtered_results.json",
      "final": "crData/Gestión_de_la_Cadena_de_Suministro_8153/Gestión_de_la_Cadena_de_Suministro_16-06_54065/final_results.json",
      "statistics": "crData/Gestión_de_la_Cadena_de_Suministro_8153/Gestión_de_la_Cadena_de_Suministro_16-06_54065/statistics_results.json"
    },
    "16-07": {
      "base_folder": "crData/Gestión_de_la_Cadena_de_Suministro_8153/Gestión_de_la_Cadena_de_Suministro_16-07_54129",
      "term_results_folder": "crData/Gestión_de_la_Cadena_de_Suministro_8153/Gestión_de_la_Cadena_de_Suministro_16-07_54129/term_results",
      "merged": "crData/Gestión_de_la_Cadena_de_Suministro_8153/Gestión_de_la_Cadena_de_Suministro_16-07_54129/merged_results.json",
      "filtered": "crData/Gestión_de_la_Cadena_de_Suministro_8153/Gestión_de_la_Cadena_de_Suministro_16-07_54129/filtered_results.json",
      "final": "crData/Gestión_de_la_Cadena_de_Suministro_8153/Gestión_de_la_Cadena_de_Suministro_16-07_54129/final_results.json",
      "statistics": "crData/Gestión_de_la_Cadena_de_Suministro_8153/Gestión_de_la_Cadena_de_Suministro_16-07_54129/statistics_results.json"
    },
    "16-08": {
      "base_folder": "crData/Gestión_de_la_Cadena_de_Suministro_8153/Gestión_de_la_Cadena_de_Suministro_16-08_54189",
      "term_results_folder": "crData/Gestión_de_la_Cadena_de_Suministro_8153/Gestión_de_la_Cadena_de_Suministro_16-08_54189/term_results",
      "merged": "crData/Gestión_de_la_Cadena_de_Suministro_8153/Gestión_de_la_Cadena_de_Suministro_16-08_54189/merged_results.json",
      "filtered": "crData/Gestión_de_la_Cadena_de_Suministro_8153/Gestión_de_la_Cadena_de_Suministro_16-08_54189/filtered_results.json",
      "final": "crData/Gestión_de_la_Cadena_de_Suministro_8153/Gestión_de_la_Cadena_de_Suministro_16-08_54189/final_results.json",
      "statistics": "crData/Gestión_de_la_Cadena_de_Suministro_8153/Gestión_de_la_Cadena_de_Suministro_16-08_54189/statistics_results.json"
    },
    "16-09": {
      "base_folder": "crData/Gestión_de_la_Cadena_de_Suministro_8153/Gestión_de_la_Cadena_de_Suministro_16-09_54246",
      "term_results_folder": "crData/Gestión_de_la_Cadena_de_Suministro_8153/Gestión_de_la_Cadena_de_Suministro_16-09_54246/term_results",
      "merged": "crData/Gestión_de_la_Cadena_de_Suministro_8153/Gestión_de_la_Cadena_de_Suministro_16-09_54246/merged_results.json",
      "filtered": "crData/Gestión_de_la_Cadena_de_Suministro_8153/Gestión_de_la_Cadena_de_Suministro_16-09_54246/filtered_results.json",
      "final": "crData/Gestión_de_la_Cadena_de_Suministro_8153/Gestión_de_la_Cadena_de_Suministro_16-09_54246/final_results.json",
      "statistics": "crData/Gestión_de_la_Cadena_de_Suministro_8153/Gestión_de_la_Cadena_de_Suministro_16-09_54246/statistics_results.json"
    },
    "16-10": {
      "base_folder": "crData/Gestión_de_la_Cadena_de_Suministro_8153/Gestión_de_la_Cadena_de_Suministro_16-10_54302",
      "term_results_folder": "crData/Gestión_de_la_Cadena_de_Suministro_8153/Gestión_de_la_Cadena_de_Suministro_16-10_54302/term_results",
      "merged": "crData/Gestión_de_la_Cadena_de_Suministro_8153/Gestión_de_la_Cadena_de_Suministro_16-10_54302/merged_results.json",
      "filtered": "crData/Gestión_de_la_Cadena_de_Suministro_8153/Gestión_de_la_Cadena_de_Suministro_16-10_54302/filtered_results.json",
      "final": "crData/Gestión_de_la_Cadena_de_Suministro_8153/Gestión_de_la_Cadena_de_Suministro_16-10_54302/final_results.json",
      "statistics": "crData/Gestión_de_la_Cadena_de_Suministro_8153/Gestión_de_la_Cadena_de_Suministro_16-10_54302/statistics_results.json"
    },
    "16-11": {
      "base_folder": "crData/Gestión_de_la_Cadena_de_Suministro_8153/Gestión_de_la_Cadena_de_Suministro_16-11_54358",
      "term_results_folder": "crData/Gestión_de_la_Cadena_de_Suministro_8153/Gestión_de_la_Cadena_de_Suministro_16-11_54358/term_results",
      "merged": "crData/Gestión_de_la_Cadena_de_Suministro_8153/Gestión_de_la_Cadena_de_Suministro_16-11_54358/merged_results.json",
      "filtered": "crData/Gestión_de_la_Cadena_de_Suministro_8153/Gestión_de_la_Cadena_de_Suministro_16-11_54358/filtered_results.json",
      "final": "crData/Gestión_de_la_Cadena_de_Suministro_8153/Gestión_de_la_Cadena_de_Suministro_16-11_54358/final_results.json",
      "statistics": "crData/Gestión_de_la_Cadena_de_Suministro_8153/Gestión_de_la_Cadena_de_Suministro_16-11_54358/statistics_results.json"
    },
    "16-12": {
      "base_folder": "crData/Gestión_de_la_Cadena_de_Suministro_8153/Gestión_de_la_Cadena_de_Suministro_16-12_54413",
      "term_results_folder": "crData/Gestión_de_la_Cadena_de_Suministro_8153/Gestión_de_la_Cadena_de_Suministro_16-12_54413/term_results",
      "merged": "crData/Gestión_de_la_Cadena_de_Suministro_8153/Gestión_de_la_Cadena_de_Suministro_16-12_54413/merged_results.json",
      "filtered": "crData/Gestión_de_la_Cadena_de_Suministro_8153/Gestión_de_la_Cadena_de_Suministro_16-12_54413/filtered_results.json",
      "final": "crData/Gestión_de_la_Cadena_de_Suministro_8153/Gestión_de_la_Cadena_de_Suministro_16-12_54413/final_results.json",
      "statistics": "crData/Gestión_de_la_Cadena_de_Suministro_8153/Gestión_de_la_Cadena_de_Suministro_16-12_54413/statistics_results.json"
    }
  }
}