{
  "tool_name": "Gestión del Conocimiento",
  "year": "1985",
  "monthly_stats": {
    "85-01": {
      "tool_name": "Gestión del Conocimiento",
      "batch_id": "22092",
      "date": "85-01",
      "initial_count": 4166,
      "filtered_count": 2,
      "final_count": 2,
      "duplicate_count": 0,
      "terms": {
        "Knowledge": 447,
        "Management": 3730
      },
      "file_paths": {
        "base_folder": "crData/Gestión_del_Conocimiento_6477/Gestión_del_Conocimiento_85-01_22092",
        "term_results_folder": "crData/Gestión_del_Conocimiento_6477/Gestión_del_Conocimiento_85-01_22092/term_results",
        "merged": "crData/Gestión_del_Conocimiento_6477/Gestión_del_Conocimiento_85-01_22092/merged_results.json",
        "filtered": "crData/Gestión_del_Conocimiento_6477/Gestión_del_Conocimiento_85-01_22092/filtered_results.json",
        "final": "crData/Gestión_del_Conocimiento_6477/Gestión_del_Conocimiento_85-01_22092/final_results.json",
        "statistics": "crData/Gestión_del_Conocimiento_6477/Gestión_del_Conocimiento_85-01_22092/statistics_results.json"
      },
      "processing_time": 17.561538696289062,
      "total_crossref": 318801,
      "crossref_percentage": 0.0006273506042954696
    },
    "85-02": {
      "tool_name": "Gestión del Conocimiento",
      "batch_id": "22282",
      "date": "85-02",
      "initial_count": 529,
      "filtered_count": 0,
      "final_count": 0,
      "duplicate_count": 0,
      "terms": {
        "Knowledge": 35,
        "Management": 496
      },
      "file_paths": {
        "base_folder": "crData/Gestión_del_Conocimiento_6477/Gestión_del_Conocimiento_85-02_22282",
        "term_results_folder": "crData/Gestión_del_Conocimiento_6477/Gestión_del_Conocimiento_85-02_22282/term_results",
        "merged": "crData/Gestión_del_Conocimiento_6477/Gestión_del_Conocimiento_85-02_22282/merged_results.json",
        "filtered": "crData/Gestión_del_Conocimiento_6477/Gestión_del_Conocimiento_85-02_22282/filtered_results.json",
        "final": "crData/Gestión_del_Conocimiento_6477/Gestión_del_Conocimiento_85-02_22282/final_results.json",
        "statistics": "crData/Gestión_del_Conocimiento_6477/Gestión_del_Conocimiento_85-02_22282/statistics_results.json"
      },
      "processing_time": 4.541009187698364,
      "total_crossref": 43149,
      "crossref_percentage": 0.0
    },
    "85-03": {
      "tool_name": "Gestión del Conocimiento",
      "batch_id": "22343",
      "date": "85-03",
      "initial_count": 833,
      "filtered_count": 0,
      "final_count": 0,
      "duplicate_count": 0,
      "terms": {
        "Knowledge": 76,
        "Management": 765
      },
      "file_paths": {
        "base_folder": "crData/Gestión_del_Conocimiento_6477/Gestión_del_Conocimiento_85-03_22343",
        "term_results_folder": "crData/Gestión_del_Conocimiento_6477/Gestión_del_Conocimiento_85-03_22343/term_results",
        "merged": "crData/Gestión_del_Conocimiento_6477/Gestión_del_Conocimiento_85-03_22343/merged_results.json",
        "filtered": "crData/Gestión_del_Conocimiento_6477/Gestión_del_Conocimiento_85-03_22343/filtered_results.json",
        "final": "crData/Gestión_del_Conocimiento_6477/Gestión_del_Conocimiento_85-03_22343/final_results.json",
        "statistics": "crData/Gestión_del_Conocimiento_6477/Gestión_del_Conocimiento_85-03_22343/statistics_results.json"
      },
      "processing_time": 4.225308895111084,
      "total_crossref": 54688,
      "crossref_percentage": 0.0
    },
    "85-04": {
      "tool_name": "Gestión del Conocimiento",
      "batch_id": "22400",
      "date": "85-04",
      "initial_count": 712,
      "filtered_count": 0,
      "final_count": 0,
      "duplicate_count": 0,
      "terms": {
        "Knowledge": 82,
        "Management": 635
      },
      "file_paths": {
        "base_folder": "crData/Gestión_del_Conocimiento_6477/Gestión_del_Conocimiento_85-04_22400",
        "term_results_folder": "crData/Gestión_del_Conocimiento_6477/Gestión_del_Conocimiento_85-04_22400/term_results",
        "merged": "crData/Gestión_del_Conocimiento_6477/Gestión_del_Conocimiento_85-04_22400/merged_results.json",
        "filtered": "crData/Gestión_del_Conocimiento_6477/Gestión_del_Conocimiento_85-04_22400/filtered_results.json",
        "final": "crData/Gestión_del_Conocimiento_6477/Gestión_del_Conocimiento_85-04_22400/final_results.json",
        "statistics": "crData/Gestión_del_Conocimiento_6477/Gestión_del_Conocimiento_85-04_22400/statistics_results.json"
      },
      "processing_time": 5.875229835510254,
      "total_crossref": 52101,
      "crossref_percentage": 0.0
    },
    "85-05": {
      "tool_name": "Gestión del Conocimiento",
      "batch_id": "22474",
      "date": "85-05",
      "initial_count": 589,
      "filtered_count": 0,
      "final_count": 0,
      "duplicate_count": 0,
      "terms": {
        "Knowledge": 36,
        "Management": 556
      },
      "file_paths": {
        "base_folder": "crData/Gestión_del_Conocimiento_6477/Gestión_del_Conocimiento_85-05_22474",
        "term_results_folder": "crData/Gestión_del_Conocimiento_6477/Gestión_del_Conocimiento_85-05_22474/term_results",
        "merged": "crData/Gestión_del_Conocimiento_6477/Gestión_del_Conocimiento_85-05_22474/merged_results.json",
        "filtered": "crData/Gestión_del_Conocimiento_6477/Gestión_del_Conocimiento_85-05_22474/filtered_results.json",
        "final": "crData/Gestión_del_Conocimiento_6477/Gestión_del_Conocimiento_85-05_22474/final_results.json",
        "statistics": "crData/Gestión_del_Conocimiento_6477/Gestión_del_Conocimiento_85-05_22474/statistics_results.json"
      },
      "processing_time": 3.933474063873291,
      "total_crossref": 46493,
      "crossref_percentage": 0.0
    },
    "85-06": {
      "tool_name": "Gestión del Conocimiento",
      "batch_id": "22528",
      "date": "85-06",
      "initial_count": 715,
      "filtered_count": 0,
      "final_count": 0,
      "duplicate_count": 0,
      "terms": {
        "Knowledge": 87,
        "Management": 634
      },
      "file_paths": {
        "base_folder": "crData/Gestión_del_Conocimiento_6477/Gestión_del_Conocimiento_85-06_22528",
        "term_results_folder": "crData/Gestión_del_Conocimiento_6477/Gestión_del_Conocimiento_85-06_22528/term_results",
        "merged": "crData/Gestión_del_Conocimiento_6477/Gestión_del_Conocimiento_85-06_22528/merged_results.json",
        "filtered": "crData/Gestión_del_Conocimiento_6477/Gestión_del_Conocimiento_85-06_22528/filtered_results.json",
        "final": "crData/Gestión_del_Conocimiento_6477/Gestión_del_Conocimiento_85-06_22528/final_results.json",
        "statistics": "crData/Gestión_del_Conocimiento_6477/Gestión_del_Conocimiento_85-06_22528/statistics_results.json"
      },
      "processing_time": 4.839165925979614,
      "total_crossref": 53497,
      "crossref_percentage": 0.0
    },
    "85-07": {
      "tool_name": "Gestión del Conocimiento",
      "batch_id": "22592",
      "date": "85-07",
      "initial_count": 719,
      "filtered_count": 0,
      "final_count": 0,
      "duplicate_count": 0,
      "terms": {
        "Knowledge": 31,
        "Management": 694
      },
      "file_paths": {
        "base_folder": "crData/Gestión_del_Conocimiento_6477/Gestión_del_Conocimiento_85-07_22592",
        "term_results_folder": "crData/Gestión_del_Conocimiento_6477/Gestión_del_Conocimiento_85-07_22592/term_results",
        "merged": "crData/Gestión_del_Conocimiento_6477/Gestión_del_Conocimiento_85-07_22592/merged_results.json",
        "filtered": "crData/Gestión_del_Conocimiento_6477/Gestión_del_Conocimiento_85-07_22592/filtered_results.json",
        "final": "crData/Gestión_del_Conocimiento_6477/Gestión_del_Conocimiento_85-07_22592/final_results.json",
        "statistics": "crData/Gestión_del_Conocimiento_6477/Gestión_del_Conocimiento_85-07_22592/statistics_results.json"
      },
      "processing_time": 5.792670011520386,
      "total_crossref": 50178,
      "crossref_percentage": 0.0
    },
    "85-08": {
      "tool_name": "Gestión del Conocimiento",
      "batch_id": "23065",
      "date": "85-08",
      "initial_count": 482,
      "filtered_count": 0,
      "final_count": 0,
      "duplicate_count": 0,
      "terms": {
        "Knowledge": 38,
        "Management": 445
      },
      "file_paths": {
        "base_folder": "crData/Gestión_del_Conocimiento_6477/Gestión_del_Conocimiento_85-08_23065",
        "term_results_folder": "crData/Gestión_del_Conocimiento_6477/Gestión_del_Conocimiento_85-08_23065/term_results",
        "merged": "crData/Gestión_del_Conocimiento_6477/Gestión_del_Conocimiento_85-08_23065/merged_results.json",
        "filtered": "crData/Gestión_del_Conocimiento_6477/Gestión_del_Conocimiento_85-08_23065/filtered_results.json",
        "final": "crData/Gestión_del_Conocimiento_6477/Gestión_del_Conocimiento_85-08_23065/final_results.json",
        "statistics": "crData/Gestión_del_Conocimiento_6477/Gestión_del_Conocimiento_85-08_23065/statistics_results.json"
      },
      "processing_time": 2.9312691688537598,
      "total_crossref": 42107,
      "crossref_percentage": 0.0
    },
    "85-09": {
      "tool_name": "Gestión del Conocimiento",
      "batch_id": "23109",
      "date": "85-09",
      "initial_count": 844,
      "filtered_count": 0,
      "final_count": 0,
      "duplicate_count": 0,
      "terms": {
        "Knowledge": 68,
        "Management": 783
      },
      "file_paths": {
        "base_folder": "crData/Gestión_del_Conocimiento_6477/Gestión_del_Conocimiento_85-09_23109",
        "term_results_folder": "crData/Gestión_del_Conocimiento_6477/Gestión_del_Conocimiento_85-09_23109/term_results",
        "merged": "crData/Gestión_del_Conocimiento_6477/Gestión_del_Conocimiento_85-09_23109/merged_results.json",
        "filtered": "crData/Gestión_del_Conocimiento_6477/Gestión_del_Conocimiento_85-09_23109/filtered_results.json",
        "final": "crData/Gestión_del_Conocimiento_6477/Gestión_del_Conocimiento_85-09_23109/final_results.json",
        "statistics": "crData/Gestión_del_Conocimiento_6477/Gestión_del_Conocimiento_85-09_23109/statistics_results.json"
      },
      "processing_time": 4.4102771282196045,
      "total_crossref": 56208,
      "crossref_percentage": 0.0
    },
    "85-10": {
      "tool_name": "Gestión del Conocimiento",
      "batch_id": "23169",
      "date": "85-10",
      "initial_count": 603,
      "filtered_count": 0,
      "final_count": 0,
      "duplicate_count": 0,
      "terms": {
        "Knowledge": 50,
        "Management": 557
      },
      "file_paths": {
        "base_folder": "crData/Gestión_del_Conocimiento_6477/Gestión_del_Conocimiento_85-10_23169",
        "term_results_folder": "crData/Gestión_del_Conocimiento_6477/Gestión_del_Conocimiento_85-10_23169/term_results",
        "merged": "crData/Gestión_del_Conocimiento_6477/Gestión_del_Conocimiento_85-10_23169/merged_results.json",
        "filtered": "crData/Gestión_del_Conocimiento_6477/Gestión_del_Conocimiento_85-10_23169/filtered_results.json",
        "final": "crData/Gestión_del_Conocimiento_6477/Gestión_del_Conocimiento_85-10_23169/final_results.json",
        "statistics": "crData/Gestión_del_Conocimiento_6477/Gestión_del_Conocimiento_85-10_23169/statistics_results.json"
      },
      "processing_time": 4.1271820068359375,
      "total_crossref": 51615,
      "crossref_percentage": 0.0
    },
    "85-11": {
      "tool_name": "Gestión del Conocimiento",
      "batch_id": "23225",
      "date": "85-11",
      "initial_count": 523,
      "filtered_count": 0,
      "final_count": 0,
      "duplicate_count": 0,
      "terms": {
        "Knowledge": 50,
        "Management": 477
      },
      "file_paths": {
        "base_folder": "crData/Gestión_del_Conocimiento_6477/Gestión_del_Conocimiento_85-11_23225",
        "term_results_folder": "crData/Gestión_del_Conocimiento_6477/Gestión_del_Conocimiento_85-11_23225/term_results",
        "merged": "crData/Gestión_del_Conocimiento_6477/Gestión_del_Conocimiento_85-11_23225/merged_results.json",
        "filtered": "crData/Gestión_del_Conocimiento_6477/Gestión_del_Conocimiento_85-11_23225/filtered_results.json",
        "final": "crData/Gestión_del_Conocimiento_6477/Gestión_del_Conocimiento_85-11_23225/final_results.json",
        "statistics": "crData/Gestión_del_Conocimiento_6477/Gestión_del_Conocimiento_85-11_23225/statistics_results.json"
      },
      "processing_time": 5.107882976531982,
      "total_crossref": 46271,
      "crossref_percentage": 0.0
    },
    "85-12": {
      "tool_name": "Gestión del Conocimiento",
      "batch_id": "23291",
      "date": "85-12",
      "initial_count": 914,
      "filtered_count": 0,
      "final_count": 0,
      "duplicate_count": 0,
      "terms": {
        "Knowledge": 96,
        "Management": 825
      },
      "file_paths": {
        "base_folder": "crData/Gestión_del_Conocimiento_6477/Gestión_del_Conocimiento_85-12_23291",
        "term_results_folder": "crData/Gestión_del_Conocimiento_6477/Gestión_del_Conocimiento_85-12_23291/term_results",
        "merged": "crData/Gestión_del_Conocimiento_6477/Gestión_del_Conocimiento_85-12_23291/merged_results.json",
        "filtered": "crData/Gestión_del_Conocimiento_6477/Gestión_del_Conocimiento_85-12_23291/filtered_results.json",
        "final": "crData/Gestión_del_Conocimiento_6477/Gestión_del_Conocimiento_85-12_23291/final_results.json",
        "statistics": "crData/Gestión_del_Conocimiento_6477/Gestión_del_Conocimiento_85-12_23291/statistics_results.json"
      },
      "processing_time": 5.226809024810791,
      "total_crossref": 81399,
      "crossref_percentage": 0.0
    }
  },
  "total_duplicates": 0,
  "monthly_files": {
    "85-01": {
      "base_folder": "crData/Gestión_del_Conocimiento_6477/Gestión_del_Conocimiento_85-01_22092",
      "term_results_folder": "crData/Gestión_del_Conocimiento_6477/Gestión_del_Conocimiento_85-01_22092/term_results",
      "merged": "crData/Gestión_del_Conocimiento_6477/Gestión_del_Conocimiento_85-01_22092/merged_results.json",
      "filtered": "crData/Gestión_del_Conocimiento_6477/Gestión_del_Conocimiento_85-01_22092/filtered_results.json",
      "final": "crData/Gestión_del_Conocimiento_6477/Gestión_del_Conocimiento_85-01_22092/final_results.json",
      "statistics": "crData/Gestión_del_Conocimiento_6477/Gestión_del_Conocimiento_85-01_22092/statistics_results.json"
    },
    "85-02": {
      "base_folder": "crData/Gestión_del_Conocimiento_6477/Gestión_del_Conocimiento_85-02_22282",
      "term_results_folder": "crData/Gestión_del_Conocimiento_6477/Gestión_del_Conocimiento_85-02_22282/term_results",
      "merged": "crData/Gestión_del_Conocimiento_6477/Gestión_del_Conocimiento_85-02_22282/merged_results.json",
      "filtered": "crData/Gestión_del_Conocimiento_6477/Gestión_del_Conocimiento_85-02_22282/filtered_results.json",
      "final": "crData/Gestión_del_Conocimiento_6477/Gestión_del_Conocimiento_85-02_22282/final_results.json",
      "statistics": "crData/Gestión_del_Conocimiento_6477/Gestión_del_Conocimiento_85-02_22282/statistics_results.json"
    },
    "85-03": {
      "base_folder": "crData/Gestión_del_Conocimiento_6477/Gestión_del_Conocimiento_85-03_22343",
      "term_results_folder": "crData/Gestión_del_Conocimiento_6477/Gestión_del_Conocimiento_85-03_22343/term_results",
      "merged": "crData/Gestión_del_Conocimiento_6477/Gestión_del_Conocimiento_85-03_22343/merged_results.json",
      "filtered": "crData/Gestión_del_Conocimiento_6477/Gestión_del_Conocimiento_85-03_22343/filtered_results.json",
      "final": "crData/Gestión_del_Conocimiento_6477/Gestión_del_Conocimiento_85-03_22343/final_results.json",
      "statistics": "crData/Gestión_del_Conocimiento_6477/Gestión_del_Conocimiento_85-03_22343/statistics_results.json"
    },
    "85-04": {
      "base_folder": "crData/Gestión_del_Conocimiento_6477/Gestión_del_Conocimiento_85-04_22400",
      "term_results_folder": "crData/Gestión_del_Conocimiento_6477/Gestión_del_Conocimiento_85-04_22400/term_results",
      "merged": "crData/Gestión_del_Conocimiento_6477/Gestión_del_Conocimiento_85-04_22400/merged_results.json",
      "filtered": "crData/Gestión_del_Conocimiento_6477/Gestión_del_Conocimiento_85-04_22400/filtered_results.json",
      "final": "crData/Gestión_del_Conocimiento_6477/Gestión_del_Conocimiento_85-04_22400/final_results.json",
      "statistics": "crData/Gestión_del_Conocimiento_6477/Gestión_del_Conocimiento_85-04_22400/statistics_results.json"
    },
    "85-05": {
      "base_folder": "crData/Gestión_del_Conocimiento_6477/Gestión_del_Conocimiento_85-05_22474",
      "term_results_folder": "crData/Gestión_del_Conocimiento_6477/Gestión_del_Conocimiento_85-05_22474/term_results",
      "merged": "crData/Gestión_del_Conocimiento_6477/Gestión_del_Conocimiento_85-05_22474/merged_results.json",
      "filtered": "crData/Gestión_del_Conocimiento_6477/Gestión_del_Conocimiento_85-05_22474/filtered_results.json",
      "final": "crData/Gestión_del_Conocimiento_6477/Gestión_del_Conocimiento_85-05_22474/final_results.json",
      "statistics": "crData/Gestión_del_Conocimiento_6477/Gestión_del_Conocimiento_85-05_22474/statistics_results.json"
    },
    "85-06": {
      "base_folder": "crData/Gestión_del_Conocimiento_6477/Gestión_del_Conocimiento_85-06_22528",
      "term_results_folder": "crData/Gestión_del_Conocimiento_6477/Gestión_del_Conocimiento_85-06_22528/term_results",
      "merged": "crData/Gestión_del_Conocimiento_6477/Gestión_del_Conocimiento_85-06_22528/merged_results.json",
      "filtered": "crData/Gestión_del_Conocimiento_6477/Gestión_del_Conocimiento_85-06_22528/filtered_results.json",
      "final": "crData/Gestión_del_Conocimiento_6477/Gestión_del_Conocimiento_85-06_22528/final_results.json",
      "statistics": "crData/Gestión_del_Conocimiento_6477/Gestión_del_Conocimiento_85-06_22528/statistics_results.json"
    },
    "85-07": {
      "base_folder": "crData/Gestión_del_Conocimiento_6477/Gestión_del_Conocimiento_85-07_22592",
      "term_results_folder": "crData/Gestión_del_Conocimiento_6477/Gestión_del_Conocimiento_85-07_22592/term_results",
      "merged": "crData/Gestión_del_Conocimiento_6477/Gestión_del_Conocimiento_85-07_22592/merged_results.json",
      "filtered": "crData/Gestión_del_Conocimiento_6477/Gestión_del_Conocimiento_85-07_22592/filtered_results.json",
      "final": "crData/Gestión_del_Conocimiento_6477/Gestión_del_Conocimiento_85-07_22592/final_results.json",
      "statistics": "crData/Gestión_del_Conocimiento_6477/Gestión_del_Conocimiento_85-07_22592/statistics_results.json"
    },
    "85-08": {
      "base_folder": "crData/Gestión_del_Conocimiento_6477/Gestión_del_Conocimiento_85-08_23065",
      "term_results_folder": "crData/Gestión_del_Conocimiento_6477/Gestión_del_Conocimiento_85-08_23065/term_results",
      "merged": "crData/Gestión_del_Conocimiento_6477/Gestión_del_Conocimiento_85-08_23065/merged_results.json",
      "filtered": "crData/Gestión_del_Conocimiento_6477/Gestión_del_Conocimiento_85-08_23065/filtered_results.json",
      "final": "crData/Gestión_del_Conocimiento_6477/Gestión_del_Conocimiento_85-08_23065/final_results.json",
      "statistics": "crData/Gestión_del_Conocimiento_6477/Gestión_del_Conocimiento_85-08_23065/statistics_results.json"
    },
    "85-09": {
      "base_folder": "crData/Gestión_del_Conocimiento_6477/Gestión_del_Conocimiento_85-09_23109",
      "term_results_folder": "crData/Gestión_del_Conocimiento_6477/Gestión_del_Conocimiento_85-09_23109/term_results",
      "merged": "crData/Gestión_del_Conocimiento_6477/Gestión_del_Conocimiento_85-09_23109/merged_results.json",
      "filtered": "crData/Gestión_del_Conocimiento_6477/Gestión_del_Conocimiento_85-09_23109/filtered_results.json",
      "final": "crData/Gestión_del_Conocimiento_6477/Gestión_del_Conocimiento_85-09_23109/final_results.json",
      "statistics": "crData/Gestión_del_Conocimiento_6477/Gestión_del_Conocimiento_85-09_23109/statistics_results.json"
    },
    "85-10": {
      "base_folder": "crData/Gestión_del_Conocimiento_6477/Gestión_del_Conocimiento_85-10_23169",
      "term_results_folder": "crData/Gestión_del_Conocimiento_6477/Gestión_del_Conocimiento_85-10_23169/term_results",
      "merged": "crData/Gestión_del_Conocimiento_6477/Gestión_del_Conocimiento_85-10_23169/merged_results.json",
      "filtered": "crData/Gestión_del_Conocimiento_6477/Gestión_del_Conocimiento_85-10_23169/filtered_results.json",
      "final": "crData/Gestión_del_Conocimiento_6477/Gestión_del_Conocimiento_85-10_23169/final_results.json",
      "statistics": "crData/Gestión_del_Conocimiento_6477/Gestión_del_Conocimiento_85-10_23169/statistics_results.json"
    },
    "85-11": {
      "base_folder": "crData/Gestión_del_Conocimiento_6477/Gestión_del_Conocimiento_85-11_23225",
      "term_results_folder": "crData/Gestión_del_Conocimiento_6477/Gestión_del_Conocimiento_85-11_23225/term_results",
      "merged": "crData/Gestión_del_Conocimiento_6477/Gestión_del_Conocimiento_85-11_23225/merged_results.json",
      "filtered": "crData/Gestión_del_Conocimiento_6477/Gestión_del_Conocimiento_85-11_23225/filtered_results.json",
      "final": "crData/Gestión_del_Conocimiento_6477/Gestión_del_Conocimiento_85-11_23225/final_results.json",
      "statistics": "crData/Gestión_del_Conocimiento_6477/Gestión_del_Conocimiento_85-11_23225/statistics_results.json"
    },
    "85-12": {
      "base_folder": "crData/Gestión_del_Conocimiento_6477/Gestión_del_Conocimiento_85-12_23291",
      "term_results_folder": "crData/Gestión_del_Conocimiento_6477/Gestión_del_Conocimiento_85-12_23291/term_results",
      "merged": "crData/Gestión_del_Conocimiento_6477/Gestión_del_Conocimiento_85-12_23291/merged_results.json",
      "filtered": "crData/Gestión_del_Conocimiento_6477/Gestión_del_Conocimiento_85-12_23291/filtered_results.json",
      "final": "crData/Gestión_del_Conocimiento_6477/Gestión_del_Conocimiento_85-12_23291/final_results.json",
      "statistics": "crData/Gestión_del_Conocimiento_6477/Gestión_del_Conocimiento_85-12_23291/statistics_results.json"
    }
  }
}