{
  "tool_name": "Gestión del Cambio",
  "year": "1952",
  "monthly_stats": {
    "52-01": {
      "tool_name": "Gestión del Cambio",
      "batch_id": "10519",
      "date": "52-01",
      "initial_count": 190,
      "filtered_count": 0,
      "final_count": 0,
      "duplicate_count": 0,
      "terms": {
        "Change": 76,
        "Management": 114
      },
      "file_paths": {
        "base_folder": "crData/Gestión_del_Cambio_3738/Gestión_del_Cambio_52-01_10519",
        "term_results_folder": "crData/Gestión_del_Cambio_3738/Gestión_del_Cambio_52-01_10519/term_results",
        "merged": "crData/Gestión_del_Cambio_3738/Gestión_del_Cambio_52-01_10519/merged_results.json",
        "filtered": "crData/Gestión_del_Cambio_3738/Gestión_del_Cambio_52-01_10519/filtered_results.json",
        "final": "crData/Gestión_del_Cambio_3738/Gestión_del_Cambio_52-01_10519/final_results.json",
        "statistics": "crData/Gestión_del_Cambio_3738/Gestión_del_Cambio_52-01_10519/statistics_results.json"
      },
      "processing_time": 1.9450929164886475,
      "total_crossref": 51721,
      "crossref_percentage": 0.0
    },
    "52-02": {
      "tool_name": "Gestión del Cambio",
      "batch_id": "10554",
      "date": "52-02",
      "initial_count": 34,
      "filtered_count": 0,
      "final_count": 0,
      "duplicate_count": 0,
      "terms": {
        "Change": 7,
        "Management": 27
      },
      "file_paths": {
        "base_folder": "crData/Gestión_del_Cambio_3738/Gestión_del_Cambio_52-02_10554",
        "term_results_folder": "crData/Gestión_del_Cambio_3738/Gestión_del_Cambio_52-02_10554/term_results",
        "merged": "crData/Gestión_del_Cambio_3738/Gestión_del_Cambio_52-02_10554/merged_results.json",
        "filtered": "crData/Gestión_del_Cambio_3738/Gestión_del_Cambio_52-02_10554/filtered_results.json",
        "final": "crData/Gestión_del_Cambio_3738/Gestión_del_Cambio_52-02_10554/final_results.json",
        "statistics": "crData/Gestión_del_Cambio_3738/Gestión_del_Cambio_52-02_10554/statistics_results.json"
      },
      "processing_time": 2.4931421279907227,
      "total_crossref": 8725,
      "crossref_percentage": 0.0
    },
    "52-03": {
      "tool_name": "Gestión del Cambio",
      "batch_id": "10594",
      "date": "52-03",
      "initial_count": 61,
      "filtered_count": 0,
      "final_count": 0,
      "duplicate_count": 0,
      "terms": {
        "Change": 22,
        "Management": 40
      },
      "file_paths": {
        "base_folder": "crData/Gestión_del_Cambio_3738/Gestión_del_Cambio_52-03_10594",
        "term_results_folder": "crData/Gestión_del_Cambio_3738/Gestión_del_Cambio_52-03_10594/term_results",
        "merged": "crData/Gestión_del_Cambio_3738/Gestión_del_Cambio_52-03_10594/merged_results.json",
        "filtered": "crData/Gestión_del_Cambio_3738/Gestión_del_Cambio_52-03_10594/filtered_results.json",
        "final": "crData/Gestión_del_Cambio_3738/Gestión_del_Cambio_52-03_10594/final_results.json",
        "statistics": "crData/Gestión_del_Cambio_3738/Gestión_del_Cambio_52-03_10594/statistics_results.json"
      },
      "processing_time": 4.1582090854644775,
      "total_crossref": 11284,
      "crossref_percentage": 0.0
    },
    "52-04": {
      "tool_name": "Gestión del Cambio",
      "batch_id": "11051",
      "date": "52-04",
      "initial_count": 83,
      "filtered_count": 0,
      "final_count": 0,
      "duplicate_count": 0,
      "terms": {
        "Change": 17,
        "Management": 66
      },
      "file_paths": {
        "base_folder": "crData/Gestión_del_Cambio_3738/Gestión_del_Cambio_52-04_11051",
        "term_results_folder": "crData/Gestión_del_Cambio_3738/Gestión_del_Cambio_52-04_11051/term_results",
        "merged": "crData/Gestión_del_Cambio_3738/Gestión_del_Cambio_52-04_11051/merged_results.json",
        "filtered": "crData/Gestión_del_Cambio_3738/Gestión_del_Cambio_52-04_11051/filtered_results.json",
        "final": "crData/Gestión_del_Cambio_3738/Gestión_del_Cambio_52-04_11051/final_results.json",
        "statistics": "crData/Gestión_del_Cambio_3738/Gestión_del_Cambio_52-04_11051/statistics_results.json"
      },
      "processing_time": 2.642209053039551,
      "total_crossref": 11067,
      "crossref_percentage": 0.0
    },
    "52-05": {
      "tool_name": "Gestión del Cambio",
      "batch_id": "11092",
      "date": "52-05",
      "initial_count": 64,
      "filtered_count": 0,
      "final_count": 0,
      "duplicate_count": 0,
      "terms": {
        "Change": 8,
        "Management": 56
      },
      "file_paths": {
        "base_folder": "crData/Gestión_del_Cambio_3738/Gestión_del_Cambio_52-05_11092",
        "term_results_folder": "crData/Gestión_del_Cambio_3738/Gestión_del_Cambio_52-05_11092/term_results",
        "merged": "crData/Gestión_del_Cambio_3738/Gestión_del_Cambio_52-05_11092/merged_results.json",
        "filtered": "crData/Gestión_del_Cambio_3738/Gestión_del_Cambio_52-05_11092/filtered_results.json",
        "final": "crData/Gestión_del_Cambio_3738/Gestión_del_Cambio_52-05_11092/final_results.json",
        "statistics": "crData/Gestión_del_Cambio_3738/Gestión_del_Cambio_52-05_11092/statistics_results.json"
      },
      "processing_time": 1.6216888427734375,
      "total_crossref": 9648,
      "crossref_percentage": 0.0
    },
    "52-06": {
      "tool_name": "Gestión del Cambio",
      "batch_id": "11123",
      "date": "52-06",
      "initial_count": 48,
      "filtered_count": 0,
      "final_count": 0,
      "duplicate_count": 0,
      "terms": {
        "Change": 20,
        "Management": 29
      },
      "file_paths": {
        "base_folder": "crData/Gestión_del_Cambio_3738/Gestión_del_Cambio_52-06_11123",
        "term_results_folder": "crData/Gestión_del_Cambio_3738/Gestión_del_Cambio_52-06_11123/term_results",
        "merged": "crData/Gestión_del_Cambio_3738/Gestión_del_Cambio_52-06_11123/merged_results.json",
        "filtered": "crData/Gestión_del_Cambio_3738/Gestión_del_Cambio_52-06_11123/filtered_results.json",
        "final": "crData/Gestión_del_Cambio_3738/Gestión_del_Cambio_52-06_11123/final_results.json",
        "statistics": "crData/Gestión_del_Cambio_3738/Gestión_del_Cambio_52-06_11123/statistics_results.json"
      },
      "processing_time": 1.3633778095245361,
      "total_crossref": 10041,
      "crossref_percentage": 0.0
    },
    "52-07": {
      "tool_name": "Gestión del Cambio",
      "batch_id": "11152",
      "date": "52-07",
      "initial_count": 114,
      "filtered_count": 0,
      "final_count": 0,
      "duplicate_count": 0,
      "terms": {
        "Change": 10,
        "Management": 104
      },
      "file_paths": {
        "base_folder": "crData/Gestión_del_Cambio_3738/Gestión_del_Cambio_52-07_11152",
        "term_results_folder": "crData/Gestión_del_Cambio_3738/Gestión_del_Cambio_52-07_11152/term_results",
        "merged": "crData/Gestión_del_Cambio_3738/Gestión_del_Cambio_52-07_11152/merged_results.json",
        "filtered": "crData/Gestión_del_Cambio_3738/Gestión_del_Cambio_52-07_11152/filtered_results.json",
        "final": "crData/Gestión_del_Cambio_3738/Gestión_del_Cambio_52-07_11152/final_results.json",
        "statistics": "crData/Gestión_del_Cambio_3738/Gestión_del_Cambio_52-07_11152/statistics_results.json"
      },
      "processing_time": 2.715425729751587,
      "total_crossref": 11124,
      "crossref_percentage": 0.0
    },
    "52-08": {
      "tool_name": "Gestión del Cambio",
      "batch_id": "11194",
      "date": "52-08",
      "initial_count": 34,
      "filtered_count": 0,
      "final_count": 0,
      "duplicate_count": 0,
      "terms": {
        "Change": 10,
        "Management": 24
      },
      "file_paths": {
        "base_folder": "crData/Gestión_del_Cambio_3738/Gestión_del_Cambio_52-08_11194",
        "term_results_folder": "crData/Gestión_del_Cambio_3738/Gestión_del_Cambio_52-08_11194/term_results",
        "merged": "crData/Gestión_del_Cambio_3738/Gestión_del_Cambio_52-08_11194/merged_results.json",
        "filtered": "crData/Gestión_del_Cambio_3738/Gestión_del_Cambio_52-08_11194/filtered_results.json",
        "final": "crData/Gestión_del_Cambio_3738/Gestión_del_Cambio_52-08_11194/final_results.json",
        "statistics": "crData/Gestión_del_Cambio_3738/Gestión_del_Cambio_52-08_11194/statistics_results.json"
      },
      "processing_time": 2.2158782482147217,
      "total_crossref": 8148,
      "crossref_percentage": 0.0
    },
    "52-09": {
      "tool_name": "Gestión del Cambio",
      "batch_id": "11232",
      "date": "52-09",
      "initial_count": 64,
      "filtered_count": 0,
      "final_count": 0,
      "duplicate_count": 0,
      "terms": {
        "Change": 14,
        "Management": 50
      },
      "file_paths": {
        "base_folder": "crData/Gestión_del_Cambio_3738/Gestión_del_Cambio_52-09_11232",
        "term_results_folder": "crData/Gestión_del_Cambio_3738/Gestión_del_Cambio_52-09_11232/term_results",
        "merged": "crData/Gestión_del_Cambio_3738/Gestión_del_Cambio_52-09_11232/merged_results.json",
        "filtered": "crData/Gestión_del_Cambio_3738/Gestión_del_Cambio_52-09_11232/filtered_results.json",
        "final": "crData/Gestión_del_Cambio_3738/Gestión_del_Cambio_52-09_11232/final_results.json",
        "statistics": "crData/Gestión_del_Cambio_3738/Gestión_del_Cambio_52-09_11232/statistics_results.json"
      },
      "processing_time": 2.8949129581451416,
      "total_crossref": 10446,
      "crossref_percentage": 0.0
    },
    "52-10": {
      "tool_name": "Gestión del Cambio",
      "batch_id": "11276",
      "date": "52-10",
      "initial_count": 73,
      "filtered_count": 0,
      "final_count": 0,
      "duplicate_count": 0,
      "terms": {
        "Change": 23,
        "Management": 51
      },
      "file_paths": {
        "base_folder": "crData/Gestión_del_Cambio_3738/Gestión_del_Cambio_52-10_11276",
        "term_results_folder": "crData/Gestión_del_Cambio_3738/Gestión_del_Cambio_52-10_11276/term_results",
        "merged": "crData/Gestión_del_Cambio_3738/Gestión_del_Cambio_52-10_11276/merged_results.json",
        "filtered": "crData/Gestión_del_Cambio_3738/Gestión_del_Cambio_52-10_11276/filtered_results.json",
        "final": "crData/Gestión_del_Cambio_3738/Gestión_del_Cambio_52-10_11276/final_results.json",
        "statistics": "crData/Gestión_del_Cambio_3738/Gestión_del_Cambio_52-10_11276/statistics_results.json"
      },
      "processing_time": 4.128809928894043,
      "total_crossref": 11885,
      "crossref_percentage": 0.0
    },
    "52-11": {
      "tool_name": "Gestión del Cambio",
      "batch_id": "11332",
      "date": "52-11",
      "initial_count": 63,
      "filtered_count": 0,
      "final_count": 0,
      "duplicate_count": 0,
      "terms": {
        "Change": 12,
        "Management": 51
      },
      "file_paths": {
        "base_folder": "crData/Gestión_del_Cambio_3738/Gestión_del_Cambio_52-11_11332",
        "term_results_folder": "crData/Gestión_del_Cambio_3738/Gestión_del_Cambio_52-11_11332/term_results",
        "merged": "crData/Gestión_del_Cambio_3738/Gestión_del_Cambio_52-11_11332/merged_results.json",
        "filtered": "crData/Gestión_del_Cambio_3738/Gestión_del_Cambio_52-11_11332/filtered_results.json",
        "final": "crData/Gestión_del_Cambio_3738/Gestión_del_Cambio_52-11_11332/final_results.json",
        "statistics": "crData/Gestión_del_Cambio_3738/Gestión_del_Cambio_52-11_11332/statistics_results.json"
      },
      "processing_time": 1.8284821510314941,
      "total_crossref": 9725,
      "crossref_percentage": 0.0
    },
    "52-12": {
      "tool_name": "Gestión del Cambio",
      "batch_id": "11365",
      "date": "52-12",
      "initial_count": 100,
      "filtered_count": 0,
      "final_count": 0,
      "duplicate_count": 0,
      "terms": {
        "Change": 33,
        "Management": 68
      },
      "file_paths": {
        "base_folder": "crData/Gestión_del_Cambio_3738/Gestión_del_Cambio_52-12_11365",
        "term_results_folder": "crData/Gestión_del_Cambio_3738/Gestión_del_Cambio_52-12_11365/term_results",
        "merged": "crData/Gestión_del_Cambio_3738/Gestión_del_Cambio_52-12_11365/merged_results.json",
        "filtered": "crData/Gestión_del_Cambio_3738/Gestión_del_Cambio_52-12_11365/filtered_results.json",
        "final": "crData/Gestión_del_Cambio_3738/Gestión_del_Cambio_52-12_11365/final_results.json",
        "statistics": "crData/Gestión_del_Cambio_3738/Gestión_del_Cambio_52-12_11365/statistics_results.json"
      },
      "processing_time": 4.811204195022583,
      "total_crossref": 19577,
      "crossref_percentage": 0.0
    }
  },
  "total_duplicates": 0,
  "monthly_files": {
    "52-01": {
      "base_folder": "crData/Gestión_del_Cambio_3738/Gestión_del_Cambio_52-01_10519",
      "term_results_folder": "crData/Gestión_del_Cambio_3738/Gestión_del_Cambio_52-01_10519/term_results",
      "merged": "crData/Gestión_del_Cambio_3738/Gestión_del_Cambio_52-01_10519/merged_results.json",
      "filtered": "crData/Gestión_del_Cambio_3738/Gestión_del_Cambio_52-01_10519/filtered_results.json",
      "final": "crData/Gestión_del_Cambio_3738/Gestión_del_Cambio_52-01_10519/final_results.json",
      "statistics": "crData/Gestión_del_Cambio_3738/Gestión_del_Cambio_52-01_10519/statistics_results.json"
    },
    "52-02": {
      "base_folder": "crData/Gestión_del_Cambio_3738/Gestión_del_Cambio_52-02_10554",
      "term_results_folder": "crData/Gestión_del_Cambio_3738/Gestión_del_Cambio_52-02_10554/term_results",
      "merged": "crData/Gestión_del_Cambio_3738/Gestión_del_Cambio_52-02_10554/merged_results.json",
      "filtered": "crData/Gestión_del_Cambio_3738/Gestión_del_Cambio_52-02_10554/filtered_results.json",
      "final": "crData/Gestión_del_Cambio_3738/Gestión_del_Cambio_52-02_10554/final_results.json",
      "statistics": "crData/Gestión_del_Cambio_3738/Gestión_del_Cambio_52-02_10554/statistics_results.json"
    },
    "52-03": {
      "base_folder": "crData/Gestión_del_Cambio_3738/Gestión_del_Cambio_52-03_10594",
      "term_results_folder": "crData/Gestión_del_Cambio_3738/Gestión_del_Cambio_52-03_10594/term_results",
      "merged": "crData/Gestión_del_Cambio_3738/Gestión_del_Cambio_52-03_10594/merged_results.json",
      "filtered": "crData/Gestión_del_Cambio_3738/Gestión_del_Cambio_52-03_10594/filtered_results.json",
      "final": "crData/Gestión_del_Cambio_3738/Gestión_del_Cambio_52-03_10594/final_results.json",
      "statistics": "crData/Gestión_del_Cambio_3738/Gestión_del_Cambio_52-03_10594/statistics_results.json"
    },
    "52-04": {
      "base_folder": "crData/Gestión_del_Cambio_3738/Gestión_del_Cambio_52-04_11051",
      "term_results_folder": "crData/Gestión_del_Cambio_3738/Gestión_del_Cambio_52-04_11051/term_results",
      "merged": "crData/Gestión_del_Cambio_3738/Gestión_del_Cambio_52-04_11051/merged_results.json",
      "filtered": "crData/Gestión_del_Cambio_3738/Gestión_del_Cambio_52-04_11051/filtered_results.json",
      "final": "crData/Gestión_del_Cambio_3738/Gestión_del_Cambio_52-04_11051/final_results.json",
      "statistics": "crData/Gestión_del_Cambio_3738/Gestión_del_Cambio_52-04_11051/statistics_results.json"
    },
    "52-05": {
      "base_folder": "crData/Gestión_del_Cambio_3738/Gestión_del_Cambio_52-05_11092",
      "term_results_folder": "crData/Gestión_del_Cambio_3738/Gestión_del_Cambio_52-05_11092/term_results",
      "merged": "crData/Gestión_del_Cambio_3738/Gestión_del_Cambio_52-05_11092/merged_results.json",
      "filtered": "crData/Gestión_del_Cambio_3738/Gestión_del_Cambio_52-05_11092/filtered_results.json",
      "final": "crData/Gestión_del_Cambio_3738/Gestión_del_Cambio_52-05_11092/final_results.json",
      "statistics": "crData/Gestión_del_Cambio_3738/Gestión_del_Cambio_52-05_11092/statistics_results.json"
    },
    "52-06": {
      "base_folder": "crData/Gestión_del_Cambio_3738/Gestión_del_Cambio_52-06_11123",
      "term_results_folder": "crData/Gestión_del_Cambio_3738/Gestión_del_Cambio_52-06_11123/term_results",
      "merged": "crData/Gestión_del_Cambio_3738/Gestión_del_Cambio_52-06_11123/merged_results.json",
      "filtered": "crData/Gestión_del_Cambio_3738/Gestión_del_Cambio_52-06_11123/filtered_results.json",
      "final": "crData/Gestión_del_Cambio_3738/Gestión_del_Cambio_52-06_11123/final_results.json",
      "statistics": "crData/Gestión_del_Cambio_3738/Gestión_del_Cambio_52-06_11123/statistics_results.json"
    },
    "52-07": {
      "base_folder": "crData/Gestión_del_Cambio_3738/Gestión_del_Cambio_52-07_11152",
      "term_results_folder": "crData/Gestión_del_Cambio_3738/Gestión_del_Cambio_52-07_11152/term_results",
      "merged": "crData/Gestión_del_Cambio_3738/Gestión_del_Cambio_52-07_11152/merged_results.json",
      "filtered": "crData/Gestión_del_Cambio_3738/Gestión_del_Cambio_52-07_11152/filtered_results.json",
      "final": "crData/Gestión_del_Cambio_3738/Gestión_del_Cambio_52-07_11152/final_results.json",
      "statistics": "crData/Gestión_del_Cambio_3738/Gestión_del_Cambio_52-07_11152/statistics_results.json"
    },
    "52-08": {
      "base_folder": "crData/Gestión_del_Cambio_3738/Gestión_del_Cambio_52-08_11194",
      "term_results_folder": "crData/Gestión_del_Cambio_3738/Gestión_del_Cambio_52-08_11194/term_results",
      "merged": "crData/Gestión_del_Cambio_3738/Gestión_del_Cambio_52-08_11194/merged_results.json",
      "filtered": "crData/Gestión_del_Cambio_3738/Gestión_del_Cambio_52-08_11194/filtered_results.json",
      "final": "crData/Gestión_del_Cambio_3738/Gestión_del_Cambio_52-08_11194/final_results.json",
      "statistics": "crData/Gestión_del_Cambio_3738/Gestión_del_Cambio_52-08_11194/statistics_results.json"
    },
    "52-09": {
      "base_folder": "crData/Gestión_del_Cambio_3738/Gestión_del_Cambio_52-09_11232",
      "term_results_folder": "crData/Gestión_del_Cambio_3738/Gestión_del_Cambio_52-09_11232/term_results",
      "merged": "crData/Gestión_del_Cambio_3738/Gestión_del_Cambio_52-09_11232/merged_results.json",
      "filtered": "crData/Gestión_del_Cambio_3738/Gestión_del_Cambio_52-09_11232/filtered_results.json",
      "final": "crData/Gestión_del_Cambio_3738/Gestión_del_Cambio_52-09_11232/final_results.json",
      "statistics": "crData/Gestión_del_Cambio_3738/Gestión_del_Cambio_52-09_11232/statistics_results.json"
    },
    "52-10": {
      "base_folder": "crData/Gestión_del_Cambio_3738/Gestión_del_Cambio_52-10_11276",
      "term_results_folder": "crData/Gestión_del_Cambio_3738/Gestión_del_Cambio_52-10_11276/term_results",
      "merged": "crData/Gestión_del_Cambio_3738/Gestión_del_Cambio_52-10_11276/merged_results.json",
      "filtered": "crData/Gestión_del_Cambio_3738/Gestión_del_Cambio_52-10_11276/filtered_results.json",
      "final": "crData/Gestión_del_Cambio_3738/Gestión_del_Cambio_52-10_11276/final_results.json",
      "statistics": "crData/Gestión_del_Cambio_3738/Gestión_del_Cambio_52-10_11276/statistics_results.json"
    },
    "52-11": {
      "base_folder": "crData/Gestión_del_Cambio_3738/Gestión_del_Cambio_52-11_11332",
      "term_results_folder": "crData/Gestión_del_Cambio_3738/Gestión_del_Cambio_52-11_11332/term_results",
      "merged": "crData/Gestión_del_Cambio_3738/Gestión_del_Cambio_52-11_11332/merged_results.json",
      "filtered": "crData/Gestión_del_Cambio_3738/Gestión_del_Cambio_52-11_11332/filtered_results.json",
      "final": "crData/Gestión_del_Cambio_3738/Gestión_del_Cambio_52-11_11332/final_results.json",
      "statistics": "crData/Gestión_del_Cambio_3738/Gestión_del_Cambio_52-11_11332/statistics_results.json"
    },
    "52-12": {
      "base_folder": "crData/Gestión_del_Cambio_3738/Gestión_del_Cambio_52-12_11365",
      "term_results_folder": "crData/Gestión_del_Cambio_3738/Gestión_del_Cambio_52-12_11365/term_results",
      "merged": "crData/Gestión_del_Cambio_3738/Gestión_del_Cambio_52-12_11365/merged_results.json",
      "filtered": "crData/Gestión_del_Cambio_3738/Gestión_del_Cambio_52-12_11365/filtered_results.json",
      "final": "crData/Gestión_del_Cambio_3738/Gestión_del_Cambio_52-12_11365/final_results.json",
      "statistics": "crData/Gestión_del_Cambio_3738/Gestión_del_Cambio_52-12_11365/statistics_results.json"
    }
  }
}