{
  "tool_name": "Gestión del Cambio",
  "year": "2004",
  "monthly_stats": {
    "04-01": {
      "tool_name": "Gestión del Cambio",
      "batch_id": "35525",
      "date": "04-01",
      "initial_count": 19317,
      "filtered_count": 74,
      "final_count": 37,
      "duplicate_count": 0,
      "terms": {
        "Change": 3249,
        "Management": 16129
      },
      "file_paths": {
        "base_folder": "crData/Gestión_del_Cambio_3738/Gestión_del_Cambio_04-01_35525",
        "term_results_folder": "crData/Gestión_del_Cambio_3738/Gestión_del_Cambio_04-01_35525/term_results",
        "merged": "crData/Gestión_del_Cambio_3738/Gestión_del_Cambio_04-01_35525/merged_results.json",
        "filtered": "crData/Gestión_del_Cambio_3738/Gestión_del_Cambio_04-01_35525/filtered_results.json",
        "final": "crData/Gestión_del_Cambio_3738/Gestión_del_Cambio_04-01_35525/final_results.json",
        "statistics": "crData/Gestión_del_Cambio_3738/Gestión_del_Cambio_04-01_35525/statistics_results.json"
      },
      "processing_time": 62.29930591583252,
      "total_crossref": 632539,
      "crossref_percentage": 0.005849441694504212
    },
    "04-02": {
      "tool_name": "Gestión del Cambio",
      "batch_id": "36563",
      "date": "04-02",
      "initial_count": 2741,
      "filtered_count": 10,
      "final_count": 5,
      "duplicate_count": 0,
      "terms": {
        "Change": 564,
        "Management": 2189
      },
      "file_paths": {
        "base_folder": "crData/Gestión_del_Cambio_3738/Gestión_del_Cambio_04-02_36563",
        "term_results_folder": "crData/Gestión_del_Cambio_3738/Gestión_del_Cambio_04-02_36563/term_results",
        "merged": "crData/Gestión_del_Cambio_3738/Gestión_del_Cambio_04-02_36563/merged_results.json",
        "filtered": "crData/Gestión_del_Cambio_3738/Gestión_del_Cambio_04-02_36563/filtered_results.json",
        "final": "crData/Gestión_del_Cambio_3738/Gestión_del_Cambio_04-02_36563/final_results.json",
        "statistics": "crData/Gestión_del_Cambio_3738/Gestión_del_Cambio_04-02_36563/statistics_results.json"
      },
      "processing_time": 12.045368671417236,
      "total_crossref": 114053,
      "crossref_percentage": 0.004383926770887219
    },
    "04-03": {
      "tool_name": "Gestión del Cambio",
      "batch_id": "37099",
      "date": "04-03",
      "initial_count": 3936,
      "filtered_count": 12,
      "final_count": 6,
      "duplicate_count": 0,
      "terms": {
        "Change": 778,
        "Management": 3196
      },
      "file_paths": {
        "base_folder": "crData/Gestión_del_Cambio_3738/Gestión_del_Cambio_04-03_37099",
        "term_results_folder": "crData/Gestión_del_Cambio_3738/Gestión_del_Cambio_04-03_37099/term_results",
        "merged": "crData/Gestión_del_Cambio_3738/Gestión_del_Cambio_04-03_37099/merged_results.json",
        "filtered": "crData/Gestión_del_Cambio_3738/Gestión_del_Cambio_04-03_37099/filtered_results.json",
        "final": "crData/Gestión_del_Cambio_3738/Gestión_del_Cambio_04-03_37099/final_results.json",
        "statistics": "crData/Gestión_del_Cambio_3738/Gestión_del_Cambio_04-03_37099/statistics_results.json"
      },
      "processing_time": 16.02529287338257,
      "total_crossref": 153614,
      "crossref_percentage": 0.003905893994037002
    },
    "04-04": {
      "tool_name": "Gestión del Cambio",
      "batch_id": "37274",
      "date": "04-04",
      "initial_count": 3521,
      "filtered_count": 12,
      "final_count": 6,
      "duplicate_count": 0,
      "terms": {
        "Change": 827,
        "Management": 2717
      },
      "file_paths": {
        "base_folder": "crData/Gestión_del_Cambio_3738/Gestión_del_Cambio_04-04_37274",
        "term_results_folder": "crData/Gestión_del_Cambio_3738/Gestión_del_Cambio_04-04_37274/term_results",
        "merged": "crData/Gestión_del_Cambio_3738/Gestión_del_Cambio_04-04_37274/merged_results.json",
        "filtered": "crData/Gestión_del_Cambio_3738/Gestión_del_Cambio_04-04_37274/filtered_results.json",
        "final": "crData/Gestión_del_Cambio_3738/Gestión_del_Cambio_04-04_37274/final_results.json",
        "statistics": "crData/Gestión_del_Cambio_3738/Gestión_del_Cambio_04-04_37274/statistics_results.json"
      },
      "processing_time": 11.79857325553894,
      "total_crossref": 142149,
      "crossref_percentage": 0.004220923115885444
    },
    "04-05": {
      "tool_name": "Gestión del Cambio",
      "batch_id": "37407",
      "date": "04-05",
      "initial_count": 2759,
      "filtered_count": 2,
      "final_count": 1,
      "duplicate_count": 0,
      "terms": {
        "Change": 667,
        "Management": 2107
      },
      "file_paths": {
        "base_folder": "crData/Gestión_del_Cambio_3738/Gestión_del_Cambio_04-05_37407",
        "term_results_folder": "crData/Gestión_del_Cambio_3738/Gestión_del_Cambio_04-05_37407/term_results",
        "merged": "crData/Gestión_del_Cambio_3738/Gestión_del_Cambio_04-05_37407/merged_results.json",
        "filtered": "crData/Gestión_del_Cambio_3738/Gestión_del_Cambio_04-05_37407/filtered_results.json",
        "final": "crData/Gestión_del_Cambio_3738/Gestión_del_Cambio_04-05_37407/final_results.json",
        "statistics": "crData/Gestión_del_Cambio_3738/Gestión_del_Cambio_04-05_37407/statistics_results.json"
      },
      "processing_time": 12.891040802001953,
      "total_crossref": 137145,
      "crossref_percentage": 0.0007291552736155164
    },
    "04-06": {
      "tool_name": "Gestión del Cambio",
      "batch_id": "37551",
      "date": "04-06",
      "initial_count": 4450,
      "filtered_count": 10,
      "final_count": 5,
      "duplicate_count": 0,
      "terms": {
        "Change": 875,
        "Management": 3608
      },
      "file_paths": {
        "base_folder": "crData/Gestión_del_Cambio_3738/Gestión_del_Cambio_04-06_37551",
        "term_results_folder": "crData/Gestión_del_Cambio_3738/Gestión_del_Cambio_04-06_37551/term_results",
        "merged": "crData/Gestión_del_Cambio_3738/Gestión_del_Cambio_04-06_37551/merged_results.json",
        "filtered": "crData/Gestión_del_Cambio_3738/Gestión_del_Cambio_04-06_37551/filtered_results.json",
        "final": "crData/Gestión_del_Cambio_3738/Gestión_del_Cambio_04-06_37551/final_results.json",
        "statistics": "crData/Gestión_del_Cambio_3738/Gestión_del_Cambio_04-06_37551/statistics_results.json"
      },
      "processing_time": 19.422026872634888,
      "total_crossref": 161109,
      "crossref_percentage": 0.003103488942268899
    },
    "04-07": {
      "tool_name": "Gestión del Cambio",
      "batch_id": "38161",
      "date": "04-07",
      "initial_count": 3536,
      "filtered_count": 6,
      "final_count": 4,
      "duplicate_count": 0,
      "terms": {
        "Change": 851,
        "Management": 2709
      },
      "file_paths": {
        "base_folder": "crData/Gestión_del_Cambio_3738/Gestión_del_Cambio_04-07_38161",
        "term_results_folder": "crData/Gestión_del_Cambio_3738/Gestión_del_Cambio_04-07_38161/term_results",
        "merged": "crData/Gestión_del_Cambio_3738/Gestión_del_Cambio_04-07_38161/merged_results.json",
        "filtered": "crData/Gestión_del_Cambio_3738/Gestión_del_Cambio_04-07_38161/filtered_results.json",
        "final": "crData/Gestión_del_Cambio_3738/Gestión_del_Cambio_04-07_38161/final_results.json",
        "statistics": "crData/Gestión_del_Cambio_3738/Gestión_del_Cambio_04-07_38161/statistics_results.json"
      },
      "processing_time": 13.267956972122192,
      "total_crossref": 150528,
      "crossref_percentage": 0.002657312925170068
    },
    "04-08": {
      "tool_name": "Gestión del Cambio",
      "batch_id": "38309",
      "date": "04-08",
      "initial_count": 3343,
      "filtered_count": 6,
      "final_count": 3,
      "duplicate_count": 0,
      "terms": {
        "Change": 689,
        "Management": 2667
      },
      "file_paths": {
        "base_folder": "crData/Gestión_del_Cambio_3738/Gestión_del_Cambio_04-08_38309",
        "term_results_folder": "crData/Gestión_del_Cambio_3738/Gestión_del_Cambio_04-08_38309/term_results",
        "merged": "crData/Gestión_del_Cambio_3738/Gestión_del_Cambio_04-08_38309/merged_results.json",
        "filtered": "crData/Gestión_del_Cambio_3738/Gestión_del_Cambio_04-08_38309/filtered_results.json",
        "final": "crData/Gestión_del_Cambio_3738/Gestión_del_Cambio_04-08_38309/final_results.json",
        "statistics": "crData/Gestión_del_Cambio_3738/Gestión_del_Cambio_04-08_38309/statistics_results.json"
      },
      "processing_time": 13.173611879348755,
      "total_crossref": 128907,
      "crossref_percentage": 0.00232725918685564
    },
    "04-09": {
      "tool_name": "Gestión del Cambio",
      "batch_id": "38455",
      "date": "04-09",
      "initial_count": 3653,
      "filtered_count": 2,
      "final_count": 1,
      "duplicate_count": 0,
      "terms": {
        "Change": 833,
        "Management": 2853
      },
      "file_paths": {
        "base_folder": "crData/Gestión_del_Cambio_3738/Gestión_del_Cambio_04-09_38455",
        "term_results_folder": "crData/Gestión_del_Cambio_3738/Gestión_del_Cambio_04-09_38455/term_results",
        "merged": "crData/Gestión_del_Cambio_3738/Gestión_del_Cambio_04-09_38455/merged_results.json",
        "filtered": "crData/Gestión_del_Cambio_3738/Gestión_del_Cambio_04-09_38455/filtered_results.json",
        "final": "crData/Gestión_del_Cambio_3738/Gestión_del_Cambio_04-09_38455/final_results.json",
        "statistics": "crData/Gestión_del_Cambio_3738/Gestión_del_Cambio_04-09_38455/statistics_results.json"
      },
      "processing_time": 12.387343168258667,
      "total_crossref": 171098,
      "crossref_percentage": 0.0005844603677424634
    },
    "04-10": {
      "tool_name": "Gestión del Cambio",
      "batch_id": "38594",
      "date": "04-10",
      "initial_count": 3590,
      "filtered_count": 6,
      "final_count": 3,
      "duplicate_count": 0,
      "terms": {
        "Change": 755,
        "Management": 2856
      },
      "file_paths": {
        "base_folder": "crData/Gestión_del_Cambio_3738/Gestión_del_Cambio_04-10_38594",
        "term_results_folder": "crData/Gestión_del_Cambio_3738/Gestión_del_Cambio_04-10_38594/term_results",
        "merged": "crData/Gestión_del_Cambio_3738/Gestión_del_Cambio_04-10_38594/merged_results.json",
        "filtered": "crData/Gestión_del_Cambio_3738/Gestión_del_Cambio_04-10_38594/filtered_results.json",
        "final": "crData/Gestión_del_Cambio_3738/Gestión_del_Cambio_04-10_38594/final_results.json",
        "statistics": "crData/Gestión_del_Cambio_3738/Gestión_del_Cambio_04-10_38594/statistics_results.json"
      },
      "processing_time": 13.537662267684937,
      "total_crossref": 168982,
      "crossref_percentage": 0.0017753370181439443
    },
    "04-11": {
      "tool_name": "Gestión del Cambio",
      "batch_id": "39145",
      "date": "04-11",
      "initial_count": 3085,
      "filtered_count": 2,
      "final_count": 1,
      "duplicate_count": 0,
      "terms": {
        "Change": 710,
        "Management": 2393
      },
      "file_paths": {
        "base_folder": "crData/Gestión_del_Cambio_3738/Gestión_del_Cambio_04-11_39145",
        "term_results_folder": "crData/Gestión_del_Cambio_3738/Gestión_del_Cambio_04-11_39145/term_results",
        "merged": "crData/Gestión_del_Cambio_3738/Gestión_del_Cambio_04-11_39145/merged_results.json",
        "filtered": "crData/Gestión_del_Cambio_3738/Gestión_del_Cambio_04-11_39145/filtered_results.json",
        "final": "crData/Gestión_del_Cambio_3738/Gestión_del_Cambio_04-11_39145/final_results.json",
        "statistics": "crData/Gestión_del_Cambio_3738/Gestión_del_Cambio_04-11_39145/statistics_results.json"
      },
      "processing_time": 11.33810305595398,
      "total_crossref": 131204,
      "crossref_percentage": 0.000762171885003506
    },
    "04-12": {
      "tool_name": "Gestión del Cambio",
      "batch_id": "39273",
      "date": "04-12",
      "initial_count": 4854,
      "filtered_count": 8,
      "final_count": 4,
      "duplicate_count": 0,
      "terms": {
        "Change": 977,
        "Management": 3906
      },
      "file_paths": {
        "base_folder": "crData/Gestión_del_Cambio_3738/Gestión_del_Cambio_04-12_39273",
        "term_results_folder": "crData/Gestión_del_Cambio_3738/Gestión_del_Cambio_04-12_39273/term_results",
        "merged": "crData/Gestión_del_Cambio_3738/Gestión_del_Cambio_04-12_39273/merged_results.json",
        "filtered": "crData/Gestión_del_Cambio_3738/Gestión_del_Cambio_04-12_39273/filtered_results.json",
        "final": "crData/Gestión_del_Cambio_3738/Gestión_del_Cambio_04-12_39273/final_results.json",
        "statistics": "crData/Gestión_del_Cambio_3738/Gestión_del_Cambio_04-12_39273/statistics_results.json"
      },
      "processing_time": 17.494051218032837,
      "total_crossref": 184019,
      "crossref_percentage": 0.0021736885865046543
    }
  },
  "total_duplicates": 0,
  "monthly_files": {
    "04-01": {
      "base_folder": "crData/Gestión_del_Cambio_3738/Gestión_del_Cambio_04-01_35525",
      "term_results_folder": "crData/Gestión_del_Cambio_3738/Gestión_del_Cambio_04-01_35525/term_results",
      "merged": "crData/Gestión_del_Cambio_3738/Gestión_del_Cambio_04-01_35525/merged_results.json",
      "filtered": "crData/Gestión_del_Cambio_3738/Gestión_del_Cambio_04-01_35525/filtered_results.json",
      "final": "crData/Gestión_del_Cambio_3738/Gestión_del_Cambio_04-01_35525/final_results.json",
      "statistics": "crData/Gestión_del_Cambio_3738/Gestión_del_Cambio_04-01_35525/statistics_results.json"
    },
    "04-02": {
      "base_folder": "crData/Gestión_del_Cambio_3738/Gestión_del_Cambio_04-02_36563",
      "term_results_folder": "crData/Gestión_del_Cambio_3738/Gestión_del_Cambio_04-02_36563/term_results",
      "merged": "crData/Gestión_del_Cambio_3738/Gestión_del_Cambio_04-02_36563/merged_results.json",
      "filtered": "crData/Gestión_del_Cambio_3738/Gestión_del_Cambio_04-02_36563/filtered_results.json",
      "final": "crData/Gestión_del_Cambio_3738/Gestión_del_Cambio_04-02_36563/final_results.json",
      "statistics": "crData/Gestión_del_Cambio_3738/Gestión_del_Cambio_04-02_36563/statistics_results.json"
    },
    "04-03": {
      "base_folder": "crData/Gestión_del_Cambio_3738/Gestión_del_Cambio_04-03_37099",
      "term_results_folder": "crData/Gestión_del_Cambio_3738/Gestión_del_Cambio_04-03_37099/term_results",
      "merged": "crData/Gestión_del_Cambio_3738/Gestión_del_Cambio_04-03_37099/merged_results.json",
      "filtered": "crData/Gestión_del_Cambio_3738/Gestión_del_Cambio_04-03_37099/filtered_results.json",
      "final": "crData/Gestión_del_Cambio_3738/Gestión_del_Cambio_04-03_37099/final_results.json",
      "statistics": "crData/Gestión_del_Cambio_3738/Gestión_del_Cambio_04-03_37099/statistics_results.json"
    },
    "04-04": {
      "base_folder": "crData/Gestión_del_Cambio_3738/Gestión_del_Cambio_04-04_37274",
      "term_results_folder": "crData/Gestión_del_Cambio_3738/Gestión_del_Cambio_04-04_37274/term_results",
      "merged": "crData/Gestión_del_Cambio_3738/Gestión_del_Cambio_04-04_37274/merged_results.json",
      "filtered": "crData/Gestión_del_Cambio_3738/Gestión_del_Cambio_04-04_37274/filtered_results.json",
      "final": "crData/Gestión_del_Cambio_3738/Gestión_del_Cambio_04-04_37274/final_results.json",
      "statistics": "crData/Gestión_del_Cambio_3738/Gestión_del_Cambio_04-04_37274/statistics_results.json"
    },
    "04-05": {
      "base_folder": "crData/Gestión_del_Cambio_3738/Gestión_del_Cambio_04-05_37407",
      "term_results_folder": "crData/Gestión_del_Cambio_3738/Gestión_del_Cambio_04-05_37407/term_results",
      "merged": "crData/Gestión_del_Cambio_3738/Gestión_del_Cambio_04-05_37407/merged_results.json",
      "filtered": "crData/Gestión_del_Cambio_3738/Gestión_del_Cambio_04-05_37407/filtered_results.json",
      "final": "crData/Gestión_del_Cambio_3738/Gestión_del_Cambio_04-05_37407/final_results.json",
      "statistics": "crData/Gestión_del_Cambio_3738/Gestión_del_Cambio_04-05_37407/statistics_results.json"
    },
    "04-06": {
      "base_folder": "crData/Gestión_del_Cambio_3738/Gestión_del_Cambio_04-06_37551",
      "term_results_folder": "crData/Gestión_del_Cambio_3738/Gestión_del_Cambio_04-06_37551/term_results",
      "merged": "crData/Gestión_del_Cambio_3738/Gestión_del_Cambio_04-06_37551/merged_results.json",
      "filtered": "crData/Gestión_del_Cambio_3738/Gestión_del_Cambio_04-06_37551/filtered_results.json",
      "final": "crData/Gestión_del_Cambio_3738/Gestión_del_Cambio_04-06_37551/final_results.json",
      "statistics": "crData/Gestión_del_Cambio_3738/Gestión_del_Cambio_04-06_37551/statistics_results.json"
    },
    "04-07": {
      "base_folder": "crData/Gestión_del_Cambio_3738/Gestión_del_Cambio_04-07_38161",
      "term_results_folder": "crData/Gestión_del_Cambio_3738/Gestión_del_Cambio_04-07_38161/term_results",
      "merged": "crData/Gestión_del_Cambio_3738/Gestión_del_Cambio_04-07_38161/merged_results.json",
      "filtered": "crData/Gestión_del_Cambio_3738/Gestión_del_Cambio_04-07_38161/filtered_results.json",
      "final": "crData/Gestión_del_Cambio_3738/Gestión_del_Cambio_04-07_38161/final_results.json",
      "statistics": "crData/Gestión_del_Cambio_3738/Gestión_del_Cambio_04-07_38161/statistics_results.json"
    },
    "04-08": {
      "base_folder": "crData/Gestión_del_Cambio_3738/Gestión_del_Cambio_04-08_38309",
      "term_results_folder": "crData/Gestión_del_Cambio_3738/Gestión_del_Cambio_04-08_38309/term_results",
      "merged": "crData/Gestión_del_Cambio_3738/Gestión_del_Cambio_04-08_38309/merged_results.json",
      "filtered": "crData/Gestión_del_Cambio_3738/Gestión_del_Cambio_04-08_38309/filtered_results.json",
      "final": "crData/Gestión_del_Cambio_3738/Gestión_del_Cambio_04-08_38309/final_results.json",
      "statistics": "crData/Gestión_del_Cambio_3738/Gestión_del_Cambio_04-08_38309/statistics_results.json"
    },
    "04-09": {
      "base_folder": "crData/Gestión_del_Cambio_3738/Gestión_del_Cambio_04-09_38455",
      "term_results_folder": "crData/Gestión_del_Cambio_3738/Gestión_del_Cambio_04-09_38455/term_results",
      "merged": "crData/Gestión_del_Cambio_3738/Gestión_del_Cambio_04-09_38455/merged_results.json",
      "filtered": "crData/Gestión_del_Cambio_3738/Gestión_del_Cambio_04-09_38455/filtered_results.json",
      "final": "crData/Gestión_del_Cambio_3738/Gestión_del_Cambio_04-09_38455/final_results.json",
      "statistics": "crData/Gestión_del_Cambio_3738/Gestión_del_Cambio_04-09_38455/statistics_results.json"
    },
    "04-10": {
      "base_folder": "crData/Gestión_del_Cambio_3738/Gestión_del_Cambio_04-10_38594",
      "term_results_folder": "crData/Gestión_del_Cambio_3738/Gestión_del_Cambio_04-10_38594/term_results",
      "merged": "crData/Gestión_del_Cambio_3738/Gestión_del_Cambio_04-10_38594/merged_results.json",
      "filtered": "crData/Gestión_del_Cambio_3738/Gestión_del_Cambio_04-10_38594/filtered_results.json",
      "final": "crData/Gestión_del_Cambio_3738/Gestión_del_Cambio_04-10_38594/final_results.json",
      "statistics": "crData/Gestión_del_Cambio_3738/Gestión_del_Cambio_04-10_38594/statistics_results.json"
    },
    "04-11": {
      "base_folder": "crData/Gestión_del_Cambio_3738/Gestión_del_Cambio_04-11_39145",
      "term_results_folder": "crData/Gestión_del_Cambio_3738/Gestión_del_Cambio_04-11_39145/term_results",
      "merged": "crData/Gestión_del_Cambio_3738/Gestión_del_Cambio_04-11_39145/merged_results.json",
      "filtered": "crData/Gestión_del_Cambio_3738/Gestión_del_Cambio_04-11_39145/filtered_results.json",
      "final": "crData/Gestión_del_Cambio_3738/Gestión_del_Cambio_04-11_39145/final_results.json",
      "statistics": "crData/Gestión_del_Cambio_3738/Gestión_del_Cambio_04-11_39145/statistics_results.json"
    },
    "04-12": {
      "base_folder": "crData/Gestión_del_Cambio_3738/Gestión_del_Cambio_04-12_39273",
      "term_results_folder": "crData/Gestión_del_Cambio_3738/Gestión_del_Cambio_04-12_39273/term_results",
      "merged": "crData/Gestión_del_Cambio_3738/Gestión_del_Cambio_04-12_39273/merged_results.json",
      "filtered": "crData/Gestión_del_Cambio_3738/Gestión_del_Cambio_04-12_39273/filtered_results.json",
      "final": "crData/Gestión_del_Cambio_3738/Gestión_del_Cambio_04-12_39273/final_results.json",
      "statistics": "crData/Gestión_del_Cambio_3738/Gestión_del_Cambio_04-12_39273/statistics_results.json"
    }
  }
}