{
  "tool_name": "Gestión del Cambio",
  "year": "1964",
  "monthly_stats": {
    "64-01": {
      "tool_name": "Gestión del Cambio",
      "batch_id": "22377",
      "date": "64-01",
      "initial_count": 464,
      "filtered_count": 0,
      "final_count": 0,
      "duplicate_count": 0,
      "terms": {
        "Change": 210,
        "Management": 256
      },
      "file_paths": {
        "base_folder": "crData/Gestión_del_Cambio_3738/Gestión_del_Cambio_64-01_22377",
        "term_results_folder": "crData/Gestión_del_Cambio_3738/Gestión_del_Cambio_64-01_22377/term_results",
        "merged": "crData/Gestión_del_Cambio_3738/Gestión_del_Cambio_64-01_22377/merged_results.json",
        "filtered": "crData/Gestión_del_Cambio_3738/Gestión_del_Cambio_64-01_22377/filtered_results.json",
        "final": "crData/Gestión_del_Cambio_3738/Gestión_del_Cambio_64-01_22377/final_results.json",
        "statistics": "crData/Gestión_del_Cambio_3738/Gestión_del_Cambio_64-01_22377/statistics_results.json"
      },
      "processing_time": 2.4807300567626953,
      "total_crossref": 109477,
      "crossref_percentage": 0.0
    },
    "64-02": {
      "tool_name": "Gestión del Cambio",
      "batch_id": "22417",
      "date": "64-02",
      "initial_count": 117,
      "filtered_count": 0,
      "final_count": 0,
      "duplicate_count": 0,
      "terms": {
        "Change": 38,
        "Management": 80
      },
      "file_paths": {
        "base_folder": "crData/Gestión_del_Cambio_3738/Gestión_del_Cambio_64-02_22417",
        "term_results_folder": "crData/Gestión_del_Cambio_3738/Gestión_del_Cambio_64-02_22417/term_results",
        "merged": "crData/Gestión_del_Cambio_3738/Gestión_del_Cambio_64-02_22417/merged_results.json",
        "filtered": "crData/Gestión_del_Cambio_3738/Gestión_del_Cambio_64-02_22417/filtered_results.json",
        "final": "crData/Gestión_del_Cambio_3738/Gestión_del_Cambio_64-02_22417/final_results.json",
        "statistics": "crData/Gestión_del_Cambio_3738/Gestión_del_Cambio_64-02_22417/statistics_results.json"
      },
      "processing_time": 3.811182737350464,
      "total_crossref": 17468,
      "crossref_percentage": 0.0
    },
    "64-03": {
      "tool_name": "Gestión del Cambio",
      "batch_id": "22470",
      "date": "64-03",
      "initial_count": 202,
      "filtered_count": 0,
      "final_count": 0,
      "duplicate_count": 0,
      "terms": {
        "Change": 58,
        "Management": 147
      },
      "file_paths": {
        "base_folder": "crData/Gestión_del_Cambio_3738/Gestión_del_Cambio_64-03_22470",
        "term_results_folder": "crData/Gestión_del_Cambio_3738/Gestión_del_Cambio_64-03_22470/term_results",
        "merged": "crData/Gestión_del_Cambio_3738/Gestión_del_Cambio_64-03_22470/merged_results.json",
        "filtered": "crData/Gestión_del_Cambio_3738/Gestión_del_Cambio_64-03_22470/filtered_results.json",
        "final": "crData/Gestión_del_Cambio_3738/Gestión_del_Cambio_64-03_22470/final_results.json",
        "statistics": "crData/Gestión_del_Cambio_3738/Gestión_del_Cambio_64-03_22470/statistics_results.json"
      },
      "processing_time": 3.522423028945923,
      "total_crossref": 22693,
      "crossref_percentage": 0.0
    },
    "64-04": {
      "tool_name": "Gestión del Cambio",
      "batch_id": "22520",
      "date": "64-04",
      "initial_count": 200,
      "filtered_count": 0,
      "final_count": 0,
      "duplicate_count": 0,
      "terms": {
        "Change": 64,
        "Management": 138
      },
      "file_paths": {
        "base_folder": "crData/Gestión_del_Cambio_3738/Gestión_del_Cambio_64-04_22520",
        "term_results_folder": "crData/Gestión_del_Cambio_3738/Gestión_del_Cambio_64-04_22520/term_results",
        "merged": "crData/Gestión_del_Cambio_3738/Gestión_del_Cambio_64-04_22520/merged_results.json",
        "filtered": "crData/Gestión_del_Cambio_3738/Gestión_del_Cambio_64-04_22520/filtered_results.json",
        "final": "crData/Gestión_del_Cambio_3738/Gestión_del_Cambio_64-04_22520/final_results.json",
        "statistics": "crData/Gestión_del_Cambio_3738/Gestión_del_Cambio_64-04_22520/statistics_results.json"
      },
      "processing_time": 2.371243953704834,
      "total_crossref": 20245,
      "crossref_percentage": 0.0
    },
    "64-05": {
      "tool_name": "Gestión del Cambio",
      "batch_id": "22559",
      "date": "64-05",
      "initial_count": 151,
      "filtered_count": 0,
      "final_count": 0,
      "duplicate_count": 0,
      "terms": {
        "Change": 37,
        "Management": 115
      },
      "file_paths": {
        "base_folder": "crData/Gestión_del_Cambio_3738/Gestión_del_Cambio_64-05_22559",
        "term_results_folder": "crData/Gestión_del_Cambio_3738/Gestión_del_Cambio_64-05_22559/term_results",
        "merged": "crData/Gestión_del_Cambio_3738/Gestión_del_Cambio_64-05_22559/merged_results.json",
        "filtered": "crData/Gestión_del_Cambio_3738/Gestión_del_Cambio_64-05_22559/filtered_results.json",
        "final": "crData/Gestión_del_Cambio_3738/Gestión_del_Cambio_64-05_22559/final_results.json",
        "statistics": "crData/Gestión_del_Cambio_3738/Gestión_del_Cambio_64-05_22559/statistics_results.json"
      },
      "processing_time": 2.1318070888519287,
      "total_crossref": 18614,
      "crossref_percentage": 0.0
    },
    "64-06": {
      "tool_name": "Gestión del Cambio",
      "batch_id": "22595",
      "date": "64-06",
      "initial_count": 180,
      "filtered_count": 0,
      "final_count": 0,
      "duplicate_count": 0,
      "terms": {
        "Change": 62,
        "Management": 119
      },
      "file_paths": {
        "base_folder": "crData/Gestión_del_Cambio_3738/Gestión_del_Cambio_64-06_22595",
        "term_results_folder": "crData/Gestión_del_Cambio_3738/Gestión_del_Cambio_64-06_22595/term_results",
        "merged": "crData/Gestión_del_Cambio_3738/Gestión_del_Cambio_64-06_22595/merged_results.json",
        "filtered": "crData/Gestión_del_Cambio_3738/Gestión_del_Cambio_64-06_22595/filtered_results.json",
        "final": "crData/Gestión_del_Cambio_3738/Gestión_del_Cambio_64-06_22595/final_results.json",
        "statistics": "crData/Gestión_del_Cambio_3738/Gestión_del_Cambio_64-06_22595/statistics_results.json"
      },
      "processing_time": 3.2774200439453125,
      "total_crossref": 21216,
      "crossref_percentage": 0.0
    },
    "64-07": {
      "tool_name": "Gestión del Cambio",
      "batch_id": "23043",
      "date": "64-07",
      "initial_count": 223,
      "filtered_count": 0,
      "final_count": 0,
      "duplicate_count": 0,
      "terms": {
        "Change": 59,
        "Management": 166
      },
      "file_paths": {
        "base_folder": "crData/Gestión_del_Cambio_3738/Gestión_del_Cambio_64-07_23043",
        "term_results_folder": "crData/Gestión_del_Cambio_3738/Gestión_del_Cambio_64-07_23043/term_results",
        "merged": "crData/Gestión_del_Cambio_3738/Gestión_del_Cambio_64-07_23043/merged_results.json",
        "filtered": "crData/Gestión_del_Cambio_3738/Gestión_del_Cambio_64-07_23043/filtered_results.json",
        "final": "crData/Gestión_del_Cambio_3738/Gestión_del_Cambio_64-07_23043/final_results.json",
        "statistics": "crData/Gestión_del_Cambio_3738/Gestión_del_Cambio_64-07_23043/statistics_results.json"
      },
      "processing_time": 3.9439640045166016,
      "total_crossref": 20076,
      "crossref_percentage": 0.0
    },
    "64-08": {
      "tool_name": "Gestión del Cambio",
      "batch_id": "23098",
      "date": "64-08",
      "initial_count": 96,
      "filtered_count": 0,
      "final_count": 0,
      "duplicate_count": 0,
      "terms": {
        "Change": 34,
        "Management": 62
      },
      "file_paths": {
        "base_folder": "crData/Gestión_del_Cambio_3738/Gestión_del_Cambio_64-08_23098",
        "term_results_folder": "crData/Gestión_del_Cambio_3738/Gestión_del_Cambio_64-08_23098/term_results",
        "merged": "crData/Gestión_del_Cambio_3738/Gestión_del_Cambio_64-08_23098/merged_results.json",
        "filtered": "crData/Gestión_del_Cambio_3738/Gestión_del_Cambio_64-08_23098/filtered_results.json",
        "final": "crData/Gestión_del_Cambio_3738/Gestión_del_Cambio_64-08_23098/final_results.json",
        "statistics": "crData/Gestión_del_Cambio_3738/Gestión_del_Cambio_64-08_23098/statistics_results.json"
      },
      "processing_time": 2.0632998943328857,
      "total_crossref": 15885,
      "crossref_percentage": 0.0
    },
    "64-09": {
      "tool_name": "Gestión del Cambio",
      "batch_id": "23134",
      "date": "64-09",
      "initial_count": 188,
      "filtered_count": 0,
      "final_count": 0,
      "duplicate_count": 0,
      "terms": {
        "Change": 39,
        "Management": 152
      },
      "file_paths": {
        "base_folder": "crData/Gestión_del_Cambio_3738/Gestión_del_Cambio_64-09_23134",
        "term_results_folder": "crData/Gestión_del_Cambio_3738/Gestión_del_Cambio_64-09_23134/term_results",
        "merged": "crData/Gestión_del_Cambio_3738/Gestión_del_Cambio_64-09_23134/merged_results.json",
        "filtered": "crData/Gestión_del_Cambio_3738/Gestión_del_Cambio_64-09_23134/filtered_results.json",
        "final": "crData/Gestión_del_Cambio_3738/Gestión_del_Cambio_64-09_23134/final_results.json",
        "statistics": "crData/Gestión_del_Cambio_3738/Gestión_del_Cambio_64-09_23134/statistics_results.json"
      },
      "processing_time": 3.4169039726257324,
      "total_crossref": 20443,
      "crossref_percentage": 0.0
    },
    "64-10": {
      "tool_name": "Gestión del Cambio",
      "batch_id": "23183",
      "date": "64-10",
      "initial_count": 213,
      "filtered_count": 0,
      "final_count": 0,
      "duplicate_count": 0,
      "terms": {
        "Change": 79,
        "Management": 137
      },
      "file_paths": {
        "base_folder": "crData/Gestión_del_Cambio_3738/Gestión_del_Cambio_64-10_23183",
        "term_results_folder": "crData/Gestión_del_Cambio_3738/Gestión_del_Cambio_64-10_23183/term_results",
        "merged": "crData/Gestión_del_Cambio_3738/Gestión_del_Cambio_64-10_23183/merged_results.json",
        "filtered": "crData/Gestión_del_Cambio_3738/Gestión_del_Cambio_64-10_23183/filtered_results.json",
        "final": "crData/Gestión_del_Cambio_3738/Gestión_del_Cambio_64-10_23183/final_results.json",
        "statistics": "crData/Gestión_del_Cambio_3738/Gestión_del_Cambio_64-10_23183/statistics_results.json"
      },
      "processing_time": 5.351707935333252,
      "total_crossref": 21106,
      "crossref_percentage": 0.0
    },
    "64-11": {
      "tool_name": "Gestión del Cambio",
      "batch_id": "23251",
      "date": "64-11",
      "initial_count": 175,
      "filtered_count": 0,
      "final_count": 0,
      "duplicate_count": 0,
      "terms": {
        "Change": 43,
        "Management": 133
      },
      "file_paths": {
        "base_folder": "crData/Gestión_del_Cambio_3738/Gestión_del_Cambio_64-11_23251",
        "term_results_folder": "crData/Gestión_del_Cambio_3738/Gestión_del_Cambio_64-11_23251/term_results",
        "merged": "crData/Gestión_del_Cambio_3738/Gestión_del_Cambio_64-11_23251/merged_results.json",
        "filtered": "crData/Gestión_del_Cambio_3738/Gestión_del_Cambio_64-11_23251/filtered_results.json",
        "final": "crData/Gestión_del_Cambio_3738/Gestión_del_Cambio_64-11_23251/final_results.json",
        "statistics": "crData/Gestión_del_Cambio_3738/Gestión_del_Cambio_64-11_23251/statistics_results.json"
      },
      "processing_time": 2.5443201065063477,
      "total_crossref": 18910,
      "crossref_percentage": 0.0
    },
    "64-12": {
      "tool_name": "Gestión del Cambio",
      "batch_id": "23292",
      "date": "64-12",
      "initial_count": 315,
      "filtered_count": 0,
      "final_count": 0,
      "duplicate_count": 0,
      "terms": {
        "Change": 126,
        "Management": 191
      },
      "file_paths": {
        "base_folder": "crData/Gestión_del_Cambio_3738/Gestión_del_Cambio_64-12_23292",
        "term_results_folder": "crData/Gestión_del_Cambio_3738/Gestión_del_Cambio_64-12_23292/term_results",
        "merged": "crData/Gestión_del_Cambio_3738/Gestión_del_Cambio_64-12_23292/merged_results.json",
        "filtered": "crData/Gestión_del_Cambio_3738/Gestión_del_Cambio_64-12_23292/filtered_results.json",
        "final": "crData/Gestión_del_Cambio_3738/Gestión_del_Cambio_64-12_23292/final_results.json",
        "statistics": "crData/Gestión_del_Cambio_3738/Gestión_del_Cambio_64-12_23292/statistics_results.json"
      },
      "processing_time": 2.2827141284942627,
      "total_crossref": 41754,
      "crossref_percentage": 0.0
    }
  },
  "total_duplicates": 0,
  "monthly_files": {
    "64-01": {
      "base_folder": "crData/Gestión_del_Cambio_3738/Gestión_del_Cambio_64-01_22377",
      "term_results_folder": "crData/Gestión_del_Cambio_3738/Gestión_del_Cambio_64-01_22377/term_results",
      "merged": "crData/Gestión_del_Cambio_3738/Gestión_del_Cambio_64-01_22377/merged_results.json",
      "filtered": "crData/Gestión_del_Cambio_3738/Gestión_del_Cambio_64-01_22377/filtered_results.json",
      "final": "crData/Gestión_del_Cambio_3738/Gestión_del_Cambio_64-01_22377/final_results.json",
      "statistics": "crData/Gestión_del_Cambio_3738/Gestión_del_Cambio_64-01_22377/statistics_results.json"
    },
    "64-02": {
      "base_folder": "crData/Gestión_del_Cambio_3738/Gestión_del_Cambio_64-02_22417",
      "term_results_folder": "crData/Gestión_del_Cambio_3738/Gestión_del_Cambio_64-02_22417/term_results",
      "merged": "crData/Gestión_del_Cambio_3738/Gestión_del_Cambio_64-02_22417/merged_results.json",
      "filtered": "crData/Gestión_del_Cambio_3738/Gestión_del_Cambio_64-02_22417/filtered_results.json",
      "final": "crData/Gestión_del_Cambio_3738/Gestión_del_Cambio_64-02_22417/final_results.json",
      "statistics": "crData/Gestión_del_Cambio_3738/Gestión_del_Cambio_64-02_22417/statistics_results.json"
    },
    "64-03": {
      "base_folder": "crData/Gestión_del_Cambio_3738/Gestión_del_Cambio_64-03_22470",
      "term_results_folder": "crData/Gestión_del_Cambio_3738/Gestión_del_Cambio_64-03_22470/term_results",
      "merged": "crData/Gestión_del_Cambio_3738/Gestión_del_Cambio_64-03_22470/merged_results.json",
      "filtered": "crData/Gestión_del_Cambio_3738/Gestión_del_Cambio_64-03_22470/filtered_results.json",
      "final": "crData/Gestión_del_Cambio_3738/Gestión_del_Cambio_64-03_22470/final_results.json",
      "statistics": "crData/Gestión_del_Cambio_3738/Gestión_del_Cambio_64-03_22470/statistics_results.json"
    },
    "64-04": {
      "base_folder": "crData/Gestión_del_Cambio_3738/Gestión_del_Cambio_64-04_22520",
      "term_results_folder": "crData/Gestión_del_Cambio_3738/Gestión_del_Cambio_64-04_22520/term_results",
      "merged": "crData/Gestión_del_Cambio_3738/Gestión_del_Cambio_64-04_22520/merged_results.json",
      "filtered": "crData/Gestión_del_Cambio_3738/Gestión_del_Cambio_64-04_22520/filtered_results.json",
      "final": "crData/Gestión_del_Cambio_3738/Gestión_del_Cambio_64-04_22520/final_results.json",
      "statistics": "crData/Gestión_del_Cambio_3738/Gestión_del_Cambio_64-04_22520/statistics_results.json"
    },
    "64-05": {
      "base_folder": "crData/Gestión_del_Cambio_3738/Gestión_del_Cambio_64-05_22559",
      "term_results_folder": "crData/Gestión_del_Cambio_3738/Gestión_del_Cambio_64-05_22559/term_results",
      "merged": "crData/Gestión_del_Cambio_3738/Gestión_del_Cambio_64-05_22559/merged_results.json",
      "filtered": "crData/Gestión_del_Cambio_3738/Gestión_del_Cambio_64-05_22559/filtered_results.json",
      "final": "crData/Gestión_del_Cambio_3738/Gestión_del_Cambio_64-05_22559/final_results.json",
      "statistics": "crData/Gestión_del_Cambio_3738/Gestión_del_Cambio_64-05_22559/statistics_results.json"
    },
    "64-06": {
      "base_folder": "crData/Gestión_del_Cambio_3738/Gestión_del_Cambio_64-06_22595",
      "term_results_folder": "crData/Gestión_del_Cambio_3738/Gestión_del_Cambio_64-06_22595/term_results",
      "merged": "crData/Gestión_del_Cambio_3738/Gestión_del_Cambio_64-06_22595/merged_results.json",
      "filtered": "crData/Gestión_del_Cambio_3738/Gestión_del_Cambio_64-06_22595/filtered_results.json",
      "final": "crData/Gestión_del_Cambio_3738/Gestión_del_Cambio_64-06_22595/final_results.json",
      "statistics": "crData/Gestión_del_Cambio_3738/Gestión_del_Cambio_64-06_22595/statistics_results.json"
    },
    "64-07": {
      "base_folder": "crData/Gestión_del_Cambio_3738/Gestión_del_Cambio_64-07_23043",
      "term_results_folder": "crData/Gestión_del_Cambio_3738/Gestión_del_Cambio_64-07_23043/term_results",
      "merged": "crData/Gestión_del_Cambio_3738/Gestión_del_Cambio_64-07_23043/merged_results.json",
      "filtered": "crData/Gestión_del_Cambio_3738/Gestión_del_Cambio_64-07_23043/filtered_results.json",
      "final": "crData/Gestión_del_Cambio_3738/Gestión_del_Cambio_64-07_23043/final_results.json",
      "statistics": "crData/Gestión_del_Cambio_3738/Gestión_del_Cambio_64-07_23043/statistics_results.json"
    },
    "64-08": {
      "base_folder": "crData/Gestión_del_Cambio_3738/Gestión_del_Cambio_64-08_23098",
      "term_results_folder": "crData/Gestión_del_Cambio_3738/Gestión_del_Cambio_64-08_23098/term_results",
      "merged": "crData/Gestión_del_Cambio_3738/Gestión_del_Cambio_64-08_23098/merged_results.json",
      "filtered": "crData/Gestión_del_Cambio_3738/Gestión_del_Cambio_64-08_23098/filtered_results.json",
      "final": "crData/Gestión_del_Cambio_3738/Gestión_del_Cambio_64-08_23098/final_results.json",
      "statistics": "crData/Gestión_del_Cambio_3738/Gestión_del_Cambio_64-08_23098/statistics_results.json"
    },
    "64-09": {
      "base_folder": "crData/Gestión_del_Cambio_3738/Gestión_del_Cambio_64-09_23134",
      "term_results_folder": "crData/Gestión_del_Cambio_3738/Gestión_del_Cambio_64-09_23134/term_results",
      "merged": "crData/Gestión_del_Cambio_3738/Gestión_del_Cambio_64-09_23134/merged_results.json",
      "filtered": "crData/Gestión_del_Cambio_3738/Gestión_del_Cambio_64-09_23134/filtered_results.json",
      "final": "crData/Gestión_del_Cambio_3738/Gestión_del_Cambio_64-09_23134/final_results.json",
      "statistics": "crData/Gestión_del_Cambio_3738/Gestión_del_Cambio_64-09_23134/statistics_results.json"
    },
    "64-10": {
      "base_folder": "crData/Gestión_del_Cambio_3738/Gestión_del_Cambio_64-10_23183",
      "term_results_folder": "crData/Gestión_del_Cambio_3738/Gestión_del_Cambio_64-10_23183/term_results",
      "merged": "crData/Gestión_del_Cambio_3738/Gestión_del_Cambio_64-10_23183/merged_results.json",
      "filtered": "crData/Gestión_del_Cambio_3738/Gestión_del_Cambio_64-10_23183/filtered_results.json",
      "final": "crData/Gestión_del_Cambio_3738/Gestión_del_Cambio_64-10_23183/final_results.json",
      "statistics": "crData/Gestión_del_Cambio_3738/Gestión_del_Cambio_64-10_23183/statistics_results.json"
    },
    "64-11": {
      "base_folder": "crData/Gestión_del_Cambio_3738/Gestión_del_Cambio_64-11_23251",
      "term_results_folder": "crData/Gestión_del_Cambio_3738/Gestión_del_Cambio_64-11_23251/term_results",
      "merged": "crData/Gestión_del_Cambio_3738/Gestión_del_Cambio_64-11_23251/merged_results.json",
      "filtered": "crData/Gestión_del_Cambio_3738/Gestión_del_Cambio_64-11_23251/filtered_results.json",
      "final": "crData/Gestión_del_Cambio_3738/Gestión_del_Cambio_64-11_23251/final_results.json",
      "statistics": "crData/Gestión_del_Cambio_3738/Gestión_del_Cambio_64-11_23251/statistics_results.json"
    },
    "64-12": {
      "base_folder": "crData/Gestión_del_Cambio_3738/Gestión_del_Cambio_64-12_23292",
      "term_results_folder": "crData/Gestión_del_Cambio_3738/Gestión_del_Cambio_64-12_23292/term_results",
      "merged": "crData/Gestión_del_Cambio_3738/Gestión_del_Cambio_64-12_23292/merged_results.json",
      "filtered": "crData/Gestión_del_Cambio_3738/Gestión_del_Cambio_64-12_23292/filtered_results.json",
      "final": "crData/Gestión_del_Cambio_3738/Gestión_del_Cambio_64-12_23292/final_results.json",
      "statistics": "crData/Gestión_del_Cambio_3738/Gestión_del_Cambio_64-12_23292/statistics_results.json"
    }
  }
}