{
  "tool_name": "Gestión de Costos",
  "year": "1996",
  "monthly_stats": {
    "96-01": {
      "tool_name": "Gestión de Costos",
      "batch_id": "29014",
      "date": "96-01",
      "initial_count": 10240,
      "filtered_count": 0,
      "final_count": 0,
      "duplicate_count": 0,
      "terms": {
        "Activity": 3793,
        "Based": 6460
      },
      "file_paths": {
        "base_folder": "crData/Gestión_de_Costos_6407/Gestión_de_Costos_96-01_29014",
        "term_results_folder": "crData/Gestión_de_Costos_6407/Gestión_de_Costos_96-01_29014/term_results",
        "merged": "crData/Gestión_de_Costos_6407/Gestión_de_Costos_96-01_29014/merged_results.json",
        "filtered": "crData/Gestión_de_Costos_6407/Gestión_de_Costos_96-01_29014/filtered_results.json",
        "final": "crData/Gestión_de_Costos_6407/Gestión_de_Costos_96-01_29014/final_results.json",
        "statistics": "crData/Gestión_de_Costos_6407/Gestión_de_Costos_96-01_29014/statistics_results.json"
      },
      "processing_time": 43.318556785583496,
      "total_crossref": 479680,
      "crossref_percentage": 0.0
    },
    "96-02": {
      "tool_name": "Gestión de Costos",
      "batch_id": "29462",
      "date": "96-02",
      "initial_count": 1614,
      "filtered_count": 0,
      "final_count": 0,
      "duplicate_count": 0,
      "terms": {
        "Activity": 743,
        "Based": 871
      },
      "file_paths": {
        "base_folder": "crData/Gestión_de_Costos_6407/Gestión_de_Costos_96-02_29462",
        "term_results_folder": "crData/Gestión_de_Costos_6407/Gestión_de_Costos_96-02_29462/term_results",
        "merged": "crData/Gestión_de_Costos_6407/Gestión_de_Costos_96-02_29462/merged_results.json",
        "filtered": "crData/Gestión_de_Costos_6407/Gestión_de_Costos_96-02_29462/filtered_results.json",
        "final": "crData/Gestión_de_Costos_6407/Gestión_de_Costos_96-02_29462/final_results.json",
        "statistics": "crData/Gestión_de_Costos_6407/Gestión_de_Costos_96-02_29462/statistics_results.json"
      },
      "processing_time": 9.512974977493286,
      "total_crossref": 75003,
      "crossref_percentage": 0.0
    },
    "96-03": {
      "tool_name": "Gestión de Costos",
      "batch_id": "29572",
      "date": "96-03",
      "initial_count": 2053,
      "filtered_count": 0,
      "final_count": 0,
      "duplicate_count": 0,
      "terms": {
        "Activity": 860,
        "Based": 1193
      },
      "file_paths": {
        "base_folder": "crData/Gestión_de_Costos_6407/Gestión_de_Costos_96-03_29572",
        "term_results_folder": "crData/Gestión_de_Costos_6407/Gestión_de_Costos_96-03_29572/term_results",
        "merged": "crData/Gestión_de_Costos_6407/Gestión_de_Costos_96-03_29572/merged_results.json",
        "filtered": "crData/Gestión_de_Costos_6407/Gestión_de_Costos_96-03_29572/filtered_results.json",
        "final": "crData/Gestión_de_Costos_6407/Gestión_de_Costos_96-03_29572/final_results.json",
        "statistics": "crData/Gestión_de_Costos_6407/Gestión_de_Costos_96-03_29572/statistics_results.json"
      },
      "processing_time": 16.742283821105957,
      "total_crossref": 97790,
      "crossref_percentage": 0.0
    },
    "96-04": {
      "tool_name": "Gestión de Costos",
      "batch_id": "30155",
      "date": "96-04",
      "initial_count": 1963,
      "filtered_count": 0,
      "final_count": 0,
      "duplicate_count": 0,
      "terms": {
        "Activity": 881,
        "Based": 1082
      },
      "file_paths": {
        "base_folder": "crData/Gestión_de_Costos_6407/Gestión_de_Costos_96-04_30155",
        "term_results_folder": "crData/Gestión_de_Costos_6407/Gestión_de_Costos_96-04_30155/term_results",
        "merged": "crData/Gestión_de_Costos_6407/Gestión_de_Costos_96-04_30155/merged_results.json",
        "filtered": "crData/Gestión_de_Costos_6407/Gestión_de_Costos_96-04_30155/filtered_results.json",
        "final": "crData/Gestión_de_Costos_6407/Gestión_de_Costos_96-04_30155/final_results.json",
        "statistics": "crData/Gestión_de_Costos_6407/Gestión_de_Costos_96-04_30155/statistics_results.json"
      },
      "processing_time": 11.369192838668823,
      "total_crossref": 93644,
      "crossref_percentage": 0.0
    },
    "96-05": {
      "tool_name": "Gestión de Costos",
      "batch_id": "30284",
      "date": "96-05",
      "initial_count": 1985,
      "filtered_count": 0,
      "final_count": 0,
      "duplicate_count": 0,
      "terms": {
        "Activity": 898,
        "Based": 1087
      },
      "file_paths": {
        "base_folder": "crData/Gestión_de_Costos_6407/Gestión_de_Costos_96-05_30284",
        "term_results_folder": "crData/Gestión_de_Costos_6407/Gestión_de_Costos_96-05_30284/term_results",
        "merged": "crData/Gestión_de_Costos_6407/Gestión_de_Costos_96-05_30284/merged_results.json",
        "filtered": "crData/Gestión_de_Costos_6407/Gestión_de_Costos_96-05_30284/filtered_results.json",
        "final": "crData/Gestión_de_Costos_6407/Gestión_de_Costos_96-05_30284/final_results.json",
        "statistics": "crData/Gestión_de_Costos_6407/Gestión_de_Costos_96-05_30284/statistics_results.json"
      },
      "processing_time": 15.546460151672363,
      "total_crossref": 84196,
      "crossref_percentage": 0.0
    },
    "96-06": {
      "tool_name": "Gestión de Costos",
      "batch_id": "30454",
      "date": "96-06",
      "initial_count": 2225,
      "filtered_count": 0,
      "final_count": 0,
      "duplicate_count": 0,
      "terms": {
        "Activity": 922,
        "Based": 1303
      },
      "file_paths": {
        "base_folder": "crData/Gestión_de_Costos_6407/Gestión_de_Costos_96-06_30454",
        "term_results_folder": "crData/Gestión_de_Costos_6407/Gestión_de_Costos_96-06_30454/term_results",
        "merged": "crData/Gestión_de_Costos_6407/Gestión_de_Costos_96-06_30454/merged_results.json",
        "filtered": "crData/Gestión_de_Costos_6407/Gestión_de_Costos_96-06_30454/filtered_results.json",
        "final": "crData/Gestión_de_Costos_6407/Gestión_de_Costos_96-06_30454/final_results.json",
        "statistics": "crData/Gestión_de_Costos_6407/Gestión_de_Costos_96-06_30454/statistics_results.json"
      },
      "processing_time": 14.41763186454773,
      "total_crossref": 97549,
      "crossref_percentage": 0.0
    },
    "96-07": {
      "tool_name": "Gestión de Costos",
      "batch_id": "31014",
      "date": "96-07",
      "initial_count": 1865,
      "filtered_count": 0,
      "final_count": 0,
      "duplicate_count": 0,
      "terms": {
        "Activity": 844,
        "Based": 1021
      },
      "file_paths": {
        "base_folder": "crData/Gestión_de_Costos_6407/Gestión_de_Costos_96-07_31014",
        "term_results_folder": "crData/Gestión_de_Costos_6407/Gestión_de_Costos_96-07_31014/term_results",
        "merged": "crData/Gestión_de_Costos_6407/Gestión_de_Costos_96-07_31014/merged_results.json",
        "filtered": "crData/Gestión_de_Costos_6407/Gestión_de_Costos_96-07_31014/filtered_results.json",
        "final": "crData/Gestión_de_Costos_6407/Gestión_de_Costos_96-07_31014/final_results.json",
        "statistics": "crData/Gestión_de_Costos_6407/Gestión_de_Costos_96-07_31014/statistics_results.json"
      },
      "processing_time": 13.727519989013672,
      "total_crossref": 86332,
      "crossref_percentage": 0.0
    },
    "96-08": {
      "tool_name": "Gestión de Costos",
      "batch_id": "31166",
      "date": "96-08",
      "initial_count": 1757,
      "filtered_count": 0,
      "final_count": 0,
      "duplicate_count": 0,
      "terms": {
        "Activity": 860,
        "Based": 897
      },
      "file_paths": {
        "base_folder": "crData/Gestión_de_Costos_6407/Gestión_de_Costos_96-08_31166",
        "term_results_folder": "crData/Gestión_de_Costos_6407/Gestión_de_Costos_96-08_31166/term_results",
        "merged": "crData/Gestión_de_Costos_6407/Gestión_de_Costos_96-08_31166/merged_results.json",
        "filtered": "crData/Gestión_de_Costos_6407/Gestión_de_Costos_96-08_31166/filtered_results.json",
        "final": "crData/Gestión_de_Costos_6407/Gestión_de_Costos_96-08_31166/final_results.json",
        "statistics": "crData/Gestión_de_Costos_6407/Gestión_de_Costos_96-08_31166/statistics_results.json"
      },
      "processing_time": 9.692190885543823,
      "total_crossref": 81041,
      "crossref_percentage": 0.0
    },
    "96-09": {
      "tool_name": "Gestión de Costos",
      "batch_id": "31278",
      "date": "96-09",
      "initial_count": 2150,
      "filtered_count": 0,
      "final_count": 0,
      "duplicate_count": 0,
      "terms": {
        "Activity": 1000,
        "Based": 1150
      },
      "file_paths": {
        "base_folder": "crData/Gestión_de_Costos_6407/Gestión_de_Costos_96-09_31278",
        "term_results_folder": "crData/Gestión_de_Costos_6407/Gestión_de_Costos_96-09_31278/term_results",
        "merged": "crData/Gestión_de_Costos_6407/Gestión_de_Costos_96-09_31278/merged_results.json",
        "filtered": "crData/Gestión_de_Costos_6407/Gestión_de_Costos_96-09_31278/filtered_results.json",
        "final": "crData/Gestión_de_Costos_6407/Gestión_de_Costos_96-09_31278/final_results.json",
        "statistics": "crData/Gestión_de_Costos_6407/Gestión_de_Costos_96-09_31278/statistics_results.json"
      },
      "processing_time": 12.474116802215576,
      "total_crossref": 97656,
      "crossref_percentage": 0.0
    },
    "96-10": {
      "tool_name": "Gestión de Costos",
      "batch_id": "31418",
      "date": "96-10",
      "initial_count": 2152,
      "filtered_count": 0,
      "final_count": 0,
      "duplicate_count": 0,
      "terms": {
        "Activity": 894,
        "Based": 1258
      },
      "file_paths": {
        "base_folder": "crData/Gestión_de_Costos_6407/Gestión_de_Costos_96-10_31418",
        "term_results_folder": "crData/Gestión_de_Costos_6407/Gestión_de_Costos_96-10_31418/term_results",
        "merged": "crData/Gestión_de_Costos_6407/Gestión_de_Costos_96-10_31418/merged_results.json",
        "filtered": "crData/Gestión_de_Costos_6407/Gestión_de_Costos_96-10_31418/filtered_results.json",
        "final": "crData/Gestión_de_Costos_6407/Gestión_de_Costos_96-10_31418/final_results.json",
        "statistics": "crData/Gestión_de_Costos_6407/Gestión_de_Costos_96-10_31418/statistics_results.json"
      },
      "processing_time": 9.683535814285278,
      "total_crossref": 90522,
      "crossref_percentage": 0.0
    },
    "96-11": {
      "tool_name": "Gestión de Costos",
      "batch_id": "31530",
      "date": "96-11",
      "initial_count": 1774,
      "filtered_count": 0,
      "final_count": 0,
      "duplicate_count": 0,
      "terms": {
        "Activity": 787,
        "Based": 987
      },
      "file_paths": {
        "base_folder": "crData/Gestión_de_Costos_6407/Gestión_de_Costos_96-11_31530",
        "term_results_folder": "crData/Gestión_de_Costos_6407/Gestión_de_Costos_96-11_31530/term_results",
        "merged": "crData/Gestión_de_Costos_6407/Gestión_de_Costos_96-11_31530/merged_results.json",
        "filtered": "crData/Gestión_de_Costos_6407/Gestión_de_Costos_96-11_31530/filtered_results.json",
        "final": "crData/Gestión_de_Costos_6407/Gestión_de_Costos_96-11_31530/final_results.json",
        "statistics": "crData/Gestión_de_Costos_6407/Gestión_de_Costos_96-11_31530/statistics_results.json"
      },
      "processing_time": 9.768617391586304,
      "total_crossref": 82464,
      "crossref_percentage": 0.0
    },
    "96-12": {
      "tool_name": "Gestión de Costos",
      "batch_id": "32042",
      "date": "96-12",
      "initial_count": 1949,
      "filtered_count": 0,
      "final_count": 0,
      "duplicate_count": 0,
      "terms": {
        "Activity": 813,
        "Based": 1136
      },
      "file_paths": {
        "base_folder": "crData/Gestión_de_Costos_6407/Gestión_de_Costos_96-12_32042",
        "term_results_folder": "crData/Gestión_de_Costos_6407/Gestión_de_Costos_96-12_32042/term_results",
        "merged": "crData/Gestión_de_Costos_6407/Gestión_de_Costos_96-12_32042/merged_results.json",
        "filtered": "crData/Gestión_de_Costos_6407/Gestión_de_Costos_96-12_32042/filtered_results.json",
        "final": "crData/Gestión_de_Costos_6407/Gestión_de_Costos_96-12_32042/final_results.json",
        "statistics": "crData/Gestión_de_Costos_6407/Gestión_de_Costos_96-12_32042/statistics_results.json"
      },
      "processing_time": 9.481353759765625,
      "total_crossref": 120022,
      "crossref_percentage": 0.0
    }
  },
  "total_duplicates": 0,
  "monthly_files": {
    "96-01": {
      "base_folder": "crData/Gestión_de_Costos_6407/Gestión_de_Costos_96-01_29014",
      "term_results_folder": "crData/Gestión_de_Costos_6407/Gestión_de_Costos_96-01_29014/term_results",
      "merged": "crData/Gestión_de_Costos_6407/Gestión_de_Costos_96-01_29014/merged_results.json",
      "filtered": "crData/Gestión_de_Costos_6407/Gestión_de_Costos_96-01_29014/filtered_results.json",
      "final": "crData/Gestión_de_Costos_6407/Gestión_de_Costos_96-01_29014/final_results.json",
      "statistics": "crData/Gestión_de_Costos_6407/Gestión_de_Costos_96-01_29014/statistics_results.json"
    },
    "96-02": {
      "base_folder": "crData/Gestión_de_Costos_6407/Gestión_de_Costos_96-02_29462",
      "term_results_folder": "crData/Gestión_de_Costos_6407/Gestión_de_Costos_96-02_29462/term_results",
      "merged": "crData/Gestión_de_Costos_6407/Gestión_de_Costos_96-02_29462/merged_results.json",
      "filtered": "crData/Gestión_de_Costos_6407/Gestión_de_Costos_96-02_29462/filtered_results.json",
      "final": "crData/Gestión_de_Costos_6407/Gestión_de_Costos_96-02_29462/final_results.json",
      "statistics": "crData/Gestión_de_Costos_6407/Gestión_de_Costos_96-02_29462/statistics_results.json"
    },
    "96-03": {
      "base_folder": "crData/Gestión_de_Costos_6407/Gestión_de_Costos_96-03_29572",
      "term_results_folder": "crData/Gestión_de_Costos_6407/Gestión_de_Costos_96-03_29572/term_results",
      "merged": "crData/Gestión_de_Costos_6407/Gestión_de_Costos_96-03_29572/merged_results.json",
      "filtered": "crData/Gestión_de_Costos_6407/Gestión_de_Costos_96-03_29572/filtered_results.json",
      "final": "crData/Gestión_de_Costos_6407/Gestión_de_Costos_96-03_29572/final_results.json",
      "statistics": "crData/Gestión_de_Costos_6407/Gestión_de_Costos_96-03_29572/statistics_results.json"
    },
    "96-04": {
      "base_folder": "crData/Gestión_de_Costos_6407/Gestión_de_Costos_96-04_30155",
      "term_results_folder": "crData/Gestión_de_Costos_6407/Gestión_de_Costos_96-04_30155/term_results",
      "merged": "crData/Gestión_de_Costos_6407/Gestión_de_Costos_96-04_30155/merged_results.json",
      "filtered": "crData/Gestión_de_Costos_6407/Gestión_de_Costos_96-04_30155/filtered_results.json",
      "final": "crData/Gestión_de_Costos_6407/Gestión_de_Costos_96-04_30155/final_results.json",
      "statistics": "crData/Gestión_de_Costos_6407/Gestión_de_Costos_96-04_30155/statistics_results.json"
    },
    "96-05": {
      "base_folder": "crData/Gestión_de_Costos_6407/Gestión_de_Costos_96-05_30284",
      "term_results_folder": "crData/Gestión_de_Costos_6407/Gestión_de_Costos_96-05_30284/term_results",
      "merged": "crData/Gestión_de_Costos_6407/Gestión_de_Costos_96-05_30284/merged_results.json",
      "filtered": "crData/Gestión_de_Costos_6407/Gestión_de_Costos_96-05_30284/filtered_results.json",
      "final": "crData/Gestión_de_Costos_6407/Gestión_de_Costos_96-05_30284/final_results.json",
      "statistics": "crData/Gestión_de_Costos_6407/Gestión_de_Costos_96-05_30284/statistics_results.json"
    },
    "96-06": {
      "base_folder": "crData/Gestión_de_Costos_6407/Gestión_de_Costos_96-06_30454",
      "term_results_folder": "crData/Gestión_de_Costos_6407/Gestión_de_Costos_96-06_30454/term_results",
      "merged": "crData/Gestión_de_Costos_6407/Gestión_de_Costos_96-06_30454/merged_results.json",
      "filtered": "crData/Gestión_de_Costos_6407/Gestión_de_Costos_96-06_30454/filtered_results.json",
      "final": "crData/Gestión_de_Costos_6407/Gestión_de_Costos_96-06_30454/final_results.json",
      "statistics": "crData/Gestión_de_Costos_6407/Gestión_de_Costos_96-06_30454/statistics_results.json"
    },
    "96-07": {
      "base_folder": "crData/Gestión_de_Costos_6407/Gestión_de_Costos_96-07_31014",
      "term_results_folder": "crData/Gestión_de_Costos_6407/Gestión_de_Costos_96-07_31014/term_results",
      "merged": "crData/Gestión_de_Costos_6407/Gestión_de_Costos_96-07_31014/merged_results.json",
      "filtered": "crData/Gestión_de_Costos_6407/Gestión_de_Costos_96-07_31014/filtered_results.json",
      "final": "crData/Gestión_de_Costos_6407/Gestión_de_Costos_96-07_31014/final_results.json",
      "statistics": "crData/Gestión_de_Costos_6407/Gestión_de_Costos_96-07_31014/statistics_results.json"
    },
    "96-08": {
      "base_folder": "crData/Gestión_de_Costos_6407/Gestión_de_Costos_96-08_31166",
      "term_results_folder": "crData/Gestión_de_Costos_6407/Gestión_de_Costos_96-08_31166/term_results",
      "merged": "crData/Gestión_de_Costos_6407/Gestión_de_Costos_96-08_31166/merged_results.json",
      "filtered": "crData/Gestión_de_Costos_6407/Gestión_de_Costos_96-08_31166/filtered_results.json",
      "final": "crData/Gestión_de_Costos_6407/Gestión_de_Costos_96-08_31166/final_results.json",
      "statistics": "crData/Gestión_de_Costos_6407/Gestión_de_Costos_96-08_31166/statistics_results.json"
    },
    "96-09": {
      "base_folder": "crData/Gestión_de_Costos_6407/Gestión_de_Costos_96-09_31278",
      "term_results_folder": "crData/Gestión_de_Costos_6407/Gestión_de_Costos_96-09_31278/term_results",
      "merged": "crData/Gestión_de_Costos_6407/Gestión_de_Costos_96-09_31278/merged_results.json",
      "filtered": "crData/Gestión_de_Costos_6407/Gestión_de_Costos_96-09_31278/filtered_results.json",
      "final": "crData/Gestión_de_Costos_6407/Gestión_de_Costos_96-09_31278/final_results.json",
      "statistics": "crData/Gestión_de_Costos_6407/Gestión_de_Costos_96-09_31278/statistics_results.json"
    },
    "96-10": {
      "base_folder": "crData/Gestión_de_Costos_6407/Gestión_de_Costos_96-10_31418",
      "term_results_folder": "crData/Gestión_de_Costos_6407/Gestión_de_Costos_96-10_31418/term_results",
      "merged": "crData/Gestión_de_Costos_6407/Gestión_de_Costos_96-10_31418/merged_results.json",
      "filtered": "crData/Gestión_de_Costos_6407/Gestión_de_Costos_96-10_31418/filtered_results.json",
      "final": "crData/Gestión_de_Costos_6407/Gestión_de_Costos_96-10_31418/final_results.json",
      "statistics": "crData/Gestión_de_Costos_6407/Gestión_de_Costos_96-10_31418/statistics_results.json"
    },
    "96-11": {
      "base_folder": "crData/Gestión_de_Costos_6407/Gestión_de_Costos_96-11_31530",
      "term_results_folder": "crData/Gestión_de_Costos_6407/Gestión_de_Costos_96-11_31530/term_results",
      "merged": "crData/Gestión_de_Costos_6407/Gestión_de_Costos_96-11_31530/merged_results.json",
      "filtered": "crData/Gestión_de_Costos_6407/Gestión_de_Costos_96-11_31530/filtered_results.json",
      "final": "crData/Gestión_de_Costos_6407/Gestión_de_Costos_96-11_31530/final_results.json",
      "statistics": "crData/Gestión_de_Costos_6407/Gestión_de_Costos_96-11_31530/statistics_results.json"
    },
    "96-12": {
      "base_folder": "crData/Gestión_de_Costos_6407/Gestión_de_Costos_96-12_32042",
      "term_results_folder": "crData/Gestión_de_Costos_6407/Gestión_de_Costos_96-12_32042/term_results",
      "merged": "crData/Gestión_de_Costos_6407/Gestión_de_Costos_96-12_32042/merged_results.json",
      "filtered": "crData/Gestión_de_Costos_6407/Gestión_de_Costos_96-12_32042/filtered_results.json",
      "final": "crData/Gestión_de_Costos_6407/Gestión_de_Costos_96-12_32042/final_results.json",
      "statistics": "crData/Gestión_de_Costos_6407/Gestión_de_Costos_96-12_32042/statistics_results.json"
    }
  }
}