{
  "tool_name": "Gestión del Conocimiento",
  "year": "1988",
  "monthly_stats": {
    "88-01": {
      "tool_name": "Gestión del Conocimiento",
      "batch_id": "27014",
      "date": "88-01",
      "initial_count": 6241,
      "filtered_count": 3,
      "final_count": 3,
      "duplicate_count": 0,
      "terms": {
        "Knowledge": 1043,
        "Management": 5212
      },
      "file_paths": {
        "base_folder": "crData/Gestión_del_Conocimiento_6477/Gestión_del_Conocimiento_88-01_27014",
        "term_results_folder": "crData/Gestión_del_Conocimiento_6477/Gestión_del_Conocimiento_88-01_27014/term_results",
        "merged": "crData/Gestión_del_Conocimiento_6477/Gestión_del_Conocimiento_88-01_27014/merged_results.json",
        "filtered": "crData/Gestión_del_Conocimiento_6477/Gestión_del_Conocimiento_88-01_27014/filtered_results.json",
        "final": "crData/Gestión_del_Conocimiento_6477/Gestión_del_Conocimiento_88-01_27014/final_results.json",
        "statistics": "crData/Gestión_del_Conocimiento_6477/Gestión_del_Conocimiento_88-01_27014/statistics_results.json"
      },
      "processing_time": 24.839728832244873,
      "total_crossref": 384454,
      "crossref_percentage": 0.0007803274253876928
    },
    "88-02": {
      "tool_name": "Gestión del Conocimiento",
      "batch_id": "27278",
      "date": "88-02",
      "initial_count": 650,
      "filtered_count": 0,
      "final_count": 0,
      "duplicate_count": 0,
      "terms": {
        "Knowledge": 56,
        "Management": 596
      },
      "file_paths": {
        "base_folder": "crData/Gestión_del_Conocimiento_6477/Gestión_del_Conocimiento_88-02_27278",
        "term_results_folder": "crData/Gestión_del_Conocimiento_6477/Gestión_del_Conocimiento_88-02_27278/term_results",
        "merged": "crData/Gestión_del_Conocimiento_6477/Gestión_del_Conocimiento_88-02_27278/merged_results.json",
        "filtered": "crData/Gestión_del_Conocimiento_6477/Gestión_del_Conocimiento_88-02_27278/filtered_results.json",
        "final": "crData/Gestión_del_Conocimiento_6477/Gestión_del_Conocimiento_88-02_27278/final_results.json",
        "statistics": "crData/Gestión_del_Conocimiento_6477/Gestión_del_Conocimiento_88-02_27278/statistics_results.json"
      },
      "processing_time": 5.359429836273193,
      "total_crossref": 48964,
      "crossref_percentage": 0.0
    },
    "88-03": {
      "tool_name": "Gestión del Conocimiento",
      "batch_id": "27346",
      "date": "88-03",
      "initial_count": 1181,
      "filtered_count": 1,
      "final_count": 1,
      "duplicate_count": 0,
      "terms": {
        "Knowledge": 182,
        "Management": 1007
      },
      "file_paths": {
        "base_folder": "crData/Gestión_del_Conocimiento_6477/Gestión_del_Conocimiento_88-03_27346",
        "term_results_folder": "crData/Gestión_del_Conocimiento_6477/Gestión_del_Conocimiento_88-03_27346/term_results",
        "merged": "crData/Gestión_del_Conocimiento_6477/Gestión_del_Conocimiento_88-03_27346/merged_results.json",
        "filtered": "crData/Gestión_del_Conocimiento_6477/Gestión_del_Conocimiento_88-03_27346/filtered_results.json",
        "final": "crData/Gestión_del_Conocimiento_6477/Gestión_del_Conocimiento_88-03_27346/final_results.json",
        "statistics": "crData/Gestión_del_Conocimiento_6477/Gestión_del_Conocimiento_88-03_27346/statistics_results.json"
      },
      "processing_time": 5.878421068191528,
      "total_crossref": 64481,
      "crossref_percentage": 0.0015508444347947456
    },
    "88-04": {
      "tool_name": "Gestión del Conocimiento",
      "batch_id": "27420",
      "date": "88-04",
      "initial_count": 817,
      "filtered_count": 0,
      "final_count": 0,
      "duplicate_count": 0,
      "terms": {
        "Knowledge": 101,
        "Management": 720
      },
      "file_paths": {
        "base_folder": "crData/Gestión_del_Conocimiento_6477/Gestión_del_Conocimiento_88-04_27420",
        "term_results_folder": "crData/Gestión_del_Conocimiento_6477/Gestión_del_Conocimiento_88-04_27420/term_results",
        "merged": "crData/Gestión_del_Conocimiento_6477/Gestión_del_Conocimiento_88-04_27420/merged_results.json",
        "filtered": "crData/Gestión_del_Conocimiento_6477/Gestión_del_Conocimiento_88-04_27420/filtered_results.json",
        "final": "crData/Gestión_del_Conocimiento_6477/Gestión_del_Conocimiento_88-04_27420/final_results.json",
        "statistics": "crData/Gestión_del_Conocimiento_6477/Gestión_del_Conocimiento_88-04_27420/statistics_results.json"
      },
      "processing_time": 5.723240852355957,
      "total_crossref": 56420,
      "crossref_percentage": 0.0
    },
    "88-05": {
      "tool_name": "Gestión del Conocimiento",
      "batch_id": "27493",
      "date": "88-05",
      "initial_count": 661,
      "filtered_count": 0,
      "final_count": 0,
      "duplicate_count": 0,
      "terms": {
        "Knowledge": 56,
        "Management": 609
      },
      "file_paths": {
        "base_folder": "crData/Gestión_del_Conocimiento_6477/Gestión_del_Conocimiento_88-05_27493",
        "term_results_folder": "crData/Gestión_del_Conocimiento_6477/Gestión_del_Conocimiento_88-05_27493/term_results",
        "merged": "crData/Gestión_del_Conocimiento_6477/Gestión_del_Conocimiento_88-05_27493/merged_results.json",
        "filtered": "crData/Gestión_del_Conocimiento_6477/Gestión_del_Conocimiento_88-05_27493/filtered_results.json",
        "final": "crData/Gestión_del_Conocimiento_6477/Gestión_del_Conocimiento_88-05_27493/final_results.json",
        "statistics": "crData/Gestión_del_Conocimiento_6477/Gestión_del_Conocimiento_88-05_27493/statistics_results.json"
      },
      "processing_time": 4.015862226486206,
      "total_crossref": 53210,
      "crossref_percentage": 0.0
    },
    "88-06": {
      "tool_name": "Gestión del Conocimiento",
      "batch_id": "27548",
      "date": "88-06",
      "initial_count": 1039,
      "filtered_count": 0,
      "final_count": 0,
      "duplicate_count": 0,
      "terms": {
        "Knowledge": 193,
        "Management": 852
      },
      "file_paths": {
        "base_folder": "crData/Gestión_del_Conocimiento_6477/Gestión_del_Conocimiento_88-06_27548",
        "term_results_folder": "crData/Gestión_del_Conocimiento_6477/Gestión_del_Conocimiento_88-06_27548/term_results",
        "merged": "crData/Gestión_del_Conocimiento_6477/Gestión_del_Conocimiento_88-06_27548/merged_results.json",
        "filtered": "crData/Gestión_del_Conocimiento_6477/Gestión_del_Conocimiento_88-06_27548/filtered_results.json",
        "final": "crData/Gestión_del_Conocimiento_6477/Gestión_del_Conocimiento_88-06_27548/final_results.json",
        "statistics": "crData/Gestión_del_Conocimiento_6477/Gestión_del_Conocimiento_88-06_27548/statistics_results.json"
      },
      "processing_time": 5.615837812423706,
      "total_crossref": 64582,
      "crossref_percentage": 0.0
    },
    "88-07": {
      "tool_name": "Gestión del Conocimiento",
      "batch_id": "28019",
      "date": "88-07",
      "initial_count": 826,
      "filtered_count": 0,
      "final_count": 0,
      "duplicate_count": 0,
      "terms": {
        "Knowledge": 84,
        "Management": 748
      },
      "file_paths": {
        "base_folder": "crData/Gestión_del_Conocimiento_6477/Gestión_del_Conocimiento_88-07_28019",
        "term_results_folder": "crData/Gestión_del_Conocimiento_6477/Gestión_del_Conocimiento_88-07_28019/term_results",
        "merged": "crData/Gestión_del_Conocimiento_6477/Gestión_del_Conocimiento_88-07_28019/merged_results.json",
        "filtered": "crData/Gestión_del_Conocimiento_6477/Gestión_del_Conocimiento_88-07_28019/filtered_results.json",
        "final": "crData/Gestión_del_Conocimiento_6477/Gestión_del_Conocimiento_88-07_28019/final_results.json",
        "statistics": "crData/Gestión_del_Conocimiento_6477/Gestión_del_Conocimiento_88-07_28019/statistics_results.json"
      },
      "processing_time": 7.564465761184692,
      "total_crossref": 55164,
      "crossref_percentage": 0.0
    },
    "88-08": {
      "tool_name": "Gestión del Conocimiento",
      "batch_id": "28110",
      "date": "88-08",
      "initial_count": 682,
      "filtered_count": 0,
      "final_count": 0,
      "duplicate_count": 0,
      "terms": {
        "Knowledge": 55,
        "Management": 629
      },
      "file_paths": {
        "base_folder": "crData/Gestión_del_Conocimiento_6477/Gestión_del_Conocimiento_88-08_28110",
        "term_results_folder": "crData/Gestión_del_Conocimiento_6477/Gestión_del_Conocimiento_88-08_28110/term_results",
        "merged": "crData/Gestión_del_Conocimiento_6477/Gestión_del_Conocimiento_88-08_28110/merged_results.json",
        "filtered": "crData/Gestión_del_Conocimiento_6477/Gestión_del_Conocimiento_88-08_28110/filtered_results.json",
        "final": "crData/Gestión_del_Conocimiento_6477/Gestión_del_Conocimiento_88-08_28110/final_results.json",
        "statistics": "crData/Gestión_del_Conocimiento_6477/Gestión_del_Conocimiento_88-08_28110/statistics_results.json"
      },
      "processing_time": 4.902155637741089,
      "total_crossref": 49924,
      "crossref_percentage": 0.0
    },
    "88-09": {
      "tool_name": "Gestión del Conocimiento",
      "batch_id": "28174",
      "date": "88-09",
      "initial_count": 1052,
      "filtered_count": 0,
      "final_count": 0,
      "duplicate_count": 0,
      "terms": {
        "Knowledge": 201,
        "Management": 862
      },
      "file_paths": {
        "base_folder": "crData/Gestión_del_Conocimiento_6477/Gestión_del_Conocimiento_88-09_28174",
        "term_results_folder": "crData/Gestión_del_Conocimiento_6477/Gestión_del_Conocimiento_88-09_28174/term_results",
        "merged": "crData/Gestión_del_Conocimiento_6477/Gestión_del_Conocimiento_88-09_28174/merged_results.json",
        "filtered": "crData/Gestión_del_Conocimiento_6477/Gestión_del_Conocimiento_88-09_28174/filtered_results.json",
        "final": "crData/Gestión_del_Conocimiento_6477/Gestión_del_Conocimiento_88-09_28174/final_results.json",
        "statistics": "crData/Gestión_del_Conocimiento_6477/Gestión_del_Conocimiento_88-09_28174/statistics_results.json"
      },
      "processing_time": 5.663568019866943,
      "total_crossref": 64580,
      "crossref_percentage": 0.0
    },
    "88-10": {
      "tool_name": "Gestión del Conocimiento",
      "batch_id": "28246",
      "date": "88-10",
      "initial_count": 736,
      "filtered_count": 0,
      "final_count": 0,
      "duplicate_count": 0,
      "terms": {
        "Knowledge": 95,
        "Management": 644
      },
      "file_paths": {
        "base_folder": "crData/Gestión_del_Conocimiento_6477/Gestión_del_Conocimiento_88-10_28246",
        "term_results_folder": "crData/Gestión_del_Conocimiento_6477/Gestión_del_Conocimiento_88-10_28246/term_results",
        "merged": "crData/Gestión_del_Conocimiento_6477/Gestión_del_Conocimiento_88-10_28246/merged_results.json",
        "filtered": "crData/Gestión_del_Conocimiento_6477/Gestión_del_Conocimiento_88-10_28246/filtered_results.json",
        "final": "crData/Gestión_del_Conocimiento_6477/Gestión_del_Conocimiento_88-10_28246/final_results.json",
        "statistics": "crData/Gestión_del_Conocimiento_6477/Gestión_del_Conocimiento_88-10_28246/statistics_results.json"
      },
      "processing_time": 6.956212043762207,
      "total_crossref": 58003,
      "crossref_percentage": 0.0
    },
    "88-11": {
      "tool_name": "Gestión del Conocimiento",
      "batch_id": "28330",
      "date": "88-11",
      "initial_count": 735,
      "filtered_count": 0,
      "final_count": 0,
      "duplicate_count": 0,
      "terms": {
        "Knowledge": 75,
        "Management": 665
      },
      "file_paths": {
        "base_folder": "crData/Gestión_del_Conocimiento_6477/Gestión_del_Conocimiento_88-11_28330",
        "term_results_folder": "crData/Gestión_del_Conocimiento_6477/Gestión_del_Conocimiento_88-11_28330/term_results",
        "merged": "crData/Gestión_del_Conocimiento_6477/Gestión_del_Conocimiento_88-11_28330/merged_results.json",
        "filtered": "crData/Gestión_del_Conocimiento_6477/Gestión_del_Conocimiento_88-11_28330/filtered_results.json",
        "final": "crData/Gestión_del_Conocimiento_6477/Gestión_del_Conocimiento_88-11_28330/final_results.json",
        "statistics": "crData/Gestión_del_Conocimiento_6477/Gestión_del_Conocimiento_88-11_28330/statistics_results.json"
      },
      "processing_time": 6.078963041305542,
      "total_crossref": 51791,
      "crossref_percentage": 0.0
    },
    "88-12": {
      "tool_name": "Gestión del Conocimiento",
      "batch_id": "28406",
      "date": "88-12",
      "initial_count": 1313,
      "filtered_count": 0,
      "final_count": 0,
      "duplicate_count": 0,
      "terms": {
        "Knowledge": 321,
        "Management": 999
      },
      "file_paths": {
        "base_folder": "crData/Gestión_del_Conocimiento_6477/Gestión_del_Conocimiento_88-12_28406",
        "term_results_folder": "crData/Gestión_del_Conocimiento_6477/Gestión_del_Conocimiento_88-12_28406/term_results",
        "merged": "crData/Gestión_del_Conocimiento_6477/Gestión_del_Conocimiento_88-12_28406/merged_results.json",
        "filtered": "crData/Gestión_del_Conocimiento_6477/Gestión_del_Conocimiento_88-12_28406/filtered_results.json",
        "final": "crData/Gestión_del_Conocimiento_6477/Gestión_del_Conocimiento_88-12_28406/final_results.json",
        "statistics": "crData/Gestión_del_Conocimiento_6477/Gestión_del_Conocimiento_88-12_28406/statistics_results.json"
      },
      "processing_time": 5.205733776092529,
      "total_crossref": 89365,
      "crossref_percentage": 0.0
    }
  },
  "total_duplicates": 0,
  "monthly_files": {
    "88-01": {
      "base_folder": "crData/Gestión_del_Conocimiento_6477/Gestión_del_Conocimiento_88-01_27014",
      "term_results_folder": "crData/Gestión_del_Conocimiento_6477/Gestión_del_Conocimiento_88-01_27014/term_results",
      "merged": "crData/Gestión_del_Conocimiento_6477/Gestión_del_Conocimiento_88-01_27014/merged_results.json",
      "filtered": "crData/Gestión_del_Conocimiento_6477/Gestión_del_Conocimiento_88-01_27014/filtered_results.json",
      "final": "crData/Gestión_del_Conocimiento_6477/Gestión_del_Conocimiento_88-01_27014/final_results.json",
      "statistics": "crData/Gestión_del_Conocimiento_6477/Gestión_del_Conocimiento_88-01_27014/statistics_results.json"
    },
    "88-02": {
      "base_folder": "crData/Gestión_del_Conocimiento_6477/Gestión_del_Conocimiento_88-02_27278",
      "term_results_folder": "crData/Gestión_del_Conocimiento_6477/Gestión_del_Conocimiento_88-02_27278/term_results",
      "merged": "crData/Gestión_del_Conocimiento_6477/Gestión_del_Conocimiento_88-02_27278/merged_results.json",
      "filtered": "crData/Gestión_del_Conocimiento_6477/Gestión_del_Conocimiento_88-02_27278/filtered_results.json",
      "final": "crData/Gestión_del_Conocimiento_6477/Gestión_del_Conocimiento_88-02_27278/final_results.json",
      "statistics": "crData/Gestión_del_Conocimiento_6477/Gestión_del_Conocimiento_88-02_27278/statistics_results.json"
    },
    "88-03": {
      "base_folder": "crData/Gestión_del_Conocimiento_6477/Gestión_del_Conocimiento_88-03_27346",
      "term_results_folder": "crData/Gestión_del_Conocimiento_6477/Gestión_del_Conocimiento_88-03_27346/term_results",
      "merged": "crData/Gestión_del_Conocimiento_6477/Gestión_del_Conocimiento_88-03_27346/merged_results.json",
      "filtered": "crData/Gestión_del_Conocimiento_6477/Gestión_del_Conocimiento_88-03_27346/filtered_results.json",
      "final": "crData/Gestión_del_Conocimiento_6477/Gestión_del_Conocimiento_88-03_27346/final_results.json",
      "statistics": "crData/Gestión_del_Conocimiento_6477/Gestión_del_Conocimiento_88-03_27346/statistics_results.json"
    },
    "88-04": {
      "base_folder": "crData/Gestión_del_Conocimiento_6477/Gestión_del_Conocimiento_88-04_27420",
      "term_results_folder": "crData/Gestión_del_Conocimiento_6477/Gestión_del_Conocimiento_88-04_27420/term_results",
      "merged": "crData/Gestión_del_Conocimiento_6477/Gestión_del_Conocimiento_88-04_27420/merged_results.json",
      "filtered": "crData/Gestión_del_Conocimiento_6477/Gestión_del_Conocimiento_88-04_27420/filtered_results.json",
      "final": "crData/Gestión_del_Conocimiento_6477/Gestión_del_Conocimiento_88-04_27420/final_results.json",
      "statistics": "crData/Gestión_del_Conocimiento_6477/Gestión_del_Conocimiento_88-04_27420/statistics_results.json"
    },
    "88-05": {
      "base_folder": "crData/Gestión_del_Conocimiento_6477/Gestión_del_Conocimiento_88-05_27493",
      "term_results_folder": "crData/Gestión_del_Conocimiento_6477/Gestión_del_Conocimiento_88-05_27493/term_results",
      "merged": "crData/Gestión_del_Conocimiento_6477/Gestión_del_Conocimiento_88-05_27493/merged_results.json",
      "filtered": "crData/Gestión_del_Conocimiento_6477/Gestión_del_Conocimiento_88-05_27493/filtered_results.json",
      "final": "crData/Gestión_del_Conocimiento_6477/Gestión_del_Conocimiento_88-05_27493/final_results.json",
      "statistics": "crData/Gestión_del_Conocimiento_6477/Gestión_del_Conocimiento_88-05_27493/statistics_results.json"
    },
    "88-06": {
      "base_folder": "crData/Gestión_del_Conocimiento_6477/Gestión_del_Conocimiento_88-06_27548",
      "term_results_folder": "crData/Gestión_del_Conocimiento_6477/Gestión_del_Conocimiento_88-06_27548/term_results",
      "merged": "crData/Gestión_del_Conocimiento_6477/Gestión_del_Conocimiento_88-06_27548/merged_results.json",
      "filtered": "crData/Gestión_del_Conocimiento_6477/Gestión_del_Conocimiento_88-06_27548/filtered_results.json",
      "final": "crData/Gestión_del_Conocimiento_6477/Gestión_del_Conocimiento_88-06_27548/final_results.json",
      "statistics": "crData/Gestión_del_Conocimiento_6477/Gestión_del_Conocimiento_88-06_27548/statistics_results.json"
    },
    "88-07": {
      "base_folder": "crData/Gestión_del_Conocimiento_6477/Gestión_del_Conocimiento_88-07_28019",
      "term_results_folder": "crData/Gestión_del_Conocimiento_6477/Gestión_del_Conocimiento_88-07_28019/term_results",
      "merged": "crData/Gestión_del_Conocimiento_6477/Gestión_del_Conocimiento_88-07_28019/merged_results.json",
      "filtered": "crData/Gestión_del_Conocimiento_6477/Gestión_del_Conocimiento_88-07_28019/filtered_results.json",
      "final": "crData/Gestión_del_Conocimiento_6477/Gestión_del_Conocimiento_88-07_28019/final_results.json",
      "statistics": "crData/Gestión_del_Conocimiento_6477/Gestión_del_Conocimiento_88-07_28019/statistics_results.json"
    },
    "88-08": {
      "base_folder": "crData/Gestión_del_Conocimiento_6477/Gestión_del_Conocimiento_88-08_28110",
      "term_results_folder": "crData/Gestión_del_Conocimiento_6477/Gestión_del_Conocimiento_88-08_28110/term_results",
      "merged": "crData/Gestión_del_Conocimiento_6477/Gestión_del_Conocimiento_88-08_28110/merged_results.json",
      "filtered": "crData/Gestión_del_Conocimiento_6477/Gestión_del_Conocimiento_88-08_28110/filtered_results.json",
      "final": "crData/Gestión_del_Conocimiento_6477/Gestión_del_Conocimiento_88-08_28110/final_results.json",
      "statistics": "crData/Gestión_del_Conocimiento_6477/Gestión_del_Conocimiento_88-08_28110/statistics_results.json"
    },
    "88-09": {
      "base_folder": "crData/Gestión_del_Conocimiento_6477/Gestión_del_Conocimiento_88-09_28174",
      "term_results_folder": "crData/Gestión_del_Conocimiento_6477/Gestión_del_Conocimiento_88-09_28174/term_results",
      "merged": "crData/Gestión_del_Conocimiento_6477/Gestión_del_Conocimiento_88-09_28174/merged_results.json",
      "filtered": "crData/Gestión_del_Conocimiento_6477/Gestión_del_Conocimiento_88-09_28174/filtered_results.json",
      "final": "crData/Gestión_del_Conocimiento_6477/Gestión_del_Conocimiento_88-09_28174/final_results.json",
      "statistics": "crData/Gestión_del_Conocimiento_6477/Gestión_del_Conocimiento_88-09_28174/statistics_results.json"
    },
    "88-10": {
      "base_folder": "crData/Gestión_del_Conocimiento_6477/Gestión_del_Conocimiento_88-10_28246",
      "term_results_folder": "crData/Gestión_del_Conocimiento_6477/Gestión_del_Conocimiento_88-10_28246/term_results",
      "merged": "crData/Gestión_del_Conocimiento_6477/Gestión_del_Conocimiento_88-10_28246/merged_results.json",
      "filtered": "crData/Gestión_del_Conocimiento_6477/Gestión_del_Conocimiento_88-10_28246/filtered_results.json",
      "final": "crData/Gestión_del_Conocimiento_6477/Gestión_del_Conocimiento_88-10_28246/final_results.json",
      "statistics": "crData/Gestión_del_Conocimiento_6477/Gestión_del_Conocimiento_88-10_28246/statistics_results.json"
    },
    "88-11": {
      "base_folder": "crData/Gestión_del_Conocimiento_6477/Gestión_del_Conocimiento_88-11_28330",
      "term_results_folder": "crData/Gestión_del_Conocimiento_6477/Gestión_del_Conocimiento_88-11_28330/term_results",
      "merged": "crData/Gestión_del_Conocimiento_6477/Gestión_del_Conocimiento_88-11_28330/merged_results.json",
      "filtered": "crData/Gestión_del_Conocimiento_6477/Gestión_del_Conocimiento_88-11_28330/filtered_results.json",
      "final": "crData/Gestión_del_Conocimiento_6477/Gestión_del_Conocimiento_88-11_28330/final_results.json",
      "statistics": "crData/Gestión_del_Conocimiento_6477/Gestión_del_Conocimiento_88-11_28330/statistics_results.json"
    },
    "88-12": {
      "base_folder": "crData/Gestión_del_Conocimiento_6477/Gestión_del_Conocimiento_88-12_28406",
      "term_results_folder": "crData/Gestión_del_Conocimiento_6477/Gestión_del_Conocimiento_88-12_28406/term_results",
      "merged": "crData/Gestión_del_Conocimiento_6477/Gestión_del_Conocimiento_88-12_28406/merged_results.json",
      "filtered": "crData/Gestión_del_Conocimiento_6477/Gestión_del_Conocimiento_88-12_28406/filtered_results.json",
      "final": "crData/Gestión_del_Conocimiento_6477/Gestión_del_Conocimiento_88-12_28406/final_results.json",
      "statistics": "crData/Gestión_del_Conocimiento_6477/Gestión_del_Conocimiento_88-12_28406/statistics_results.json"
    }
  }
}