{
  "tool_name": "Gestión del Cambio",
  "year": "1994",
  "monthly_stats": {
    "94-01": {
      "tool_name": "Gestión del Cambio",
      "batch_id": "05193",
      "date": "94-01",
      "initial_count": 9391,
      "filtered_count": 4,
      "final_count": 2,
      "duplicate_count": 0,
      "terms": {
        "Change": 2204,
        "Management": 7220
      },
      "file_paths": {
        "base_folder": "crData/Gestión_del_Cambio_3738/Gestión_del_Cambio_94-01_05193",
        "term_results_folder": "crData/Gestión_del_Cambio_3738/Gestión_del_Cambio_94-01_05193/term_results",
        "merged": "crData/Gestión_del_Cambio_3738/Gestión_del_Cambio_94-01_05193/merged_results.json",
        "filtered": "crData/Gestión_del_Cambio_3738/Gestión_del_Cambio_94-01_05193/filtered_results.json",
        "final": "crData/Gestión_del_Cambio_3738/Gestión_del_Cambio_94-01_05193/final_results.json",
        "statistics": "crData/Gestión_del_Cambio_3738/Gestión_del_Cambio_94-01_05193/statistics_results.json"
      },
      "processing_time": 25.243449926376343,
      "total_crossref": 443920,
      "crossref_percentage": 0.0004505316273202379
    },
    "94-02": {
      "tool_name": "Gestión del Cambio",
      "batch_id": "05461",
      "date": "94-02",
      "initial_count": 1183,
      "filtered_count": 0,
      "final_count": 0,
      "duplicate_count": 0,
      "terms": {
        "Change": 242,
        "Management": 946
      },
      "file_paths": {
        "base_folder": "crData/Gestión_del_Cambio_3738/Gestión_del_Cambio_94-02_05461",
        "term_results_folder": "crData/Gestión_del_Cambio_3738/Gestión_del_Cambio_94-02_05461/term_results",
        "merged": "crData/Gestión_del_Cambio_3738/Gestión_del_Cambio_94-02_05461/merged_results.json",
        "filtered": "crData/Gestión_del_Cambio_3738/Gestión_del_Cambio_94-02_05461/filtered_results.json",
        "final": "crData/Gestión_del_Cambio_3738/Gestión_del_Cambio_94-02_05461/final_results.json",
        "statistics": "crData/Gestión_del_Cambio_3738/Gestión_del_Cambio_94-02_05461/statistics_results.json"
      },
      "processing_time": 5.056958913803101,
      "total_crossref": 66177,
      "crossref_percentage": 0.0
    },
    "94-03": {
      "tool_name": "Gestión del Cambio",
      "batch_id": "05526",
      "date": "94-03",
      "initial_count": 2066,
      "filtered_count": 0,
      "final_count": 0,
      "duplicate_count": 0,
      "terms": {
        "Change": 493,
        "Management": 1596
      },
      "file_paths": {
        "base_folder": "crData/Gestión_del_Cambio_3738/Gestión_del_Cambio_94-03_05526",
        "term_results_folder": "crData/Gestión_del_Cambio_3738/Gestión_del_Cambio_94-03_05526/term_results",
        "merged": "crData/Gestión_del_Cambio_3738/Gestión_del_Cambio_94-03_05526/merged_results.json",
        "filtered": "crData/Gestión_del_Cambio_3738/Gestión_del_Cambio_94-03_05526/filtered_results.json",
        "final": "crData/Gestión_del_Cambio_3738/Gestión_del_Cambio_94-03_05526/final_results.json",
        "statistics": "crData/Gestión_del_Cambio_3738/Gestión_del_Cambio_94-03_05526/statistics_results.json"
      },
      "processing_time": 9.359574794769287,
      "total_crossref": 88219,
      "crossref_percentage": 0.0
    },
    "94-04": {
      "tool_name": "Gestión del Cambio",
      "batch_id": "06035",
      "date": "94-04",
      "initial_count": 1396,
      "filtered_count": 0,
      "final_count": 0,
      "duplicate_count": 0,
      "terms": {
        "Change": 335,
        "Management": 1073
      },
      "file_paths": {
        "base_folder": "crData/Gestión_del_Cambio_3738/Gestión_del_Cambio_94-04_06035",
        "term_results_folder": "crData/Gestión_del_Cambio_3738/Gestión_del_Cambio_94-04_06035/term_results",
        "merged": "crData/Gestión_del_Cambio_3738/Gestión_del_Cambio_94-04_06035/merged_results.json",
        "filtered": "crData/Gestión_del_Cambio_3738/Gestión_del_Cambio_94-04_06035/filtered_results.json",
        "final": "crData/Gestión_del_Cambio_3738/Gestión_del_Cambio_94-04_06035/final_results.json",
        "statistics": "crData/Gestión_del_Cambio_3738/Gestión_del_Cambio_94-04_06035/statistics_results.json"
      },
      "processing_time": 8.669728994369507,
      "total_crossref": 76864,
      "crossref_percentage": 0.0
    },
    "94-05": {
      "tool_name": "Gestión del Cambio",
      "batch_id": "06137",
      "date": "94-05",
      "initial_count": 1429,
      "filtered_count": 0,
      "final_count": 0,
      "duplicate_count": 0,
      "terms": {
        "Change": 345,
        "Management": 1090
      },
      "file_paths": {
        "base_folder": "crData/Gestión_del_Cambio_3738/Gestión_del_Cambio_94-05_06137",
        "term_results_folder": "crData/Gestión_del_Cambio_3738/Gestión_del_Cambio_94-05_06137/term_results",
        "merged": "crData/Gestión_del_Cambio_3738/Gestión_del_Cambio_94-05_06137/merged_results.json",
        "filtered": "crData/Gestión_del_Cambio_3738/Gestión_del_Cambio_94-05_06137/filtered_results.json",
        "final": "crData/Gestión_del_Cambio_3738/Gestión_del_Cambio_94-05_06137/final_results.json",
        "statistics": "crData/Gestión_del_Cambio_3738/Gestión_del_Cambio_94-05_06137/statistics_results.json"
      },
      "processing_time": 6.887911081314087,
      "total_crossref": 78111,
      "crossref_percentage": 0.0
    },
    "94-06": {
      "tool_name": "Gestión del Cambio",
      "batch_id": "06221",
      "date": "94-06",
      "initial_count": 2013,
      "filtered_count": 0,
      "final_count": 0,
      "duplicate_count": 0,
      "terms": {
        "Change": 484,
        "Management": 1548
      },
      "file_paths": {
        "base_folder": "crData/Gestión_del_Cambio_3738/Gestión_del_Cambio_94-06_06221",
        "term_results_folder": "crData/Gestión_del_Cambio_3738/Gestión_del_Cambio_94-06_06221/term_results",
        "merged": "crData/Gestión_del_Cambio_3738/Gestión_del_Cambio_94-06_06221/merged_results.json",
        "filtered": "crData/Gestión_del_Cambio_3738/Gestión_del_Cambio_94-06_06221/filtered_results.json",
        "final": "crData/Gestión_del_Cambio_3738/Gestión_del_Cambio_94-06_06221/final_results.json",
        "statistics": "crData/Gestión_del_Cambio_3738/Gestión_del_Cambio_94-06_06221/statistics_results.json"
      },
      "processing_time": 8.270761966705322,
      "total_crossref": 87984,
      "crossref_percentage": 0.0
    },
    "94-07": {
      "tool_name": "Gestión del Cambio",
      "batch_id": "06319",
      "date": "94-07",
      "initial_count": 1431,
      "filtered_count": 0,
      "final_count": 0,
      "duplicate_count": 0,
      "terms": {
        "Change": 327,
        "Management": 1118
      },
      "file_paths": {
        "base_folder": "crData/Gestión_del_Cambio_3738/Gestión_del_Cambio_94-07_06319",
        "term_results_folder": "crData/Gestión_del_Cambio_3738/Gestión_del_Cambio_94-07_06319/term_results",
        "merged": "crData/Gestión_del_Cambio_3738/Gestión_del_Cambio_94-07_06319/merged_results.json",
        "filtered": "crData/Gestión_del_Cambio_3738/Gestión_del_Cambio_94-07_06319/filtered_results.json",
        "final": "crData/Gestión_del_Cambio_3738/Gestión_del_Cambio_94-07_06319/final_results.json",
        "statistics": "crData/Gestión_del_Cambio_3738/Gestión_del_Cambio_94-07_06319/statistics_results.json"
      },
      "processing_time": 6.229865074157715,
      "total_crossref": 75458,
      "crossref_percentage": 0.0
    },
    "94-08": {
      "tool_name": "Gestión del Cambio",
      "batch_id": "06396",
      "date": "94-08",
      "initial_count": 1279,
      "filtered_count": 0,
      "final_count": 0,
      "duplicate_count": 0,
      "terms": {
        "Change": 246,
        "Management": 1038
      },
      "file_paths": {
        "base_folder": "crData/Gestión_del_Cambio_3738/Gestión_del_Cambio_94-08_06396",
        "term_results_folder": "crData/Gestión_del_Cambio_3738/Gestión_del_Cambio_94-08_06396/term_results",
        "merged": "crData/Gestión_del_Cambio_3738/Gestión_del_Cambio_94-08_06396/merged_results.json",
        "filtered": "crData/Gestión_del_Cambio_3738/Gestión_del_Cambio_94-08_06396/filtered_results.json",
        "final": "crData/Gestión_del_Cambio_3738/Gestión_del_Cambio_94-08_06396/final_results.json",
        "statistics": "crData/Gestión_del_Cambio_3738/Gestión_del_Cambio_94-08_06396/statistics_results.json"
      },
      "processing_time": 7.354960203170776,
      "total_crossref": 66116,
      "crossref_percentage": 0.0
    },
    "94-09": {
      "tool_name": "Gestión del Cambio",
      "batch_id": "06485",
      "date": "94-09",
      "initial_count": 1932,
      "filtered_count": 2,
      "final_count": 1,
      "duplicate_count": 0,
      "terms": {
        "Change": 456,
        "Management": 1495
      },
      "file_paths": {
        "base_folder": "crData/Gestión_del_Cambio_3738/Gestión_del_Cambio_94-09_06485",
        "term_results_folder": "crData/Gestión_del_Cambio_3738/Gestión_del_Cambio_94-09_06485/term_results",
        "merged": "crData/Gestión_del_Cambio_3738/Gestión_del_Cambio_94-09_06485/merged_results.json",
        "filtered": "crData/Gestión_del_Cambio_3738/Gestión_del_Cambio_94-09_06485/filtered_results.json",
        "final": "crData/Gestión_del_Cambio_3738/Gestión_del_Cambio_94-09_06485/final_results.json",
        "statistics": "crData/Gestión_del_Cambio_3738/Gestión_del_Cambio_94-09_06485/statistics_results.json"
      },
      "processing_time": 9.612464904785156,
      "total_crossref": 93615,
      "crossref_percentage": 0.0010682048816963094
    },
    "94-10": {
      "tool_name": "Gestión del Cambio",
      "batch_id": "06596",
      "date": "94-10",
      "initial_count": 1549,
      "filtered_count": 4,
      "final_count": 2,
      "duplicate_count": 0,
      "terms": {
        "Change": 386,
        "Management": 1177
      },
      "file_paths": {
        "base_folder": "crData/Gestión_del_Cambio_3738/Gestión_del_Cambio_94-10_06596",
        "term_results_folder": "crData/Gestión_del_Cambio_3738/Gestión_del_Cambio_94-10_06596/term_results",
        "merged": "crData/Gestión_del_Cambio_3738/Gestión_del_Cambio_94-10_06596/merged_results.json",
        "filtered": "crData/Gestión_del_Cambio_3738/Gestión_del_Cambio_94-10_06596/filtered_results.json",
        "final": "crData/Gestión_del_Cambio_3738/Gestión_del_Cambio_94-10_06596/final_results.json",
        "statistics": "crData/Gestión_del_Cambio_3738/Gestión_del_Cambio_94-10_06596/statistics_results.json"
      },
      "processing_time": 8.568779945373535,
      "total_crossref": 76045,
      "crossref_percentage": 0.002630021697679006
    },
    "94-11": {
      "tool_name": "Gestión del Cambio",
      "batch_id": "07097",
      "date": "94-11",
      "initial_count": 1304,
      "filtered_count": 0,
      "final_count": 0,
      "duplicate_count": 0,
      "terms": {
        "Change": 329,
        "Management": 981
      },
      "file_paths": {
        "base_folder": "crData/Gestión_del_Cambio_3738/Gestión_del_Cambio_94-11_07097",
        "term_results_folder": "crData/Gestión_del_Cambio_3738/Gestión_del_Cambio_94-11_07097/term_results",
        "merged": "crData/Gestión_del_Cambio_3738/Gestión_del_Cambio_94-11_07097/merged_results.json",
        "filtered": "crData/Gestión_del_Cambio_3738/Gestión_del_Cambio_94-11_07097/filtered_results.json",
        "final": "crData/Gestión_del_Cambio_3738/Gestión_del_Cambio_94-11_07097/final_results.json",
        "statistics": "crData/Gestión_del_Cambio_3738/Gestión_del_Cambio_94-11_07097/statistics_results.json"
      },
      "processing_time": 6.2128071784973145,
      "total_crossref": 73031,
      "crossref_percentage": 0.0
    },
    "94-12": {
      "tool_name": "Gestión del Cambio",
      "batch_id": "07174",
      "date": "94-12",
      "initial_count": 2415,
      "filtered_count": 2,
      "final_count": 1,
      "duplicate_count": 0,
      "terms": {
        "Change": 713,
        "Management": 1719
      },
      "file_paths": {
        "base_folder": "crData/Gestión_del_Cambio_3738/Gestión_del_Cambio_94-12_07174",
        "term_results_folder": "crData/Gestión_del_Cambio_3738/Gestión_del_Cambio_94-12_07174/term_results",
        "merged": "crData/Gestión_del_Cambio_3738/Gestión_del_Cambio_94-12_07174/merged_results.json",
        "filtered": "crData/Gestión_del_Cambio_3738/Gestión_del_Cambio_94-12_07174/filtered_results.json",
        "final": "crData/Gestión_del_Cambio_3738/Gestión_del_Cambio_94-12_07174/final_results.json",
        "statistics": "crData/Gestión_del_Cambio_3738/Gestión_del_Cambio_94-12_07174/statistics_results.json"
      },
      "processing_time": 8.569563865661621,
      "total_crossref": 110438,
      "crossref_percentage": 0.0009054854307394193
    }
  },
  "total_duplicates": 0,
  "monthly_files": {
    "94-01": {
      "base_folder": "crData/Gestión_del_Cambio_3738/Gestión_del_Cambio_94-01_05193",
      "term_results_folder": "crData/Gestión_del_Cambio_3738/Gestión_del_Cambio_94-01_05193/term_results",
      "merged": "crData/Gestión_del_Cambio_3738/Gestión_del_Cambio_94-01_05193/merged_results.json",
      "filtered": "crData/Gestión_del_Cambio_3738/Gestión_del_Cambio_94-01_05193/filtered_results.json",
      "final": "crData/Gestión_del_Cambio_3738/Gestión_del_Cambio_94-01_05193/final_results.json",
      "statistics": "crData/Gestión_del_Cambio_3738/Gestión_del_Cambio_94-01_05193/statistics_results.json"
    },
    "94-02": {
      "base_folder": "crData/Gestión_del_Cambio_3738/Gestión_del_Cambio_94-02_05461",
      "term_results_folder": "crData/Gestión_del_Cambio_3738/Gestión_del_Cambio_94-02_05461/term_results",
      "merged": "crData/Gestión_del_Cambio_3738/Gestión_del_Cambio_94-02_05461/merged_results.json",
      "filtered": "crData/Gestión_del_Cambio_3738/Gestión_del_Cambio_94-02_05461/filtered_results.json",
      "final": "crData/Gestión_del_Cambio_3738/Gestión_del_Cambio_94-02_05461/final_results.json",
      "statistics": "crData/Gestión_del_Cambio_3738/Gestión_del_Cambio_94-02_05461/statistics_results.json"
    },
    "94-03": {
      "base_folder": "crData/Gestión_del_Cambio_3738/Gestión_del_Cambio_94-03_05526",
      "term_results_folder": "crData/Gestión_del_Cambio_3738/Gestión_del_Cambio_94-03_05526/term_results",
      "merged": "crData/Gestión_del_Cambio_3738/Gestión_del_Cambio_94-03_05526/merged_results.json",
      "filtered": "crData/Gestión_del_Cambio_3738/Gestión_del_Cambio_94-03_05526/filtered_results.json",
      "final": "crData/Gestión_del_Cambio_3738/Gestión_del_Cambio_94-03_05526/final_results.json",
      "statistics": "crData/Gestión_del_Cambio_3738/Gestión_del_Cambio_94-03_05526/statistics_results.json"
    },
    "94-04": {
      "base_folder": "crData/Gestión_del_Cambio_3738/Gestión_del_Cambio_94-04_06035",
      "term_results_folder": "crData/Gestión_del_Cambio_3738/Gestión_del_Cambio_94-04_06035/term_results",
      "merged": "crData/Gestión_del_Cambio_3738/Gestión_del_Cambio_94-04_06035/merged_results.json",
      "filtered": "crData/Gestión_del_Cambio_3738/Gestión_del_Cambio_94-04_06035/filtered_results.json",
      "final": "crData/Gestión_del_Cambio_3738/Gestión_del_Cambio_94-04_06035/final_results.json",
      "statistics": "crData/Gestión_del_Cambio_3738/Gestión_del_Cambio_94-04_06035/statistics_results.json"
    },
    "94-05": {
      "base_folder": "crData/Gestión_del_Cambio_3738/Gestión_del_Cambio_94-05_06137",
      "term_results_folder": "crData/Gestión_del_Cambio_3738/Gestión_del_Cambio_94-05_06137/term_results",
      "merged": "crData/Gestión_del_Cambio_3738/Gestión_del_Cambio_94-05_06137/merged_results.json",
      "filtered": "crData/Gestión_del_Cambio_3738/Gestión_del_Cambio_94-05_06137/filtered_results.json",
      "final": "crData/Gestión_del_Cambio_3738/Gestión_del_Cambio_94-05_06137/final_results.json",
      "statistics": "crData/Gestión_del_Cambio_3738/Gestión_del_Cambio_94-05_06137/statistics_results.json"
    },
    "94-06": {
      "base_folder": "crData/Gestión_del_Cambio_3738/Gestión_del_Cambio_94-06_06221",
      "term_results_folder": "crData/Gestión_del_Cambio_3738/Gestión_del_Cambio_94-06_06221/term_results",
      "merged": "crData/Gestión_del_Cambio_3738/Gestión_del_Cambio_94-06_06221/merged_results.json",
      "filtered": "crData/Gestión_del_Cambio_3738/Gestión_del_Cambio_94-06_06221/filtered_results.json",
      "final": "crData/Gestión_del_Cambio_3738/Gestión_del_Cambio_94-06_06221/final_results.json",
      "statistics": "crData/Gestión_del_Cambio_3738/Gestión_del_Cambio_94-06_06221/statistics_results.json"
    },
    "94-07": {
      "base_folder": "crData/Gestión_del_Cambio_3738/Gestión_del_Cambio_94-07_06319",
      "term_results_folder": "crData/Gestión_del_Cambio_3738/Gestión_del_Cambio_94-07_06319/term_results",
      "merged": "crData/Gestión_del_Cambio_3738/Gestión_del_Cambio_94-07_06319/merged_results.json",
      "filtered": "crData/Gestión_del_Cambio_3738/Gestión_del_Cambio_94-07_06319/filtered_results.json",
      "final": "crData/Gestión_del_Cambio_3738/Gestión_del_Cambio_94-07_06319/final_results.json",
      "statistics": "crData/Gestión_del_Cambio_3738/Gestión_del_Cambio_94-07_06319/statistics_results.json"
    },
    "94-08": {
      "base_folder": "crData/Gestión_del_Cambio_3738/Gestión_del_Cambio_94-08_06396",
      "term_results_folder": "crData/Gestión_del_Cambio_3738/Gestión_del_Cambio_94-08_06396/term_results",
      "merged": "crData/Gestión_del_Cambio_3738/Gestión_del_Cambio_94-08_06396/merged_results.json",
      "filtered": "crData/Gestión_del_Cambio_3738/Gestión_del_Cambio_94-08_06396/filtered_results.json",
      "final": "crData/Gestión_del_Cambio_3738/Gestión_del_Cambio_94-08_06396/final_results.json",
      "statistics": "crData/Gestión_del_Cambio_3738/Gestión_del_Cambio_94-08_06396/statistics_results.json"
    },
    "94-09": {
      "base_folder": "crData/Gestión_del_Cambio_3738/Gestión_del_Cambio_94-09_06485",
      "term_results_folder": "crData/Gestión_del_Cambio_3738/Gestión_del_Cambio_94-09_06485/term_results",
      "merged": "crData/Gestión_del_Cambio_3738/Gestión_del_Cambio_94-09_06485/merged_results.json",
      "filtered": "crData/Gestión_del_Cambio_3738/Gestión_del_Cambio_94-09_06485/filtered_results.json",
      "final": "crData/Gestión_del_Cambio_3738/Gestión_del_Cambio_94-09_06485/final_results.json",
      "statistics": "crData/Gestión_del_Cambio_3738/Gestión_del_Cambio_94-09_06485/statistics_results.json"
    },
    "94-10": {
      "base_folder": "crData/Gestión_del_Cambio_3738/Gestión_del_Cambio_94-10_06596",
      "term_results_folder": "crData/Gestión_del_Cambio_3738/Gestión_del_Cambio_94-10_06596/term_results",
      "merged": "crData/Gestión_del_Cambio_3738/Gestión_del_Cambio_94-10_06596/merged_results.json",
      "filtered": "crData/Gestión_del_Cambio_3738/Gestión_del_Cambio_94-10_06596/filtered_results.json",
      "final": "crData/Gestión_del_Cambio_3738/Gestión_del_Cambio_94-10_06596/final_results.json",
      "statistics": "crData/Gestión_del_Cambio_3738/Gestión_del_Cambio_94-10_06596/statistics_results.json"
    },
    "94-11": {
      "base_folder": "crData/Gestión_del_Cambio_3738/Gestión_del_Cambio_94-11_07097",
      "term_results_folder": "crData/Gestión_del_Cambio_3738/Gestión_del_Cambio_94-11_07097/term_results",
      "merged": "crData/Gestión_del_Cambio_3738/Gestión_del_Cambio_94-11_07097/merged_results.json",
      "filtered": "crData/Gestión_del_Cambio_3738/Gestión_del_Cambio_94-11_07097/filtered_results.json",
      "final": "crData/Gestión_del_Cambio_3738/Gestión_del_Cambio_94-11_07097/final_results.json",
      "statistics": "crData/Gestión_del_Cambio_3738/Gestión_del_Cambio_94-11_07097/statistics_results.json"
    },
    "94-12": {
      "base_folder": "crData/Gestión_del_Cambio_3738/Gestión_del_Cambio_94-12_07174",
      "term_results_folder": "crData/Gestión_del_Cambio_3738/Gestión_del_Cambio_94-12_07174/term_results",
      "merged": "crData/Gestión_del_Cambio_3738/Gestión_del_Cambio_94-12_07174/merged_results.json",
      "filtered": "crData/Gestión_del_Cambio_3738/Gestión_del_Cambio_94-12_07174/filtered_results.json",
      "final": "crData/Gestión_del_Cambio_3738/Gestión_del_Cambio_94-12_07174/final_results.json",
      "statistics": "crData/Gestión_del_Cambio_3738/Gestión_del_Cambio_94-12_07174/statistics_results.json"
    }
  }
}