{
  "tool_name": "Gestión de Costos",
  "year": "1959",
  "monthly_stats": {
    "59-01": {
      "tool_name": "Gestión de Costos",
      "batch_id": "28455",
      "date": "59-01",
      "initial_count": 426,
      "filtered_count": 0,
      "final_count": 0,
      "duplicate_count": 0,
      "terms": {
        "Activity": 363,
        "Based": 63
      },
      "file_paths": {
        "base_folder": "crData/Gestión_de_Costos_6407/Gestión_de_Costos_59-01_28455",
        "term_results_folder": "crData/Gestión_de_Costos_6407/Gestión_de_Costos_59-01_28455/term_results",
        "merged": "crData/Gestión_de_Costos_6407/Gestión_de_Costos_59-01_28455/merged_results.json",
        "filtered": "crData/Gestión_de_Costos_6407/Gestión_de_Costos_59-01_28455/filtered_results.json",
        "final": "crData/Gestión_de_Costos_6407/Gestión_de_Costos_59-01_28455/final_results.json",
        "statistics": "crData/Gestión_de_Costos_6407/Gestión_de_Costos_59-01_28455/statistics_results.json"
      },
      "processing_time": 5.026282072067261,
      "total_crossref": 82487,
      "crossref_percentage": 0.0
    },
    "59-02": {
      "tool_name": "Gestión de Costos",
      "batch_id": "28520",
      "date": "59-02",
      "initial_count": 81,
      "filtered_count": 0,
      "final_count": 0,
      "duplicate_count": 0,
      "terms": {
        "Activity": 70,
        "Based": 11
      },
      "file_paths": {
        "base_folder": "crData/Gestión_de_Costos_6407/Gestión_de_Costos_59-02_28520",
        "term_results_folder": "crData/Gestión_de_Costos_6407/Gestión_de_Costos_59-02_28520/term_results",
        "merged": "crData/Gestión_de_Costos_6407/Gestión_de_Costos_59-02_28520/merged_results.json",
        "filtered": "crData/Gestión_de_Costos_6407/Gestión_de_Costos_59-02_28520/filtered_results.json",
        "final": "crData/Gestión_de_Costos_6407/Gestión_de_Costos_59-02_28520/final_results.json",
        "statistics": "crData/Gestión_de_Costos_6407/Gestión_de_Costos_59-02_28520/statistics_results.json"
      },
      "processing_time": 2.6503210067749023,
      "total_crossref": 11784,
      "crossref_percentage": 0.0
    },
    "59-03": {
      "tool_name": "Gestión de Costos",
      "batch_id": "28562",
      "date": "59-03",
      "initial_count": 95,
      "filtered_count": 0,
      "final_count": 0,
      "duplicate_count": 0,
      "terms": {
        "Activity": 78,
        "Based": 17
      },
      "file_paths": {
        "base_folder": "crData/Gestión_de_Costos_6407/Gestión_de_Costos_59-03_28562",
        "term_results_folder": "crData/Gestión_de_Costos_6407/Gestión_de_Costos_59-03_28562/term_results",
        "merged": "crData/Gestión_de_Costos_6407/Gestión_de_Costos_59-03_28562/merged_results.json",
        "filtered": "crData/Gestión_de_Costos_6407/Gestión_de_Costos_59-03_28562/filtered_results.json",
        "final": "crData/Gestión_de_Costos_6407/Gestión_de_Costos_59-03_28562/final_results.json",
        "statistics": "crData/Gestión_de_Costos_6407/Gestión_de_Costos_59-03_28562/statistics_results.json"
      },
      "processing_time": 2.8296031951904297,
      "total_crossref": 15925,
      "crossref_percentage": 0.0
    },
    "59-04": {
      "tool_name": "Gestión de Costos",
      "batch_id": "29005",
      "date": "59-04",
      "initial_count": 92,
      "filtered_count": 0,
      "final_count": 0,
      "duplicate_count": 0,
      "terms": {
        "Activity": 75,
        "Based": 17
      },
      "file_paths": {
        "base_folder": "crData/Gestión_de_Costos_6407/Gestión_de_Costos_59-04_29005",
        "term_results_folder": "crData/Gestión_de_Costos_6407/Gestión_de_Costos_59-04_29005/term_results",
        "merged": "crData/Gestión_de_Costos_6407/Gestión_de_Costos_59-04_29005/merged_results.json",
        "filtered": "crData/Gestión_de_Costos_6407/Gestión_de_Costos_59-04_29005/filtered_results.json",
        "final": "crData/Gestión_de_Costos_6407/Gestión_de_Costos_59-04_29005/final_results.json",
        "statistics": "crData/Gestión_de_Costos_6407/Gestión_de_Costos_59-04_29005/statistics_results.json"
      },
      "processing_time": 4.778887033462524,
      "total_crossref": 15407,
      "crossref_percentage": 0.0
    },
    "59-05": {
      "tool_name": "Gestión de Costos",
      "batch_id": "29068",
      "date": "59-05",
      "initial_count": 88,
      "filtered_count": 0,
      "final_count": 0,
      "duplicate_count": 0,
      "terms": {
        "Activity": 79,
        "Based": 9
      },
      "file_paths": {
        "base_folder": "crData/Gestión_de_Costos_6407/Gestión_de_Costos_59-05_29068",
        "term_results_folder": "crData/Gestión_de_Costos_6407/Gestión_de_Costos_59-05_29068/term_results",
        "merged": "crData/Gestión_de_Costos_6407/Gestión_de_Costos_59-05_29068/merged_results.json",
        "filtered": "crData/Gestión_de_Costos_6407/Gestión_de_Costos_59-05_29068/filtered_results.json",
        "final": "crData/Gestión_de_Costos_6407/Gestión_de_Costos_59-05_29068/final_results.json",
        "statistics": "crData/Gestión_de_Costos_6407/Gestión_de_Costos_59-05_29068/statistics_results.json"
      },
      "processing_time": 3.1003992557525635,
      "total_crossref": 13768,
      "crossref_percentage": 0.0
    },
    "59-06": {
      "tool_name": "Gestión de Costos",
      "batch_id": "29114",
      "date": "59-06",
      "initial_count": 106,
      "filtered_count": 0,
      "final_count": 0,
      "duplicate_count": 0,
      "terms": {
        "Activity": 86,
        "Based": 20
      },
      "file_paths": {
        "base_folder": "crData/Gestión_de_Costos_6407/Gestión_de_Costos_59-06_29114",
        "term_results_folder": "crData/Gestión_de_Costos_6407/Gestión_de_Costos_59-06_29114/term_results",
        "merged": "crData/Gestión_de_Costos_6407/Gestión_de_Costos_59-06_29114/merged_results.json",
        "filtered": "crData/Gestión_de_Costos_6407/Gestión_de_Costos_59-06_29114/filtered_results.json",
        "final": "crData/Gestión_de_Costos_6407/Gestión_de_Costos_59-06_29114/final_results.json",
        "statistics": "crData/Gestión_de_Costos_6407/Gestión_de_Costos_59-06_29114/statistics_results.json"
      },
      "processing_time": 2.08620285987854,
      "total_crossref": 14654,
      "crossref_percentage": 0.0
    },
    "59-07": {
      "tool_name": "Gestión de Costos",
      "batch_id": "29150",
      "date": "59-07",
      "initial_count": 88,
      "filtered_count": 0,
      "final_count": 0,
      "duplicate_count": 0,
      "terms": {
        "Activity": 71,
        "Based": 17
      },
      "file_paths": {
        "base_folder": "crData/Gestión_de_Costos_6407/Gestión_de_Costos_59-07_29150",
        "term_results_folder": "crData/Gestión_de_Costos_6407/Gestión_de_Costos_59-07_29150/term_results",
        "merged": "crData/Gestión_de_Costos_6407/Gestión_de_Costos_59-07_29150/merged_results.json",
        "filtered": "crData/Gestión_de_Costos_6407/Gestión_de_Costos_59-07_29150/filtered_results.json",
        "final": "crData/Gestión_de_Costos_6407/Gestión_de_Costos_59-07_29150/final_results.json",
        "statistics": "crData/Gestión_de_Costos_6407/Gestión_de_Costos_59-07_29150/statistics_results.json"
      },
      "processing_time": 3.941652297973633,
      "total_crossref": 14307,
      "crossref_percentage": 0.0
    },
    "59-08": {
      "tool_name": "Gestión de Costos",
      "batch_id": "29204",
      "date": "59-08",
      "initial_count": 97,
      "filtered_count": 0,
      "final_count": 0,
      "duplicate_count": 0,
      "terms": {
        "Activity": 82,
        "Based": 15
      },
      "file_paths": {
        "base_folder": "crData/Gestión_de_Costos_6407/Gestión_de_Costos_59-08_29204",
        "term_results_folder": "crData/Gestión_de_Costos_6407/Gestión_de_Costos_59-08_29204/term_results",
        "merged": "crData/Gestión_de_Costos_6407/Gestión_de_Costos_59-08_29204/merged_results.json",
        "filtered": "crData/Gestión_de_Costos_6407/Gestión_de_Costos_59-08_29204/filtered_results.json",
        "final": "crData/Gestión_de_Costos_6407/Gestión_de_Costos_59-08_29204/final_results.json",
        "statistics": "crData/Gestión_de_Costos_6407/Gestión_de_Costos_59-08_29204/statistics_results.json"
      },
      "processing_time": 2.4467642307281494,
      "total_crossref": 10862,
      "crossref_percentage": 0.0
    },
    "59-09": {
      "tool_name": "Gestión de Costos",
      "batch_id": "29244",
      "date": "59-09",
      "initial_count": 100,
      "filtered_count": 0,
      "final_count": 0,
      "duplicate_count": 0,
      "terms": {
        "Activity": 80,
        "Based": 20
      },
      "file_paths": {
        "base_folder": "crData/Gestión_de_Costos_6407/Gestión_de_Costos_59-09_29244",
        "term_results_folder": "crData/Gestión_de_Costos_6407/Gestión_de_Costos_59-09_29244/term_results",
        "merged": "crData/Gestión_de_Costos_6407/Gestión_de_Costos_59-09_29244/merged_results.json",
        "filtered": "crData/Gestión_de_Costos_6407/Gestión_de_Costos_59-09_29244/filtered_results.json",
        "final": "crData/Gestión_de_Costos_6407/Gestión_de_Costos_59-09_29244/final_results.json",
        "statistics": "crData/Gestión_de_Costos_6407/Gestión_de_Costos_59-09_29244/statistics_results.json"
      },
      "processing_time": 2.6821558475494385,
      "total_crossref": 15877,
      "crossref_percentage": 0.0
    },
    "59-10": {
      "tool_name": "Gestión de Costos",
      "batch_id": "29286",
      "date": "59-10",
      "initial_count": 98,
      "filtered_count": 0,
      "final_count": 0,
      "duplicate_count": 0,
      "terms": {
        "Activity": 82,
        "Based": 16
      },
      "file_paths": {
        "base_folder": "crData/Gestión_de_Costos_6407/Gestión_de_Costos_59-10_29286",
        "term_results_folder": "crData/Gestión_de_Costos_6407/Gestión_de_Costos_59-10_29286/term_results",
        "merged": "crData/Gestión_de_Costos_6407/Gestión_de_Costos_59-10_29286/merged_results.json",
        "filtered": "crData/Gestión_de_Costos_6407/Gestión_de_Costos_59-10_29286/filtered_results.json",
        "final": "crData/Gestión_de_Costos_6407/Gestión_de_Costos_59-10_29286/final_results.json",
        "statistics": "crData/Gestión_de_Costos_6407/Gestión_de_Costos_59-10_29286/statistics_results.json"
      },
      "processing_time": 3.2225289344787598,
      "total_crossref": 15520,
      "crossref_percentage": 0.0
    },
    "59-11": {
      "tool_name": "Gestión de Costos",
      "batch_id": "29333",
      "date": "59-11",
      "initial_count": 76,
      "filtered_count": 0,
      "final_count": 0,
      "duplicate_count": 0,
      "terms": {
        "Activity": 65,
        "Based": 11
      },
      "file_paths": {
        "base_folder": "crData/Gestión_de_Costos_6407/Gestión_de_Costos_59-11_29333",
        "term_results_folder": "crData/Gestión_de_Costos_6407/Gestión_de_Costos_59-11_29333/term_results",
        "merged": "crData/Gestión_de_Costos_6407/Gestión_de_Costos_59-11_29333/merged_results.json",
        "filtered": "crData/Gestión_de_Costos_6407/Gestión_de_Costos_59-11_29333/filtered_results.json",
        "final": "crData/Gestión_de_Costos_6407/Gestión_de_Costos_59-11_29333/final_results.json",
        "statistics": "crData/Gestión_de_Costos_6407/Gestión_de_Costos_59-11_29333/statistics_results.json"
      },
      "processing_time": 3.489845037460327,
      "total_crossref": 14158,
      "crossref_percentage": 0.0
    },
    "59-12": {
      "tool_name": "Gestión de Costos",
      "batch_id": "29383",
      "date": "59-12",
      "initial_count": 137,
      "filtered_count": 0,
      "final_count": 0,
      "duplicate_count": 0,
      "terms": {
        "Activity": 95,
        "Based": 42
      },
      "file_paths": {
        "base_folder": "crData/Gestión_de_Costos_6407/Gestión_de_Costos_59-12_29383",
        "term_results_folder": "crData/Gestión_de_Costos_6407/Gestión_de_Costos_59-12_29383/term_results",
        "merged": "crData/Gestión_de_Costos_6407/Gestión_de_Costos_59-12_29383/merged_results.json",
        "filtered": "crData/Gestión_de_Costos_6407/Gestión_de_Costos_59-12_29383/filtered_results.json",
        "final": "crData/Gestión_de_Costos_6407/Gestión_de_Costos_59-12_29383/final_results.json",
        "statistics": "crData/Gestión_de_Costos_6407/Gestión_de_Costos_59-12_29383/statistics_results.json"
      },
      "processing_time": 2.4338929653167725,
      "total_crossref": 28403,
      "crossref_percentage": 0.0
    }
  },
  "total_duplicates": 0,
  "monthly_files": {
    "59-01": {
      "base_folder": "crData/Gestión_de_Costos_6407/Gestión_de_Costos_59-01_28455",
      "term_results_folder": "crData/Gestión_de_Costos_6407/Gestión_de_Costos_59-01_28455/term_results",
      "merged": "crData/Gestión_de_Costos_6407/Gestión_de_Costos_59-01_28455/merged_results.json",
      "filtered": "crData/Gestión_de_Costos_6407/Gestión_de_Costos_59-01_28455/filtered_results.json",
      "final": "crData/Gestión_de_Costos_6407/Gestión_de_Costos_59-01_28455/final_results.json",
      "statistics": "crData/Gestión_de_Costos_6407/Gestión_de_Costos_59-01_28455/statistics_results.json"
    },
    "59-02": {
      "base_folder": "crData/Gestión_de_Costos_6407/Gestión_de_Costos_59-02_28520",
      "term_results_folder": "crData/Gestión_de_Costos_6407/Gestión_de_Costos_59-02_28520/term_results",
      "merged": "crData/Gestión_de_Costos_6407/Gestión_de_Costos_59-02_28520/merged_results.json",
      "filtered": "crData/Gestión_de_Costos_6407/Gestión_de_Costos_59-02_28520/filtered_results.json",
      "final": "crData/Gestión_de_Costos_6407/Gestión_de_Costos_59-02_28520/final_results.json",
      "statistics": "crData/Gestión_de_Costos_6407/Gestión_de_Costos_59-02_28520/statistics_results.json"
    },
    "59-03": {
      "base_folder": "crData/Gestión_de_Costos_6407/Gestión_de_Costos_59-03_28562",
      "term_results_folder": "crData/Gestión_de_Costos_6407/Gestión_de_Costos_59-03_28562/term_results",
      "merged": "crData/Gestión_de_Costos_6407/Gestión_de_Costos_59-03_28562/merged_results.json",
      "filtered": "crData/Gestión_de_Costos_6407/Gestión_de_Costos_59-03_28562/filtered_results.json",
      "final": "crData/Gestión_de_Costos_6407/Gestión_de_Costos_59-03_28562/final_results.json",
      "statistics": "crData/Gestión_de_Costos_6407/Gestión_de_Costos_59-03_28562/statistics_results.json"
    },
    "59-04": {
      "base_folder": "crData/Gestión_de_Costos_6407/Gestión_de_Costos_59-04_29005",
      "term_results_folder": "crData/Gestión_de_Costos_6407/Gestión_de_Costos_59-04_29005/term_results",
      "merged": "crData/Gestión_de_Costos_6407/Gestión_de_Costos_59-04_29005/merged_results.json",
      "filtered": "crData/Gestión_de_Costos_6407/Gestión_de_Costos_59-04_29005/filtered_results.json",
      "final": "crData/Gestión_de_Costos_6407/Gestión_de_Costos_59-04_29005/final_results.json",
      "statistics": "crData/Gestión_de_Costos_6407/Gestión_de_Costos_59-04_29005/statistics_results.json"
    },
    "59-05": {
      "base_folder": "crData/Gestión_de_Costos_6407/Gestión_de_Costos_59-05_29068",
      "term_results_folder": "crData/Gestión_de_Costos_6407/Gestión_de_Costos_59-05_29068/term_results",
      "merged": "crData/Gestión_de_Costos_6407/Gestión_de_Costos_59-05_29068/merged_results.json",
      "filtered": "crData/Gestión_de_Costos_6407/Gestión_de_Costos_59-05_29068/filtered_results.json",
      "final": "crData/Gestión_de_Costos_6407/Gestión_de_Costos_59-05_29068/final_results.json",
      "statistics": "crData/Gestión_de_Costos_6407/Gestión_de_Costos_59-05_29068/statistics_results.json"
    },
    "59-06": {
      "base_folder": "crData/Gestión_de_Costos_6407/Gestión_de_Costos_59-06_29114",
      "term_results_folder": "crData/Gestión_de_Costos_6407/Gestión_de_Costos_59-06_29114/term_results",
      "merged": "crData/Gestión_de_Costos_6407/Gestión_de_Costos_59-06_29114/merged_results.json",
      "filtered": "crData/Gestión_de_Costos_6407/Gestión_de_Costos_59-06_29114/filtered_results.json",
      "final": "crData/Gestión_de_Costos_6407/Gestión_de_Costos_59-06_29114/final_results.json",
      "statistics": "crData/Gestión_de_Costos_6407/Gestión_de_Costos_59-06_29114/statistics_results.json"
    },
    "59-07": {
      "base_folder": "crData/Gestión_de_Costos_6407/Gestión_de_Costos_59-07_29150",
      "term_results_folder": "crData/Gestión_de_Costos_6407/Gestión_de_Costos_59-07_29150/term_results",
      "merged": "crData/Gestión_de_Costos_6407/Gestión_de_Costos_59-07_29150/merged_results.json",
      "filtered": "crData/Gestión_de_Costos_6407/Gestión_de_Costos_59-07_29150/filtered_results.json",
      "final": "crData/Gestión_de_Costos_6407/Gestión_de_Costos_59-07_29150/final_results.json",
      "statistics": "crData/Gestión_de_Costos_6407/Gestión_de_Costos_59-07_29150/statistics_results.json"
    },
    "59-08": {
      "base_folder": "crData/Gestión_de_Costos_6407/Gestión_de_Costos_59-08_29204",
      "term_results_folder": "crData/Gestión_de_Costos_6407/Gestión_de_Costos_59-08_29204/term_results",
      "merged": "crData/Gestión_de_Costos_6407/Gestión_de_Costos_59-08_29204/merged_results.json",
      "filtered": "crData/Gestión_de_Costos_6407/Gestión_de_Costos_59-08_29204/filtered_results.json",
      "final": "crData/Gestión_de_Costos_6407/Gestión_de_Costos_59-08_29204/final_results.json",
      "statistics": "crData/Gestión_de_Costos_6407/Gestión_de_Costos_59-08_29204/statistics_results.json"
    },
    "59-09": {
      "base_folder": "crData/Gestión_de_Costos_6407/Gestión_de_Costos_59-09_29244",
      "term_results_folder": "crData/Gestión_de_Costos_6407/Gestión_de_Costos_59-09_29244/term_results",
      "merged": "crData/Gestión_de_Costos_6407/Gestión_de_Costos_59-09_29244/merged_results.json",
      "filtered": "crData/Gestión_de_Costos_6407/Gestión_de_Costos_59-09_29244/filtered_results.json",
      "final": "crData/Gestión_de_Costos_6407/Gestión_de_Costos_59-09_29244/final_results.json",
      "statistics": "crData/Gestión_de_Costos_6407/Gestión_de_Costos_59-09_29244/statistics_results.json"
    },
    "59-10": {
      "base_folder": "crData/Gestión_de_Costos_6407/Gestión_de_Costos_59-10_29286",
      "term_results_folder": "crData/Gestión_de_Costos_6407/Gestión_de_Costos_59-10_29286/term_results",
      "merged": "crData/Gestión_de_Costos_6407/Gestión_de_Costos_59-10_29286/merged_results.json",
      "filtered": "crData/Gestión_de_Costos_6407/Gestión_de_Costos_59-10_29286/filtered_results.json",
      "final": "crData/Gestión_de_Costos_6407/Gestión_de_Costos_59-10_29286/final_results.json",
      "statistics": "crData/Gestión_de_Costos_6407/Gestión_de_Costos_59-10_29286/statistics_results.json"
    },
    "59-11": {
      "base_folder": "crData/Gestión_de_Costos_6407/Gestión_de_Costos_59-11_29333",
      "term_results_folder": "crData/Gestión_de_Costos_6407/Gestión_de_Costos_59-11_29333/term_results",
      "merged": "crData/Gestión_de_Costos_6407/Gestión_de_Costos_59-11_29333/merged_results.json",
      "filtered": "crData/Gestión_de_Costos_6407/Gestión_de_Costos_59-11_29333/filtered_results.json",
      "final": "crData/Gestión_de_Costos_6407/Gestión_de_Costos_59-11_29333/final_results.json",
      "statistics": "crData/Gestión_de_Costos_6407/Gestión_de_Costos_59-11_29333/statistics_results.json"
    },
    "59-12": {
      "base_folder": "crData/Gestión_de_Costos_6407/Gestión_de_Costos_59-12_29383",
      "term_results_folder": "crData/Gestión_de_Costos_6407/Gestión_de_Costos_59-12_29383/term_results",
      "merged": "crData/Gestión_de_Costos_6407/Gestión_de_Costos_59-12_29383/merged_results.json",
      "filtered": "crData/Gestión_de_Costos_6407/Gestión_de_Costos_59-12_29383/filtered_results.json",
      "final": "crData/Gestión_de_Costos_6407/Gestión_de_Costos_59-12_29383/final_results.json",
      "statistics": "crData/Gestión_de_Costos_6407/Gestión_de_Costos_59-12_29383/statistics_results.json"
    }
  }
}