{
  "tool_name": "Gestión del Conocimiento",
  "year": "2023",
  "monthly_stats": {
    "23-01": {
      "tool_name": "Gestión del Conocimiento",
      "batch_id": "25033",
      "date": "23-01",
      "initial_count": 86627,
      "filtered_count": 939,
      "final_count": 543,
      "duplicate_count": 0,
      "terms": {
        "Knowledge": 14926,
        "Management": 72141
      },
      "file_paths": {
        "base_folder": "crData/Gestión_del_Conocimiento_6477/Gestión_del_Conocimiento_23-01_25033",
        "term_results_folder": "crData/Gestión_del_Conocimiento_6477/Gestión_del_Conocimiento_23-01_25033/term_results",
        "merged": "crData/Gestión_del_Conocimiento_6477/Gestión_del_Conocimiento_23-01_25033/merged_results.json",
        "filtered": "crData/Gestión_del_Conocimiento_6477/Gestión_del_Conocimiento_23-01_25033/filtered_results.json",
        "final": "crData/Gestión_del_Conocimiento_6477/Gestión_del_Conocimiento_23-01_25033/final_results.json",
        "statistics": "crData/Gestión_del_Conocimiento_6477/Gestión_del_Conocimiento_23-01_25033/statistics_results.json"
      },
      "processing_time": 316.28443002700806,
      "total_crossref": 1841239,
      "crossref_percentage": 0.029491011215817174
    },
    "23-02": {
      "tool_name": "Gestión del Conocimiento",
      "batch_id": "30211",
      "date": "23-02",
      "initial_count": 15543,
      "filtered_count": 174,
      "final_count": 100,
      "duplicate_count": 0,
      "terms": {
        "Knowledge": 2596,
        "Management": 13062
      },
      "file_paths": {
        "base_folder": "crData/Gestión_del_Conocimiento_6477/Gestión_del_Conocimiento_23-02_30211",
        "term_results_folder": "crData/Gestión_del_Conocimiento_6477/Gestión_del_Conocimiento_23-02_30211/term_results",
        "merged": "crData/Gestión_del_Conocimiento_6477/Gestión_del_Conocimiento_23-02_30211/merged_results.json",
        "filtered": "crData/Gestión_del_Conocimiento_6477/Gestión_del_Conocimiento_23-02_30211/filtered_results.json",
        "final": "crData/Gestión_del_Conocimiento_6477/Gestión_del_Conocimiento_23-02_30211/final_results.json",
        "statistics": "crData/Gestión_del_Conocimiento_6477/Gestión_del_Conocimiento_23-02_30211/statistics_results.json"
      },
      "processing_time": 77.07177186012268,
      "total_crossref": 434547,
      "crossref_percentage": 0.02301247045774105
    },
    "23-03": {
      "tool_name": "Gestión del Conocimiento",
      "batch_id": "31397",
      "date": "23-03",
      "initial_count": 21607,
      "filtered_count": 185,
      "final_count": 107,
      "duplicate_count": 0,
      "terms": {
        "Knowledge": 4199,
        "Management": 17543
      },
      "file_paths": {
        "base_folder": "crData/Gestión_del_Conocimiento_6477/Gestión_del_Conocimiento_23-03_31397",
        "term_results_folder": "crData/Gestión_del_Conocimiento_6477/Gestión_del_Conocimiento_23-03_31397/term_results",
        "merged": "crData/Gestión_del_Conocimiento_6477/Gestión_del_Conocimiento_23-03_31397/merged_results.json",
        "filtered": "crData/Gestión_del_Conocimiento_6477/Gestión_del_Conocimiento_23-03_31397/filtered_results.json",
        "final": "crData/Gestión_del_Conocimiento_6477/Gestión_del_Conocimiento_23-03_31397/final_results.json",
        "statistics": "crData/Gestión_del_Conocimiento_6477/Gestión_del_Conocimiento_23-03_31397/statistics_results.json"
      },
      "processing_time": 76.17551875114441,
      "total_crossref": 2400009,
      "crossref_percentage": 0.004458316614646028
    },
    "23-04": {
      "tool_name": "Gestión del Conocimiento",
      "batch_id": "32574",
      "date": "23-04",
      "initial_count": 18325,
      "filtered_count": 145,
      "final_count": 88,
      "duplicate_count": 0,
      "terms": {
        "Knowledge": 3925,
        "Management": 14570
      },
      "file_paths": {
        "base_folder": "crData/Gestión_del_Conocimiento_6477/Gestión_del_Conocimiento_23-04_32574",
        "term_results_folder": "crData/Gestión_del_Conocimiento_6477/Gestión_del_Conocimiento_23-04_32574/term_results",
        "merged": "crData/Gestión_del_Conocimiento_6477/Gestión_del_Conocimiento_23-04_32574/merged_results.json",
        "filtered": "crData/Gestión_del_Conocimiento_6477/Gestión_del_Conocimiento_23-04_32574/filtered_results.json",
        "final": "crData/Gestión_del_Conocimiento_6477/Gestión_del_Conocimiento_23-04_32574/final_results.json",
        "statistics": "crData/Gestión_del_Conocimiento_6477/Gestión_del_Conocimiento_23-04_32574/statistics_results.json"
      },
      "processing_time": 68.67641305923462,
      "total_crossref": 581438,
      "crossref_percentage": 0.015134889704491278
    },
    "23-05": {
      "tool_name": "Gestión del Conocimiento",
      "batch_id": "34076",
      "date": "23-05",
      "initial_count": 19076,
      "filtered_count": 196,
      "final_count": 108,
      "duplicate_count": 0,
      "terms": {
        "Knowledge": 3214,
        "Management": 15989
      },
      "file_paths": {
        "base_folder": "crData/Gestión_del_Conocimiento_6477/Gestión_del_Conocimiento_23-05_34076",
        "term_results_folder": "crData/Gestión_del_Conocimiento_6477/Gestión_del_Conocimiento_23-05_34076/term_results",
        "merged": "crData/Gestión_del_Conocimiento_6477/Gestión_del_Conocimiento_23-05_34076/merged_results.json",
        "filtered": "crData/Gestión_del_Conocimiento_6477/Gestión_del_Conocimiento_23-05_34076/filtered_results.json",
        "final": "crData/Gestión_del_Conocimiento_6477/Gestión_del_Conocimiento_23-05_34076/final_results.json",
        "statistics": "crData/Gestión_del_Conocimiento_6477/Gestión_del_Conocimiento_23-05_34076/statistics_results.json"
      },
      "processing_time": 74.3679358959198,
      "total_crossref": 549502,
      "crossref_percentage": 0.019654159584496508
    },
    "23-06": {
      "tool_name": "Gestión del Conocimiento",
      "batch_id": "35235",
      "date": "23-06",
      "initial_count": 23692,
      "filtered_count": 307,
      "final_count": 172,
      "duplicate_count": 0,
      "terms": {
        "Knowledge": 4454,
        "Management": 19469
      },
      "file_paths": {
        "base_folder": "crData/Gestión_del_Conocimiento_6477/Gestión_del_Conocimiento_23-06_35235",
        "term_results_folder": "crData/Gestión_del_Conocimiento_6477/Gestión_del_Conocimiento_23-06_35235/term_results",
        "merged": "crData/Gestión_del_Conocimiento_6477/Gestión_del_Conocimiento_23-06_35235/merged_results.json",
        "filtered": "crData/Gestión_del_Conocimiento_6477/Gestión_del_Conocimiento_23-06_35235/filtered_results.json",
        "final": "crData/Gestión_del_Conocimiento_6477/Gestión_del_Conocimiento_23-06_35235/final_results.json",
        "statistics": "crData/Gestión_del_Conocimiento_6477/Gestión_del_Conocimiento_23-06_35235/statistics_results.json"
      },
      "processing_time": 92.35330009460449,
      "total_crossref": 643435,
      "crossref_percentage": 0.02673152688305734
    },
    "23-07": {
      "tool_name": "Gestión del Conocimiento",
      "batch_id": "36573",
      "date": "23-07",
      "initial_count": 19541,
      "filtered_count": 227,
      "final_count": 130,
      "duplicate_count": 0,
      "terms": {
        "Knowledge": 3884,
        "Management": 15813
      },
      "file_paths": {
        "base_folder": "crData/Gestión_del_Conocimiento_6477/Gestión_del_Conocimiento_23-07_36573",
        "term_results_folder": "crData/Gestión_del_Conocimiento_6477/Gestión_del_Conocimiento_23-07_36573/term_results",
        "merged": "crData/Gestión_del_Conocimiento_6477/Gestión_del_Conocimiento_23-07_36573/merged_results.json",
        "filtered": "crData/Gestión_del_Conocimiento_6477/Gestión_del_Conocimiento_23-07_36573/filtered_results.json",
        "final": "crData/Gestión_del_Conocimiento_6477/Gestión_del_Conocimiento_23-07_36573/final_results.json",
        "statistics": "crData/Gestión_del_Conocimiento_6477/Gestión_del_Conocimiento_23-07_36573/statistics_results.json"
      },
      "processing_time": 77.82756900787354,
      "total_crossref": 531638,
      "crossref_percentage": 0.024452729112666893
    },
    "23-08": {
      "tool_name": "Gestión del Conocimiento",
      "batch_id": "38167",
      "date": "23-08",
      "initial_count": 23767,
      "filtered_count": 211,
      "final_count": 118,
      "duplicate_count": 0,
      "terms": {
        "Knowledge": 4242,
        "Management": 19656
      },
      "file_paths": {
        "base_folder": "crData/Gestión_del_Conocimiento_6477/Gestión_del_Conocimiento_23-08_38167",
        "term_results_folder": "crData/Gestión_del_Conocimiento_6477/Gestión_del_Conocimiento_23-08_38167/term_results",
        "merged": "crData/Gestión_del_Conocimiento_6477/Gestión_del_Conocimiento_23-08_38167/merged_results.json",
        "filtered": "crData/Gestión_del_Conocimiento_6477/Gestión_del_Conocimiento_23-08_38167/filtered_results.json",
        "final": "crData/Gestión_del_Conocimiento_6477/Gestión_del_Conocimiento_23-08_38167/final_results.json",
        "statistics": "crData/Gestión_del_Conocimiento_6477/Gestión_del_Conocimiento_23-08_38167/statistics_results.json"
      },
      "processing_time": 91.1855161190033,
      "total_crossref": 508425,
      "crossref_percentage": 0.023208929537296554
    },
    "23-09": {
      "tool_name": "Gestión del Conocimiento",
      "batch_id": "39494",
      "date": "23-09",
      "initial_count": 23308,
      "filtered_count": 289,
      "final_count": 162,
      "duplicate_count": 0,
      "terms": {
        "Knowledge": 4330,
        "Management": 19144
      },
      "file_paths": {
        "base_folder": "crData/Gestión_del_Conocimiento_6477/Gestión_del_Conocimiento_23-09_39494",
        "term_results_folder": "crData/Gestión_del_Conocimiento_6477/Gestión_del_Conocimiento_23-09_39494/term_results",
        "merged": "crData/Gestión_del_Conocimiento_6477/Gestión_del_Conocimiento_23-09_39494/merged_results.json",
        "filtered": "crData/Gestión_del_Conocimiento_6477/Gestión_del_Conocimiento_23-09_39494/filtered_results.json",
        "final": "crData/Gestión_del_Conocimiento_6477/Gestión_del_Conocimiento_23-09_39494/final_results.json",
        "statistics": "crData/Gestión_del_Conocimiento_6477/Gestión_del_Conocimiento_23-09_39494/statistics_results.json"
      },
      "processing_time": 93.21135306358337,
      "total_crossref": 564943,
      "crossref_percentage": 0.028675459294123476
    },
    "23-10": {
      "tool_name": "Gestión del Conocimiento",
      "batch_id": "41241",
      "date": "23-10",
      "initial_count": 24066,
      "filtered_count": 233,
      "final_count": 140,
      "duplicate_count": 0,
      "terms": {
        "Knowledge": 4918,
        "Management": 19288
      },
      "file_paths": {
        "base_folder": "crData/Gestión_del_Conocimiento_6477/Gestión_del_Conocimiento_23-10_41241",
        "term_results_folder": "crData/Gestión_del_Conocimiento_6477/Gestión_del_Conocimiento_23-10_41241/term_results",
        "merged": "crData/Gestión_del_Conocimiento_6477/Gestión_del_Conocimiento_23-10_41241/merged_results.json",
        "filtered": "crData/Gestión_del_Conocimiento_6477/Gestión_del_Conocimiento_23-10_41241/filtered_results.json",
        "final": "crData/Gestión_del_Conocimiento_6477/Gestión_del_Conocimiento_23-10_41241/final_results.json",
        "statistics": "crData/Gestión_del_Conocimiento_6477/Gestión_del_Conocimiento_23-10_41241/statistics_results.json"
      },
      "processing_time": 88.09288477897644,
      "total_crossref": 600164,
      "crossref_percentage": 0.023326957298338453
    },
    "23-11": {
      "tool_name": "Gestión del Conocimiento",
      "batch_id": "42538",
      "date": "23-11",
      "initial_count": 24365,
      "filtered_count": 231,
      "final_count": 127,
      "duplicate_count": 0,
      "terms": {
        "Knowledge": 4812,
        "Management": 19694
      },
      "file_paths": {
        "base_folder": "crData/Gestión_del_Conocimiento_6477/Gestión_del_Conocimiento_23-11_42538",
        "term_results_folder": "crData/Gestión_del_Conocimiento_6477/Gestión_del_Conocimiento_23-11_42538/term_results",
        "merged": "crData/Gestión_del_Conocimiento_6477/Gestión_del_Conocimiento_23-11_42538/merged_results.json",
        "filtered": "crData/Gestión_del_Conocimiento_6477/Gestión_del_Conocimiento_23-11_42538/filtered_results.json",
        "final": "crData/Gestión_del_Conocimiento_6477/Gestión_del_Conocimiento_23-11_42538/final_results.json",
        "statistics": "crData/Gestión_del_Conocimiento_6477/Gestión_del_Conocimiento_23-11_42538/statistics_results.json"
      },
      "processing_time": 96.47982978820801,
      "total_crossref": 692853,
      "crossref_percentage": 0.018330006509317272
    },
    "23-12": {
      "tool_name": "Gestión del Conocimiento",
      "batch_id": "44318",
      "date": "23-12",
      "initial_count": 30253,
      "filtered_count": 324,
      "final_count": 184,
      "duplicate_count": 0,
      "terms": {
        "Knowledge": 5753,
        "Management": 24799
      },
      "file_paths": {
        "base_folder": "crData/Gestión_del_Conocimiento_6477/Gestión_del_Conocimiento_23-12_44318",
        "term_results_folder": "crData/Gestión_del_Conocimiento_6477/Gestión_del_Conocimiento_23-12_44318/term_results",
        "merged": "crData/Gestión_del_Conocimiento_6477/Gestión_del_Conocimiento_23-12_44318/merged_results.json",
        "filtered": "crData/Gestión_del_Conocimiento_6477/Gestión_del_Conocimiento_23-12_44318/filtered_results.json",
        "final": "crData/Gestión_del_Conocimiento_6477/Gestión_del_Conocimiento_23-12_44318/final_results.json",
        "statistics": "crData/Gestión_del_Conocimiento_6477/Gestión_del_Conocimiento_23-12_44318/statistics_results.json"
      },
      "processing_time": 99.57783818244934,
      "total_crossref": 803098,
      "crossref_percentage": 0.02291127608336716
    }
  },
  "total_duplicates": 0,
  "monthly_files": {
    "23-01": {
      "base_folder": "crData/Gestión_del_Conocimiento_6477/Gestión_del_Conocimiento_23-01_25033",
      "term_results_folder": "crData/Gestión_del_Conocimiento_6477/Gestión_del_Conocimiento_23-01_25033/term_results",
      "merged": "crData/Gestión_del_Conocimiento_6477/Gestión_del_Conocimiento_23-01_25033/merged_results.json",
      "filtered": "crData/Gestión_del_Conocimiento_6477/Gestión_del_Conocimiento_23-01_25033/filtered_results.json",
      "final": "crData/Gestión_del_Conocimiento_6477/Gestión_del_Conocimiento_23-01_25033/final_results.json",
      "statistics": "crData/Gestión_del_Conocimiento_6477/Gestión_del_Conocimiento_23-01_25033/statistics_results.json"
    },
    "23-02": {
      "base_folder": "crData/Gestión_del_Conocimiento_6477/Gestión_del_Conocimiento_23-02_30211",
      "term_results_folder": "crData/Gestión_del_Conocimiento_6477/Gestión_del_Conocimiento_23-02_30211/term_results",
      "merged": "crData/Gestión_del_Conocimiento_6477/Gestión_del_Conocimiento_23-02_30211/merged_results.json",
      "filtered": "crData/Gestión_del_Conocimiento_6477/Gestión_del_Conocimiento_23-02_30211/filtered_results.json",
      "final": "crData/Gestión_del_Conocimiento_6477/Gestión_del_Conocimiento_23-02_30211/final_results.json",
      "statistics": "crData/Gestión_del_Conocimiento_6477/Gestión_del_Conocimiento_23-02_30211/statistics_results.json"
    },
    "23-03": {
      "base_folder": "crData/Gestión_del_Conocimiento_6477/Gestión_del_Conocimiento_23-03_31397",
      "term_results_folder": "crData/Gestión_del_Conocimiento_6477/Gestión_del_Conocimiento_23-03_31397/term_results",
      "merged": "crData/Gestión_del_Conocimiento_6477/Gestión_del_Conocimiento_23-03_31397/merged_results.json",
      "filtered": "crData/Gestión_del_Conocimiento_6477/Gestión_del_Conocimiento_23-03_31397/filtered_results.json",
      "final": "crData/Gestión_del_Conocimiento_6477/Gestión_del_Conocimiento_23-03_31397/final_results.json",
      "statistics": "crData/Gestión_del_Conocimiento_6477/Gestión_del_Conocimiento_23-03_31397/statistics_results.json"
    },
    "23-04": {
      "base_folder": "crData/Gestión_del_Conocimiento_6477/Gestión_del_Conocimiento_23-04_32574",
      "term_results_folder": "crData/Gestión_del_Conocimiento_6477/Gestión_del_Conocimiento_23-04_32574/term_results",
      "merged": "crData/Gestión_del_Conocimiento_6477/Gestión_del_Conocimiento_23-04_32574/merged_results.json",
      "filtered": "crData/Gestión_del_Conocimiento_6477/Gestión_del_Conocimiento_23-04_32574/filtered_results.json",
      "final": "crData/Gestión_del_Conocimiento_6477/Gestión_del_Conocimiento_23-04_32574/final_results.json",
      "statistics": "crData/Gestión_del_Conocimiento_6477/Gestión_del_Conocimiento_23-04_32574/statistics_results.json"
    },
    "23-05": {
      "base_folder": "crData/Gestión_del_Conocimiento_6477/Gestión_del_Conocimiento_23-05_34076",
      "term_results_folder": "crData/Gestión_del_Conocimiento_6477/Gestión_del_Conocimiento_23-05_34076/term_results",
      "merged": "crData/Gestión_del_Conocimiento_6477/Gestión_del_Conocimiento_23-05_34076/merged_results.json",
      "filtered": "crData/Gestión_del_Conocimiento_6477/Gestión_del_Conocimiento_23-05_34076/filtered_results.json",
      "final": "crData/Gestión_del_Conocimiento_6477/Gestión_del_Conocimiento_23-05_34076/final_results.json",
      "statistics": "crData/Gestión_del_Conocimiento_6477/Gestión_del_Conocimiento_23-05_34076/statistics_results.json"
    },
    "23-06": {
      "base_folder": "crData/Gestión_del_Conocimiento_6477/Gestión_del_Conocimiento_23-06_35235",
      "term_results_folder": "crData/Gestión_del_Conocimiento_6477/Gestión_del_Conocimiento_23-06_35235/term_results",
      "merged": "crData/Gestión_del_Conocimiento_6477/Gestión_del_Conocimiento_23-06_35235/merged_results.json",
      "filtered": "crData/Gestión_del_Conocimiento_6477/Gestión_del_Conocimiento_23-06_35235/filtered_results.json",
      "final": "crData/Gestión_del_Conocimiento_6477/Gestión_del_Conocimiento_23-06_35235/final_results.json",
      "statistics": "crData/Gestión_del_Conocimiento_6477/Gestión_del_Conocimiento_23-06_35235/statistics_results.json"
    },
    "23-07": {
      "base_folder": "crData/Gestión_del_Conocimiento_6477/Gestión_del_Conocimiento_23-07_36573",
      "term_results_folder": "crData/Gestión_del_Conocimiento_6477/Gestión_del_Conocimiento_23-07_36573/term_results",
      "merged": "crData/Gestión_del_Conocimiento_6477/Gestión_del_Conocimiento_23-07_36573/merged_results.json",
      "filtered": "crData/Gestión_del_Conocimiento_6477/Gestión_del_Conocimiento_23-07_36573/filtered_results.json",
      "final": "crData/Gestión_del_Conocimiento_6477/Gestión_del_Conocimiento_23-07_36573/final_results.json",
      "statistics": "crData/Gestión_del_Conocimiento_6477/Gestión_del_Conocimiento_23-07_36573/statistics_results.json"
    },
    "23-08": {
      "base_folder": "crData/Gestión_del_Conocimiento_6477/Gestión_del_Conocimiento_23-08_38167",
      "term_results_folder": "crData/Gestión_del_Conocimiento_6477/Gestión_del_Conocimiento_23-08_38167/term_results",
      "merged": "crData/Gestión_del_Conocimiento_6477/Gestión_del_Conocimiento_23-08_38167/merged_results.json",
      "filtered": "crData/Gestión_del_Conocimiento_6477/Gestión_del_Conocimiento_23-08_38167/filtered_results.json",
      "final": "crData/Gestión_del_Conocimiento_6477/Gestión_del_Conocimiento_23-08_38167/final_results.json",
      "statistics": "crData/Gestión_del_Conocimiento_6477/Gestión_del_Conocimiento_23-08_38167/statistics_results.json"
    },
    "23-09": {
      "base_folder": "crData/Gestión_del_Conocimiento_6477/Gestión_del_Conocimiento_23-09_39494",
      "term_results_folder": "crData/Gestión_del_Conocimiento_6477/Gestión_del_Conocimiento_23-09_39494/term_results",
      "merged": "crData/Gestión_del_Conocimiento_6477/Gestión_del_Conocimiento_23-09_39494/merged_results.json",
      "filtered": "crData/Gestión_del_Conocimiento_6477/Gestión_del_Conocimiento_23-09_39494/filtered_results.json",
      "final": "crData/Gestión_del_Conocimiento_6477/Gestión_del_Conocimiento_23-09_39494/final_results.json",
      "statistics": "crData/Gestión_del_Conocimiento_6477/Gestión_del_Conocimiento_23-09_39494/statistics_results.json"
    },
    "23-10": {
      "base_folder": "crData/Gestión_del_Conocimiento_6477/Gestión_del_Conocimiento_23-10_41241",
      "term_results_folder": "crData/Gestión_del_Conocimiento_6477/Gestión_del_Conocimiento_23-10_41241/term_results",
      "merged": "crData/Gestión_del_Conocimiento_6477/Gestión_del_Conocimiento_23-10_41241/merged_results.json",
      "filtered": "crData/Gestión_del_Conocimiento_6477/Gestión_del_Conocimiento_23-10_41241/filtered_results.json",
      "final": "crData/Gestión_del_Conocimiento_6477/Gestión_del_Conocimiento_23-10_41241/final_results.json",
      "statistics": "crData/Gestión_del_Conocimiento_6477/Gestión_del_Conocimiento_23-10_41241/statistics_results.json"
    },
    "23-11": {
      "base_folder": "crData/Gestión_del_Conocimiento_6477/Gestión_del_Conocimiento_23-11_42538",
      "term_results_folder": "crData/Gestión_del_Conocimiento_6477/Gestión_del_Conocimiento_23-11_42538/term_results",
      "merged": "crData/Gestión_del_Conocimiento_6477/Gestión_del_Conocimiento_23-11_42538/merged_results.json",
      "filtered": "crData/Gestión_del_Conocimiento_6477/Gestión_del_Conocimiento_23-11_42538/filtered_results.json",
      "final": "crData/Gestión_del_Conocimiento_6477/Gestión_del_Conocimiento_23-11_42538/final_results.json",
      "statistics": "crData/Gestión_del_Conocimiento_6477/Gestión_del_Conocimiento_23-11_42538/statistics_results.json"
    },
    "23-12": {
      "base_folder": "crData/Gestión_del_Conocimiento_6477/Gestión_del_Conocimiento_23-12_44318",
      "term_results_folder": "crData/Gestión_del_Conocimiento_6477/Gestión_del_Conocimiento_23-12_44318/term_results",
      "merged": "crData/Gestión_del_Conocimiento_6477/Gestión_del_Conocimiento_23-12_44318/merged_results.json",
      "filtered": "crData/Gestión_del_Conocimiento_6477/Gestión_del_Conocimiento_23-12_44318/filtered_results.json",
      "final": "crData/Gestión_del_Conocimiento_6477/Gestión_del_Conocimiento_23-12_44318/final_results.json",
      "statistics": "crData/Gestión_del_Conocimiento_6477/Gestión_del_Conocimiento_23-12_44318/statistics_results.json"
    }
  }
}