{
  "tool_name": "Innovación Colaborativa",
  "year": "1983",
  "monthly_stats": {
    "83-01": {
      "tool_name": "Innovación Colaborativa",
      "batch_id": "42359",
      "date": "83-01",
      "initial_count": 230,
      "filtered_count": 0,
      "final_count": 0,
      "duplicate_count": 0,
      "terms": {
        "Innovation": 108,
        "Thinking": 122
      },
      "file_paths": {
        "base_folder": "crData/Innovación_Colaborativa_2825/Innovación_Colaborativa_83-01_42359",
        "term_results_folder": "crData/Innovación_Colaborativa_2825/Innovación_Colaborativa_83-01_42359/term_results",
        "merged": "crData/Innovación_Colaborativa_2825/Innovación_Colaborativa_83-01_42359/merged_results.json",
        "filtered": "crData/Innovación_Colaborativa_2825/Innovación_Colaborativa_83-01_42359/filtered_results.json",
        "final": "crData/Innovación_Colaborativa_2825/Innovación_Colaborativa_83-01_42359/final_results.json",
        "statistics": "crData/Innovación_Colaborativa_2825/Innovación_Colaborativa_83-01_42359/statistics_results.json"
      },
      "processing_time": 5.232194900512695,
      "total_crossref": 289585,
      "crossref_percentage": 0.0
    },
    "83-02": {
      "tool_name": "Innovación Colaborativa",
      "batch_id": "42427",
      "date": "83-02",
      "initial_count": 28,
      "filtered_count": 0,
      "final_count": 0,
      "duplicate_count": 0,
      "terms": {
        "Innovation": 18,
        "Thinking": 10
      },
      "file_paths": {
        "base_folder": "crData/Innovación_Colaborativa_2825/Innovación_Colaborativa_83-02_42427",
        "term_results_folder": "crData/Innovación_Colaborativa_2825/Innovación_Colaborativa_83-02_42427/term_results",
        "merged": "crData/Innovación_Colaborativa_2825/Innovación_Colaborativa_83-02_42427/merged_results.json",
        "filtered": "crData/Innovación_Colaborativa_2825/Innovación_Colaborativa_83-02_42427/filtered_results.json",
        "final": "crData/Innovación_Colaborativa_2825/Innovación_Colaborativa_83-02_42427/final_results.json",
        "statistics": "crData/Innovación_Colaborativa_2825/Innovación_Colaborativa_83-02_42427/statistics_results.json"
      },
      "processing_time": 2.318233013153076,
      "total_crossref": 41628,
      "crossref_percentage": 0.0
    },
    "83-03": {
      "tool_name": "Innovación Colaborativa",
      "batch_id": "42465",
      "date": "83-03",
      "initial_count": 41,
      "filtered_count": 0,
      "final_count": 0,
      "duplicate_count": 0,
      "terms": {
        "Innovation": 21,
        "Thinking": 20
      },
      "file_paths": {
        "base_folder": "crData/Innovación_Colaborativa_2825/Innovación_Colaborativa_83-03_42465",
        "term_results_folder": "crData/Innovación_Colaborativa_2825/Innovación_Colaborativa_83-03_42465/term_results",
        "merged": "crData/Innovación_Colaborativa_2825/Innovación_Colaborativa_83-03_42465/merged_results.json",
        "filtered": "crData/Innovación_Colaborativa_2825/Innovación_Colaborativa_83-03_42465/filtered_results.json",
        "final": "crData/Innovación_Colaborativa_2825/Innovación_Colaborativa_83-03_42465/final_results.json",
        "statistics": "crData/Innovación_Colaborativa_2825/Innovación_Colaborativa_83-03_42465/statistics_results.json"
      },
      "processing_time": 3.897700786590576,
      "total_crossref": 52322,
      "crossref_percentage": 0.0
    },
    "83-04": {
      "tool_name": "Innovación Colaborativa",
      "batch_id": "42519",
      "date": "83-04",
      "initial_count": 26,
      "filtered_count": 0,
      "final_count": 0,
      "duplicate_count": 0,
      "terms": {
        "Innovation": 12,
        "Thinking": 14
      },
      "file_paths": {
        "base_folder": "crData/Innovación_Colaborativa_2825/Innovación_Colaborativa_83-04_42519",
        "term_results_folder": "crData/Innovación_Colaborativa_2825/Innovación_Colaborativa_83-04_42519/term_results",
        "merged": "crData/Innovación_Colaborativa_2825/Innovación_Colaborativa_83-04_42519/merged_results.json",
        "filtered": "crData/Innovación_Colaborativa_2825/Innovación_Colaborativa_83-04_42519/filtered_results.json",
        "final": "crData/Innovación_Colaborativa_2825/Innovación_Colaborativa_83-04_42519/final_results.json",
        "statistics": "crData/Innovación_Colaborativa_2825/Innovación_Colaborativa_83-04_42519/statistics_results.json"
      },
      "processing_time": 3.6536688804626465,
      "total_crossref": 46103,
      "crossref_percentage": 0.0
    },
    "83-05": {
      "tool_name": "Innovación Colaborativa",
      "batch_id": "42571",
      "date": "83-05",
      "initial_count": 23,
      "filtered_count": 0,
      "final_count": 0,
      "duplicate_count": 0,
      "terms": {
        "Innovation": 10,
        "Thinking": 13
      },
      "file_paths": {
        "base_folder": "crData/Innovación_Colaborativa_2825/Innovación_Colaborativa_83-05_42571",
        "term_results_folder": "crData/Innovación_Colaborativa_2825/Innovación_Colaborativa_83-05_42571/term_results",
        "merged": "crData/Innovación_Colaborativa_2825/Innovación_Colaborativa_83-05_42571/merged_results.json",
        "filtered": "crData/Innovación_Colaborativa_2825/Innovación_Colaborativa_83-05_42571/filtered_results.json",
        "final": "crData/Innovación_Colaborativa_2825/Innovación_Colaborativa_83-05_42571/final_results.json",
        "statistics": "crData/Innovación_Colaborativa_2825/Innovación_Colaborativa_83-05_42571/statistics_results.json"
      },
      "processing_time": 2.5933496952056885,
      "total_crossref": 42000,
      "crossref_percentage": 0.0
    },
    "83-06": {
      "tool_name": "Innovación Colaborativa",
      "batch_id": "43012",
      "date": "83-06",
      "initial_count": 40,
      "filtered_count": 0,
      "final_count": 0,
      "duplicate_count": 0,
      "terms": {
        "Innovation": 22,
        "Thinking": 18
      },
      "file_paths": {
        "base_folder": "crData/Innovación_Colaborativa_2825/Innovación_Colaborativa_83-06_43012",
        "term_results_folder": "crData/Innovación_Colaborativa_2825/Innovación_Colaborativa_83-06_43012/term_results",
        "merged": "crData/Innovación_Colaborativa_2825/Innovación_Colaborativa_83-06_43012/merged_results.json",
        "filtered": "crData/Innovación_Colaborativa_2825/Innovación_Colaborativa_83-06_43012/filtered_results.json",
        "final": "crData/Innovación_Colaborativa_2825/Innovación_Colaborativa_83-06_43012/final_results.json",
        "statistics": "crData/Innovación_Colaborativa_2825/Innovación_Colaborativa_83-06_43012/statistics_results.json"
      },
      "processing_time": 3.679708957672119,
      "total_crossref": 49647,
      "crossref_percentage": 0.0
    },
    "83-07": {
      "tool_name": "Innovación Colaborativa",
      "batch_id": "43063",
      "date": "83-07",
      "initial_count": 28,
      "filtered_count": 0,
      "final_count": 0,
      "duplicate_count": 0,
      "terms": {
        "Innovation": 15,
        "Thinking": 13
      },
      "file_paths": {
        "base_folder": "crData/Innovación_Colaborativa_2825/Innovación_Colaborativa_83-07_43063",
        "term_results_folder": "crData/Innovación_Colaborativa_2825/Innovación_Colaborativa_83-07_43063/term_results",
        "merged": "crData/Innovación_Colaborativa_2825/Innovación_Colaborativa_83-07_43063/merged_results.json",
        "filtered": "crData/Innovación_Colaborativa_2825/Innovación_Colaborativa_83-07_43063/filtered_results.json",
        "final": "crData/Innovación_Colaborativa_2825/Innovación_Colaborativa_83-07_43063/final_results.json",
        "statistics": "crData/Innovación_Colaborativa_2825/Innovación_Colaborativa_83-07_43063/statistics_results.json"
      },
      "processing_time": 3.353623867034912,
      "total_crossref": 46787,
      "crossref_percentage": 0.0
    },
    "83-08": {
      "tool_name": "Innovación Colaborativa",
      "batch_id": "43112",
      "date": "83-08",
      "initial_count": 24,
      "filtered_count": 0,
      "final_count": 0,
      "duplicate_count": 0,
      "terms": {
        "Innovation": 15,
        "Thinking": 9
      },
      "file_paths": {
        "base_folder": "crData/Innovación_Colaborativa_2825/Innovación_Colaborativa_83-08_43112",
        "term_results_folder": "crData/Innovación_Colaborativa_2825/Innovación_Colaborativa_83-08_43112/term_results",
        "merged": "crData/Innovación_Colaborativa_2825/Innovación_Colaborativa_83-08_43112/merged_results.json",
        "filtered": "crData/Innovación_Colaborativa_2825/Innovación_Colaborativa_83-08_43112/filtered_results.json",
        "final": "crData/Innovación_Colaborativa_2825/Innovación_Colaborativa_83-08_43112/final_results.json",
        "statistics": "crData/Innovación_Colaborativa_2825/Innovación_Colaborativa_83-08_43112/statistics_results.json"
      },
      "processing_time": 3.5568439960479736,
      "total_crossref": 40277,
      "crossref_percentage": 0.0
    },
    "83-09": {
      "tool_name": "Innovación Colaborativa",
      "batch_id": "43163",
      "date": "83-09",
      "initial_count": 39,
      "filtered_count": 0,
      "final_count": 0,
      "duplicate_count": 0,
      "terms": {
        "Innovation": 15,
        "Thinking": 24
      },
      "file_paths": {
        "base_folder": "crData/Innovación_Colaborativa_2825/Innovación_Colaborativa_83-09_43163",
        "term_results_folder": "crData/Innovación_Colaborativa_2825/Innovación_Colaborativa_83-09_43163/term_results",
        "merged": "crData/Innovación_Colaborativa_2825/Innovación_Colaborativa_83-09_43163/merged_results.json",
        "filtered": "crData/Innovación_Colaborativa_2825/Innovación_Colaborativa_83-09_43163/filtered_results.json",
        "final": "crData/Innovación_Colaborativa_2825/Innovación_Colaborativa_83-09_43163/final_results.json",
        "statistics": "crData/Innovación_Colaborativa_2825/Innovación_Colaborativa_83-09_43163/statistics_results.json"
      },
      "processing_time": 3.8972690105438232,
      "total_crossref": 50787,
      "crossref_percentage": 0.0
    },
    "83-10": {
      "tool_name": "Innovación Colaborativa",
      "batch_id": "43217",
      "date": "83-10",
      "initial_count": 26,
      "filtered_count": 0,
      "final_count": 0,
      "duplicate_count": 0,
      "terms": {
        "Innovation": 11,
        "Thinking": 15
      },
      "file_paths": {
        "base_folder": "crData/Innovación_Colaborativa_2825/Innovación_Colaborativa_83-10_43217",
        "term_results_folder": "crData/Innovación_Colaborativa_2825/Innovación_Colaborativa_83-10_43217/term_results",
        "merged": "crData/Innovación_Colaborativa_2825/Innovación_Colaborativa_83-10_43217/merged_results.json",
        "filtered": "crData/Innovación_Colaborativa_2825/Innovación_Colaborativa_83-10_43217/filtered_results.json",
        "final": "crData/Innovación_Colaborativa_2825/Innovación_Colaborativa_83-10_43217/final_results.json",
        "statistics": "crData/Innovación_Colaborativa_2825/Innovación_Colaborativa_83-10_43217/statistics_results.json"
      },
      "processing_time": 4.07170295715332,
      "total_crossref": 46722,
      "crossref_percentage": 0.0
    },
    "83-11": {
      "tool_name": "Innovación Colaborativa",
      "batch_id": "43272",
      "date": "83-11",
      "initial_count": 30,
      "filtered_count": 0,
      "final_count": 0,
      "duplicate_count": 0,
      "terms": {
        "Innovation": 16,
        "Thinking": 14
      },
      "file_paths": {
        "base_folder": "crData/Innovación_Colaborativa_2825/Innovación_Colaborativa_83-11_43272",
        "term_results_folder": "crData/Innovación_Colaborativa_2825/Innovación_Colaborativa_83-11_43272/term_results",
        "merged": "crData/Innovación_Colaborativa_2825/Innovación_Colaborativa_83-11_43272/merged_results.json",
        "filtered": "crData/Innovación_Colaborativa_2825/Innovación_Colaborativa_83-11_43272/filtered_results.json",
        "final": "crData/Innovación_Colaborativa_2825/Innovación_Colaborativa_83-11_43272/final_results.json",
        "statistics": "crData/Innovación_Colaborativa_2825/Innovación_Colaborativa_83-11_43272/statistics_results.json"
      },
      "processing_time": 2.2063560485839844,
      "total_crossref": 42715,
      "crossref_percentage": 0.0
    },
    "83-12": {
      "tool_name": "Innovación Colaborativa",
      "batch_id": "43310",
      "date": "83-12",
      "initial_count": 42,
      "filtered_count": 0,
      "final_count": 0,
      "duplicate_count": 0,
      "terms": {
        "Innovation": 24,
        "Thinking": 18
      },
      "file_paths": {
        "base_folder": "crData/Innovación_Colaborativa_2825/Innovación_Colaborativa_83-12_43310",
        "term_results_folder": "crData/Innovación_Colaborativa_2825/Innovación_Colaborativa_83-12_43310/term_results",
        "merged": "crData/Innovación_Colaborativa_2825/Innovación_Colaborativa_83-12_43310/merged_results.json",
        "filtered": "crData/Innovación_Colaborativa_2825/Innovación_Colaborativa_83-12_43310/filtered_results.json",
        "final": "crData/Innovación_Colaborativa_2825/Innovación_Colaborativa_83-12_43310/final_results.json",
        "statistics": "crData/Innovación_Colaborativa_2825/Innovación_Colaborativa_83-12_43310/statistics_results.json"
      },
      "processing_time": 4.113738059997559,
      "total_crossref": 73509,
      "crossref_percentage": 0.0
    }
  },
  "total_duplicates": 0,
  "monthly_files": {
    "83-01": {
      "base_folder": "crData/Innovación_Colaborativa_2825/Innovación_Colaborativa_83-01_42359",
      "term_results_folder": "crData/Innovación_Colaborativa_2825/Innovación_Colaborativa_83-01_42359/term_results",
      "merged": "crData/Innovación_Colaborativa_2825/Innovación_Colaborativa_83-01_42359/merged_results.json",
      "filtered": "crData/Innovación_Colaborativa_2825/Innovación_Colaborativa_83-01_42359/filtered_results.json",
      "final": "crData/Innovación_Colaborativa_2825/Innovación_Colaborativa_83-01_42359/final_results.json",
      "statistics": "crData/Innovación_Colaborativa_2825/Innovación_Colaborativa_83-01_42359/statistics_results.json"
    },
    "83-02": {
      "base_folder": "crData/Innovación_Colaborativa_2825/Innovación_Colaborativa_83-02_42427",
      "term_results_folder": "crData/Innovación_Colaborativa_2825/Innovación_Colaborativa_83-02_42427/term_results",
      "merged": "crData/Innovación_Colaborativa_2825/Innovación_Colaborativa_83-02_42427/merged_results.json",
      "filtered": "crData/Innovación_Colaborativa_2825/Innovación_Colaborativa_83-02_42427/filtered_results.json",
      "final": "crData/Innovación_Colaborativa_2825/Innovación_Colaborativa_83-02_42427/final_results.json",
      "statistics": "crData/Innovación_Colaborativa_2825/Innovación_Colaborativa_83-02_42427/statistics_results.json"
    },
    "83-03": {
      "base_folder": "crData/Innovación_Colaborativa_2825/Innovación_Colaborativa_83-03_42465",
      "term_results_folder": "crData/Innovación_Colaborativa_2825/Innovación_Colaborativa_83-03_42465/term_results",
      "merged": "crData/Innovación_Colaborativa_2825/Innovación_Colaborativa_83-03_42465/merged_results.json",
      "filtered": "crData/Innovación_Colaborativa_2825/Innovación_Colaborativa_83-03_42465/filtered_results.json",
      "final": "crData/Innovación_Colaborativa_2825/Innovación_Colaborativa_83-03_42465/final_results.json",
      "statistics": "crData/Innovación_Colaborativa_2825/Innovación_Colaborativa_83-03_42465/statistics_results.json"
    },
    "83-04": {
      "base_folder": "crData/Innovación_Colaborativa_2825/Innovación_Colaborativa_83-04_42519",
      "term_results_folder": "crData/Innovación_Colaborativa_2825/Innovación_Colaborativa_83-04_42519/term_results",
      "merged": "crData/Innovación_Colaborativa_2825/Innovación_Colaborativa_83-04_42519/merged_results.json",
      "filtered": "crData/Innovación_Colaborativa_2825/Innovación_Colaborativa_83-04_42519/filtered_results.json",
      "final": "crData/Innovación_Colaborativa_2825/Innovación_Colaborativa_83-04_42519/final_results.json",
      "statistics": "crData/Innovación_Colaborativa_2825/Innovación_Colaborativa_83-04_42519/statistics_results.json"
    },
    "83-05": {
      "base_folder": "crData/Innovación_Colaborativa_2825/Innovación_Colaborativa_83-05_42571",
      "term_results_folder": "crData/Innovación_Colaborativa_2825/Innovación_Colaborativa_83-05_42571/term_results",
      "merged": "crData/Innovación_Colaborativa_2825/Innovación_Colaborativa_83-05_42571/merged_results.json",
      "filtered": "crData/Innovación_Colaborativa_2825/Innovación_Colaborativa_83-05_42571/filtered_results.json",
      "final": "crData/Innovación_Colaborativa_2825/Innovación_Colaborativa_83-05_42571/final_results.json",
      "statistics": "crData/Innovación_Colaborativa_2825/Innovación_Colaborativa_83-05_42571/statistics_results.json"
    },
    "83-06": {
      "base_folder": "crData/Innovación_Colaborativa_2825/Innovación_Colaborativa_83-06_43012",
      "term_results_folder": "crData/Innovación_Colaborativa_2825/Innovación_Colaborativa_83-06_43012/term_results",
      "merged": "crData/Innovación_Colaborativa_2825/Innovación_Colaborativa_83-06_43012/merged_results.json",
      "filtered": "crData/Innovación_Colaborativa_2825/Innovación_Colaborativa_83-06_43012/filtered_results.json",
      "final": "crData/Innovación_Colaborativa_2825/Innovación_Colaborativa_83-06_43012/final_results.json",
      "statistics": "crData/Innovación_Colaborativa_2825/Innovación_Colaborativa_83-06_43012/statistics_results.json"
    },
    "83-07": {
      "base_folder": "crData/Innovación_Colaborativa_2825/Innovación_Colaborativa_83-07_43063",
      "term_results_folder": "crData/Innovación_Colaborativa_2825/Innovación_Colaborativa_83-07_43063/term_results",
      "merged": "crData/Innovación_Colaborativa_2825/Innovación_Colaborativa_83-07_43063/merged_results.json",
      "filtered": "crData/Innovación_Colaborativa_2825/Innovación_Colaborativa_83-07_43063/filtered_results.json",
      "final": "crData/Innovación_Colaborativa_2825/Innovación_Colaborativa_83-07_43063/final_results.json",
      "statistics": "crData/Innovación_Colaborativa_2825/Innovación_Colaborativa_83-07_43063/statistics_results.json"
    },
    "83-08": {
      "base_folder": "crData/Innovación_Colaborativa_2825/Innovación_Colaborativa_83-08_43112",
      "term_results_folder": "crData/Innovación_Colaborativa_2825/Innovación_Colaborativa_83-08_43112/term_results",
      "merged": "crData/Innovación_Colaborativa_2825/Innovación_Colaborativa_83-08_43112/merged_results.json",
      "filtered": "crData/Innovación_Colaborativa_2825/Innovación_Colaborativa_83-08_43112/filtered_results.json",
      "final": "crData/Innovación_Colaborativa_2825/Innovación_Colaborativa_83-08_43112/final_results.json",
      "statistics": "crData/Innovación_Colaborativa_2825/Innovación_Colaborativa_83-08_43112/statistics_results.json"
    },
    "83-09": {
      "base_folder": "crData/Innovación_Colaborativa_2825/Innovación_Colaborativa_83-09_43163",
      "term_results_folder": "crData/Innovación_Colaborativa_2825/Innovación_Colaborativa_83-09_43163/term_results",
      "merged": "crData/Innovación_Colaborativa_2825/Innovación_Colaborativa_83-09_43163/merged_results.json",
      "filtered": "crData/Innovación_Colaborativa_2825/Innovación_Colaborativa_83-09_43163/filtered_results.json",
      "final": "crData/Innovación_Colaborativa_2825/Innovación_Colaborativa_83-09_43163/final_results.json",
      "statistics": "crData/Innovación_Colaborativa_2825/Innovación_Colaborativa_83-09_43163/statistics_results.json"
    },
    "83-10": {
      "base_folder": "crData/Innovación_Colaborativa_2825/Innovación_Colaborativa_83-10_43217",
      "term_results_folder": "crData/Innovación_Colaborativa_2825/Innovación_Colaborativa_83-10_43217/term_results",
      "merged": "crData/Innovación_Colaborativa_2825/Innovación_Colaborativa_83-10_43217/merged_results.json",
      "filtered": "crData/Innovación_Colaborativa_2825/Innovación_Colaborativa_83-10_43217/filtered_results.json",
      "final": "crData/Innovación_Colaborativa_2825/Innovación_Colaborativa_83-10_43217/final_results.json",
      "statistics": "crData/Innovación_Colaborativa_2825/Innovación_Colaborativa_83-10_43217/statistics_results.json"
    },
    "83-11": {
      "base_folder": "crData/Innovación_Colaborativa_2825/Innovación_Colaborativa_83-11_43272",
      "term_results_folder": "crData/Innovación_Colaborativa_2825/Innovación_Colaborativa_83-11_43272/term_results",
      "merged": "crData/Innovación_Colaborativa_2825/Innovación_Colaborativa_83-11_43272/merged_results.json",
      "filtered": "crData/Innovación_Colaborativa_2825/Innovación_Colaborativa_83-11_43272/filtered_results.json",
      "final": "crData/Innovación_Colaborativa_2825/Innovación_Colaborativa_83-11_43272/final_results.json",
      "statistics": "crData/Innovación_Colaborativa_2825/Innovación_Colaborativa_83-11_43272/statistics_results.json"
    },
    "83-12": {
      "base_folder": "crData/Innovación_Colaborativa_2825/Innovación_Colaborativa_83-12_43310",
      "term_results_folder": "crData/Innovación_Colaborativa_2825/Innovación_Colaborativa_83-12_43310/term_results",
      "merged": "crData/Innovación_Colaborativa_2825/Innovación_Colaborativa_83-12_43310/merged_results.json",
      "filtered": "crData/Innovación_Colaborativa_2825/Innovación_Colaborativa_83-12_43310/filtered_results.json",
      "final": "crData/Innovación_Colaborativa_2825/Innovación_Colaborativa_83-12_43310/final_results.json",
      "statistics": "crData/Innovación_Colaborativa_2825/Innovación_Colaborativa_83-12_43310/statistics_results.json"
    }
  }
}