{
  "tool_name": "Innovación Colaborativa",
  "year": "1984",
  "monthly_stats": {
    "84-01": {
      "tool_name": "Innovación Colaborativa",
      "batch_id": "43396",
      "date": "84-01",
      "initial_count": 278,
      "filtered_count": 0,
      "final_count": 0,
      "duplicate_count": 0,
      "terms": {
        "Innovation": 154,
        "Thinking": 125
      },
      "file_paths": {
        "base_folder": "crData/Innovación_Colaborativa_2825/Innovación_Colaborativa_84-01_43396",
        "term_results_folder": "crData/Innovación_Colaborativa_2825/Innovación_Colaborativa_84-01_43396/term_results",
        "merged": "crData/Innovación_Colaborativa_2825/Innovación_Colaborativa_84-01_43396/merged_results.json",
        "filtered": "crData/Innovación_Colaborativa_2825/Innovación_Colaborativa_84-01_43396/filtered_results.json",
        "final": "crData/Innovación_Colaborativa_2825/Innovación_Colaborativa_84-01_43396/final_results.json",
        "statistics": "crData/Innovación_Colaborativa_2825/Innovación_Colaborativa_84-01_43396/statistics_results.json"
      },
      "processing_time": 2.689113140106201,
      "total_crossref": 308667,
      "crossref_percentage": 0.0
    },
    "84-02": {
      "tool_name": "Innovación Colaborativa",
      "batch_id": "43438",
      "date": "84-02",
      "initial_count": 21,
      "filtered_count": 0,
      "final_count": 0,
      "duplicate_count": 0,
      "terms": {
        "Innovation": 12,
        "Thinking": 9
      },
      "file_paths": {
        "base_folder": "crData/Innovación_Colaborativa_2825/Innovación_Colaborativa_84-02_43438",
        "term_results_folder": "crData/Innovación_Colaborativa_2825/Innovación_Colaborativa_84-02_43438/term_results",
        "merged": "crData/Innovación_Colaborativa_2825/Innovación_Colaborativa_84-02_43438/merged_results.json",
        "filtered": "crData/Innovación_Colaborativa_2825/Innovación_Colaborativa_84-02_43438/filtered_results.json",
        "final": "crData/Innovación_Colaborativa_2825/Innovación_Colaborativa_84-02_43438/final_results.json",
        "statistics": "crData/Innovación_Colaborativa_2825/Innovación_Colaborativa_84-02_43438/statistics_results.json"
      },
      "processing_time": 2.2443151473999023,
      "total_crossref": 41509,
      "crossref_percentage": 0.0
    },
    "84-03": {
      "tool_name": "Innovación Colaborativa",
      "batch_id": "43475",
      "date": "84-03",
      "initial_count": 38,
      "filtered_count": 0,
      "final_count": 0,
      "duplicate_count": 0,
      "terms": {
        "Innovation": 17,
        "Thinking": 21
      },
      "file_paths": {
        "base_folder": "crData/Innovación_Colaborativa_2825/Innovación_Colaborativa_84-03_43475",
        "term_results_folder": "crData/Innovación_Colaborativa_2825/Innovación_Colaborativa_84-03_43475/term_results",
        "merged": "crData/Innovación_Colaborativa_2825/Innovación_Colaborativa_84-03_43475/merged_results.json",
        "filtered": "crData/Innovación_Colaborativa_2825/Innovación_Colaborativa_84-03_43475/filtered_results.json",
        "final": "crData/Innovación_Colaborativa_2825/Innovación_Colaborativa_84-03_43475/final_results.json",
        "statistics": "crData/Innovación_Colaborativa_2825/Innovación_Colaborativa_84-03_43475/statistics_results.json"
      },
      "processing_time": 4.910101890563965,
      "total_crossref": 55027,
      "crossref_percentage": 0.0
    },
    "84-04": {
      "tool_name": "Innovación Colaborativa",
      "batch_id": "43540",
      "date": "84-04",
      "initial_count": 46,
      "filtered_count": 0,
      "final_count": 0,
      "duplicate_count": 0,
      "terms": {
        "Innovation": 21,
        "Thinking": 26
      },
      "file_paths": {
        "base_folder": "crData/Innovación_Colaborativa_2825/Innovación_Colaborativa_84-04_43540",
        "term_results_folder": "crData/Innovación_Colaborativa_2825/Innovación_Colaborativa_84-04_43540/term_results",
        "merged": "crData/Innovación_Colaborativa_2825/Innovación_Colaborativa_84-04_43540/merged_results.json",
        "filtered": "crData/Innovación_Colaborativa_2825/Innovación_Colaborativa_84-04_43540/filtered_results.json",
        "final": "crData/Innovación_Colaborativa_2825/Innovación_Colaborativa_84-04_43540/final_results.json",
        "statistics": "crData/Innovación_Colaborativa_2825/Innovación_Colaborativa_84-04_43540/statistics_results.json"
      },
      "processing_time": 1.8809261322021484,
      "total_crossref": 50055,
      "crossref_percentage": 0.0
    },
    "84-05": {
      "tool_name": "Innovación Colaborativa",
      "batch_id": "43574",
      "date": "84-05",
      "initial_count": 40,
      "filtered_count": 0,
      "final_count": 0,
      "duplicate_count": 0,
      "terms": {
        "Innovation": 28,
        "Thinking": 12
      },
      "file_paths": {
        "base_folder": "crData/Innovación_Colaborativa_2825/Innovación_Colaborativa_84-05_43574",
        "term_results_folder": "crData/Innovación_Colaborativa_2825/Innovación_Colaborativa_84-05_43574/term_results",
        "merged": "crData/Innovación_Colaborativa_2825/Innovación_Colaborativa_84-05_43574/merged_results.json",
        "filtered": "crData/Innovación_Colaborativa_2825/Innovación_Colaborativa_84-05_43574/filtered_results.json",
        "final": "crData/Innovación_Colaborativa_2825/Innovación_Colaborativa_84-05_43574/final_results.json",
        "statistics": "crData/Innovación_Colaborativa_2825/Innovación_Colaborativa_84-05_43574/statistics_results.json"
      },
      "processing_time": 4.262336015701294,
      "total_crossref": 44973,
      "crossref_percentage": 0.0
    },
    "84-06": {
      "tool_name": "Innovación Colaborativa",
      "batch_id": "44031",
      "date": "84-06",
      "initial_count": 46,
      "filtered_count": 0,
      "final_count": 0,
      "duplicate_count": 0,
      "terms": {
        "Innovation": 30,
        "Thinking": 16
      },
      "file_paths": {
        "base_folder": "crData/Innovación_Colaborativa_2825/Innovación_Colaborativa_84-06_44031",
        "term_results_folder": "crData/Innovación_Colaborativa_2825/Innovación_Colaborativa_84-06_44031/term_results",
        "merged": "crData/Innovación_Colaborativa_2825/Innovación_Colaborativa_84-06_44031/merged_results.json",
        "filtered": "crData/Innovación_Colaborativa_2825/Innovación_Colaborativa_84-06_44031/filtered_results.json",
        "final": "crData/Innovación_Colaborativa_2825/Innovación_Colaborativa_84-06_44031/final_results.json",
        "statistics": "crData/Innovación_Colaborativa_2825/Innovación_Colaborativa_84-06_44031/statistics_results.json"
      },
      "processing_time": 9.743057012557983,
      "total_crossref": 54748,
      "crossref_percentage": 0.0
    },
    "84-07": {
      "tool_name": "Innovación Colaborativa",
      "batch_id": "44144",
      "date": "84-07",
      "initial_count": 29,
      "filtered_count": 0,
      "final_count": 0,
      "duplicate_count": 0,
      "terms": {
        "Innovation": 21,
        "Thinking": 8
      },
      "file_paths": {
        "base_folder": "crData/Innovación_Colaborativa_2825/Innovación_Colaborativa_84-07_44144",
        "term_results_folder": "crData/Innovación_Colaborativa_2825/Innovación_Colaborativa_84-07_44144/term_results",
        "merged": "crData/Innovación_Colaborativa_2825/Innovación_Colaborativa_84-07_44144/merged_results.json",
        "filtered": "crData/Innovación_Colaborativa_2825/Innovación_Colaborativa_84-07_44144/filtered_results.json",
        "final": "crData/Innovación_Colaborativa_2825/Innovación_Colaborativa_84-07_44144/final_results.json",
        "statistics": "crData/Innovación_Colaborativa_2825/Innovación_Colaborativa_84-07_44144/statistics_results.json"
      },
      "processing_time": 3.086479902267456,
      "total_crossref": 47430,
      "crossref_percentage": 0.0
    },
    "84-08": {
      "tool_name": "Innovación Colaborativa",
      "batch_id": "44190",
      "date": "84-08",
      "initial_count": 12,
      "filtered_count": 0,
      "final_count": 0,
      "duplicate_count": 0,
      "terms": {
        "Innovation": 5,
        "Thinking": 7
      },
      "file_paths": {
        "base_folder": "crData/Innovación_Colaborativa_2825/Innovación_Colaborativa_84-08_44190",
        "term_results_folder": "crData/Innovación_Colaborativa_2825/Innovación_Colaborativa_84-08_44190/term_results",
        "merged": "crData/Innovación_Colaborativa_2825/Innovación_Colaborativa_84-08_44190/merged_results.json",
        "filtered": "crData/Innovación_Colaborativa_2825/Innovación_Colaborativa_84-08_44190/filtered_results.json",
        "final": "crData/Innovación_Colaborativa_2825/Innovación_Colaborativa_84-08_44190/final_results.json",
        "statistics": "crData/Innovación_Colaborativa_2825/Innovación_Colaborativa_84-08_44190/statistics_results.json"
      },
      "processing_time": 3.698136806488037,
      "total_crossref": 41610,
      "crossref_percentage": 0.0
    },
    "84-09": {
      "tool_name": "Innovación Colaborativa",
      "batch_id": "44242",
      "date": "84-09",
      "initial_count": 51,
      "filtered_count": 0,
      "final_count": 0,
      "duplicate_count": 0,
      "terms": {
        "Innovation": 29,
        "Thinking": 23
      },
      "file_paths": {
        "base_folder": "crData/Innovación_Colaborativa_2825/Innovación_Colaborativa_84-09_44242",
        "term_results_folder": "crData/Innovación_Colaborativa_2825/Innovación_Colaborativa_84-09_44242/term_results",
        "merged": "crData/Innovación_Colaborativa_2825/Innovación_Colaborativa_84-09_44242/merged_results.json",
        "filtered": "crData/Innovación_Colaborativa_2825/Innovación_Colaborativa_84-09_44242/filtered_results.json",
        "final": "crData/Innovación_Colaborativa_2825/Innovación_Colaborativa_84-09_44242/final_results.json",
        "statistics": "crData/Innovación_Colaborativa_2825/Innovación_Colaborativa_84-09_44242/statistics_results.json"
      },
      "processing_time": 2.8157339096069336,
      "total_crossref": 52995,
      "crossref_percentage": 0.0
    },
    "84-10": {
      "tool_name": "Innovación Colaborativa",
      "batch_id": "44285",
      "date": "84-10",
      "initial_count": 28,
      "filtered_count": 0,
      "final_count": 0,
      "duplicate_count": 0,
      "terms": {
        "Innovation": 18,
        "Thinking": 10
      },
      "file_paths": {
        "base_folder": "crData/Innovación_Colaborativa_2825/Innovación_Colaborativa_84-10_44285",
        "term_results_folder": "crData/Innovación_Colaborativa_2825/Innovación_Colaborativa_84-10_44285/term_results",
        "merged": "crData/Innovación_Colaborativa_2825/Innovación_Colaborativa_84-10_44285/merged_results.json",
        "filtered": "crData/Innovación_Colaborativa_2825/Innovación_Colaborativa_84-10_44285/filtered_results.json",
        "final": "crData/Innovación_Colaborativa_2825/Innovación_Colaborativa_84-10_44285/final_results.json",
        "statistics": "crData/Innovación_Colaborativa_2825/Innovación_Colaborativa_84-10_44285/statistics_results.json"
      },
      "processing_time": 2.3857290744781494,
      "total_crossref": 49232,
      "crossref_percentage": 0.0
    },
    "84-11": {
      "tool_name": "Innovación Colaborativa",
      "batch_id": "44324",
      "date": "84-11",
      "initial_count": 37,
      "filtered_count": 0,
      "final_count": 0,
      "duplicate_count": 0,
      "terms": {
        "Innovation": 22,
        "Thinking": 15
      },
      "file_paths": {
        "base_folder": "crData/Innovación_Colaborativa_2825/Innovación_Colaborativa_84-11_44324",
        "term_results_folder": "crData/Innovación_Colaborativa_2825/Innovación_Colaborativa_84-11_44324/term_results",
        "merged": "crData/Innovación_Colaborativa_2825/Innovación_Colaborativa_84-11_44324/merged_results.json",
        "filtered": "crData/Innovación_Colaborativa_2825/Innovación_Colaborativa_84-11_44324/filtered_results.json",
        "final": "crData/Innovación_Colaborativa_2825/Innovación_Colaborativa_84-11_44324/final_results.json",
        "statistics": "crData/Innovación_Colaborativa_2825/Innovación_Colaborativa_84-11_44324/statistics_results.json"
      },
      "processing_time": 4.2324700355529785,
      "total_crossref": 44352,
      "crossref_percentage": 0.0
    },
    "84-12": {
      "tool_name": "Innovación Colaborativa",
      "batch_id": "44381",
      "date": "84-12",
      "initial_count": 91,
      "filtered_count": 0,
      "final_count": 0,
      "duplicate_count": 0,
      "terms": {
        "Innovation": 35,
        "Thinking": 57
      },
      "file_paths": {
        "base_folder": "crData/Innovación_Colaborativa_2825/Innovación_Colaborativa_84-12_44381",
        "term_results_folder": "crData/Innovación_Colaborativa_2825/Innovación_Colaborativa_84-12_44381/term_results",
        "merged": "crData/Innovación_Colaborativa_2825/Innovación_Colaborativa_84-12_44381/merged_results.json",
        "filtered": "crData/Innovación_Colaborativa_2825/Innovación_Colaborativa_84-12_44381/filtered_results.json",
        "final": "crData/Innovación_Colaborativa_2825/Innovación_Colaborativa_84-12_44381/final_results.json",
        "statistics": "crData/Innovación_Colaborativa_2825/Innovación_Colaborativa_84-12_44381/statistics_results.json"
      },
      "processing_time": 3.64347505569458,
      "total_crossref": 79290,
      "crossref_percentage": 0.0
    }
  },
  "total_duplicates": 0,
  "monthly_files": {
    "84-01": {
      "base_folder": "crData/Innovación_Colaborativa_2825/Innovación_Colaborativa_84-01_43396",
      "term_results_folder": "crData/Innovación_Colaborativa_2825/Innovación_Colaborativa_84-01_43396/term_results",
      "merged": "crData/Innovación_Colaborativa_2825/Innovación_Colaborativa_84-01_43396/merged_results.json",
      "filtered": "crData/Innovación_Colaborativa_2825/Innovación_Colaborativa_84-01_43396/filtered_results.json",
      "final": "crData/Innovación_Colaborativa_2825/Innovación_Colaborativa_84-01_43396/final_results.json",
      "statistics": "crData/Innovación_Colaborativa_2825/Innovación_Colaborativa_84-01_43396/statistics_results.json"
    },
    "84-02": {
      "base_folder": "crData/Innovación_Colaborativa_2825/Innovación_Colaborativa_84-02_43438",
      "term_results_folder": "crData/Innovación_Colaborativa_2825/Innovación_Colaborativa_84-02_43438/term_results",
      "merged": "crData/Innovación_Colaborativa_2825/Innovación_Colaborativa_84-02_43438/merged_results.json",
      "filtered": "crData/Innovación_Colaborativa_2825/Innovación_Colaborativa_84-02_43438/filtered_results.json",
      "final": "crData/Innovación_Colaborativa_2825/Innovación_Colaborativa_84-02_43438/final_results.json",
      "statistics": "crData/Innovación_Colaborativa_2825/Innovación_Colaborativa_84-02_43438/statistics_results.json"
    },
    "84-03": {
      "base_folder": "crData/Innovación_Colaborativa_2825/Innovación_Colaborativa_84-03_43475",
      "term_results_folder": "crData/Innovación_Colaborativa_2825/Innovación_Colaborativa_84-03_43475/term_results",
      "merged": "crData/Innovación_Colaborativa_2825/Innovación_Colaborativa_84-03_43475/merged_results.json",
      "filtered": "crData/Innovación_Colaborativa_2825/Innovación_Colaborativa_84-03_43475/filtered_results.json",
      "final": "crData/Innovación_Colaborativa_2825/Innovación_Colaborativa_84-03_43475/final_results.json",
      "statistics": "crData/Innovación_Colaborativa_2825/Innovación_Colaborativa_84-03_43475/statistics_results.json"
    },
    "84-04": {
      "base_folder": "crData/Innovación_Colaborativa_2825/Innovación_Colaborativa_84-04_43540",
      "term_results_folder": "crData/Innovación_Colaborativa_2825/Innovación_Colaborativa_84-04_43540/term_results",
      "merged": "crData/Innovación_Colaborativa_2825/Innovación_Colaborativa_84-04_43540/merged_results.json",
      "filtered": "crData/Innovación_Colaborativa_2825/Innovación_Colaborativa_84-04_43540/filtered_results.json",
      "final": "crData/Innovación_Colaborativa_2825/Innovación_Colaborativa_84-04_43540/final_results.json",
      "statistics": "crData/Innovación_Colaborativa_2825/Innovación_Colaborativa_84-04_43540/statistics_results.json"
    },
    "84-05": {
      "base_folder": "crData/Innovación_Colaborativa_2825/Innovación_Colaborativa_84-05_43574",
      "term_results_folder": "crData/Innovación_Colaborativa_2825/Innovación_Colaborativa_84-05_43574/term_results",
      "merged": "crData/Innovación_Colaborativa_2825/Innovación_Colaborativa_84-05_43574/merged_results.json",
      "filtered": "crData/Innovación_Colaborativa_2825/Innovación_Colaborativa_84-05_43574/filtered_results.json",
      "final": "crData/Innovación_Colaborativa_2825/Innovación_Colaborativa_84-05_43574/final_results.json",
      "statistics": "crData/Innovación_Colaborativa_2825/Innovación_Colaborativa_84-05_43574/statistics_results.json"
    },
    "84-06": {
      "base_folder": "crData/Innovación_Colaborativa_2825/Innovación_Colaborativa_84-06_44031",
      "term_results_folder": "crData/Innovación_Colaborativa_2825/Innovación_Colaborativa_84-06_44031/term_results",
      "merged": "crData/Innovación_Colaborativa_2825/Innovación_Colaborativa_84-06_44031/merged_results.json",
      "filtered": "crData/Innovación_Colaborativa_2825/Innovación_Colaborativa_84-06_44031/filtered_results.json",
      "final": "crData/Innovación_Colaborativa_2825/Innovación_Colaborativa_84-06_44031/final_results.json",
      "statistics": "crData/Innovación_Colaborativa_2825/Innovación_Colaborativa_84-06_44031/statistics_results.json"
    },
    "84-07": {
      "base_folder": "crData/Innovación_Colaborativa_2825/Innovación_Colaborativa_84-07_44144",
      "term_results_folder": "crData/Innovación_Colaborativa_2825/Innovación_Colaborativa_84-07_44144/term_results",
      "merged": "crData/Innovación_Colaborativa_2825/Innovación_Colaborativa_84-07_44144/merged_results.json",
      "filtered": "crData/Innovación_Colaborativa_2825/Innovación_Colaborativa_84-07_44144/filtered_results.json",
      "final": "crData/Innovación_Colaborativa_2825/Innovación_Colaborativa_84-07_44144/final_results.json",
      "statistics": "crData/Innovación_Colaborativa_2825/Innovación_Colaborativa_84-07_44144/statistics_results.json"
    },
    "84-08": {
      "base_folder": "crData/Innovación_Colaborativa_2825/Innovación_Colaborativa_84-08_44190",
      "term_results_folder": "crData/Innovación_Colaborativa_2825/Innovación_Colaborativa_84-08_44190/term_results",
      "merged": "crData/Innovación_Colaborativa_2825/Innovación_Colaborativa_84-08_44190/merged_results.json",
      "filtered": "crData/Innovación_Colaborativa_2825/Innovación_Colaborativa_84-08_44190/filtered_results.json",
      "final": "crData/Innovación_Colaborativa_2825/Innovación_Colaborativa_84-08_44190/final_results.json",
      "statistics": "crData/Innovación_Colaborativa_2825/Innovación_Colaborativa_84-08_44190/statistics_results.json"
    },
    "84-09": {
      "base_folder": "crData/Innovación_Colaborativa_2825/Innovación_Colaborativa_84-09_44242",
      "term_results_folder": "crData/Innovación_Colaborativa_2825/Innovación_Colaborativa_84-09_44242/term_results",
      "merged": "crData/Innovación_Colaborativa_2825/Innovación_Colaborativa_84-09_44242/merged_results.json",
      "filtered": "crData/Innovación_Colaborativa_2825/Innovación_Colaborativa_84-09_44242/filtered_results.json",
      "final": "crData/Innovación_Colaborativa_2825/Innovación_Colaborativa_84-09_44242/final_results.json",
      "statistics": "crData/Innovación_Colaborativa_2825/Innovación_Colaborativa_84-09_44242/statistics_results.json"
    },
    "84-10": {
      "base_folder": "crData/Innovación_Colaborativa_2825/Innovación_Colaborativa_84-10_44285",
      "term_results_folder": "crData/Innovación_Colaborativa_2825/Innovación_Colaborativa_84-10_44285/term_results",
      "merged": "crData/Innovación_Colaborativa_2825/Innovación_Colaborativa_84-10_44285/merged_results.json",
      "filtered": "crData/Innovación_Colaborativa_2825/Innovación_Colaborativa_84-10_44285/filtered_results.json",
      "final": "crData/Innovación_Colaborativa_2825/Innovación_Colaborativa_84-10_44285/final_results.json",
      "statistics": "crData/Innovación_Colaborativa_2825/Innovación_Colaborativa_84-10_44285/statistics_results.json"
    },
    "84-11": {
      "base_folder": "crData/Innovación_Colaborativa_2825/Innovación_Colaborativa_84-11_44324",
      "term_results_folder": "crData/Innovación_Colaborativa_2825/Innovación_Colaborativa_84-11_44324/term_results",
      "merged": "crData/Innovación_Colaborativa_2825/Innovación_Colaborativa_84-11_44324/merged_results.json",
      "filtered": "crData/Innovación_Colaborativa_2825/Innovación_Colaborativa_84-11_44324/filtered_results.json",
      "final": "crData/Innovación_Colaborativa_2825/Innovación_Colaborativa_84-11_44324/final_results.json",
      "statistics": "crData/Innovación_Colaborativa_2825/Innovación_Colaborativa_84-11_44324/statistics_results.json"
    },
    "84-12": {
      "base_folder": "crData/Innovación_Colaborativa_2825/Innovación_Colaborativa_84-12_44381",
      "term_results_folder": "crData/Innovación_Colaborativa_2825/Innovación_Colaborativa_84-12_44381/term_results",
      "merged": "crData/Innovación_Colaborativa_2825/Innovación_Colaborativa_84-12_44381/merged_results.json",
      "filtered": "crData/Innovación_Colaborativa_2825/Innovación_Colaborativa_84-12_44381/filtered_results.json",
      "final": "crData/Innovación_Colaborativa_2825/Innovación_Colaborativa_84-12_44381/final_results.json",
      "statistics": "crData/Innovación_Colaborativa_2825/Innovación_Colaborativa_84-12_44381/statistics_results.json"
    }
  }
}