{
  "tool_name": "Innovación Colaborativa",
  "year": "1972",
  "monthly_stats": {
    "72-01": {
      "tool_name": "Innovación Colaborativa",
      "batch_id": "32356",
      "date": "72-01",
      "initial_count": 92,
      "filtered_count": 0,
      "final_count": 0,
      "duplicate_count": 0,
      "terms": {
        "Innovation": 53,
        "Thinking": 39
      },
      "file_paths": {
        "base_folder": "crData/Innovación_Colaborativa_2825/Innovación_Colaborativa_72-01_32356",
        "term_results_folder": "crData/Innovación_Colaborativa_2825/Innovación_Colaborativa_72-01_32356/term_results",
        "merged": "crData/Innovación_Colaborativa_2825/Innovación_Colaborativa_72-01_32356/merged_results.json",
        "filtered": "crData/Innovación_Colaborativa_2825/Innovación_Colaborativa_72-01_32356/filtered_results.json",
        "final": "crData/Innovación_Colaborativa_2825/Innovación_Colaborativa_72-01_32356/final_results.json",
        "statistics": "crData/Innovación_Colaborativa_2825/Innovación_Colaborativa_72-01_32356/statistics_results.json"
      },
      "processing_time": 1.5922858715057373,
      "total_crossref": 166736,
      "crossref_percentage": 0.0
    },
    "72-02": {
      "tool_name": "Innovación Colaborativa",
      "batch_id": "32387",
      "date": "72-02",
      "initial_count": 25,
      "filtered_count": 0,
      "final_count": 0,
      "duplicate_count": 0,
      "terms": {
        "Innovation": 18,
        "Thinking": 7
      },
      "file_paths": {
        "base_folder": "crData/Innovación_Colaborativa_2825/Innovación_Colaborativa_72-02_32387",
        "term_results_folder": "crData/Innovación_Colaborativa_2825/Innovación_Colaborativa_72-02_32387/term_results",
        "merged": "crData/Innovación_Colaborativa_2825/Innovación_Colaborativa_72-02_32387/merged_results.json",
        "filtered": "crData/Innovación_Colaborativa_2825/Innovación_Colaborativa_72-02_32387/filtered_results.json",
        "final": "crData/Innovación_Colaborativa_2825/Innovación_Colaborativa_72-02_32387/final_results.json",
        "statistics": "crData/Innovación_Colaborativa_2825/Innovación_Colaborativa_72-02_32387/statistics_results.json"
      },
      "processing_time": 2.519052028656006,
      "total_crossref": 28635,
      "crossref_percentage": 0.0
    },
    "72-03": {
      "tool_name": "Innovación Colaborativa",
      "batch_id": "32427",
      "date": "72-03",
      "initial_count": 25,
      "filtered_count": 0,
      "final_count": 0,
      "duplicate_count": 0,
      "terms": {
        "Innovation": 12,
        "Thinking": 13
      },
      "file_paths": {
        "base_folder": "crData/Innovación_Colaborativa_2825/Innovación_Colaborativa_72-03_32427",
        "term_results_folder": "crData/Innovación_Colaborativa_2825/Innovación_Colaborativa_72-03_32427/term_results",
        "merged": "crData/Innovación_Colaborativa_2825/Innovación_Colaborativa_72-03_32427/merged_results.json",
        "filtered": "crData/Innovación_Colaborativa_2825/Innovación_Colaborativa_72-03_32427/filtered_results.json",
        "final": "crData/Innovación_Colaborativa_2825/Innovación_Colaborativa_72-03_32427/final_results.json",
        "statistics": "crData/Innovación_Colaborativa_2825/Innovación_Colaborativa_72-03_32427/statistics_results.json"
      },
      "processing_time": 1.9042823314666748,
      "total_crossref": 35510,
      "crossref_percentage": 0.0
    },
    "72-04": {
      "tool_name": "Innovación Colaborativa",
      "batch_id": "32461",
      "date": "72-04",
      "initial_count": 16,
      "filtered_count": 0,
      "final_count": 0,
      "duplicate_count": 0,
      "terms": {
        "Innovation": 8,
        "Thinking": 8
      },
      "file_paths": {
        "base_folder": "crData/Innovación_Colaborativa_2825/Innovación_Colaborativa_72-04_32461",
        "term_results_folder": "crData/Innovación_Colaborativa_2825/Innovación_Colaborativa_72-04_32461/term_results",
        "merged": "crData/Innovación_Colaborativa_2825/Innovación_Colaborativa_72-04_32461/merged_results.json",
        "filtered": "crData/Innovación_Colaborativa_2825/Innovación_Colaborativa_72-04_32461/filtered_results.json",
        "final": "crData/Innovación_Colaborativa_2825/Innovación_Colaborativa_72-04_32461/final_results.json",
        "statistics": "crData/Innovación_Colaborativa_2825/Innovación_Colaborativa_72-04_32461/statistics_results.json"
      },
      "processing_time": 1.9570889472961426,
      "total_crossref": 32685,
      "crossref_percentage": 0.0
    },
    "72-05": {
      "tool_name": "Innovación Colaborativa",
      "batch_id": "32496",
      "date": "72-05",
      "initial_count": 13,
      "filtered_count": 0,
      "final_count": 0,
      "duplicate_count": 0,
      "terms": {
        "Innovation": 7,
        "Thinking": 6
      },
      "file_paths": {
        "base_folder": "crData/Innovación_Colaborativa_2825/Innovación_Colaborativa_72-05_32496",
        "term_results_folder": "crData/Innovación_Colaborativa_2825/Innovación_Colaborativa_72-05_32496/term_results",
        "merged": "crData/Innovación_Colaborativa_2825/Innovación_Colaborativa_72-05_32496/merged_results.json",
        "filtered": "crData/Innovación_Colaborativa_2825/Innovación_Colaborativa_72-05_32496/filtered_results.json",
        "final": "crData/Innovación_Colaborativa_2825/Innovación_Colaborativa_72-05_32496/final_results.json",
        "statistics": "crData/Innovación_Colaborativa_2825/Innovación_Colaborativa_72-05_32496/statistics_results.json"
      },
      "processing_time": 1.76145601272583,
      "total_crossref": 29422,
      "crossref_percentage": 0.0
    },
    "72-06": {
      "tool_name": "Innovación Colaborativa",
      "batch_id": "32528",
      "date": "72-06",
      "initial_count": 21,
      "filtered_count": 0,
      "final_count": 0,
      "duplicate_count": 0,
      "terms": {
        "Innovation": 14,
        "Thinking": 7
      },
      "file_paths": {
        "base_folder": "crData/Innovación_Colaborativa_2825/Innovación_Colaborativa_72-06_32528",
        "term_results_folder": "crData/Innovación_Colaborativa_2825/Innovación_Colaborativa_72-06_32528/term_results",
        "merged": "crData/Innovación_Colaborativa_2825/Innovación_Colaborativa_72-06_32528/merged_results.json",
        "filtered": "crData/Innovación_Colaborativa_2825/Innovación_Colaborativa_72-06_32528/filtered_results.json",
        "final": "crData/Innovación_Colaborativa_2825/Innovación_Colaborativa_72-06_32528/final_results.json",
        "statistics": "crData/Innovación_Colaborativa_2825/Innovación_Colaborativa_72-06_32528/statistics_results.json"
      },
      "processing_time": 2.015601873397827,
      "total_crossref": 35517,
      "crossref_percentage": 0.0
    },
    "72-07": {
      "tool_name": "Innovación Colaborativa",
      "batch_id": "32564",
      "date": "72-07",
      "initial_count": 14,
      "filtered_count": 0,
      "final_count": 0,
      "duplicate_count": 0,
      "terms": {
        "Innovation": 8,
        "Thinking": 6
      },
      "file_paths": {
        "base_folder": "crData/Innovación_Colaborativa_2825/Innovación_Colaborativa_72-07_32564",
        "term_results_folder": "crData/Innovación_Colaborativa_2825/Innovación_Colaborativa_72-07_32564/term_results",
        "merged": "crData/Innovación_Colaborativa_2825/Innovación_Colaborativa_72-07_32564/merged_results.json",
        "filtered": "crData/Innovación_Colaborativa_2825/Innovación_Colaborativa_72-07_32564/filtered_results.json",
        "final": "crData/Innovación_Colaborativa_2825/Innovación_Colaborativa_72-07_32564/final_results.json",
        "statistics": "crData/Innovación_Colaborativa_2825/Innovación_Colaborativa_72-07_32564/statistics_results.json"
      },
      "processing_time": 1.9474842548370361,
      "total_crossref": 31056,
      "crossref_percentage": 0.0
    },
    "72-08": {
      "tool_name": "Innovación Colaborativa",
      "batch_id": "32598",
      "date": "72-08",
      "initial_count": 13,
      "filtered_count": 0,
      "final_count": 0,
      "duplicate_count": 0,
      "terms": {
        "Innovation": 6,
        "Thinking": 7
      },
      "file_paths": {
        "base_folder": "crData/Innovación_Colaborativa_2825/Innovación_Colaborativa_72-08_32598",
        "term_results_folder": "crData/Innovación_Colaborativa_2825/Innovación_Colaborativa_72-08_32598/term_results",
        "merged": "crData/Innovación_Colaborativa_2825/Innovación_Colaborativa_72-08_32598/merged_results.json",
        "filtered": "crData/Innovación_Colaborativa_2825/Innovación_Colaborativa_72-08_32598/filtered_results.json",
        "final": "crData/Innovación_Colaborativa_2825/Innovación_Colaborativa_72-08_32598/final_results.json",
        "statistics": "crData/Innovación_Colaborativa_2825/Innovación_Colaborativa_72-08_32598/statistics_results.json"
      },
      "processing_time": 4.75861120223999,
      "total_crossref": 27118,
      "crossref_percentage": 0.0
    },
    "72-09": {
      "tool_name": "Innovación Colaborativa",
      "batch_id": "33061",
      "date": "72-09",
      "initial_count": 22,
      "filtered_count": 0,
      "final_count": 0,
      "duplicate_count": 0,
      "terms": {
        "Innovation": 10,
        "Thinking": 12
      },
      "file_paths": {
        "base_folder": "crData/Innovación_Colaborativa_2825/Innovación_Colaborativa_72-09_33061",
        "term_results_folder": "crData/Innovación_Colaborativa_2825/Innovación_Colaborativa_72-09_33061/term_results",
        "merged": "crData/Innovación_Colaborativa_2825/Innovación_Colaborativa_72-09_33061/merged_results.json",
        "filtered": "crData/Innovación_Colaborativa_2825/Innovación_Colaborativa_72-09_33061/filtered_results.json",
        "final": "crData/Innovación_Colaborativa_2825/Innovación_Colaborativa_72-09_33061/final_results.json",
        "statistics": "crData/Innovación_Colaborativa_2825/Innovación_Colaborativa_72-09_33061/statistics_results.json"
      },
      "processing_time": 2.101020097732544,
      "total_crossref": 34685,
      "crossref_percentage": 0.0
    },
    "72-10": {
      "tool_name": "Innovación Colaborativa",
      "batch_id": "33097",
      "date": "72-10",
      "initial_count": 20,
      "filtered_count": 0,
      "final_count": 0,
      "duplicate_count": 0,
      "terms": {
        "Innovation": 16,
        "Thinking": 4
      },
      "file_paths": {
        "base_folder": "crData/Innovación_Colaborativa_2825/Innovación_Colaborativa_72-10_33097",
        "term_results_folder": "crData/Innovación_Colaborativa_2825/Innovación_Colaborativa_72-10_33097/term_results",
        "merged": "crData/Innovación_Colaborativa_2825/Innovación_Colaborativa_72-10_33097/merged_results.json",
        "filtered": "crData/Innovación_Colaborativa_2825/Innovación_Colaborativa_72-10_33097/filtered_results.json",
        "final": "crData/Innovación_Colaborativa_2825/Innovación_Colaborativa_72-10_33097/final_results.json",
        "statistics": "crData/Innovación_Colaborativa_2825/Innovación_Colaborativa_72-10_33097/statistics_results.json"
      },
      "processing_time": 3.2967889308929443,
      "total_crossref": 32997,
      "crossref_percentage": 0.0
    },
    "72-11": {
      "tool_name": "Innovación Colaborativa",
      "batch_id": "33145",
      "date": "72-11",
      "initial_count": 13,
      "filtered_count": 0,
      "final_count": 0,
      "duplicate_count": 0,
      "terms": {
        "Innovation": 7,
        "Thinking": 6
      },
      "file_paths": {
        "base_folder": "crData/Innovación_Colaborativa_2825/Innovación_Colaborativa_72-11_33145",
        "term_results_folder": "crData/Innovación_Colaborativa_2825/Innovación_Colaborativa_72-11_33145/term_results",
        "merged": "crData/Innovación_Colaborativa_2825/Innovación_Colaborativa_72-11_33145/merged_results.json",
        "filtered": "crData/Innovación_Colaborativa_2825/Innovación_Colaborativa_72-11_33145/filtered_results.json",
        "final": "crData/Innovación_Colaborativa_2825/Innovación_Colaborativa_72-11_33145/final_results.json",
        "statistics": "crData/Innovación_Colaborativa_2825/Innovación_Colaborativa_72-11_33145/statistics_results.json"
      },
      "processing_time": 2.1244070529937744,
      "total_crossref": 29347,
      "crossref_percentage": 0.0
    },
    "72-12": {
      "tool_name": "Innovación Colaborativa",
      "batch_id": "33181",
      "date": "72-12",
      "initial_count": 39,
      "filtered_count": 0,
      "final_count": 0,
      "duplicate_count": 0,
      "terms": {
        "Innovation": 9,
        "Thinking": 30
      },
      "file_paths": {
        "base_folder": "crData/Innovación_Colaborativa_2825/Innovación_Colaborativa_72-12_33181",
        "term_results_folder": "crData/Innovación_Colaborativa_2825/Innovación_Colaborativa_72-12_33181/term_results",
        "merged": "crData/Innovación_Colaborativa_2825/Innovación_Colaborativa_72-12_33181/merged_results.json",
        "filtered": "crData/Innovación_Colaborativa_2825/Innovación_Colaborativa_72-12_33181/filtered_results.json",
        "final": "crData/Innovación_Colaborativa_2825/Innovación_Colaborativa_72-12_33181/final_results.json",
        "statistics": "crData/Innovación_Colaborativa_2825/Innovación_Colaborativa_72-12_33181/statistics_results.json"
      },
      "processing_time": 1.8562390804290771,
      "total_crossref": 55851,
      "crossref_percentage": 0.0
    }
  },
  "total_duplicates": 0,
  "monthly_files": {
    "72-01": {
      "base_folder": "crData/Innovación_Colaborativa_2825/Innovación_Colaborativa_72-01_32356",
      "term_results_folder": "crData/Innovación_Colaborativa_2825/Innovación_Colaborativa_72-01_32356/term_results",
      "merged": "crData/Innovación_Colaborativa_2825/Innovación_Colaborativa_72-01_32356/merged_results.json",
      "filtered": "crData/Innovación_Colaborativa_2825/Innovación_Colaborativa_72-01_32356/filtered_results.json",
      "final": "crData/Innovación_Colaborativa_2825/Innovación_Colaborativa_72-01_32356/final_results.json",
      "statistics": "crData/Innovación_Colaborativa_2825/Innovación_Colaborativa_72-01_32356/statistics_results.json"
    },
    "72-02": {
      "base_folder": "crData/Innovación_Colaborativa_2825/Innovación_Colaborativa_72-02_32387",
      "term_results_folder": "crData/Innovación_Colaborativa_2825/Innovación_Colaborativa_72-02_32387/term_results",
      "merged": "crData/Innovación_Colaborativa_2825/Innovación_Colaborativa_72-02_32387/merged_results.json",
      "filtered": "crData/Innovación_Colaborativa_2825/Innovación_Colaborativa_72-02_32387/filtered_results.json",
      "final": "crData/Innovación_Colaborativa_2825/Innovación_Colaborativa_72-02_32387/final_results.json",
      "statistics": "crData/Innovación_Colaborativa_2825/Innovación_Colaborativa_72-02_32387/statistics_results.json"
    },
    "72-03": {
      "base_folder": "crData/Innovación_Colaborativa_2825/Innovación_Colaborativa_72-03_32427",
      "term_results_folder": "crData/Innovación_Colaborativa_2825/Innovación_Colaborativa_72-03_32427/term_results",
      "merged": "crData/Innovación_Colaborativa_2825/Innovación_Colaborativa_72-03_32427/merged_results.json",
      "filtered": "crData/Innovación_Colaborativa_2825/Innovación_Colaborativa_72-03_32427/filtered_results.json",
      "final": "crData/Innovación_Colaborativa_2825/Innovación_Colaborativa_72-03_32427/final_results.json",
      "statistics": "crData/Innovación_Colaborativa_2825/Innovación_Colaborativa_72-03_32427/statistics_results.json"
    },
    "72-04": {
      "base_folder": "crData/Innovación_Colaborativa_2825/Innovación_Colaborativa_72-04_32461",
      "term_results_folder": "crData/Innovación_Colaborativa_2825/Innovación_Colaborativa_72-04_32461/term_results",
      "merged": "crData/Innovación_Colaborativa_2825/Innovación_Colaborativa_72-04_32461/merged_results.json",
      "filtered": "crData/Innovación_Colaborativa_2825/Innovación_Colaborativa_72-04_32461/filtered_results.json",
      "final": "crData/Innovación_Colaborativa_2825/Innovación_Colaborativa_72-04_32461/final_results.json",
      "statistics": "crData/Innovación_Colaborativa_2825/Innovación_Colaborativa_72-04_32461/statistics_results.json"
    },
    "72-05": {
      "base_folder": "crData/Innovación_Colaborativa_2825/Innovación_Colaborativa_72-05_32496",
      "term_results_folder": "crData/Innovación_Colaborativa_2825/Innovación_Colaborativa_72-05_32496/term_results",
      "merged": "crData/Innovación_Colaborativa_2825/Innovación_Colaborativa_72-05_32496/merged_results.json",
      "filtered": "crData/Innovación_Colaborativa_2825/Innovación_Colaborativa_72-05_32496/filtered_results.json",
      "final": "crData/Innovación_Colaborativa_2825/Innovación_Colaborativa_72-05_32496/final_results.json",
      "statistics": "crData/Innovación_Colaborativa_2825/Innovación_Colaborativa_72-05_32496/statistics_results.json"
    },
    "72-06": {
      "base_folder": "crData/Innovación_Colaborativa_2825/Innovación_Colaborativa_72-06_32528",
      "term_results_folder": "crData/Innovación_Colaborativa_2825/Innovación_Colaborativa_72-06_32528/term_results",
      "merged": "crData/Innovación_Colaborativa_2825/Innovación_Colaborativa_72-06_32528/merged_results.json",
      "filtered": "crData/Innovación_Colaborativa_2825/Innovación_Colaborativa_72-06_32528/filtered_results.json",
      "final": "crData/Innovación_Colaborativa_2825/Innovación_Colaborativa_72-06_32528/final_results.json",
      "statistics": "crData/Innovación_Colaborativa_2825/Innovación_Colaborativa_72-06_32528/statistics_results.json"
    },
    "72-07": {
      "base_folder": "crData/Innovación_Colaborativa_2825/Innovación_Colaborativa_72-07_32564",
      "term_results_folder": "crData/Innovación_Colaborativa_2825/Innovación_Colaborativa_72-07_32564/term_results",
      "merged": "crData/Innovación_Colaborativa_2825/Innovación_Colaborativa_72-07_32564/merged_results.json",
      "filtered": "crData/Innovación_Colaborativa_2825/Innovación_Colaborativa_72-07_32564/filtered_results.json",
      "final": "crData/Innovación_Colaborativa_2825/Innovación_Colaborativa_72-07_32564/final_results.json",
      "statistics": "crData/Innovación_Colaborativa_2825/Innovación_Colaborativa_72-07_32564/statistics_results.json"
    },
    "72-08": {
      "base_folder": "crData/Innovación_Colaborativa_2825/Innovación_Colaborativa_72-08_32598",
      "term_results_folder": "crData/Innovación_Colaborativa_2825/Innovación_Colaborativa_72-08_32598/term_results",
      "merged": "crData/Innovación_Colaborativa_2825/Innovación_Colaborativa_72-08_32598/merged_results.json",
      "filtered": "crData/Innovación_Colaborativa_2825/Innovación_Colaborativa_72-08_32598/filtered_results.json",
      "final": "crData/Innovación_Colaborativa_2825/Innovación_Colaborativa_72-08_32598/final_results.json",
      "statistics": "crData/Innovación_Colaborativa_2825/Innovación_Colaborativa_72-08_32598/statistics_results.json"
    },
    "72-09": {
      "base_folder": "crData/Innovación_Colaborativa_2825/Innovación_Colaborativa_72-09_33061",
      "term_results_folder": "crData/Innovación_Colaborativa_2825/Innovación_Colaborativa_72-09_33061/term_results",
      "merged": "crData/Innovación_Colaborativa_2825/Innovación_Colaborativa_72-09_33061/merged_results.json",
      "filtered": "crData/Innovación_Colaborativa_2825/Innovación_Colaborativa_72-09_33061/filtered_results.json",
      "final": "crData/Innovación_Colaborativa_2825/Innovación_Colaborativa_72-09_33061/final_results.json",
      "statistics": "crData/Innovación_Colaborativa_2825/Innovación_Colaborativa_72-09_33061/statistics_results.json"
    },
    "72-10": {
      "base_folder": "crData/Innovación_Colaborativa_2825/Innovación_Colaborativa_72-10_33097",
      "term_results_folder": "crData/Innovación_Colaborativa_2825/Innovación_Colaborativa_72-10_33097/term_results",
      "merged": "crData/Innovación_Colaborativa_2825/Innovación_Colaborativa_72-10_33097/merged_results.json",
      "filtered": "crData/Innovación_Colaborativa_2825/Innovación_Colaborativa_72-10_33097/filtered_results.json",
      "final": "crData/Innovación_Colaborativa_2825/Innovación_Colaborativa_72-10_33097/final_results.json",
      "statistics": "crData/Innovación_Colaborativa_2825/Innovación_Colaborativa_72-10_33097/statistics_results.json"
    },
    "72-11": {
      "base_folder": "crData/Innovación_Colaborativa_2825/Innovación_Colaborativa_72-11_33145",
      "term_results_folder": "crData/Innovación_Colaborativa_2825/Innovación_Colaborativa_72-11_33145/term_results",
      "merged": "crData/Innovación_Colaborativa_2825/Innovación_Colaborativa_72-11_33145/merged_results.json",
      "filtered": "crData/Innovación_Colaborativa_2825/Innovación_Colaborativa_72-11_33145/filtered_results.json",
      "final": "crData/Innovación_Colaborativa_2825/Innovación_Colaborativa_72-11_33145/final_results.json",
      "statistics": "crData/Innovación_Colaborativa_2825/Innovación_Colaborativa_72-11_33145/statistics_results.json"
    },
    "72-12": {
      "base_folder": "crData/Innovación_Colaborativa_2825/Innovación_Colaborativa_72-12_33181",
      "term_results_folder": "crData/Innovación_Colaborativa_2825/Innovación_Colaborativa_72-12_33181/term_results",
      "merged": "crData/Innovación_Colaborativa_2825/Innovación_Colaborativa_72-12_33181/merged_results.json",
      "filtered": "crData/Innovación_Colaborativa_2825/Innovación_Colaborativa_72-12_33181/filtered_results.json",
      "final": "crData/Innovación_Colaborativa_2825/Innovación_Colaborativa_72-12_33181/final_results.json",
      "statistics": "crData/Innovación_Colaborativa_2825/Innovación_Colaborativa_72-12_33181/statistics_results.json"
    }
  }
}