{
  "tool_name": "Lealtad del Cliente",
  "year": "2015",
  "monthly_stats": {
    "15-01": {
      "tool_name": "Lealtad del Cliente",
      "batch_id": "59112",
      "date": "15-01",
      "initial_count": 1547,
      "filtered_count": 0,
      "final_count": 0,
      "duplicate_count": 0,
      "terms": {
        "Loyalty": 323,
        "Customer”": 1225
      },
      "file_paths": {
        "base_folder": "crData/Lealtad_del_Cliente_8256/Lealtad_del_Cliente_15-01_59112",
        "term_results_folder": "crData/Lealtad_del_Cliente_8256/Lealtad_del_Cliente_15-01_59112/term_results",
        "merged": "crData/Lealtad_del_Cliente_8256/Lealtad_del_Cliente_15-01_59112/merged_results.json",
        "filtered": "crData/Lealtad_del_Cliente_8256/Lealtad_del_Cliente_15-01_59112/filtered_results.json",
        "final": "crData/Lealtad_del_Cliente_8256/Lealtad_del_Cliente_15-01_59112/final_results.json",
        "statistics": "crData/Lealtad_del_Cliente_8256/Lealtad_del_Cliente_15-01_59112/statistics_results.json"
      },
      "processing_time": 6.588162899017334,
      "total_crossref": 1208127,
      "crossref_percentage": 0.0
    },
    "15-02": {
      "tool_name": "Lealtad del Cliente",
      "batch_id": "59193",
      "date": "15-02",
      "initial_count": 167,
      "filtered_count": 0,
      "final_count": 0,
      "duplicate_count": 0,
      "terms": {
        "Loyalty": 50,
        "Customer”": 117
      },
      "file_paths": {
        "base_folder": "crData/Lealtad_del_Cliente_8256/Lealtad_del_Cliente_15-02_59193",
        "term_results_folder": "crData/Lealtad_del_Cliente_8256/Lealtad_del_Cliente_15-02_59193/term_results",
        "merged": "crData/Lealtad_del_Cliente_8256/Lealtad_del_Cliente_15-02_59193/merged_results.json",
        "filtered": "crData/Lealtad_del_Cliente_8256/Lealtad_del_Cliente_15-02_59193/filtered_results.json",
        "final": "crData/Lealtad_del_Cliente_8256/Lealtad_del_Cliente_15-02_59193/final_results.json",
        "statistics": "crData/Lealtad_del_Cliente_8256/Lealtad_del_Cliente_15-02_59193/statistics_results.json"
      },
      "processing_time": 4.498907804489136,
      "total_crossref": 231584,
      "crossref_percentage": 0.0
    },
    "15-03": {
      "tool_name": "Lealtad del Cliente",
      "batch_id": "59253",
      "date": "15-03",
      "initial_count": 224,
      "filtered_count": 0,
      "final_count": 0,
      "duplicate_count": 0,
      "terms": {
        "Loyalty": 73,
        "Customer”": 151
      },
      "file_paths": {
        "base_folder": "crData/Lealtad_del_Cliente_8256/Lealtad_del_Cliente_15-03_59253",
        "term_results_folder": "crData/Lealtad_del_Cliente_8256/Lealtad_del_Cliente_15-03_59253/term_results",
        "merged": "crData/Lealtad_del_Cliente_8256/Lealtad_del_Cliente_15-03_59253/merged_results.json",
        "filtered": "crData/Lealtad_del_Cliente_8256/Lealtad_del_Cliente_15-03_59253/filtered_results.json",
        "final": "crData/Lealtad_del_Cliente_8256/Lealtad_del_Cliente_15-03_59253/final_results.json",
        "statistics": "crData/Lealtad_del_Cliente_8256/Lealtad_del_Cliente_15-03_59253/statistics_results.json"
      },
      "processing_time": 4.9263129234313965,
      "total_crossref": 297783,
      "crossref_percentage": 0.0
    },
    "15-04": {
      "tool_name": "Lealtad del Cliente",
      "batch_id": "59317",
      "date": "15-04",
      "initial_count": 232,
      "filtered_count": 0,
      "final_count": 0,
      "duplicate_count": 0,
      "terms": {
        "Loyalty": 70,
        "Customer”": 163
      },
      "file_paths": {
        "base_folder": "crData/Lealtad_del_Cliente_8256/Lealtad_del_Cliente_15-04_59317",
        "term_results_folder": "crData/Lealtad_del_Cliente_8256/Lealtad_del_Cliente_15-04_59317/term_results",
        "merged": "crData/Lealtad_del_Cliente_8256/Lealtad_del_Cliente_15-04_59317/merged_results.json",
        "filtered": "crData/Lealtad_del_Cliente_8256/Lealtad_del_Cliente_15-04_59317/filtered_results.json",
        "final": "crData/Lealtad_del_Cliente_8256/Lealtad_del_Cliente_15-04_59317/final_results.json",
        "statistics": "crData/Lealtad_del_Cliente_8256/Lealtad_del_Cliente_15-04_59317/statistics_results.json"
      },
      "processing_time": 4.577229738235474,
      "total_crossref": 304667,
      "crossref_percentage": 0.0
    },
    "15-05": {
      "tool_name": "Lealtad del Cliente",
      "batch_id": "59378",
      "date": "15-05",
      "initial_count": 209,
      "filtered_count": 0,
      "final_count": 0,
      "duplicate_count": 0,
      "terms": {
        "Loyalty": 47,
        "Customer”": 162
      },
      "file_paths": {
        "base_folder": "crData/Lealtad_del_Cliente_8256/Lealtad_del_Cliente_15-05_59378",
        "term_results_folder": "crData/Lealtad_del_Cliente_8256/Lealtad_del_Cliente_15-05_59378/term_results",
        "merged": "crData/Lealtad_del_Cliente_8256/Lealtad_del_Cliente_15-05_59378/merged_results.json",
        "filtered": "crData/Lealtad_del_Cliente_8256/Lealtad_del_Cliente_15-05_59378/filtered_results.json",
        "final": "crData/Lealtad_del_Cliente_8256/Lealtad_del_Cliente_15-05_59378/final_results.json",
        "statistics": "crData/Lealtad_del_Cliente_8256/Lealtad_del_Cliente_15-05_59378/statistics_results.json"
      },
      "processing_time": 4.814414978027344,
      "total_crossref": 289086,
      "crossref_percentage": 0.0
    },
    "15-06": {
      "tool_name": "Lealtad del Cliente",
      "batch_id": "59441",
      "date": "15-06",
      "initial_count": 304,
      "filtered_count": 0,
      "final_count": 0,
      "duplicate_count": 0,
      "terms": {
        "Loyalty": 71,
        "Customer”": 233
      },
      "file_paths": {
        "base_folder": "crData/Lealtad_del_Cliente_8256/Lealtad_del_Cliente_15-06_59441",
        "term_results_folder": "crData/Lealtad_del_Cliente_8256/Lealtad_del_Cliente_15-06_59441/term_results",
        "merged": "crData/Lealtad_del_Cliente_8256/Lealtad_del_Cliente_15-06_59441/merged_results.json",
        "filtered": "crData/Lealtad_del_Cliente_8256/Lealtad_del_Cliente_15-06_59441/filtered_results.json",
        "final": "crData/Lealtad_del_Cliente_8256/Lealtad_del_Cliente_15-06_59441/final_results.json",
        "statistics": "crData/Lealtad_del_Cliente_8256/Lealtad_del_Cliente_15-06_59441/statistics_results.json"
      },
      "processing_time": 5.410742998123169,
      "total_crossref": 332669,
      "crossref_percentage": 0.0
    },
    "15-07": {
      "tool_name": "Lealtad del Cliente",
      "batch_id": "59510",
      "date": "15-07",
      "initial_count": 237,
      "filtered_count": 0,
      "final_count": 0,
      "duplicate_count": 0,
      "terms": {
        "Loyalty": 76,
        "Customer”": 162
      },
      "file_paths": {
        "base_folder": "crData/Lealtad_del_Cliente_8256/Lealtad_del_Cliente_15-07_59510",
        "term_results_folder": "crData/Lealtad_del_Cliente_8256/Lealtad_del_Cliente_15-07_59510/term_results",
        "merged": "crData/Lealtad_del_Cliente_8256/Lealtad_del_Cliente_15-07_59510/merged_results.json",
        "filtered": "crData/Lealtad_del_Cliente_8256/Lealtad_del_Cliente_15-07_59510/filtered_results.json",
        "final": "crData/Lealtad_del_Cliente_8256/Lealtad_del_Cliente_15-07_59510/final_results.json",
        "statistics": "crData/Lealtad_del_Cliente_8256/Lealtad_del_Cliente_15-07_59510/statistics_results.json"
      },
      "processing_time": 6.566452980041504,
      "total_crossref": 287389,
      "crossref_percentage": 0.0
    },
    "15-08": {
      "tool_name": "Lealtad del Cliente",
      "batch_id": "59591",
      "date": "15-08",
      "initial_count": 271,
      "filtered_count": 0,
      "final_count": 0,
      "duplicate_count": 0,
      "terms": {
        "Loyalty": 51,
        "Customer”": 220
      },
      "file_paths": {
        "base_folder": "crData/Lealtad_del_Cliente_8256/Lealtad_del_Cliente_15-08_59591",
        "term_results_folder": "crData/Lealtad_del_Cliente_8256/Lealtad_del_Cliente_15-08_59591/term_results",
        "merged": "crData/Lealtad_del_Cliente_8256/Lealtad_del_Cliente_15-08_59591/merged_results.json",
        "filtered": "crData/Lealtad_del_Cliente_8256/Lealtad_del_Cliente_15-08_59591/filtered_results.json",
        "final": "crData/Lealtad_del_Cliente_8256/Lealtad_del_Cliente_15-08_59591/final_results.json",
        "statistics": "crData/Lealtad_del_Cliente_8256/Lealtad_del_Cliente_15-08_59591/statistics_results.json"
      },
      "processing_time": 9.706194162368774,
      "total_crossref": 272170,
      "crossref_percentage": 0.0
    },
    "15-09": {
      "tool_name": "Lealtad del Cliente",
      "batch_id": "00103",
      "date": "15-09",
      "initial_count": 261,
      "filtered_count": 0,
      "final_count": 0,
      "duplicate_count": 0,
      "terms": {
        "Loyalty": 65,
        "Customer”": 196
      },
      "file_paths": {
        "base_folder": "crData/Lealtad_del_Cliente_8256/Lealtad_del_Cliente_15-09_00103",
        "term_results_folder": "crData/Lealtad_del_Cliente_8256/Lealtad_del_Cliente_15-09_00103/term_results",
        "merged": "crData/Lealtad_del_Cliente_8256/Lealtad_del_Cliente_15-09_00103/merged_results.json",
        "filtered": "crData/Lealtad_del_Cliente_8256/Lealtad_del_Cliente_15-09_00103/filtered_results.json",
        "final": "crData/Lealtad_del_Cliente_8256/Lealtad_del_Cliente_15-09_00103/final_results.json",
        "statistics": "crData/Lealtad_del_Cliente_8256/Lealtad_del_Cliente_15-09_00103/statistics_results.json"
      },
      "processing_time": 6.949747085571289,
      "total_crossref": 340199,
      "crossref_percentage": 0.0
    },
    "15-10": {
      "tool_name": "Lealtad del Cliente",
      "batch_id": "00188",
      "date": "15-10",
      "initial_count": 282,
      "filtered_count": 2,
      "final_count": 1,
      "duplicate_count": 0,
      "terms": {
        "Loyalty": 67,
        "Customer”": 216
      },
      "file_paths": {
        "base_folder": "crData/Lealtad_del_Cliente_8256/Lealtad_del_Cliente_15-10_00188",
        "term_results_folder": "crData/Lealtad_del_Cliente_8256/Lealtad_del_Cliente_15-10_00188/term_results",
        "merged": "crData/Lealtad_del_Cliente_8256/Lealtad_del_Cliente_15-10_00188/merged_results.json",
        "filtered": "crData/Lealtad_del_Cliente_8256/Lealtad_del_Cliente_15-10_00188/filtered_results.json",
        "final": "crData/Lealtad_del_Cliente_8256/Lealtad_del_Cliente_15-10_00188/final_results.json",
        "statistics": "crData/Lealtad_del_Cliente_8256/Lealtad_del_Cliente_15-10_00188/statistics_results.json"
      },
      "processing_time": 8.160367727279663,
      "total_crossref": 329870,
      "crossref_percentage": 0.0003031497256494983
    },
    "15-11": {
      "tool_name": "Lealtad del Cliente",
      "batch_id": "00285",
      "date": "15-11",
      "initial_count": 239,
      "filtered_count": 0,
      "final_count": 0,
      "duplicate_count": 0,
      "terms": {
        "Loyalty": 51,
        "Customer”": 188
      },
      "file_paths": {
        "base_folder": "crData/Lealtad_del_Cliente_8256/Lealtad_del_Cliente_15-11_00285",
        "term_results_folder": "crData/Lealtad_del_Cliente_8256/Lealtad_del_Cliente_15-11_00285/term_results",
        "merged": "crData/Lealtad_del_Cliente_8256/Lealtad_del_Cliente_15-11_00285/merged_results.json",
        "filtered": "crData/Lealtad_del_Cliente_8256/Lealtad_del_Cliente_15-11_00285/filtered_results.json",
        "final": "crData/Lealtad_del_Cliente_8256/Lealtad_del_Cliente_15-11_00285/final_results.json",
        "statistics": "crData/Lealtad_del_Cliente_8256/Lealtad_del_Cliente_15-11_00285/statistics_results.json"
      },
      "processing_time": 6.5013978481292725,
      "total_crossref": 309898,
      "crossref_percentage": 0.0
    },
    "15-12": {
      "tool_name": "Lealtad del Cliente",
      "batch_id": "00365",
      "date": "15-12",
      "initial_count": 385,
      "filtered_count": 0,
      "final_count": 0,
      "duplicate_count": 0,
      "terms": {
        "Loyalty": 118,
        "Customer”": 267
      },
      "file_paths": {
        "base_folder": "crData/Lealtad_del_Cliente_8256/Lealtad_del_Cliente_15-12_00365",
        "term_results_folder": "crData/Lealtad_del_Cliente_8256/Lealtad_del_Cliente_15-12_00365/term_results",
        "merged": "crData/Lealtad_del_Cliente_8256/Lealtad_del_Cliente_15-12_00365/merged_results.json",
        "filtered": "crData/Lealtad_del_Cliente_8256/Lealtad_del_Cliente_15-12_00365/filtered_results.json",
        "final": "crData/Lealtad_del_Cliente_8256/Lealtad_del_Cliente_15-12_00365/final_results.json",
        "statistics": "crData/Lealtad_del_Cliente_8256/Lealtad_del_Cliente_15-12_00365/statistics_results.json"
      },
      "processing_time": 4.881312131881714,
      "total_crossref": 451834,
      "crossref_percentage": 0.0
    }
  },
  "total_duplicates": 0,
  "monthly_files": {
    "15-01": {
      "base_folder": "crData/Lealtad_del_Cliente_8256/Lealtad_del_Cliente_15-01_59112",
      "term_results_folder": "crData/Lealtad_del_Cliente_8256/Lealtad_del_Cliente_15-01_59112/term_results",
      "merged": "crData/Lealtad_del_Cliente_8256/Lealtad_del_Cliente_15-01_59112/merged_results.json",
      "filtered": "crData/Lealtad_del_Cliente_8256/Lealtad_del_Cliente_15-01_59112/filtered_results.json",
      "final": "crData/Lealtad_del_Cliente_8256/Lealtad_del_Cliente_15-01_59112/final_results.json",
      "statistics": "crData/Lealtad_del_Cliente_8256/Lealtad_del_Cliente_15-01_59112/statistics_results.json"
    },
    "15-02": {
      "base_folder": "crData/Lealtad_del_Cliente_8256/Lealtad_del_Cliente_15-02_59193",
      "term_results_folder": "crData/Lealtad_del_Cliente_8256/Lealtad_del_Cliente_15-02_59193/term_results",
      "merged": "crData/Lealtad_del_Cliente_8256/Lealtad_del_Cliente_15-02_59193/merged_results.json",
      "filtered": "crData/Lealtad_del_Cliente_8256/Lealtad_del_Cliente_15-02_59193/filtered_results.json",
      "final": "crData/Lealtad_del_Cliente_8256/Lealtad_del_Cliente_15-02_59193/final_results.json",
      "statistics": "crData/Lealtad_del_Cliente_8256/Lealtad_del_Cliente_15-02_59193/statistics_results.json"
    },
    "15-03": {
      "base_folder": "crData/Lealtad_del_Cliente_8256/Lealtad_del_Cliente_15-03_59253",
      "term_results_folder": "crData/Lealtad_del_Cliente_8256/Lealtad_del_Cliente_15-03_59253/term_results",
      "merged": "crData/Lealtad_del_Cliente_8256/Lealtad_del_Cliente_15-03_59253/merged_results.json",
      "filtered": "crData/Lealtad_del_Cliente_8256/Lealtad_del_Cliente_15-03_59253/filtered_results.json",
      "final": "crData/Lealtad_del_Cliente_8256/Lealtad_del_Cliente_15-03_59253/final_results.json",
      "statistics": "crData/Lealtad_del_Cliente_8256/Lealtad_del_Cliente_15-03_59253/statistics_results.json"
    },
    "15-04": {
      "base_folder": "crData/Lealtad_del_Cliente_8256/Lealtad_del_Cliente_15-04_59317",
      "term_results_folder": "crData/Lealtad_del_Cliente_8256/Lealtad_del_Cliente_15-04_59317/term_results",
      "merged": "crData/Lealtad_del_Cliente_8256/Lealtad_del_Cliente_15-04_59317/merged_results.json",
      "filtered": "crData/Lealtad_del_Cliente_8256/Lealtad_del_Cliente_15-04_59317/filtered_results.json",
      "final": "crData/Lealtad_del_Cliente_8256/Lealtad_del_Cliente_15-04_59317/final_results.json",
      "statistics": "crData/Lealtad_del_Cliente_8256/Lealtad_del_Cliente_15-04_59317/statistics_results.json"
    },
    "15-05": {
      "base_folder": "crData/Lealtad_del_Cliente_8256/Lealtad_del_Cliente_15-05_59378",
      "term_results_folder": "crData/Lealtad_del_Cliente_8256/Lealtad_del_Cliente_15-05_59378/term_results",
      "merged": "crData/Lealtad_del_Cliente_8256/Lealtad_del_Cliente_15-05_59378/merged_results.json",
      "filtered": "crData/Lealtad_del_Cliente_8256/Lealtad_del_Cliente_15-05_59378/filtered_results.json",
      "final": "crData/Lealtad_del_Cliente_8256/Lealtad_del_Cliente_15-05_59378/final_results.json",
      "statistics": "crData/Lealtad_del_Cliente_8256/Lealtad_del_Cliente_15-05_59378/statistics_results.json"
    },
    "15-06": {
      "base_folder": "crData/Lealtad_del_Cliente_8256/Lealtad_del_Cliente_15-06_59441",
      "term_results_folder": "crData/Lealtad_del_Cliente_8256/Lealtad_del_Cliente_15-06_59441/term_results",
      "merged": "crData/Lealtad_del_Cliente_8256/Lealtad_del_Cliente_15-06_59441/merged_results.json",
      "filtered": "crData/Lealtad_del_Cliente_8256/Lealtad_del_Cliente_15-06_59441/filtered_results.json",
      "final": "crData/Lealtad_del_Cliente_8256/Lealtad_del_Cliente_15-06_59441/final_results.json",
      "statistics": "crData/Lealtad_del_Cliente_8256/Lealtad_del_Cliente_15-06_59441/statistics_results.json"
    },
    "15-07": {
      "base_folder": "crData/Lealtad_del_Cliente_8256/Lealtad_del_Cliente_15-07_59510",
      "term_results_folder": "crData/Lealtad_del_Cliente_8256/Lealtad_del_Cliente_15-07_59510/term_results",
      "merged": "crData/Lealtad_del_Cliente_8256/Lealtad_del_Cliente_15-07_59510/merged_results.json",
      "filtered": "crData/Lealtad_del_Cliente_8256/Lealtad_del_Cliente_15-07_59510/filtered_results.json",
      "final": "crData/Lealtad_del_Cliente_8256/Lealtad_del_Cliente_15-07_59510/final_results.json",
      "statistics": "crData/Lealtad_del_Cliente_8256/Lealtad_del_Cliente_15-07_59510/statistics_results.json"
    },
    "15-08": {
      "base_folder": "crData/Lealtad_del_Cliente_8256/Lealtad_del_Cliente_15-08_59591",
      "term_results_folder": "crData/Lealtad_del_Cliente_8256/Lealtad_del_Cliente_15-08_59591/term_results",
      "merged": "crData/Lealtad_del_Cliente_8256/Lealtad_del_Cliente_15-08_59591/merged_results.json",
      "filtered": "crData/Lealtad_del_Cliente_8256/Lealtad_del_Cliente_15-08_59591/filtered_results.json",
      "final": "crData/Lealtad_del_Cliente_8256/Lealtad_del_Cliente_15-08_59591/final_results.json",
      "statistics": "crData/Lealtad_del_Cliente_8256/Lealtad_del_Cliente_15-08_59591/statistics_results.json"
    },
    "15-09": {
      "base_folder": "crData/Lealtad_del_Cliente_8256/Lealtad_del_Cliente_15-09_00103",
      "term_results_folder": "crData/Lealtad_del_Cliente_8256/Lealtad_del_Cliente_15-09_00103/term_results",
      "merged": "crData/Lealtad_del_Cliente_8256/Lealtad_del_Cliente_15-09_00103/merged_results.json",
      "filtered": "crData/Lealtad_del_Cliente_8256/Lealtad_del_Cliente_15-09_00103/filtered_results.json",
      "final": "crData/Lealtad_del_Cliente_8256/Lealtad_del_Cliente_15-09_00103/final_results.json",
      "statistics": "crData/Lealtad_del_Cliente_8256/Lealtad_del_Cliente_15-09_00103/statistics_results.json"
    },
    "15-10": {
      "base_folder": "crData/Lealtad_del_Cliente_8256/Lealtad_del_Cliente_15-10_00188",
      "term_results_folder": "crData/Lealtad_del_Cliente_8256/Lealtad_del_Cliente_15-10_00188/term_results",
      "merged": "crData/Lealtad_del_Cliente_8256/Lealtad_del_Cliente_15-10_00188/merged_results.json",
      "filtered": "crData/Lealtad_del_Cliente_8256/Lealtad_del_Cliente_15-10_00188/filtered_results.json",
      "final": "crData/Lealtad_del_Cliente_8256/Lealtad_del_Cliente_15-10_00188/final_results.json",
      "statistics": "crData/Lealtad_del_Cliente_8256/Lealtad_del_Cliente_15-10_00188/statistics_results.json"
    },
    "15-11": {
      "base_folder": "crData/Lealtad_del_Cliente_8256/Lealtad_del_Cliente_15-11_00285",
      "term_results_folder": "crData/Lealtad_del_Cliente_8256/Lealtad_del_Cliente_15-11_00285/term_results",
      "merged": "crData/Lealtad_del_Cliente_8256/Lealtad_del_Cliente_15-11_00285/merged_results.json",
      "filtered": "crData/Lealtad_del_Cliente_8256/Lealtad_del_Cliente_15-11_00285/filtered_results.json",
      "final": "crData/Lealtad_del_Cliente_8256/Lealtad_del_Cliente_15-11_00285/final_results.json",
      "statistics": "crData/Lealtad_del_Cliente_8256/Lealtad_del_Cliente_15-11_00285/statistics_results.json"
    },
    "15-12": {
      "base_folder": "crData/Lealtad_del_Cliente_8256/Lealtad_del_Cliente_15-12_00365",
      "term_results_folder": "crData/Lealtad_del_Cliente_8256/Lealtad_del_Cliente_15-12_00365/term_results",
      "merged": "crData/Lealtad_del_Cliente_8256/Lealtad_del_Cliente_15-12_00365/merged_results.json",
      "filtered": "crData/Lealtad_del_Cliente_8256/Lealtad_del_Cliente_15-12_00365/filtered_results.json",
      "final": "crData/Lealtad_del_Cliente_8256/Lealtad_del_Cliente_15-12_00365/final_results.json",
      "statistics": "crData/Lealtad_del_Cliente_8256/Lealtad_del_Cliente_15-12_00365/statistics_results.json"
    }
  }
}