{
  "tool_name": "Lealtad del Cliente",
  "year": "1989",
  "monthly_stats": {
    "89-01": {
      "tool_name": "Lealtad del Cliente",
      "batch_id": "29492",
      "date": "89-01",
      "initial_count": 64,
      "filtered_count": 0,
      "final_count": 0,
      "duplicate_count": 0,
      "terms": {
        "Loyalty": 11,
        "Customer”": 53
      },
      "file_paths": {
        "base_folder": "crData/Lealtad_del_Cliente_8256/Lealtad_del_Cliente_89-01_29492",
        "term_results_folder": "crData/Lealtad_del_Cliente_8256/Lealtad_del_Cliente_89-01_29492/term_results",
        "merged": "crData/Lealtad_del_Cliente_8256/Lealtad_del_Cliente_89-01_29492/merged_results.json",
        "filtered": "crData/Lealtad_del_Cliente_8256/Lealtad_del_Cliente_89-01_29492/filtered_results.json",
        "final": "crData/Lealtad_del_Cliente_8256/Lealtad_del_Cliente_89-01_29492/final_results.json",
        "statistics": "crData/Lealtad_del_Cliente_8256/Lealtad_del_Cliente_89-01_29492/statistics_results.json"
      },
      "processing_time": 2.3821091651916504,
      "total_crossref": 401987,
      "crossref_percentage": 0.0
    },
    "89-02": {
      "tool_name": "Lealtad del Cliente",
      "batch_id": "29531",
      "date": "89-02",
      "initial_count": 10,
      "filtered_count": 0,
      "final_count": 0,
      "duplicate_count": 0,
      "terms": {
        "Loyalty": 1,
        "Customer”": 9
      },
      "file_paths": {
        "base_folder": "crData/Lealtad_del_Cliente_8256/Lealtad_del_Cliente_89-02_29531",
        "term_results_folder": "crData/Lealtad_del_Cliente_8256/Lealtad_del_Cliente_89-02_29531/term_results",
        "merged": "crData/Lealtad_del_Cliente_8256/Lealtad_del_Cliente_89-02_29531/merged_results.json",
        "filtered": "crData/Lealtad_del_Cliente_8256/Lealtad_del_Cliente_89-02_29531/filtered_results.json",
        "final": "crData/Lealtad_del_Cliente_8256/Lealtad_del_Cliente_89-02_29531/final_results.json",
        "statistics": "crData/Lealtad_del_Cliente_8256/Lealtad_del_Cliente_89-02_29531/statistics_results.json"
      },
      "processing_time": 2.0795321464538574,
      "total_crossref": 51295,
      "crossref_percentage": 0.0
    },
    "89-03": {
      "tool_name": "Lealtad del Cliente",
      "batch_id": "29567",
      "date": "89-03",
      "initial_count": 9,
      "filtered_count": 0,
      "final_count": 0,
      "duplicate_count": 0,
      "terms": {
        "Loyalty": 1,
        "Customer”": 8
      },
      "file_paths": {
        "base_folder": "crData/Lealtad_del_Cliente_8256/Lealtad_del_Cliente_89-03_29567",
        "term_results_folder": "crData/Lealtad_del_Cliente_8256/Lealtad_del_Cliente_89-03_29567/term_results",
        "merged": "crData/Lealtad_del_Cliente_8256/Lealtad_del_Cliente_89-03_29567/merged_results.json",
        "filtered": "crData/Lealtad_del_Cliente_8256/Lealtad_del_Cliente_89-03_29567/filtered_results.json",
        "final": "crData/Lealtad_del_Cliente_8256/Lealtad_del_Cliente_89-03_29567/final_results.json",
        "statistics": "crData/Lealtad_del_Cliente_8256/Lealtad_del_Cliente_89-03_29567/statistics_results.json"
      },
      "processing_time": 3.038027048110962,
      "total_crossref": 68874,
      "crossref_percentage": 0.0
    },
    "89-04": {
      "tool_name": "Lealtad del Cliente",
      "batch_id": "30013",
      "date": "89-04",
      "initial_count": 11,
      "filtered_count": 0,
      "final_count": 0,
      "duplicate_count": 0,
      "terms": {
        "Loyalty": 1,
        "Customer”": 10
      },
      "file_paths": {
        "base_folder": "crData/Lealtad_del_Cliente_8256/Lealtad_del_Cliente_89-04_30013",
        "term_results_folder": "crData/Lealtad_del_Cliente_8256/Lealtad_del_Cliente_89-04_30013/term_results",
        "merged": "crData/Lealtad_del_Cliente_8256/Lealtad_del_Cliente_89-04_30013/merged_results.json",
        "filtered": "crData/Lealtad_del_Cliente_8256/Lealtad_del_Cliente_89-04_30013/filtered_results.json",
        "final": "crData/Lealtad_del_Cliente_8256/Lealtad_del_Cliente_89-04_30013/final_results.json",
        "statistics": "crData/Lealtad_del_Cliente_8256/Lealtad_del_Cliente_89-04_30013/statistics_results.json"
      },
      "processing_time": 4.972587823867798,
      "total_crossref": 60968,
      "crossref_percentage": 0.0
    },
    "89-05": {
      "tool_name": "Lealtad del Cliente",
      "batch_id": "30077",
      "date": "89-05",
      "initial_count": 15,
      "filtered_count": 0,
      "final_count": 0,
      "duplicate_count": 0,
      "terms": {
        "Loyalty": 3,
        "Customer”": 12
      },
      "file_paths": {
        "base_folder": "crData/Lealtad_del_Cliente_8256/Lealtad_del_Cliente_89-05_30077",
        "term_results_folder": "crData/Lealtad_del_Cliente_8256/Lealtad_del_Cliente_89-05_30077/term_results",
        "merged": "crData/Lealtad_del_Cliente_8256/Lealtad_del_Cliente_89-05_30077/merged_results.json",
        "filtered": "crData/Lealtad_del_Cliente_8256/Lealtad_del_Cliente_89-05_30077/filtered_results.json",
        "final": "crData/Lealtad_del_Cliente_8256/Lealtad_del_Cliente_89-05_30077/final_results.json",
        "statistics": "crData/Lealtad_del_Cliente_8256/Lealtad_del_Cliente_89-05_30077/statistics_results.json"
      },
      "processing_time": 3.2513482570648193,
      "total_crossref": 57114,
      "crossref_percentage": 0.0
    },
    "89-06": {
      "tool_name": "Lealtad del Cliente",
      "batch_id": "30125",
      "date": "89-06",
      "initial_count": 14,
      "filtered_count": 0,
      "final_count": 0,
      "duplicate_count": 0,
      "terms": {
        "Loyalty": 2,
        "Customer”": 12
      },
      "file_paths": {
        "base_folder": "crData/Lealtad_del_Cliente_8256/Lealtad_del_Cliente_89-06_30125",
        "term_results_folder": "crData/Lealtad_del_Cliente_8256/Lealtad_del_Cliente_89-06_30125/term_results",
        "merged": "crData/Lealtad_del_Cliente_8256/Lealtad_del_Cliente_89-06_30125/merged_results.json",
        "filtered": "crData/Lealtad_del_Cliente_8256/Lealtad_del_Cliente_89-06_30125/filtered_results.json",
        "final": "crData/Lealtad_del_Cliente_8256/Lealtad_del_Cliente_89-06_30125/final_results.json",
        "statistics": "crData/Lealtad_del_Cliente_8256/Lealtad_del_Cliente_89-06_30125/statistics_results.json"
      },
      "processing_time": 1.7422220706939697,
      "total_crossref": 65957,
      "crossref_percentage": 0.0
    },
    "89-07": {
      "tool_name": "Lealtad del Cliente",
      "batch_id": "30157",
      "date": "89-07",
      "initial_count": 10,
      "filtered_count": 0,
      "final_count": 0,
      "duplicate_count": 0,
      "terms": {
        "Loyalty": 1,
        "Customer”": 9
      },
      "file_paths": {
        "base_folder": "crData/Lealtad_del_Cliente_8256/Lealtad_del_Cliente_89-07_30157",
        "term_results_folder": "crData/Lealtad_del_Cliente_8256/Lealtad_del_Cliente_89-07_30157/term_results",
        "merged": "crData/Lealtad_del_Cliente_8256/Lealtad_del_Cliente_89-07_30157/merged_results.json",
        "filtered": "crData/Lealtad_del_Cliente_8256/Lealtad_del_Cliente_89-07_30157/filtered_results.json",
        "final": "crData/Lealtad_del_Cliente_8256/Lealtad_del_Cliente_89-07_30157/final_results.json",
        "statistics": "crData/Lealtad_del_Cliente_8256/Lealtad_del_Cliente_89-07_30157/statistics_results.json"
      },
      "processing_time": 2.3164427280426025,
      "total_crossref": 62800,
      "crossref_percentage": 0.0
    },
    "89-08": {
      "tool_name": "Lealtad del Cliente",
      "batch_id": "30196",
      "date": "89-08",
      "initial_count": 7,
      "filtered_count": 0,
      "final_count": 0,
      "duplicate_count": 0,
      "terms": {
        "Loyalty": 1,
        "Customer”": 6
      },
      "file_paths": {
        "base_folder": "crData/Lealtad_del_Cliente_8256/Lealtad_del_Cliente_89-08_30196",
        "term_results_folder": "crData/Lealtad_del_Cliente_8256/Lealtad_del_Cliente_89-08_30196/term_results",
        "merged": "crData/Lealtad_del_Cliente_8256/Lealtad_del_Cliente_89-08_30196/merged_results.json",
        "filtered": "crData/Lealtad_del_Cliente_8256/Lealtad_del_Cliente_89-08_30196/filtered_results.json",
        "final": "crData/Lealtad_del_Cliente_8256/Lealtad_del_Cliente_89-08_30196/final_results.json",
        "statistics": "crData/Lealtad_del_Cliente_8256/Lealtad_del_Cliente_89-08_30196/statistics_results.json"
      },
      "processing_time": 3.0175559520721436,
      "total_crossref": 51730,
      "crossref_percentage": 0.0
    },
    "89-09": {
      "tool_name": "Lealtad del Cliente",
      "batch_id": "30241",
      "date": "89-09",
      "initial_count": 4,
      "filtered_count": 0,
      "final_count": 0,
      "duplicate_count": 0,
      "terms": {
        "Loyalty": 1,
        "Customer”": 3
      },
      "file_paths": {
        "base_folder": "crData/Lealtad_del_Cliente_8256/Lealtad_del_Cliente_89-09_30241",
        "term_results_folder": "crData/Lealtad_del_Cliente_8256/Lealtad_del_Cliente_89-09_30241/term_results",
        "merged": "crData/Lealtad_del_Cliente_8256/Lealtad_del_Cliente_89-09_30241/merged_results.json",
        "filtered": "crData/Lealtad_del_Cliente_8256/Lealtad_del_Cliente_89-09_30241/filtered_results.json",
        "final": "crData/Lealtad_del_Cliente_8256/Lealtad_del_Cliente_89-09_30241/final_results.json",
        "statistics": "crData/Lealtad_del_Cliente_8256/Lealtad_del_Cliente_89-09_30241/statistics_results.json"
      },
      "processing_time": 1.8039119243621826,
      "total_crossref": 68757,
      "crossref_percentage": 0.0
    },
    "89-10": {
      "tool_name": "Lealtad del Cliente",
      "batch_id": "30274",
      "date": "89-10",
      "initial_count": 6,
      "filtered_count": 0,
      "final_count": 0,
      "duplicate_count": 0,
      "terms": {
        "Loyalty": 0,
        "Customer”": 6
      },
      "file_paths": {
        "base_folder": "crData/Lealtad_del_Cliente_8256/Lealtad_del_Cliente_89-10_30274",
        "term_results_folder": "crData/Lealtad_del_Cliente_8256/Lealtad_del_Cliente_89-10_30274/term_results",
        "merged": "crData/Lealtad_del_Cliente_8256/Lealtad_del_Cliente_89-10_30274/merged_results.json",
        "filtered": "crData/Lealtad_del_Cliente_8256/Lealtad_del_Cliente_89-10_30274/filtered_results.json",
        "final": "crData/Lealtad_del_Cliente_8256/Lealtad_del_Cliente_89-10_30274/final_results.json",
        "statistics": "crData/Lealtad_del_Cliente_8256/Lealtad_del_Cliente_89-10_30274/statistics_results.json"
      },
      "processing_time": 2.0383028984069824,
      "total_crossref": 59352,
      "crossref_percentage": 0.0
    },
    "89-11": {
      "tool_name": "Lealtad del Cliente",
      "batch_id": "30310",
      "date": "89-11",
      "initial_count": 7,
      "filtered_count": 0,
      "final_count": 0,
      "duplicate_count": 0,
      "terms": {
        "Loyalty": 0,
        "Customer”": 7
      },
      "file_paths": {
        "base_folder": "crData/Lealtad_del_Cliente_8256/Lealtad_del_Cliente_89-11_30310",
        "term_results_folder": "crData/Lealtad_del_Cliente_8256/Lealtad_del_Cliente_89-11_30310/term_results",
        "merged": "crData/Lealtad_del_Cliente_8256/Lealtad_del_Cliente_89-11_30310/merged_results.json",
        "filtered": "crData/Lealtad_del_Cliente_8256/Lealtad_del_Cliente_89-11_30310/filtered_results.json",
        "final": "crData/Lealtad_del_Cliente_8256/Lealtad_del_Cliente_89-11_30310/final_results.json",
        "statistics": "crData/Lealtad_del_Cliente_8256/Lealtad_del_Cliente_89-11_30310/statistics_results.json"
      },
      "processing_time": 3.4280970096588135,
      "total_crossref": 55942,
      "crossref_percentage": 0.0
    },
    "89-12": {
      "tool_name": "Lealtad del Cliente",
      "batch_id": "30359",
      "date": "89-12",
      "initial_count": 9,
      "filtered_count": 0,
      "final_count": 0,
      "duplicate_count": 0,
      "terms": {
        "Loyalty": 2,
        "Customer”": 7
      },
      "file_paths": {
        "base_folder": "crData/Lealtad_del_Cliente_8256/Lealtad_del_Cliente_89-12_30359",
        "term_results_folder": "crData/Lealtad_del_Cliente_8256/Lealtad_del_Cliente_89-12_30359/term_results",
        "merged": "crData/Lealtad_del_Cliente_8256/Lealtad_del_Cliente_89-12_30359/merged_results.json",
        "filtered": "crData/Lealtad_del_Cliente_8256/Lealtad_del_Cliente_89-12_30359/filtered_results.json",
        "final": "crData/Lealtad_del_Cliente_8256/Lealtad_del_Cliente_89-12_30359/final_results.json",
        "statistics": "crData/Lealtad_del_Cliente_8256/Lealtad_del_Cliente_89-12_30359/statistics_results.json"
      },
      "processing_time": 2.5555410385131836,
      "total_crossref": 93705,
      "crossref_percentage": 0.0
    }
  },
  "total_duplicates": 0,
  "monthly_files": {
    "89-01": {
      "base_folder": "crData/Lealtad_del_Cliente_8256/Lealtad_del_Cliente_89-01_29492",
      "term_results_folder": "crData/Lealtad_del_Cliente_8256/Lealtad_del_Cliente_89-01_29492/term_results",
      "merged": "crData/Lealtad_del_Cliente_8256/Lealtad_del_Cliente_89-01_29492/merged_results.json",
      "filtered": "crData/Lealtad_del_Cliente_8256/Lealtad_del_Cliente_89-01_29492/filtered_results.json",
      "final": "crData/Lealtad_del_Cliente_8256/Lealtad_del_Cliente_89-01_29492/final_results.json",
      "statistics": "crData/Lealtad_del_Cliente_8256/Lealtad_del_Cliente_89-01_29492/statistics_results.json"
    },
    "89-02": {
      "base_folder": "crData/Lealtad_del_Cliente_8256/Lealtad_del_Cliente_89-02_29531",
      "term_results_folder": "crData/Lealtad_del_Cliente_8256/Lealtad_del_Cliente_89-02_29531/term_results",
      "merged": "crData/Lealtad_del_Cliente_8256/Lealtad_del_Cliente_89-02_29531/merged_results.json",
      "filtered": "crData/Lealtad_del_Cliente_8256/Lealtad_del_Cliente_89-02_29531/filtered_results.json",
      "final": "crData/Lealtad_del_Cliente_8256/Lealtad_del_Cliente_89-02_29531/final_results.json",
      "statistics": "crData/Lealtad_del_Cliente_8256/Lealtad_del_Cliente_89-02_29531/statistics_results.json"
    },
    "89-03": {
      "base_folder": "crData/Lealtad_del_Cliente_8256/Lealtad_del_Cliente_89-03_29567",
      "term_results_folder": "crData/Lealtad_del_Cliente_8256/Lealtad_del_Cliente_89-03_29567/term_results",
      "merged": "crData/Lealtad_del_Cliente_8256/Lealtad_del_Cliente_89-03_29567/merged_results.json",
      "filtered": "crData/Lealtad_del_Cliente_8256/Lealtad_del_Cliente_89-03_29567/filtered_results.json",
      "final": "crData/Lealtad_del_Cliente_8256/Lealtad_del_Cliente_89-03_29567/final_results.json",
      "statistics": "crData/Lealtad_del_Cliente_8256/Lealtad_del_Cliente_89-03_29567/statistics_results.json"
    },
    "89-04": {
      "base_folder": "crData/Lealtad_del_Cliente_8256/Lealtad_del_Cliente_89-04_30013",
      "term_results_folder": "crData/Lealtad_del_Cliente_8256/Lealtad_del_Cliente_89-04_30013/term_results",
      "merged": "crData/Lealtad_del_Cliente_8256/Lealtad_del_Cliente_89-04_30013/merged_results.json",
      "filtered": "crData/Lealtad_del_Cliente_8256/Lealtad_del_Cliente_89-04_30013/filtered_results.json",
      "final": "crData/Lealtad_del_Cliente_8256/Lealtad_del_Cliente_89-04_30013/final_results.json",
      "statistics": "crData/Lealtad_del_Cliente_8256/Lealtad_del_Cliente_89-04_30013/statistics_results.json"
    },
    "89-05": {
      "base_folder": "crData/Lealtad_del_Cliente_8256/Lealtad_del_Cliente_89-05_30077",
      "term_results_folder": "crData/Lealtad_del_Cliente_8256/Lealtad_del_Cliente_89-05_30077/term_results",
      "merged": "crData/Lealtad_del_Cliente_8256/Lealtad_del_Cliente_89-05_30077/merged_results.json",
      "filtered": "crData/Lealtad_del_Cliente_8256/Lealtad_del_Cliente_89-05_30077/filtered_results.json",
      "final": "crData/Lealtad_del_Cliente_8256/Lealtad_del_Cliente_89-05_30077/final_results.json",
      "statistics": "crData/Lealtad_del_Cliente_8256/Lealtad_del_Cliente_89-05_30077/statistics_results.json"
    },
    "89-06": {
      "base_folder": "crData/Lealtad_del_Cliente_8256/Lealtad_del_Cliente_89-06_30125",
      "term_results_folder": "crData/Lealtad_del_Cliente_8256/Lealtad_del_Cliente_89-06_30125/term_results",
      "merged": "crData/Lealtad_del_Cliente_8256/Lealtad_del_Cliente_89-06_30125/merged_results.json",
      "filtered": "crData/Lealtad_del_Cliente_8256/Lealtad_del_Cliente_89-06_30125/filtered_results.json",
      "final": "crData/Lealtad_del_Cliente_8256/Lealtad_del_Cliente_89-06_30125/final_results.json",
      "statistics": "crData/Lealtad_del_Cliente_8256/Lealtad_del_Cliente_89-06_30125/statistics_results.json"
    },
    "89-07": {
      "base_folder": "crData/Lealtad_del_Cliente_8256/Lealtad_del_Cliente_89-07_30157",
      "term_results_folder": "crData/Lealtad_del_Cliente_8256/Lealtad_del_Cliente_89-07_30157/term_results",
      "merged": "crData/Lealtad_del_Cliente_8256/Lealtad_del_Cliente_89-07_30157/merged_results.json",
      "filtered": "crData/Lealtad_del_Cliente_8256/Lealtad_del_Cliente_89-07_30157/filtered_results.json",
      "final": "crData/Lealtad_del_Cliente_8256/Lealtad_del_Cliente_89-07_30157/final_results.json",
      "statistics": "crData/Lealtad_del_Cliente_8256/Lealtad_del_Cliente_89-07_30157/statistics_results.json"
    },
    "89-08": {
      "base_folder": "crData/Lealtad_del_Cliente_8256/Lealtad_del_Cliente_89-08_30196",
      "term_results_folder": "crData/Lealtad_del_Cliente_8256/Lealtad_del_Cliente_89-08_30196/term_results",
      "merged": "crData/Lealtad_del_Cliente_8256/Lealtad_del_Cliente_89-08_30196/merged_results.json",
      "filtered": "crData/Lealtad_del_Cliente_8256/Lealtad_del_Cliente_89-08_30196/filtered_results.json",
      "final": "crData/Lealtad_del_Cliente_8256/Lealtad_del_Cliente_89-08_30196/final_results.json",
      "statistics": "crData/Lealtad_del_Cliente_8256/Lealtad_del_Cliente_89-08_30196/statistics_results.json"
    },
    "89-09": {
      "base_folder": "crData/Lealtad_del_Cliente_8256/Lealtad_del_Cliente_89-09_30241",
      "term_results_folder": "crData/Lealtad_del_Cliente_8256/Lealtad_del_Cliente_89-09_30241/term_results",
      "merged": "crData/Lealtad_del_Cliente_8256/Lealtad_del_Cliente_89-09_30241/merged_results.json",
      "filtered": "crData/Lealtad_del_Cliente_8256/Lealtad_del_Cliente_89-09_30241/filtered_results.json",
      "final": "crData/Lealtad_del_Cliente_8256/Lealtad_del_Cliente_89-09_30241/final_results.json",
      "statistics": "crData/Lealtad_del_Cliente_8256/Lealtad_del_Cliente_89-09_30241/statistics_results.json"
    },
    "89-10": {
      "base_folder": "crData/Lealtad_del_Cliente_8256/Lealtad_del_Cliente_89-10_30274",
      "term_results_folder": "crData/Lealtad_del_Cliente_8256/Lealtad_del_Cliente_89-10_30274/term_results",
      "merged": "crData/Lealtad_del_Cliente_8256/Lealtad_del_Cliente_89-10_30274/merged_results.json",
      "filtered": "crData/Lealtad_del_Cliente_8256/Lealtad_del_Cliente_89-10_30274/filtered_results.json",
      "final": "crData/Lealtad_del_Cliente_8256/Lealtad_del_Cliente_89-10_30274/final_results.json",
      "statistics": "crData/Lealtad_del_Cliente_8256/Lealtad_del_Cliente_89-10_30274/statistics_results.json"
    },
    "89-11": {
      "base_folder": "crData/Lealtad_del_Cliente_8256/Lealtad_del_Cliente_89-11_30310",
      "term_results_folder": "crData/Lealtad_del_Cliente_8256/Lealtad_del_Cliente_89-11_30310/term_results",
      "merged": "crData/Lealtad_del_Cliente_8256/Lealtad_del_Cliente_89-11_30310/merged_results.json",
      "filtered": "crData/Lealtad_del_Cliente_8256/Lealtad_del_Cliente_89-11_30310/filtered_results.json",
      "final": "crData/Lealtad_del_Cliente_8256/Lealtad_del_Cliente_89-11_30310/final_results.json",
      "statistics": "crData/Lealtad_del_Cliente_8256/Lealtad_del_Cliente_89-11_30310/statistics_results.json"
    },
    "89-12": {
      "base_folder": "crData/Lealtad_del_Cliente_8256/Lealtad_del_Cliente_89-12_30359",
      "term_results_folder": "crData/Lealtad_del_Cliente_8256/Lealtad_del_Cliente_89-12_30359/term_results",
      "merged": "crData/Lealtad_del_Cliente_8256/Lealtad_del_Cliente_89-12_30359/merged_results.json",
      "filtered": "crData/Lealtad_del_Cliente_8256/Lealtad_del_Cliente_89-12_30359/filtered_results.json",
      "final": "crData/Lealtad_del_Cliente_8256/Lealtad_del_Cliente_89-12_30359/final_results.json",
      "statistics": "crData/Lealtad_del_Cliente_8256/Lealtad_del_Cliente_89-12_30359/statistics_results.json"
    }
  }
}