{
  "tool_name": "Optimización de Precios",
  "year": "1967",
  "monthly_stats": {
    "67-01": {
      "tool_name": "Optimización de Precios",
      "batch_id": "47001",
      "date": "67-01",
      "initial_count": 206,
      "filtered_count": 0,
      "final_count": 0,
      "duplicate_count": 0,
      "terms": {
        "Price": 201,
        "Pricing": 5
      },
      "file_paths": {
        "base_folder": "crData/Optimización_de_Precios_3200/Optimización_de_Precios_67-01_47001",
        "term_results_folder": "crData/Optimización_de_Precios_3200/Optimización_de_Precios_67-01_47001/term_results",
        "merged": "crData/Optimización_de_Precios_3200/Optimización_de_Precios_67-01_47001/merged_results.json",
        "filtered": "crData/Optimización_de_Precios_3200/Optimización_de_Precios_67-01_47001/filtered_results.json",
        "final": "crData/Optimización_de_Precios_3200/Optimización_de_Precios_67-01_47001/final_results.json",
        "statistics": "crData/Optimización_de_Precios_3200/Optimización_de_Precios_67-01_47001/statistics_results.json"
      },
      "processing_time": 3.370471954345703,
      "total_crossref": 135253,
      "crossref_percentage": 0.0
    },
    "67-02": {
      "tool_name": "Optimización de Precios",
      "batch_id": "47050",
      "date": "67-02",
      "initial_count": 57,
      "filtered_count": 0,
      "final_count": 0,
      "duplicate_count": 0,
      "terms": {
        "Price": 52,
        "Pricing": 5
      },
      "file_paths": {
        "base_folder": "crData/Optimización_de_Precios_3200/Optimización_de_Precios_67-02_47050",
        "term_results_folder": "crData/Optimización_de_Precios_3200/Optimización_de_Precios_67-02_47050/term_results",
        "merged": "crData/Optimización_de_Precios_3200/Optimización_de_Precios_67-02_47050/merged_results.json",
        "filtered": "crData/Optimización_de_Precios_3200/Optimización_de_Precios_67-02_47050/filtered_results.json",
        "final": "crData/Optimización_de_Precios_3200/Optimización_de_Precios_67-02_47050/final_results.json",
        "statistics": "crData/Optimización_de_Precios_3200/Optimización_de_Precios_67-02_47050/statistics_results.json"
      },
      "processing_time": 3.044602155685425,
      "total_crossref": 21008,
      "crossref_percentage": 0.0
    },
    "67-03": {
      "tool_name": "Optimización de Precios",
      "batch_id": "47095",
      "date": "67-03",
      "initial_count": 77,
      "filtered_count": 0,
      "final_count": 0,
      "duplicate_count": 0,
      "terms": {
        "Price": 76,
        "Pricing": 1
      },
      "file_paths": {
        "base_folder": "crData/Optimización_de_Precios_3200/Optimización_de_Precios_67-03_47095",
        "term_results_folder": "crData/Optimización_de_Precios_3200/Optimización_de_Precios_67-03_47095/term_results",
        "merged": "crData/Optimización_de_Precios_3200/Optimización_de_Precios_67-03_47095/merged_results.json",
        "filtered": "crData/Optimización_de_Precios_3200/Optimización_de_Precios_67-03_47095/filtered_results.json",
        "final": "crData/Optimización_de_Precios_3200/Optimización_de_Precios_67-03_47095/final_results.json",
        "statistics": "crData/Optimización_de_Precios_3200/Optimización_de_Precios_67-03_47095/statistics_results.json"
      },
      "processing_time": 4.547350883483887,
      "total_crossref": 27006,
      "crossref_percentage": 0.0
    },
    "67-04": {
      "tool_name": "Optimización de Precios",
      "batch_id": "47156",
      "date": "67-04",
      "initial_count": 126,
      "filtered_count": 0,
      "final_count": 0,
      "duplicate_count": 0,
      "terms": {
        "Price": 123,
        "Pricing": 3
      },
      "file_paths": {
        "base_folder": "crData/Optimización_de_Precios_3200/Optimización_de_Precios_67-04_47156",
        "term_results_folder": "crData/Optimización_de_Precios_3200/Optimización_de_Precios_67-04_47156/term_results",
        "merged": "crData/Optimización_de_Precios_3200/Optimización_de_Precios_67-04_47156/merged_results.json",
        "filtered": "crData/Optimización_de_Precios_3200/Optimización_de_Precios_67-04_47156/filtered_results.json",
        "final": "crData/Optimización_de_Precios_3200/Optimización_de_Precios_67-04_47156/final_results.json",
        "statistics": "crData/Optimización_de_Precios_3200/Optimización_de_Precios_67-04_47156/statistics_results.json"
      },
      "processing_time": 3.208411931991577,
      "total_crossref": 23824,
      "crossref_percentage": 0.0
    },
    "67-05": {
      "tool_name": "Optimización de Precios",
      "batch_id": "47203",
      "date": "67-05",
      "initial_count": 58,
      "filtered_count": 0,
      "final_count": 0,
      "duplicate_count": 0,
      "terms": {
        "Price": 54,
        "Pricing": 4
      },
      "file_paths": {
        "base_folder": "crData/Optimización_de_Precios_3200/Optimización_de_Precios_67-05_47203",
        "term_results_folder": "crData/Optimización_de_Precios_3200/Optimización_de_Precios_67-05_47203/term_results",
        "merged": "crData/Optimización_de_Precios_3200/Optimización_de_Precios_67-05_47203/merged_results.json",
        "filtered": "crData/Optimización_de_Precios_3200/Optimización_de_Precios_67-05_47203/filtered_results.json",
        "final": "crData/Optimización_de_Precios_3200/Optimización_de_Precios_67-05_47203/final_results.json",
        "statistics": "crData/Optimización_de_Precios_3200/Optimización_de_Precios_67-05_47203/statistics_results.json"
      },
      "processing_time": 3.0960028171539307,
      "total_crossref": 23948,
      "crossref_percentage": 0.0
    },
    "67-06": {
      "tool_name": "Optimización de Precios",
      "batch_id": "47249",
      "date": "67-06",
      "initial_count": 106,
      "filtered_count": 0,
      "final_count": 0,
      "duplicate_count": 0,
      "terms": {
        "Price": 104,
        "Pricing": 2
      },
      "file_paths": {
        "base_folder": "crData/Optimización_de_Precios_3200/Optimización_de_Precios_67-06_47249",
        "term_results_folder": "crData/Optimización_de_Precios_3200/Optimización_de_Precios_67-06_47249/term_results",
        "merged": "crData/Optimización_de_Precios_3200/Optimización_de_Precios_67-06_47249/merged_results.json",
        "filtered": "crData/Optimización_de_Precios_3200/Optimización_de_Precios_67-06_47249/filtered_results.json",
        "final": "crData/Optimización_de_Precios_3200/Optimización_de_Precios_67-06_47249/final_results.json",
        "statistics": "crData/Optimización_de_Precios_3200/Optimización_de_Precios_67-06_47249/statistics_results.json"
      },
      "processing_time": 1.7970831394195557,
      "total_crossref": 24201,
      "crossref_percentage": 0.0
    },
    "67-07": {
      "tool_name": "Optimización de Precios",
      "batch_id": "47282",
      "date": "67-07",
      "initial_count": 111,
      "filtered_count": 0,
      "final_count": 0,
      "duplicate_count": 0,
      "terms": {
        "Price": 110,
        "Pricing": 1
      },
      "file_paths": {
        "base_folder": "crData/Optimización_de_Precios_3200/Optimización_de_Precios_67-07_47282",
        "term_results_folder": "crData/Optimización_de_Precios_3200/Optimización_de_Precios_67-07_47282/term_results",
        "merged": "crData/Optimización_de_Precios_3200/Optimización_de_Precios_67-07_47282/merged_results.json",
        "filtered": "crData/Optimización_de_Precios_3200/Optimización_de_Precios_67-07_47282/filtered_results.json",
        "final": "crData/Optimización_de_Precios_3200/Optimización_de_Precios_67-07_47282/final_results.json",
        "statistics": "crData/Optimización_de_Precios_3200/Optimización_de_Precios_67-07_47282/statistics_results.json"
      },
      "processing_time": 4.346061944961548,
      "total_crossref": 24365,
      "crossref_percentage": 0.0
    },
    "67-08": {
      "tool_name": "Optimización de Precios",
      "batch_id": "47341",
      "date": "67-08",
      "initial_count": 74,
      "filtered_count": 0,
      "final_count": 0,
      "duplicate_count": 0,
      "terms": {
        "Price": 71,
        "Pricing": 3
      },
      "file_paths": {
        "base_folder": "crData/Optimización_de_Precios_3200/Optimización_de_Precios_67-08_47341",
        "term_results_folder": "crData/Optimización_de_Precios_3200/Optimización_de_Precios_67-08_47341/term_results",
        "merged": "crData/Optimización_de_Precios_3200/Optimización_de_Precios_67-08_47341/merged_results.json",
        "filtered": "crData/Optimización_de_Precios_3200/Optimización_de_Precios_67-08_47341/filtered_results.json",
        "final": "crData/Optimización_de_Precios_3200/Optimización_de_Precios_67-08_47341/final_results.json",
        "statistics": "crData/Optimización_de_Precios_3200/Optimización_de_Precios_67-08_47341/statistics_results.json"
      },
      "processing_time": 2.140845775604248,
      "total_crossref": 18935,
      "crossref_percentage": 0.0
    },
    "67-09": {
      "tool_name": "Optimización de Precios",
      "batch_id": "47377",
      "date": "67-09",
      "initial_count": 127,
      "filtered_count": 0,
      "final_count": 0,
      "duplicate_count": 0,
      "terms": {
        "Price": 125,
        "Pricing": 2
      },
      "file_paths": {
        "base_folder": "crData/Optimización_de_Precios_3200/Optimización_de_Precios_67-09_47377",
        "term_results_folder": "crData/Optimización_de_Precios_3200/Optimización_de_Precios_67-09_47377/term_results",
        "merged": "crData/Optimización_de_Precios_3200/Optimización_de_Precios_67-09_47377/merged_results.json",
        "filtered": "crData/Optimización_de_Precios_3200/Optimización_de_Precios_67-09_47377/filtered_results.json",
        "final": "crData/Optimización_de_Precios_3200/Optimización_de_Precios_67-09_47377/final_results.json",
        "statistics": "crData/Optimización_de_Precios_3200/Optimización_de_Precios_67-09_47377/statistics_results.json"
      },
      "processing_time": 2.481950044631958,
      "total_crossref": 25530,
      "crossref_percentage": 0.0
    },
    "67-10": {
      "tool_name": "Optimización de Precios",
      "batch_id": "47417",
      "date": "67-10",
      "initial_count": 110,
      "filtered_count": 0,
      "final_count": 0,
      "duplicate_count": 0,
      "terms": {
        "Price": 108,
        "Pricing": 2
      },
      "file_paths": {
        "base_folder": "crData/Optimización_de_Precios_3200/Optimización_de_Precios_67-10_47417",
        "term_results_folder": "crData/Optimización_de_Precios_3200/Optimización_de_Precios_67-10_47417/term_results",
        "merged": "crData/Optimización_de_Precios_3200/Optimización_de_Precios_67-10_47417/merged_results.json",
        "filtered": "crData/Optimización_de_Precios_3200/Optimización_de_Precios_67-10_47417/filtered_results.json",
        "final": "crData/Optimización_de_Precios_3200/Optimización_de_Precios_67-10_47417/final_results.json",
        "statistics": "crData/Optimización_de_Precios_3200/Optimización_de_Precios_67-10_47417/statistics_results.json"
      },
      "processing_time": 2.971776008605957,
      "total_crossref": 24190,
      "crossref_percentage": 0.0
    },
    "67-11": {
      "tool_name": "Optimización de Precios",
      "batch_id": "47462",
      "date": "67-11",
      "initial_count": 106,
      "filtered_count": 0,
      "final_count": 0,
      "duplicate_count": 0,
      "terms": {
        "Price": 106,
        "Pricing": 0
      },
      "file_paths": {
        "base_folder": "crData/Optimización_de_Precios_3200/Optimización_de_Precios_67-11_47462",
        "term_results_folder": "crData/Optimización_de_Precios_3200/Optimización_de_Precios_67-11_47462/term_results",
        "merged": "crData/Optimización_de_Precios_3200/Optimización_de_Precios_67-11_47462/merged_results.json",
        "filtered": "crData/Optimización_de_Precios_3200/Optimización_de_Precios_67-11_47462/filtered_results.json",
        "final": "crData/Optimización_de_Precios_3200/Optimización_de_Precios_67-11_47462/final_results.json",
        "statistics": "crData/Optimización_de_Precios_3200/Optimización_de_Precios_67-11_47462/statistics_results.json"
      },
      "processing_time": 1.730875015258789,
      "total_crossref": 22190,
      "crossref_percentage": 0.0
    },
    "67-12": {
      "tool_name": "Optimización de Precios",
      "batch_id": "47494",
      "date": "67-12",
      "initial_count": 99,
      "filtered_count": 0,
      "final_count": 0,
      "duplicate_count": 0,
      "terms": {
        "Price": 89,
        "Pricing": 10
      },
      "file_paths": {
        "base_folder": "crData/Optimización_de_Precios_3200/Optimización_de_Precios_67-12_47494",
        "term_results_folder": "crData/Optimización_de_Precios_3200/Optimización_de_Precios_67-12_47494/term_results",
        "merged": "crData/Optimización_de_Precios_3200/Optimización_de_Precios_67-12_47494/merged_results.json",
        "filtered": "crData/Optimización_de_Precios_3200/Optimización_de_Precios_67-12_47494/filtered_results.json",
        "final": "crData/Optimización_de_Precios_3200/Optimización_de_Precios_67-12_47494/final_results.json",
        "statistics": "crData/Optimización_de_Precios_3200/Optimización_de_Precios_67-12_47494/statistics_results.json"
      },
      "processing_time": 2.0894510746002197,
      "total_crossref": 44574,
      "crossref_percentage": 0.0
    }
  },
  "total_duplicates": 0,
  "monthly_files": {
    "67-01": {
      "base_folder": "crData/Optimización_de_Precios_3200/Optimización_de_Precios_67-01_47001",
      "term_results_folder": "crData/Optimización_de_Precios_3200/Optimización_de_Precios_67-01_47001/term_results",
      "merged": "crData/Optimización_de_Precios_3200/Optimización_de_Precios_67-01_47001/merged_results.json",
      "filtered": "crData/Optimización_de_Precios_3200/Optimización_de_Precios_67-01_47001/filtered_results.json",
      "final": "crData/Optimización_de_Precios_3200/Optimización_de_Precios_67-01_47001/final_results.json",
      "statistics": "crData/Optimización_de_Precios_3200/Optimización_de_Precios_67-01_47001/statistics_results.json"
    },
    "67-02": {
      "base_folder": "crData/Optimización_de_Precios_3200/Optimización_de_Precios_67-02_47050",
      "term_results_folder": "crData/Optimización_de_Precios_3200/Optimización_de_Precios_67-02_47050/term_results",
      "merged": "crData/Optimización_de_Precios_3200/Optimización_de_Precios_67-02_47050/merged_results.json",
      "filtered": "crData/Optimización_de_Precios_3200/Optimización_de_Precios_67-02_47050/filtered_results.json",
      "final": "crData/Optimización_de_Precios_3200/Optimización_de_Precios_67-02_47050/final_results.json",
      "statistics": "crData/Optimización_de_Precios_3200/Optimización_de_Precios_67-02_47050/statistics_results.json"
    },
    "67-03": {
      "base_folder": "crData/Optimización_de_Precios_3200/Optimización_de_Precios_67-03_47095",
      "term_results_folder": "crData/Optimización_de_Precios_3200/Optimización_de_Precios_67-03_47095/term_results",
      "merged": "crData/Optimización_de_Precios_3200/Optimización_de_Precios_67-03_47095/merged_results.json",
      "filtered": "crData/Optimización_de_Precios_3200/Optimización_de_Precios_67-03_47095/filtered_results.json",
      "final": "crData/Optimización_de_Precios_3200/Optimización_de_Precios_67-03_47095/final_results.json",
      "statistics": "crData/Optimización_de_Precios_3200/Optimización_de_Precios_67-03_47095/statistics_results.json"
    },
    "67-04": {
      "base_folder": "crData/Optimización_de_Precios_3200/Optimización_de_Precios_67-04_47156",
      "term_results_folder": "crData/Optimización_de_Precios_3200/Optimización_de_Precios_67-04_47156/term_results",
      "merged": "crData/Optimización_de_Precios_3200/Optimización_de_Precios_67-04_47156/merged_results.json",
      "filtered": "crData/Optimización_de_Precios_3200/Optimización_de_Precios_67-04_47156/filtered_results.json",
      "final": "crData/Optimización_de_Precios_3200/Optimización_de_Precios_67-04_47156/final_results.json",
      "statistics": "crData/Optimización_de_Precios_3200/Optimización_de_Precios_67-04_47156/statistics_results.json"
    },
    "67-05": {
      "base_folder": "crData/Optimización_de_Precios_3200/Optimización_de_Precios_67-05_47203",
      "term_results_folder": "crData/Optimización_de_Precios_3200/Optimización_de_Precios_67-05_47203/term_results",
      "merged": "crData/Optimización_de_Precios_3200/Optimización_de_Precios_67-05_47203/merged_results.json",
      "filtered": "crData/Optimización_de_Precios_3200/Optimización_de_Precios_67-05_47203/filtered_results.json",
      "final": "crData/Optimización_de_Precios_3200/Optimización_de_Precios_67-05_47203/final_results.json",
      "statistics": "crData/Optimización_de_Precios_3200/Optimización_de_Precios_67-05_47203/statistics_results.json"
    },
    "67-06": {
      "base_folder": "crData/Optimización_de_Precios_3200/Optimización_de_Precios_67-06_47249",
      "term_results_folder": "crData/Optimización_de_Precios_3200/Optimización_de_Precios_67-06_47249/term_results",
      "merged": "crData/Optimización_de_Precios_3200/Optimización_de_Precios_67-06_47249/merged_results.json",
      "filtered": "crData/Optimización_de_Precios_3200/Optimización_de_Precios_67-06_47249/filtered_results.json",
      "final": "crData/Optimización_de_Precios_3200/Optimización_de_Precios_67-06_47249/final_results.json",
      "statistics": "crData/Optimización_de_Precios_3200/Optimización_de_Precios_67-06_47249/statistics_results.json"
    },
    "67-07": {
      "base_folder": "crData/Optimización_de_Precios_3200/Optimización_de_Precios_67-07_47282",
      "term_results_folder": "crData/Optimización_de_Precios_3200/Optimización_de_Precios_67-07_47282/term_results",
      "merged": "crData/Optimización_de_Precios_3200/Optimización_de_Precios_67-07_47282/merged_results.json",
      "filtered": "crData/Optimización_de_Precios_3200/Optimización_de_Precios_67-07_47282/filtered_results.json",
      "final": "crData/Optimización_de_Precios_3200/Optimización_de_Precios_67-07_47282/final_results.json",
      "statistics": "crData/Optimización_de_Precios_3200/Optimización_de_Precios_67-07_47282/statistics_results.json"
    },
    "67-08": {
      "base_folder": "crData/Optimización_de_Precios_3200/Optimización_de_Precios_67-08_47341",
      "term_results_folder": "crData/Optimización_de_Precios_3200/Optimización_de_Precios_67-08_47341/term_results",
      "merged": "crData/Optimización_de_Precios_3200/Optimización_de_Precios_67-08_47341/merged_results.json",
      "filtered": "crData/Optimización_de_Precios_3200/Optimización_de_Precios_67-08_47341/filtered_results.json",
      "final": "crData/Optimización_de_Precios_3200/Optimización_de_Precios_67-08_47341/final_results.json",
      "statistics": "crData/Optimización_de_Precios_3200/Optimización_de_Precios_67-08_47341/statistics_results.json"
    },
    "67-09": {
      "base_folder": "crData/Optimización_de_Precios_3200/Optimización_de_Precios_67-09_47377",
      "term_results_folder": "crData/Optimización_de_Precios_3200/Optimización_de_Precios_67-09_47377/term_results",
      "merged": "crData/Optimización_de_Precios_3200/Optimización_de_Precios_67-09_47377/merged_results.json",
      "filtered": "crData/Optimización_de_Precios_3200/Optimización_de_Precios_67-09_47377/filtered_results.json",
      "final": "crData/Optimización_de_Precios_3200/Optimización_de_Precios_67-09_47377/final_results.json",
      "statistics": "crData/Optimización_de_Precios_3200/Optimización_de_Precios_67-09_47377/statistics_results.json"
    },
    "67-10": {
      "base_folder": "crData/Optimización_de_Precios_3200/Optimización_de_Precios_67-10_47417",
      "term_results_folder": "crData/Optimización_de_Precios_3200/Optimización_de_Precios_67-10_47417/term_results",
      "merged": "crData/Optimización_de_Precios_3200/Optimización_de_Precios_67-10_47417/merged_results.json",
      "filtered": "crData/Optimización_de_Precios_3200/Optimización_de_Precios_67-10_47417/filtered_results.json",
      "final": "crData/Optimización_de_Precios_3200/Optimización_de_Precios_67-10_47417/final_results.json",
      "statistics": "crData/Optimización_de_Precios_3200/Optimización_de_Precios_67-10_47417/statistics_results.json"
    },
    "67-11": {
      "base_folder": "crData/Optimización_de_Precios_3200/Optimización_de_Precios_67-11_47462",
      "term_results_folder": "crData/Optimización_de_Precios_3200/Optimización_de_Precios_67-11_47462/term_results",
      "merged": "crData/Optimización_de_Precios_3200/Optimización_de_Precios_67-11_47462/merged_results.json",
      "filtered": "crData/Optimización_de_Precios_3200/Optimización_de_Precios_67-11_47462/filtered_results.json",
      "final": "crData/Optimización_de_Precios_3200/Optimización_de_Precios_67-11_47462/final_results.json",
      "statistics": "crData/Optimización_de_Precios_3200/Optimización_de_Precios_67-11_47462/statistics_results.json"
    },
    "67-12": {
      "base_folder": "crData/Optimización_de_Precios_3200/Optimización_de_Precios_67-12_47494",
      "term_results_folder": "crData/Optimización_de_Precios_3200/Optimización_de_Precios_67-12_47494/term_results",
      "merged": "crData/Optimización_de_Precios_3200/Optimización_de_Precios_67-12_47494/merged_results.json",
      "filtered": "crData/Optimización_de_Precios_3200/Optimización_de_Precios_67-12_47494/filtered_results.json",
      "final": "crData/Optimización_de_Precios_3200/Optimización_de_Precios_67-12_47494/final_results.json",
      "statistics": "crData/Optimización_de_Precios_3200/Optimización_de_Precios_67-12_47494/statistics_results.json"
    }
  }
}