{
  "tool_name": "Optimización de Precios",
  "year": "1999",
  "monthly_stats": {
    "99-01": {
      "tool_name": "Optimización de Precios",
      "batch_id": "17380",
      "date": "99-01",
      "initial_count": 1016,
      "filtered_count": 0,
      "final_count": 0,
      "duplicate_count": 0,
      "terms": {
        "Price": 813,
        "Pricing": 219
      },
      "file_paths": {
        "base_folder": "crData/Optimización_de_Precios_3200/Optimización_de_Precios_99-01_17380",
        "term_results_folder": "crData/Optimización_de_Precios_3200/Optimización_de_Precios_99-01_17380/term_results",
        "merged": "crData/Optimización_de_Precios_3200/Optimización_de_Precios_99-01_17380/merged_results.json",
        "filtered": "crData/Optimización_de_Precios_3200/Optimización_de_Precios_99-01_17380/filtered_results.json",
        "final": "crData/Optimización_de_Precios_3200/Optimización_de_Precios_99-01_17380/final_results.json",
        "statistics": "crData/Optimización_de_Precios_3200/Optimización_de_Precios_99-01_17380/statistics_results.json"
      },
      "processing_time": 3.884901762008667,
      "total_crossref": 512854,
      "crossref_percentage": 0.0
    },
    "99-02": {
      "tool_name": "Optimización de Precios",
      "batch_id": "17434",
      "date": "99-02",
      "initial_count": 231,
      "filtered_count": 0,
      "final_count": 0,
      "duplicate_count": 0,
      "terms": {
        "Price": 197,
        "Pricing": 34
      },
      "file_paths": {
        "base_folder": "crData/Optimización_de_Precios_3200/Optimización_de_Precios_99-02_17434",
        "term_results_folder": "crData/Optimización_de_Precios_3200/Optimización_de_Precios_99-02_17434/term_results",
        "merged": "crData/Optimización_de_Precios_3200/Optimización_de_Precios_99-02_17434/merged_results.json",
        "filtered": "crData/Optimización_de_Precios_3200/Optimización_de_Precios_99-02_17434/filtered_results.json",
        "final": "crData/Optimización_de_Precios_3200/Optimización_de_Precios_99-02_17434/final_results.json",
        "statistics": "crData/Optimización_de_Precios_3200/Optimización_de_Precios_99-02_17434/statistics_results.json"
      },
      "processing_time": 2.853041172027588,
      "total_crossref": 80748,
      "crossref_percentage": 0.0
    },
    "99-03": {
      "tool_name": "Optimización de Precios",
      "batch_id": "17477",
      "date": "99-03",
      "initial_count": 325,
      "filtered_count": 0,
      "final_count": 0,
      "duplicate_count": 0,
      "terms": {
        "Price": 293,
        "Pricing": 32
      },
      "file_paths": {
        "base_folder": "crData/Optimización_de_Precios_3200/Optimización_de_Precios_99-03_17477",
        "term_results_folder": "crData/Optimización_de_Precios_3200/Optimización_de_Precios_99-03_17477/term_results",
        "merged": "crData/Optimización_de_Precios_3200/Optimización_de_Precios_99-03_17477/merged_results.json",
        "filtered": "crData/Optimización_de_Precios_3200/Optimización_de_Precios_99-03_17477/filtered_results.json",
        "final": "crData/Optimización_de_Precios_3200/Optimización_de_Precios_99-03_17477/final_results.json",
        "statistics": "crData/Optimización_de_Precios_3200/Optimización_de_Precios_99-03_17477/statistics_results.json"
      },
      "processing_time": 2.730555772781372,
      "total_crossref": 107260,
      "crossref_percentage": 0.0
    },
    "99-04": {
      "tool_name": "Optimización de Precios",
      "batch_id": "17520",
      "date": "99-04",
      "initial_count": 231,
      "filtered_count": 0,
      "final_count": 0,
      "duplicate_count": 0,
      "terms": {
        "Price": 194,
        "Pricing": 37
      },
      "file_paths": {
        "base_folder": "crData/Optimización_de_Precios_3200/Optimización_de_Precios_99-04_17520",
        "term_results_folder": "crData/Optimización_de_Precios_3200/Optimización_de_Precios_99-04_17520/term_results",
        "merged": "crData/Optimización_de_Precios_3200/Optimización_de_Precios_99-04_17520/merged_results.json",
        "filtered": "crData/Optimización_de_Precios_3200/Optimización_de_Precios_99-04_17520/filtered_results.json",
        "final": "crData/Optimización_de_Precios_3200/Optimización_de_Precios_99-04_17520/final_results.json",
        "statistics": "crData/Optimización_de_Precios_3200/Optimización_de_Precios_99-04_17520/statistics_results.json"
      },
      "processing_time": 3.3834800720214844,
      "total_crossref": 100025,
      "crossref_percentage": 0.0
    },
    "99-05": {
      "tool_name": "Optimización de Precios",
      "batch_id": "17569",
      "date": "99-05",
      "initial_count": 253,
      "filtered_count": 0,
      "final_count": 0,
      "duplicate_count": 0,
      "terms": {
        "Price": 227,
        "Pricing": 26
      },
      "file_paths": {
        "base_folder": "crData/Optimización_de_Precios_3200/Optimización_de_Precios_99-05_17569",
        "term_results_folder": "crData/Optimización_de_Precios_3200/Optimización_de_Precios_99-05_17569/term_results",
        "merged": "crData/Optimización_de_Precios_3200/Optimización_de_Precios_99-05_17569/merged_results.json",
        "filtered": "crData/Optimización_de_Precios_3200/Optimización_de_Precios_99-05_17569/filtered_results.json",
        "final": "crData/Optimización_de_Precios_3200/Optimización_de_Precios_99-05_17569/final_results.json",
        "statistics": "crData/Optimización_de_Precios_3200/Optimización_de_Precios_99-05_17569/statistics_results.json"
      },
      "processing_time": 3.2237389087677,
      "total_crossref": 94125,
      "crossref_percentage": 0.0
    },
    "99-06": {
      "tool_name": "Optimización de Precios",
      "batch_id": "18016",
      "date": "99-06",
      "initial_count": 283,
      "filtered_count": 0,
      "final_count": 0,
      "duplicate_count": 0,
      "terms": {
        "Price": 246,
        "Pricing": 37
      },
      "file_paths": {
        "base_folder": "crData/Optimización_de_Precios_3200/Optimización_de_Precios_99-06_18016",
        "term_results_folder": "crData/Optimización_de_Precios_3200/Optimización_de_Precios_99-06_18016/term_results",
        "merged": "crData/Optimización_de_Precios_3200/Optimización_de_Precios_99-06_18016/merged_results.json",
        "filtered": "crData/Optimización_de_Precios_3200/Optimización_de_Precios_99-06_18016/filtered_results.json",
        "final": "crData/Optimización_de_Precios_3200/Optimización_de_Precios_99-06_18016/final_results.json",
        "statistics": "crData/Optimización_de_Precios_3200/Optimización_de_Precios_99-06_18016/statistics_results.json"
      },
      "processing_time": 5.752355098724365,
      "total_crossref": 107350,
      "crossref_percentage": 0.0
    },
    "99-07": {
      "tool_name": "Optimización de Precios",
      "batch_id": "18089",
      "date": "99-07",
      "initial_count": 267,
      "filtered_count": 0,
      "final_count": 0,
      "duplicate_count": 0,
      "terms": {
        "Price": 221,
        "Pricing": 46
      },
      "file_paths": {
        "base_folder": "crData/Optimización_de_Precios_3200/Optimización_de_Precios_99-07_18089",
        "term_results_folder": "crData/Optimización_de_Precios_3200/Optimización_de_Precios_99-07_18089/term_results",
        "merged": "crData/Optimización_de_Precios_3200/Optimización_de_Precios_99-07_18089/merged_results.json",
        "filtered": "crData/Optimización_de_Precios_3200/Optimización_de_Precios_99-07_18089/filtered_results.json",
        "final": "crData/Optimización_de_Precios_3200/Optimización_de_Precios_99-07_18089/final_results.json",
        "statistics": "crData/Optimización_de_Precios_3200/Optimización_de_Precios_99-07_18089/statistics_results.json"
      },
      "processing_time": 3.9734909534454346,
      "total_crossref": 94447,
      "crossref_percentage": 0.0
    },
    "99-08": {
      "tool_name": "Optimización de Precios",
      "batch_id": "18143",
      "date": "99-08",
      "initial_count": 203,
      "filtered_count": 0,
      "final_count": 0,
      "duplicate_count": 0,
      "terms": {
        "Price": 181,
        "Pricing": 22
      },
      "file_paths": {
        "base_folder": "crData/Optimización_de_Precios_3200/Optimización_de_Precios_99-08_18143",
        "term_results_folder": "crData/Optimización_de_Precios_3200/Optimización_de_Precios_99-08_18143/term_results",
        "merged": "crData/Optimización_de_Precios_3200/Optimización_de_Precios_99-08_18143/merged_results.json",
        "filtered": "crData/Optimización_de_Precios_3200/Optimización_de_Precios_99-08_18143/filtered_results.json",
        "final": "crData/Optimización_de_Precios_3200/Optimización_de_Precios_99-08_18143/final_results.json",
        "statistics": "crData/Optimización_de_Precios_3200/Optimización_de_Precios_99-08_18143/statistics_results.json"
      },
      "processing_time": 3.677333116531372,
      "total_crossref": 85620,
      "crossref_percentage": 0.0
    },
    "99-09": {
      "tool_name": "Optimización de Precios",
      "batch_id": "18195",
      "date": "99-09",
      "initial_count": 292,
      "filtered_count": 0,
      "final_count": 0,
      "duplicate_count": 0,
      "terms": {
        "Price": 264,
        "Pricing": 28
      },
      "file_paths": {
        "base_folder": "crData/Optimización_de_Precios_3200/Optimización_de_Precios_99-09_18195",
        "term_results_folder": "crData/Optimización_de_Precios_3200/Optimización_de_Precios_99-09_18195/term_results",
        "merged": "crData/Optimización_de_Precios_3200/Optimización_de_Precios_99-09_18195/merged_results.json",
        "filtered": "crData/Optimización_de_Precios_3200/Optimización_de_Precios_99-09_18195/filtered_results.json",
        "final": "crData/Optimización_de_Precios_3200/Optimización_de_Precios_99-09_18195/final_results.json",
        "statistics": "crData/Optimización_de_Precios_3200/Optimización_de_Precios_99-09_18195/statistics_results.json"
      },
      "processing_time": 4.1191020011901855,
      "total_crossref": 110401,
      "crossref_percentage": 0.0
    },
    "99-10": {
      "tool_name": "Optimización de Precios",
      "batch_id": "18252",
      "date": "99-10",
      "initial_count": 199,
      "filtered_count": 0,
      "final_count": 0,
      "duplicate_count": 0,
      "terms": {
        "Price": 167,
        "Pricing": 32
      },
      "file_paths": {
        "base_folder": "crData/Optimización_de_Precios_3200/Optimización_de_Precios_99-10_18252",
        "term_results_folder": "crData/Optimización_de_Precios_3200/Optimización_de_Precios_99-10_18252/term_results",
        "merged": "crData/Optimización_de_Precios_3200/Optimización_de_Precios_99-10_18252/merged_results.json",
        "filtered": "crData/Optimización_de_Precios_3200/Optimización_de_Precios_99-10_18252/filtered_results.json",
        "final": "crData/Optimización_de_Precios_3200/Optimización_de_Precios_99-10_18252/final_results.json",
        "statistics": "crData/Optimización_de_Precios_3200/Optimización_de_Precios_99-10_18252/statistics_results.json"
      },
      "processing_time": 3.4368419647216797,
      "total_crossref": 94110,
      "crossref_percentage": 0.0
    },
    "99-11": {
      "tool_name": "Optimización de Precios",
      "batch_id": "18301",
      "date": "99-11",
      "initial_count": 286,
      "filtered_count": 0,
      "final_count": 0,
      "duplicate_count": 0,
      "terms": {
        "Price": 234,
        "Pricing": 52
      },
      "file_paths": {
        "base_folder": "crData/Optimización_de_Precios_3200/Optimización_de_Precios_99-11_18301",
        "term_results_folder": "crData/Optimización_de_Precios_3200/Optimización_de_Precios_99-11_18301/term_results",
        "merged": "crData/Optimización_de_Precios_3200/Optimización_de_Precios_99-11_18301/merged_results.json",
        "filtered": "crData/Optimización_de_Precios_3200/Optimización_de_Precios_99-11_18301/filtered_results.json",
        "final": "crData/Optimización_de_Precios_3200/Optimización_de_Precios_99-11_18301/final_results.json",
        "statistics": "crData/Optimización_de_Precios_3200/Optimización_de_Precios_99-11_18301/statistics_results.json"
      },
      "processing_time": 3.5142903327941895,
      "total_crossref": 92986,
      "crossref_percentage": 0.0
    },
    "99-12": {
      "tool_name": "Optimización de Precios",
      "batch_id": "18351",
      "date": "99-12",
      "initial_count": 293,
      "filtered_count": 0,
      "final_count": 0,
      "duplicate_count": 0,
      "terms": {
        "Price": 254,
        "Pricing": 39
      },
      "file_paths": {
        "base_folder": "crData/Optimización_de_Precios_3200/Optimización_de_Precios_99-12_18351",
        "term_results_folder": "crData/Optimización_de_Precios_3200/Optimización_de_Precios_99-12_18351/term_results",
        "merged": "crData/Optimización_de_Precios_3200/Optimización_de_Precios_99-12_18351/merged_results.json",
        "filtered": "crData/Optimización_de_Precios_3200/Optimización_de_Precios_99-12_18351/filtered_results.json",
        "final": "crData/Optimización_de_Precios_3200/Optimización_de_Precios_99-12_18351/final_results.json",
        "statistics": "crData/Optimización_de_Precios_3200/Optimización_de_Precios_99-12_18351/statistics_results.json"
      },
      "processing_time": 2.860656976699829,
      "total_crossref": 135421,
      "crossref_percentage": 0.0
    }
  },
  "total_duplicates": 0,
  "monthly_files": {
    "99-01": {
      "base_folder": "crData/Optimización_de_Precios_3200/Optimización_de_Precios_99-01_17380",
      "term_results_folder": "crData/Optimización_de_Precios_3200/Optimización_de_Precios_99-01_17380/term_results",
      "merged": "crData/Optimización_de_Precios_3200/Optimización_de_Precios_99-01_17380/merged_results.json",
      "filtered": "crData/Optimización_de_Precios_3200/Optimización_de_Precios_99-01_17380/filtered_results.json",
      "final": "crData/Optimización_de_Precios_3200/Optimización_de_Precios_99-01_17380/final_results.json",
      "statistics": "crData/Optimización_de_Precios_3200/Optimización_de_Precios_99-01_17380/statistics_results.json"
    },
    "99-02": {
      "base_folder": "crData/Optimización_de_Precios_3200/Optimización_de_Precios_99-02_17434",
      "term_results_folder": "crData/Optimización_de_Precios_3200/Optimización_de_Precios_99-02_17434/term_results",
      "merged": "crData/Optimización_de_Precios_3200/Optimización_de_Precios_99-02_17434/merged_results.json",
      "filtered": "crData/Optimización_de_Precios_3200/Optimización_de_Precios_99-02_17434/filtered_results.json",
      "final": "crData/Optimización_de_Precios_3200/Optimización_de_Precios_99-02_17434/final_results.json",
      "statistics": "crData/Optimización_de_Precios_3200/Optimización_de_Precios_99-02_17434/statistics_results.json"
    },
    "99-03": {
      "base_folder": "crData/Optimización_de_Precios_3200/Optimización_de_Precios_99-03_17477",
      "term_results_folder": "crData/Optimización_de_Precios_3200/Optimización_de_Precios_99-03_17477/term_results",
      "merged": "crData/Optimización_de_Precios_3200/Optimización_de_Precios_99-03_17477/merged_results.json",
      "filtered": "crData/Optimización_de_Precios_3200/Optimización_de_Precios_99-03_17477/filtered_results.json",
      "final": "crData/Optimización_de_Precios_3200/Optimización_de_Precios_99-03_17477/final_results.json",
      "statistics": "crData/Optimización_de_Precios_3200/Optimización_de_Precios_99-03_17477/statistics_results.json"
    },
    "99-04": {
      "base_folder": "crData/Optimización_de_Precios_3200/Optimización_de_Precios_99-04_17520",
      "term_results_folder": "crData/Optimización_de_Precios_3200/Optimización_de_Precios_99-04_17520/term_results",
      "merged": "crData/Optimización_de_Precios_3200/Optimización_de_Precios_99-04_17520/merged_results.json",
      "filtered": "crData/Optimización_de_Precios_3200/Optimización_de_Precios_99-04_17520/filtered_results.json",
      "final": "crData/Optimización_de_Precios_3200/Optimización_de_Precios_99-04_17520/final_results.json",
      "statistics": "crData/Optimización_de_Precios_3200/Optimización_de_Precios_99-04_17520/statistics_results.json"
    },
    "99-05": {
      "base_folder": "crData/Optimización_de_Precios_3200/Optimización_de_Precios_99-05_17569",
      "term_results_folder": "crData/Optimización_de_Precios_3200/Optimización_de_Precios_99-05_17569/term_results",
      "merged": "crData/Optimización_de_Precios_3200/Optimización_de_Precios_99-05_17569/merged_results.json",
      "filtered": "crData/Optimización_de_Precios_3200/Optimización_de_Precios_99-05_17569/filtered_results.json",
      "final": "crData/Optimización_de_Precios_3200/Optimización_de_Precios_99-05_17569/final_results.json",
      "statistics": "crData/Optimización_de_Precios_3200/Optimización_de_Precios_99-05_17569/statistics_results.json"
    },
    "99-06": {
      "base_folder": "crData/Optimización_de_Precios_3200/Optimización_de_Precios_99-06_18016",
      "term_results_folder": "crData/Optimización_de_Precios_3200/Optimización_de_Precios_99-06_18016/term_results",
      "merged": "crData/Optimización_de_Precios_3200/Optimización_de_Precios_99-06_18016/merged_results.json",
      "filtered": "crData/Optimización_de_Precios_3200/Optimización_de_Precios_99-06_18016/filtered_results.json",
      "final": "crData/Optimización_de_Precios_3200/Optimización_de_Precios_99-06_18016/final_results.json",
      "statistics": "crData/Optimización_de_Precios_3200/Optimización_de_Precios_99-06_18016/statistics_results.json"
    },
    "99-07": {
      "base_folder": "crData/Optimización_de_Precios_3200/Optimización_de_Precios_99-07_18089",
      "term_results_folder": "crData/Optimización_de_Precios_3200/Optimización_de_Precios_99-07_18089/term_results",
      "merged": "crData/Optimización_de_Precios_3200/Optimización_de_Precios_99-07_18089/merged_results.json",
      "filtered": "crData/Optimización_de_Precios_3200/Optimización_de_Precios_99-07_18089/filtered_results.json",
      "final": "crData/Optimización_de_Precios_3200/Optimización_de_Precios_99-07_18089/final_results.json",
      "statistics": "crData/Optimización_de_Precios_3200/Optimización_de_Precios_99-07_18089/statistics_results.json"
    },
    "99-08": {
      "base_folder": "crData/Optimización_de_Precios_3200/Optimización_de_Precios_99-08_18143",
      "term_results_folder": "crData/Optimización_de_Precios_3200/Optimización_de_Precios_99-08_18143/term_results",
      "merged": "crData/Optimización_de_Precios_3200/Optimización_de_Precios_99-08_18143/merged_results.json",
      "filtered": "crData/Optimización_de_Precios_3200/Optimización_de_Precios_99-08_18143/filtered_results.json",
      "final": "crData/Optimización_de_Precios_3200/Optimización_de_Precios_99-08_18143/final_results.json",
      "statistics": "crData/Optimización_de_Precios_3200/Optimización_de_Precios_99-08_18143/statistics_results.json"
    },
    "99-09": {
      "base_folder": "crData/Optimización_de_Precios_3200/Optimización_de_Precios_99-09_18195",
      "term_results_folder": "crData/Optimización_de_Precios_3200/Optimización_de_Precios_99-09_18195/term_results",
      "merged": "crData/Optimización_de_Precios_3200/Optimización_de_Precios_99-09_18195/merged_results.json",
      "filtered": "crData/Optimización_de_Precios_3200/Optimización_de_Precios_99-09_18195/filtered_results.json",
      "final": "crData/Optimización_de_Precios_3200/Optimización_de_Precios_99-09_18195/final_results.json",
      "statistics": "crData/Optimización_de_Precios_3200/Optimización_de_Precios_99-09_18195/statistics_results.json"
    },
    "99-10": {
      "base_folder": "crData/Optimización_de_Precios_3200/Optimización_de_Precios_99-10_18252",
      "term_results_folder": "crData/Optimización_de_Precios_3200/Optimización_de_Precios_99-10_18252/term_results",
      "merged": "crData/Optimización_de_Precios_3200/Optimización_de_Precios_99-10_18252/merged_results.json",
      "filtered": "crData/Optimización_de_Precios_3200/Optimización_de_Precios_99-10_18252/filtered_results.json",
      "final": "crData/Optimización_de_Precios_3200/Optimización_de_Precios_99-10_18252/final_results.json",
      "statistics": "crData/Optimización_de_Precios_3200/Optimización_de_Precios_99-10_18252/statistics_results.json"
    },
    "99-11": {
      "base_folder": "crData/Optimización_de_Precios_3200/Optimización_de_Precios_99-11_18301",
      "term_results_folder": "crData/Optimización_de_Precios_3200/Optimización_de_Precios_99-11_18301/term_results",
      "merged": "crData/Optimización_de_Precios_3200/Optimización_de_Precios_99-11_18301/merged_results.json",
      "filtered": "crData/Optimización_de_Precios_3200/Optimización_de_Precios_99-11_18301/filtered_results.json",
      "final": "crData/Optimización_de_Precios_3200/Optimización_de_Precios_99-11_18301/final_results.json",
      "statistics": "crData/Optimización_de_Precios_3200/Optimización_de_Precios_99-11_18301/statistics_results.json"
    },
    "99-12": {
      "base_folder": "crData/Optimización_de_Precios_3200/Optimización_de_Precios_99-12_18351",
      "term_results_folder": "crData/Optimización_de_Precios_3200/Optimización_de_Precios_99-12_18351/term_results",
      "merged": "crData/Optimización_de_Precios_3200/Optimización_de_Precios_99-12_18351/merged_results.json",
      "filtered": "crData/Optimización_de_Precios_3200/Optimización_de_Precios_99-12_18351/filtered_results.json",
      "final": "crData/Optimización_de_Precios_3200/Optimización_de_Precios_99-12_18351/final_results.json",
      "statistics": "crData/Optimización_de_Precios_3200/Optimización_de_Precios_99-12_18351/statistics_results.json"
    }
  }
}