{
  "tool_name": "Optimización de Precios",
  "year": "1955",
  "monthly_stats": {
    "55-01": {
      "tool_name": "Optimización de Precios",
      "batch_id": "37021",
      "date": "55-01",
      "initial_count": 132,
      "filtered_count": 0,
      "final_count": 0,
      "duplicate_count": 0,
      "terms": {
        "Price": 130,
        "Pricing": 2
      },
      "file_paths": {
        "base_folder": "crData/Optimización_de_Precios_3200/Optimización_de_Precios_55-01_37021",
        "term_results_folder": "crData/Optimización_de_Precios_3200/Optimización_de_Precios_55-01_37021/term_results",
        "merged": "crData/Optimización_de_Precios_3200/Optimización_de_Precios_55-01_37021/merged_results.json",
        "filtered": "crData/Optimización_de_Precios_3200/Optimización_de_Precios_55-01_37021/filtered_results.json",
        "final": "crData/Optimización_de_Precios_3200/Optimización_de_Precios_55-01_37021/final_results.json",
        "statistics": "crData/Optimización_de_Precios_3200/Optimización_de_Precios_55-01_37021/statistics_results.json"
      },
      "processing_time": 4.593349933624268,
      "total_crossref": 65717,
      "crossref_percentage": 0.0
    },
    "55-02": {
      "tool_name": "Optimización de Precios",
      "batch_id": "37082",
      "date": "55-02",
      "initial_count": 55,
      "filtered_count": 0,
      "final_count": 0,
      "duplicate_count": 0,
      "terms": {
        "Price": 53,
        "Pricing": 2
      },
      "file_paths": {
        "base_folder": "crData/Optimización_de_Precios_3200/Optimización_de_Precios_55-02_37082",
        "term_results_folder": "crData/Optimización_de_Precios_3200/Optimización_de_Precios_55-02_37082/term_results",
        "merged": "crData/Optimización_de_Precios_3200/Optimización_de_Precios_55-02_37082/merged_results.json",
        "filtered": "crData/Optimización_de_Precios_3200/Optimización_de_Precios_55-02_37082/filtered_results.json",
        "final": "crData/Optimización_de_Precios_3200/Optimización_de_Precios_55-02_37082/final_results.json",
        "statistics": "crData/Optimización_de_Precios_3200/Optimización_de_Precios_55-02_37082/statistics_results.json"
      },
      "processing_time": 1.6939871311187744,
      "total_crossref": 10128,
      "crossref_percentage": 0.0
    },
    "55-03": {
      "tool_name": "Optimización de Precios",
      "batch_id": "37114",
      "date": "55-03",
      "initial_count": 57,
      "filtered_count": 0,
      "final_count": 0,
      "duplicate_count": 0,
      "terms": {
        "Price": 57,
        "Pricing": 0
      },
      "file_paths": {
        "base_folder": "crData/Optimización_de_Precios_3200/Optimización_de_Precios_55-03_37114",
        "term_results_folder": "crData/Optimización_de_Precios_3200/Optimización_de_Precios_55-03_37114/term_results",
        "merged": "crData/Optimización_de_Precios_3200/Optimización_de_Precios_55-03_37114/merged_results.json",
        "filtered": "crData/Optimización_de_Precios_3200/Optimización_de_Precios_55-03_37114/filtered_results.json",
        "final": "crData/Optimización_de_Precios_3200/Optimización_de_Precios_55-03_37114/final_results.json",
        "statistics": "crData/Optimización_de_Precios_3200/Optimización_de_Precios_55-03_37114/statistics_results.json"
      },
      "processing_time": 3.127969980239868,
      "total_crossref": 12822,
      "crossref_percentage": 0.0
    },
    "55-04": {
      "tool_name": "Optimización de Precios",
      "batch_id": "37160",
      "date": "55-04",
      "initial_count": 70,
      "filtered_count": 0,
      "final_count": 0,
      "duplicate_count": 0,
      "terms": {
        "Price": 69,
        "Pricing": 1
      },
      "file_paths": {
        "base_folder": "crData/Optimización_de_Precios_3200/Optimización_de_Precios_55-04_37160",
        "term_results_folder": "crData/Optimización_de_Precios_3200/Optimización_de_Precios_55-04_37160/term_results",
        "merged": "crData/Optimización_de_Precios_3200/Optimización_de_Precios_55-04_37160/merged_results.json",
        "filtered": "crData/Optimización_de_Precios_3200/Optimización_de_Precios_55-04_37160/filtered_results.json",
        "final": "crData/Optimización_de_Precios_3200/Optimización_de_Precios_55-04_37160/final_results.json",
        "statistics": "crData/Optimización_de_Precios_3200/Optimización_de_Precios_55-04_37160/statistics_results.json"
      },
      "processing_time": 4.060617208480835,
      "total_crossref": 12736,
      "crossref_percentage": 0.0
    },
    "55-05": {
      "tool_name": "Optimización de Precios",
      "batch_id": "37216",
      "date": "55-05",
      "initial_count": 57,
      "filtered_count": 0,
      "final_count": 0,
      "duplicate_count": 0,
      "terms": {
        "Price": 57,
        "Pricing": 0
      },
      "file_paths": {
        "base_folder": "crData/Optimización_de_Precios_3200/Optimización_de_Precios_55-05_37216",
        "term_results_folder": "crData/Optimización_de_Precios_3200/Optimización_de_Precios_55-05_37216/term_results",
        "merged": "crData/Optimización_de_Precios_3200/Optimización_de_Precios_55-05_37216/merged_results.json",
        "filtered": "crData/Optimización_de_Precios_3200/Optimización_de_Precios_55-05_37216/filtered_results.json",
        "final": "crData/Optimización_de_Precios_3200/Optimización_de_Precios_55-05_37216/final_results.json",
        "statistics": "crData/Optimización_de_Precios_3200/Optimización_de_Precios_55-05_37216/statistics_results.json"
      },
      "processing_time": 1.6691639423370361,
      "total_crossref": 11018,
      "crossref_percentage": 0.0
    },
    "55-06": {
      "tool_name": "Optimización de Precios",
      "batch_id": "37248",
      "date": "55-06",
      "initial_count": 35,
      "filtered_count": 0,
      "final_count": 0,
      "duplicate_count": 0,
      "terms": {
        "Price": 34,
        "Pricing": 1
      },
      "file_paths": {
        "base_folder": "crData/Optimización_de_Precios_3200/Optimización_de_Precios_55-06_37248",
        "term_results_folder": "crData/Optimización_de_Precios_3200/Optimización_de_Precios_55-06_37248/term_results",
        "merged": "crData/Optimización_de_Precios_3200/Optimización_de_Precios_55-06_37248/merged_results.json",
        "filtered": "crData/Optimización_de_Precios_3200/Optimización_de_Precios_55-06_37248/filtered_results.json",
        "final": "crData/Optimización_de_Precios_3200/Optimización_de_Precios_55-06_37248/final_results.json",
        "statistics": "crData/Optimización_de_Precios_3200/Optimización_de_Precios_55-06_37248/statistics_results.json"
      },
      "processing_time": 1.372291088104248,
      "total_crossref": 11466,
      "crossref_percentage": 0.0
    },
    "55-07": {
      "tool_name": "Optimización de Precios",
      "batch_id": "37277",
      "date": "55-07",
      "initial_count": 81,
      "filtered_count": 0,
      "final_count": 0,
      "duplicate_count": 0,
      "terms": {
        "Price": 79,
        "Pricing": 2
      },
      "file_paths": {
        "base_folder": "crData/Optimización_de_Precios_3200/Optimización_de_Precios_55-07_37277",
        "term_results_folder": "crData/Optimización_de_Precios_3200/Optimización_de_Precios_55-07_37277/term_results",
        "merged": "crData/Optimización_de_Precios_3200/Optimización_de_Precios_55-07_37277/merged_results.json",
        "filtered": "crData/Optimización_de_Precios_3200/Optimización_de_Precios_55-07_37277/filtered_results.json",
        "final": "crData/Optimización_de_Precios_3200/Optimización_de_Precios_55-07_37277/final_results.json",
        "statistics": "crData/Optimización_de_Precios_3200/Optimización_de_Precios_55-07_37277/statistics_results.json"
      },
      "processing_time": 2.382625102996826,
      "total_crossref": 12185,
      "crossref_percentage": 0.0
    },
    "55-08": {
      "tool_name": "Optimización de Precios",
      "batch_id": "37316",
      "date": "55-08",
      "initial_count": 35,
      "filtered_count": 0,
      "final_count": 0,
      "duplicate_count": 0,
      "terms": {
        "Price": 34,
        "Pricing": 1
      },
      "file_paths": {
        "base_folder": "crData/Optimización_de_Precios_3200/Optimización_de_Precios_55-08_37316",
        "term_results_folder": "crData/Optimización_de_Precios_3200/Optimización_de_Precios_55-08_37316/term_results",
        "merged": "crData/Optimización_de_Precios_3200/Optimización_de_Precios_55-08_37316/merged_results.json",
        "filtered": "crData/Optimización_de_Precios_3200/Optimización_de_Precios_55-08_37316/filtered_results.json",
        "final": "crData/Optimización_de_Precios_3200/Optimización_de_Precios_55-08_37316/final_results.json",
        "statistics": "crData/Optimización_de_Precios_3200/Optimización_de_Precios_55-08_37316/statistics_results.json"
      },
      "processing_time": 2.9771950244903564,
      "total_crossref": 8829,
      "crossref_percentage": 0.0
    },
    "55-09": {
      "tool_name": "Optimización de Precios",
      "batch_id": "37361",
      "date": "55-09",
      "initial_count": 64,
      "filtered_count": 0,
      "final_count": 0,
      "duplicate_count": 0,
      "terms": {
        "Price": 62,
        "Pricing": 2
      },
      "file_paths": {
        "base_folder": "crData/Optimización_de_Precios_3200/Optimización_de_Precios_55-09_37361",
        "term_results_folder": "crData/Optimización_de_Precios_3200/Optimización_de_Precios_55-09_37361/term_results",
        "merged": "crData/Optimización_de_Precios_3200/Optimización_de_Precios_55-09_37361/merged_results.json",
        "filtered": "crData/Optimización_de_Precios_3200/Optimización_de_Precios_55-09_37361/filtered_results.json",
        "final": "crData/Optimización_de_Precios_3200/Optimización_de_Precios_55-09_37361/final_results.json",
        "statistics": "crData/Optimización_de_Precios_3200/Optimización_de_Precios_55-09_37361/statistics_results.json"
      },
      "processing_time": 1.4730308055877686,
      "total_crossref": 11949,
      "crossref_percentage": 0.0
    },
    "55-10": {
      "tool_name": "Optimización de Precios",
      "batch_id": "37390",
      "date": "55-10",
      "initial_count": 73,
      "filtered_count": 0,
      "final_count": 0,
      "duplicate_count": 0,
      "terms": {
        "Price": 72,
        "Pricing": 1
      },
      "file_paths": {
        "base_folder": "crData/Optimización_de_Precios_3200/Optimización_de_Precios_55-10_37390",
        "term_results_folder": "crData/Optimización_de_Precios_3200/Optimización_de_Precios_55-10_37390/term_results",
        "merged": "crData/Optimización_de_Precios_3200/Optimización_de_Precios_55-10_37390/merged_results.json",
        "filtered": "crData/Optimización_de_Precios_3200/Optimización_de_Precios_55-10_37390/filtered_results.json",
        "final": "crData/Optimización_de_Precios_3200/Optimización_de_Precios_55-10_37390/final_results.json",
        "statistics": "crData/Optimización_de_Precios_3200/Optimización_de_Precios_55-10_37390/statistics_results.json"
      },
      "processing_time": 1.6116061210632324,
      "total_crossref": 12871,
      "crossref_percentage": 0.0
    },
    "55-11": {
      "tool_name": "Optimización de Precios",
      "batch_id": "37422",
      "date": "55-11",
      "initial_count": 111,
      "filtered_count": 0,
      "final_count": 0,
      "duplicate_count": 0,
      "terms": {
        "Price": 109,
        "Pricing": 2
      },
      "file_paths": {
        "base_folder": "crData/Optimización_de_Precios_3200/Optimización_de_Precios_55-11_37422",
        "term_results_folder": "crData/Optimización_de_Precios_3200/Optimización_de_Precios_55-11_37422/term_results",
        "merged": "crData/Optimización_de_Precios_3200/Optimización_de_Precios_55-11_37422/merged_results.json",
        "filtered": "crData/Optimización_de_Precios_3200/Optimización_de_Precios_55-11_37422/filtered_results.json",
        "final": "crData/Optimización_de_Precios_3200/Optimización_de_Precios_55-11_37422/final_results.json",
        "statistics": "crData/Optimización_de_Precios_3200/Optimización_de_Precios_55-11_37422/statistics_results.json"
      },
      "processing_time": 1.5166049003601074,
      "total_crossref": 11022,
      "crossref_percentage": 0.0
    },
    "55-12": {
      "tool_name": "Optimización de Precios",
      "batch_id": "37452",
      "date": "55-12",
      "initial_count": 79,
      "filtered_count": 0,
      "final_count": 0,
      "duplicate_count": 0,
      "terms": {
        "Price": 79,
        "Pricing": 0
      },
      "file_paths": {
        "base_folder": "crData/Optimización_de_Precios_3200/Optimización_de_Precios_55-12_37452",
        "term_results_folder": "crData/Optimización_de_Precios_3200/Optimización_de_Precios_55-12_37452/term_results",
        "merged": "crData/Optimización_de_Precios_3200/Optimización_de_Precios_55-12_37452/merged_results.json",
        "filtered": "crData/Optimización_de_Precios_3200/Optimización_de_Precios_55-12_37452/filtered_results.json",
        "final": "crData/Optimización_de_Precios_3200/Optimización_de_Precios_55-12_37452/final_results.json",
        "statistics": "crData/Optimización_de_Precios_3200/Optimización_de_Precios_55-12_37452/statistics_results.json"
      },
      "processing_time": 2.6077888011932373,
      "total_crossref": 21820,
      "crossref_percentage": 0.0
    }
  },
  "total_duplicates": 0,
  "monthly_files": {
    "55-01": {
      "base_folder": "crData/Optimización_de_Precios_3200/Optimización_de_Precios_55-01_37021",
      "term_results_folder": "crData/Optimización_de_Precios_3200/Optimización_de_Precios_55-01_37021/term_results",
      "merged": "crData/Optimización_de_Precios_3200/Optimización_de_Precios_55-01_37021/merged_results.json",
      "filtered": "crData/Optimización_de_Precios_3200/Optimización_de_Precios_55-01_37021/filtered_results.json",
      "final": "crData/Optimización_de_Precios_3200/Optimización_de_Precios_55-01_37021/final_results.json",
      "statistics": "crData/Optimización_de_Precios_3200/Optimización_de_Precios_55-01_37021/statistics_results.json"
    },
    "55-02": {
      "base_folder": "crData/Optimización_de_Precios_3200/Optimización_de_Precios_55-02_37082",
      "term_results_folder": "crData/Optimización_de_Precios_3200/Optimización_de_Precios_55-02_37082/term_results",
      "merged": "crData/Optimización_de_Precios_3200/Optimización_de_Precios_55-02_37082/merged_results.json",
      "filtered": "crData/Optimización_de_Precios_3200/Optimización_de_Precios_55-02_37082/filtered_results.json",
      "final": "crData/Optimización_de_Precios_3200/Optimización_de_Precios_55-02_37082/final_results.json",
      "statistics": "crData/Optimización_de_Precios_3200/Optimización_de_Precios_55-02_37082/statistics_results.json"
    },
    "55-03": {
      "base_folder": "crData/Optimización_de_Precios_3200/Optimización_de_Precios_55-03_37114",
      "term_results_folder": "crData/Optimización_de_Precios_3200/Optimización_de_Precios_55-03_37114/term_results",
      "merged": "crData/Optimización_de_Precios_3200/Optimización_de_Precios_55-03_37114/merged_results.json",
      "filtered": "crData/Optimización_de_Precios_3200/Optimización_de_Precios_55-03_37114/filtered_results.json",
      "final": "crData/Optimización_de_Precios_3200/Optimización_de_Precios_55-03_37114/final_results.json",
      "statistics": "crData/Optimización_de_Precios_3200/Optimización_de_Precios_55-03_37114/statistics_results.json"
    },
    "55-04": {
      "base_folder": "crData/Optimización_de_Precios_3200/Optimización_de_Precios_55-04_37160",
      "term_results_folder": "crData/Optimización_de_Precios_3200/Optimización_de_Precios_55-04_37160/term_results",
      "merged": "crData/Optimización_de_Precios_3200/Optimización_de_Precios_55-04_37160/merged_results.json",
      "filtered": "crData/Optimización_de_Precios_3200/Optimización_de_Precios_55-04_37160/filtered_results.json",
      "final": "crData/Optimización_de_Precios_3200/Optimización_de_Precios_55-04_37160/final_results.json",
      "statistics": "crData/Optimización_de_Precios_3200/Optimización_de_Precios_55-04_37160/statistics_results.json"
    },
    "55-05": {
      "base_folder": "crData/Optimización_de_Precios_3200/Optimización_de_Precios_55-05_37216",
      "term_results_folder": "crData/Optimización_de_Precios_3200/Optimización_de_Precios_55-05_37216/term_results",
      "merged": "crData/Optimización_de_Precios_3200/Optimización_de_Precios_55-05_37216/merged_results.json",
      "filtered": "crData/Optimización_de_Precios_3200/Optimización_de_Precios_55-05_37216/filtered_results.json",
      "final": "crData/Optimización_de_Precios_3200/Optimización_de_Precios_55-05_37216/final_results.json",
      "statistics": "crData/Optimización_de_Precios_3200/Optimización_de_Precios_55-05_37216/statistics_results.json"
    },
    "55-06": {
      "base_folder": "crData/Optimización_de_Precios_3200/Optimización_de_Precios_55-06_37248",
      "term_results_folder": "crData/Optimización_de_Precios_3200/Optimización_de_Precios_55-06_37248/term_results",
      "merged": "crData/Optimización_de_Precios_3200/Optimización_de_Precios_55-06_37248/merged_results.json",
      "filtered": "crData/Optimización_de_Precios_3200/Optimización_de_Precios_55-06_37248/filtered_results.json",
      "final": "crData/Optimización_de_Precios_3200/Optimización_de_Precios_55-06_37248/final_results.json",
      "statistics": "crData/Optimización_de_Precios_3200/Optimización_de_Precios_55-06_37248/statistics_results.json"
    },
    "55-07": {
      "base_folder": "crData/Optimización_de_Precios_3200/Optimización_de_Precios_55-07_37277",
      "term_results_folder": "crData/Optimización_de_Precios_3200/Optimización_de_Precios_55-07_37277/term_results",
      "merged": "crData/Optimización_de_Precios_3200/Optimización_de_Precios_55-07_37277/merged_results.json",
      "filtered": "crData/Optimización_de_Precios_3200/Optimización_de_Precios_55-07_37277/filtered_results.json",
      "final": "crData/Optimización_de_Precios_3200/Optimización_de_Precios_55-07_37277/final_results.json",
      "statistics": "crData/Optimización_de_Precios_3200/Optimización_de_Precios_55-07_37277/statistics_results.json"
    },
    "55-08": {
      "base_folder": "crData/Optimización_de_Precios_3200/Optimización_de_Precios_55-08_37316",
      "term_results_folder": "crData/Optimización_de_Precios_3200/Optimización_de_Precios_55-08_37316/term_results",
      "merged": "crData/Optimización_de_Precios_3200/Optimización_de_Precios_55-08_37316/merged_results.json",
      "filtered": "crData/Optimización_de_Precios_3200/Optimización_de_Precios_55-08_37316/filtered_results.json",
      "final": "crData/Optimización_de_Precios_3200/Optimización_de_Precios_55-08_37316/final_results.json",
      "statistics": "crData/Optimización_de_Precios_3200/Optimización_de_Precios_55-08_37316/statistics_results.json"
    },
    "55-09": {
      "base_folder": "crData/Optimización_de_Precios_3200/Optimización_de_Precios_55-09_37361",
      "term_results_folder": "crData/Optimización_de_Precios_3200/Optimización_de_Precios_55-09_37361/term_results",
      "merged": "crData/Optimización_de_Precios_3200/Optimización_de_Precios_55-09_37361/merged_results.json",
      "filtered": "crData/Optimización_de_Precios_3200/Optimización_de_Precios_55-09_37361/filtered_results.json",
      "final": "crData/Optimización_de_Precios_3200/Optimización_de_Precios_55-09_37361/final_results.json",
      "statistics": "crData/Optimización_de_Precios_3200/Optimización_de_Precios_55-09_37361/statistics_results.json"
    },
    "55-10": {
      "base_folder": "crData/Optimización_de_Precios_3200/Optimización_de_Precios_55-10_37390",
      "term_results_folder": "crData/Optimización_de_Precios_3200/Optimización_de_Precios_55-10_37390/term_results",
      "merged": "crData/Optimización_de_Precios_3200/Optimización_de_Precios_55-10_37390/merged_results.json",
      "filtered": "crData/Optimización_de_Precios_3200/Optimización_de_Precios_55-10_37390/filtered_results.json",
      "final": "crData/Optimización_de_Precios_3200/Optimización_de_Precios_55-10_37390/final_results.json",
      "statistics": "crData/Optimización_de_Precios_3200/Optimización_de_Precios_55-10_37390/statistics_results.json"
    },
    "55-11": {
      "base_folder": "crData/Optimización_de_Precios_3200/Optimización_de_Precios_55-11_37422",
      "term_results_folder": "crData/Optimización_de_Precios_3200/Optimización_de_Precios_55-11_37422/term_results",
      "merged": "crData/Optimización_de_Precios_3200/Optimización_de_Precios_55-11_37422/merged_results.json",
      "filtered": "crData/Optimización_de_Precios_3200/Optimización_de_Precios_55-11_37422/filtered_results.json",
      "final": "crData/Optimización_de_Precios_3200/Optimización_de_Precios_55-11_37422/final_results.json",
      "statistics": "crData/Optimización_de_Precios_3200/Optimización_de_Precios_55-11_37422/statistics_results.json"
    },
    "55-12": {
      "base_folder": "crData/Optimización_de_Precios_3200/Optimización_de_Precios_55-12_37452",
      "term_results_folder": "crData/Optimización_de_Precios_3200/Optimización_de_Precios_55-12_37452/term_results",
      "merged": "crData/Optimización_de_Precios_3200/Optimización_de_Precios_55-12_37452/merged_results.json",
      "filtered": "crData/Optimización_de_Precios_3200/Optimización_de_Precios_55-12_37452/filtered_results.json",
      "final": "crData/Optimización_de_Precios_3200/Optimización_de_Precios_55-12_37452/final_results.json",
      "statistics": "crData/Optimización_de_Precios_3200/Optimización_de_Precios_55-12_37452/statistics_results.json"
    }
  }
}