{
  "tool_name": "Outsourcing",
  "year": "1993",
  "monthly_stats": {
    "93-01": {
      "tool_name": "Outsourcing",
      "batch_id": "49440",
      "date": "93-01",
      "initial_count": 17,
      "filtered_count": 16,
      "final_count": 16,
      "duplicate_count": 0,
      "terms": {
        "Outsourcing": 17
      },
      "file_paths": {
        "base_folder": "crData/Outsourcing_2300/Outsourcing_93-01_49440",
        "term_results_folder": "crData/Outsourcing_2300/Outsourcing_93-01_49440/term_results",
        "merged": "crData/Outsourcing_2300/Outsourcing_93-01_49440/merged_results.json",
        "filtered": "crData/Outsourcing_2300/Outsourcing_93-01_49440/filtered_results.json",
        "final": "crData/Outsourcing_2300/Outsourcing_93-01_49440/final_results.json",
        "statistics": "crData/Outsourcing_2300/Outsourcing_93-01_49440/statistics_results.json"
      },
      "processing_time": 1.450613021850586,
      "total_crossref": 429995,
      "crossref_percentage": 0.0037209734996918567
    },
    "93-02": {
      "tool_name": "Outsourcing",
      "batch_id": "49469",
      "date": "93-02",
      "initial_count": 1,
      "filtered_count": 1,
      "final_count": 1,
      "duplicate_count": 0,
      "terms": {
        "Outsourcing": 1
      },
      "file_paths": {
        "base_folder": "crData/Outsourcing_2300/Outsourcing_93-02_49469",
        "term_results_folder": "crData/Outsourcing_2300/Outsourcing_93-02_49469/term_results",
        "merged": "crData/Outsourcing_2300/Outsourcing_93-02_49469/merged_results.json",
        "filtered": "crData/Outsourcing_2300/Outsourcing_93-02_49469/filtered_results.json",
        "final": "crData/Outsourcing_2300/Outsourcing_93-02_49469/final_results.json",
        "statistics": "crData/Outsourcing_2300/Outsourcing_93-02_49469/statistics_results.json"
      },
      "processing_time": 1.3261561393737793,
      "total_crossref": 63285,
      "crossref_percentage": 0.0015801532748676622
    },
    "93-03": {
      "tool_name": "Outsourcing",
      "batch_id": "49498",
      "date": "93-03",
      "initial_count": 1,
      "filtered_count": 1,
      "final_count": 1,
      "duplicate_count": 0,
      "terms": {
        "Outsourcing": 1
      },
      "file_paths": {
        "base_folder": "crData/Outsourcing_2300/Outsourcing_93-03_49498",
        "term_results_folder": "crData/Outsourcing_2300/Outsourcing_93-03_49498/term_results",
        "merged": "crData/Outsourcing_2300/Outsourcing_93-03_49498/merged_results.json",
        "filtered": "crData/Outsourcing_2300/Outsourcing_93-03_49498/filtered_results.json",
        "final": "crData/Outsourcing_2300/Outsourcing_93-03_49498/final_results.json",
        "statistics": "crData/Outsourcing_2300/Outsourcing_93-03_49498/statistics_results.json"
      },
      "processing_time": 1.1984126567840576,
      "total_crossref": 87936,
      "crossref_percentage": 0.0011371906841339157
    },
    "93-04": {
      "tool_name": "Outsourcing",
      "batch_id": "49525",
      "date": "93-04",
      "initial_count": 0,
      "filtered_count": 0,
      "final_count": 0,
      "duplicate_count": 0,
      "terms": {
        "Outsourcing": 0
      },
      "file_paths": {
        "base_folder": "crData/Outsourcing_2300/Outsourcing_93-04_49525",
        "term_results_folder": "crData/Outsourcing_2300/Outsourcing_93-04_49525/term_results",
        "merged": "crData/Outsourcing_2300/Outsourcing_93-04_49525/merged_results.json",
        "filtered": "crData/Outsourcing_2300/Outsourcing_93-04_49525/filtered_results.json",
        "final": "crData/Outsourcing_2300/Outsourcing_93-04_49525/final_results.json",
        "statistics": "crData/Outsourcing_2300/Outsourcing_93-04_49525/statistics_results.json"
      },
      "processing_time": 1.1430749893188477,
      "total_crossref": 78028,
      "crossref_percentage": 0.0
    },
    "93-05": {
      "tool_name": "Outsourcing",
      "batch_id": "49551",
      "date": "93-05",
      "initial_count": 1,
      "filtered_count": 1,
      "final_count": 1,
      "duplicate_count": 0,
      "terms": {
        "Outsourcing": 1
      },
      "file_paths": {
        "base_folder": "crData/Outsourcing_2300/Outsourcing_93-05_49551",
        "term_results_folder": "crData/Outsourcing_2300/Outsourcing_93-05_49551/term_results",
        "merged": "crData/Outsourcing_2300/Outsourcing_93-05_49551/merged_results.json",
        "filtered": "crData/Outsourcing_2300/Outsourcing_93-05_49551/filtered_results.json",
        "final": "crData/Outsourcing_2300/Outsourcing_93-05_49551/final_results.json",
        "statistics": "crData/Outsourcing_2300/Outsourcing_93-05_49551/statistics_results.json"
      },
      "processing_time": 1.3040320873260498,
      "total_crossref": 72865,
      "crossref_percentage": 0.0013724010155767516
    },
    "93-06": {
      "tool_name": "Outsourcing",
      "batch_id": "49579",
      "date": "93-06",
      "initial_count": 4,
      "filtered_count": 4,
      "final_count": 4,
      "duplicate_count": 0,
      "terms": {
        "Outsourcing": 4
      },
      "file_paths": {
        "base_folder": "crData/Outsourcing_2300/Outsourcing_93-06_49579",
        "term_results_folder": "crData/Outsourcing_2300/Outsourcing_93-06_49579/term_results",
        "merged": "crData/Outsourcing_2300/Outsourcing_93-06_49579/merged_results.json",
        "filtered": "crData/Outsourcing_2300/Outsourcing_93-06_49579/filtered_results.json",
        "final": "crData/Outsourcing_2300/Outsourcing_93-06_49579/final_results.json",
        "statistics": "crData/Outsourcing_2300/Outsourcing_93-06_49579/statistics_results.json"
      },
      "processing_time": 1.2039148807525635,
      "total_crossref": 80798,
      "crossref_percentage": 0.004950617589544295
    },
    "93-07": {
      "tool_name": "Outsourcing",
      "batch_id": "50007",
      "date": "93-07",
      "initial_count": 2,
      "filtered_count": 2,
      "final_count": 2,
      "duplicate_count": 0,
      "terms": {
        "Outsourcing": 2
      },
      "file_paths": {
        "base_folder": "crData/Outsourcing_2300/Outsourcing_93-07_50007",
        "term_results_folder": "crData/Outsourcing_2300/Outsourcing_93-07_50007/term_results",
        "merged": "crData/Outsourcing_2300/Outsourcing_93-07_50007/merged_results.json",
        "filtered": "crData/Outsourcing_2300/Outsourcing_93-07_50007/filtered_results.json",
        "final": "crData/Outsourcing_2300/Outsourcing_93-07_50007/final_results.json",
        "statistics": "crData/Outsourcing_2300/Outsourcing_93-07_50007/statistics_results.json"
      },
      "processing_time": 2.08768892288208,
      "total_crossref": 74959,
      "crossref_percentage": 0.00266812524179885
    },
    "93-08": {
      "tool_name": "Outsourcing",
      "batch_id": "50043",
      "date": "93-08",
      "initial_count": 1,
      "filtered_count": 1,
      "final_count": 1,
      "duplicate_count": 0,
      "terms": {
        "Outsourcing": 1
      },
      "file_paths": {
        "base_folder": "crData/Outsourcing_2300/Outsourcing_93-08_50043",
        "term_results_folder": "crData/Outsourcing_2300/Outsourcing_93-08_50043/term_results",
        "merged": "crData/Outsourcing_2300/Outsourcing_93-08_50043/merged_results.json",
        "filtered": "crData/Outsourcing_2300/Outsourcing_93-08_50043/filtered_results.json",
        "final": "crData/Outsourcing_2300/Outsourcing_93-08_50043/final_results.json",
        "statistics": "crData/Outsourcing_2300/Outsourcing_93-08_50043/statistics_results.json"
      },
      "processing_time": 1.8452520370483398,
      "total_crossref": 67225,
      "crossref_percentage": 0.0014875418371141688
    },
    "93-09": {
      "tool_name": "Outsourcing",
      "batch_id": "50076",
      "date": "93-09",
      "initial_count": 2,
      "filtered_count": 2,
      "final_count": 2,
      "duplicate_count": 0,
      "terms": {
        "Outsourcing": 2
      },
      "file_paths": {
        "base_folder": "crData/Outsourcing_2300/Outsourcing_93-09_50076",
        "term_results_folder": "crData/Outsourcing_2300/Outsourcing_93-09_50076/term_results",
        "merged": "crData/Outsourcing_2300/Outsourcing_93-09_50076/merged_results.json",
        "filtered": "crData/Outsourcing_2300/Outsourcing_93-09_50076/filtered_results.json",
        "final": "crData/Outsourcing_2300/Outsourcing_93-09_50076/final_results.json",
        "statistics": "crData/Outsourcing_2300/Outsourcing_93-09_50076/statistics_results.json"
      },
      "processing_time": 1.1090648174285889,
      "total_crossref": 83803,
      "crossref_percentage": 0.0023865494075391096
    },
    "93-10": {
      "tool_name": "Outsourcing",
      "batch_id": "50102",
      "date": "93-10",
      "initial_count": 0,
      "filtered_count": 0,
      "final_count": 0,
      "duplicate_count": 0,
      "terms": {
        "Outsourcing": 0
      },
      "file_paths": {
        "base_folder": "crData/Outsourcing_2300/Outsourcing_93-10_50102",
        "term_results_folder": "crData/Outsourcing_2300/Outsourcing_93-10_50102/term_results",
        "merged": "crData/Outsourcing_2300/Outsourcing_93-10_50102/merged_results.json",
        "filtered": "crData/Outsourcing_2300/Outsourcing_93-10_50102/filtered_results.json",
        "final": "crData/Outsourcing_2300/Outsourcing_93-10_50102/final_results.json",
        "statistics": "crData/Outsourcing_2300/Outsourcing_93-10_50102/statistics_results.json"
      },
      "processing_time": 1.51717209815979,
      "total_crossref": 76591,
      "crossref_percentage": 0.0
    },
    "93-11": {
      "tool_name": "Outsourcing",
      "batch_id": "50132",
      "date": "93-11",
      "initial_count": 0,
      "filtered_count": 0,
      "final_count": 0,
      "duplicate_count": 0,
      "terms": {
        "Outsourcing": 0
      },
      "file_paths": {
        "base_folder": "crData/Outsourcing_2300/Outsourcing_93-11_50132",
        "term_results_folder": "crData/Outsourcing_2300/Outsourcing_93-11_50132/term_results",
        "merged": "crData/Outsourcing_2300/Outsourcing_93-11_50132/merged_results.json",
        "filtered": "crData/Outsourcing_2300/Outsourcing_93-11_50132/filtered_results.json",
        "final": "crData/Outsourcing_2300/Outsourcing_93-11_50132/final_results.json",
        "statistics": "crData/Outsourcing_2300/Outsourcing_93-11_50132/statistics_results.json"
      },
      "processing_time": 1.0866551399230957,
      "total_crossref": 68262,
      "crossref_percentage": 0.0
    },
    "93-12": {
      "tool_name": "Outsourcing",
      "batch_id": "50158",
      "date": "93-12",
      "initial_count": 2,
      "filtered_count": 1,
      "final_count": 1,
      "duplicate_count": 0,
      "terms": {
        "Outsourcing": 2
      },
      "file_paths": {
        "base_folder": "crData/Outsourcing_2300/Outsourcing_93-12_50158",
        "term_results_folder": "crData/Outsourcing_2300/Outsourcing_93-12_50158/term_results",
        "merged": "crData/Outsourcing_2300/Outsourcing_93-12_50158/merged_results.json",
        "filtered": "crData/Outsourcing_2300/Outsourcing_93-12_50158/filtered_results.json",
        "final": "crData/Outsourcing_2300/Outsourcing_93-12_50158/final_results.json",
        "statistics": "crData/Outsourcing_2300/Outsourcing_93-12_50158/statistics_results.json"
      },
      "processing_time": 1.1439270973205566,
      "total_crossref": 105120,
      "crossref_percentage": 0.0009512937595129377
    }
  },
  "total_duplicates": 0,
  "monthly_files": {
    "93-01": {
      "base_folder": "crData/Outsourcing_2300/Outsourcing_93-01_49440",
      "term_results_folder": "crData/Outsourcing_2300/Outsourcing_93-01_49440/term_results",
      "merged": "crData/Outsourcing_2300/Outsourcing_93-01_49440/merged_results.json",
      "filtered": "crData/Outsourcing_2300/Outsourcing_93-01_49440/filtered_results.json",
      "final": "crData/Outsourcing_2300/Outsourcing_93-01_49440/final_results.json",
      "statistics": "crData/Outsourcing_2300/Outsourcing_93-01_49440/statistics_results.json"
    },
    "93-02": {
      "base_folder": "crData/Outsourcing_2300/Outsourcing_93-02_49469",
      "term_results_folder": "crData/Outsourcing_2300/Outsourcing_93-02_49469/term_results",
      "merged": "crData/Outsourcing_2300/Outsourcing_93-02_49469/merged_results.json",
      "filtered": "crData/Outsourcing_2300/Outsourcing_93-02_49469/filtered_results.json",
      "final": "crData/Outsourcing_2300/Outsourcing_93-02_49469/final_results.json",
      "statistics": "crData/Outsourcing_2300/Outsourcing_93-02_49469/statistics_results.json"
    },
    "93-03": {
      "base_folder": "crData/Outsourcing_2300/Outsourcing_93-03_49498",
      "term_results_folder": "crData/Outsourcing_2300/Outsourcing_93-03_49498/term_results",
      "merged": "crData/Outsourcing_2300/Outsourcing_93-03_49498/merged_results.json",
      "filtered": "crData/Outsourcing_2300/Outsourcing_93-03_49498/filtered_results.json",
      "final": "crData/Outsourcing_2300/Outsourcing_93-03_49498/final_results.json",
      "statistics": "crData/Outsourcing_2300/Outsourcing_93-03_49498/statistics_results.json"
    },
    "93-04": {
      "base_folder": "crData/Outsourcing_2300/Outsourcing_93-04_49525",
      "term_results_folder": "crData/Outsourcing_2300/Outsourcing_93-04_49525/term_results",
      "merged": "crData/Outsourcing_2300/Outsourcing_93-04_49525/merged_results.json",
      "filtered": "crData/Outsourcing_2300/Outsourcing_93-04_49525/filtered_results.json",
      "final": "crData/Outsourcing_2300/Outsourcing_93-04_49525/final_results.json",
      "statistics": "crData/Outsourcing_2300/Outsourcing_93-04_49525/statistics_results.json"
    },
    "93-05": {
      "base_folder": "crData/Outsourcing_2300/Outsourcing_93-05_49551",
      "term_results_folder": "crData/Outsourcing_2300/Outsourcing_93-05_49551/term_results",
      "merged": "crData/Outsourcing_2300/Outsourcing_93-05_49551/merged_results.json",
      "filtered": "crData/Outsourcing_2300/Outsourcing_93-05_49551/filtered_results.json",
      "final": "crData/Outsourcing_2300/Outsourcing_93-05_49551/final_results.json",
      "statistics": "crData/Outsourcing_2300/Outsourcing_93-05_49551/statistics_results.json"
    },
    "93-06": {
      "base_folder": "crData/Outsourcing_2300/Outsourcing_93-06_49579",
      "term_results_folder": "crData/Outsourcing_2300/Outsourcing_93-06_49579/term_results",
      "merged": "crData/Outsourcing_2300/Outsourcing_93-06_49579/merged_results.json",
      "filtered": "crData/Outsourcing_2300/Outsourcing_93-06_49579/filtered_results.json",
      "final": "crData/Outsourcing_2300/Outsourcing_93-06_49579/final_results.json",
      "statistics": "crData/Outsourcing_2300/Outsourcing_93-06_49579/statistics_results.json"
    },
    "93-07": {
      "base_folder": "crData/Outsourcing_2300/Outsourcing_93-07_50007",
      "term_results_folder": "crData/Outsourcing_2300/Outsourcing_93-07_50007/term_results",
      "merged": "crData/Outsourcing_2300/Outsourcing_93-07_50007/merged_results.json",
      "filtered": "crData/Outsourcing_2300/Outsourcing_93-07_50007/filtered_results.json",
      "final": "crData/Outsourcing_2300/Outsourcing_93-07_50007/final_results.json",
      "statistics": "crData/Outsourcing_2300/Outsourcing_93-07_50007/statistics_results.json"
    },
    "93-08": {
      "base_folder": "crData/Outsourcing_2300/Outsourcing_93-08_50043",
      "term_results_folder": "crData/Outsourcing_2300/Outsourcing_93-08_50043/term_results",
      "merged": "crData/Outsourcing_2300/Outsourcing_93-08_50043/merged_results.json",
      "filtered": "crData/Outsourcing_2300/Outsourcing_93-08_50043/filtered_results.json",
      "final": "crData/Outsourcing_2300/Outsourcing_93-08_50043/final_results.json",
      "statistics": "crData/Outsourcing_2300/Outsourcing_93-08_50043/statistics_results.json"
    },
    "93-09": {
      "base_folder": "crData/Outsourcing_2300/Outsourcing_93-09_50076",
      "term_results_folder": "crData/Outsourcing_2300/Outsourcing_93-09_50076/term_results",
      "merged": "crData/Outsourcing_2300/Outsourcing_93-09_50076/merged_results.json",
      "filtered": "crData/Outsourcing_2300/Outsourcing_93-09_50076/filtered_results.json",
      "final": "crData/Outsourcing_2300/Outsourcing_93-09_50076/final_results.json",
      "statistics": "crData/Outsourcing_2300/Outsourcing_93-09_50076/statistics_results.json"
    },
    "93-10": {
      "base_folder": "crData/Outsourcing_2300/Outsourcing_93-10_50102",
      "term_results_folder": "crData/Outsourcing_2300/Outsourcing_93-10_50102/term_results",
      "merged": "crData/Outsourcing_2300/Outsourcing_93-10_50102/merged_results.json",
      "filtered": "crData/Outsourcing_2300/Outsourcing_93-10_50102/filtered_results.json",
      "final": "crData/Outsourcing_2300/Outsourcing_93-10_50102/final_results.json",
      "statistics": "crData/Outsourcing_2300/Outsourcing_93-10_50102/statistics_results.json"
    },
    "93-11": {
      "base_folder": "crData/Outsourcing_2300/Outsourcing_93-11_50132",
      "term_results_folder": "crData/Outsourcing_2300/Outsourcing_93-11_50132/term_results",
      "merged": "crData/Outsourcing_2300/Outsourcing_93-11_50132/merged_results.json",
      "filtered": "crData/Outsourcing_2300/Outsourcing_93-11_50132/filtered_results.json",
      "final": "crData/Outsourcing_2300/Outsourcing_93-11_50132/final_results.json",
      "statistics": "crData/Outsourcing_2300/Outsourcing_93-11_50132/statistics_results.json"
    },
    "93-12": {
      "base_folder": "crData/Outsourcing_2300/Outsourcing_93-12_50158",
      "term_results_folder": "crData/Outsourcing_2300/Outsourcing_93-12_50158/term_results",
      "merged": "crData/Outsourcing_2300/Outsourcing_93-12_50158/merged_results.json",
      "filtered": "crData/Outsourcing_2300/Outsourcing_93-12_50158/filtered_results.json",
      "final": "crData/Outsourcing_2300/Outsourcing_93-12_50158/final_results.json",
      "statistics": "crData/Outsourcing_2300/Outsourcing_93-12_50158/statistics_results.json"
    }
  }
}