{
  "tool_name": "Outsourcing",
  "year": "1950",
  "monthly_stats": {
    "50-01": {
      "tool_name": "Outsourcing",
      "batch_id": "25004",
      "date": "50-01",
      "initial_count": 0,
      "filtered_count": 0,
      "final_count": 0,
      "duplicate_count": 0,
      "terms": {
        "Outsourcing": 0
      },
      "file_paths": {
        "base_folder": "crData/Outsourcing_2300/Outsourcing_50-01_25004",
        "term_results_folder": "crData/Outsourcing_2300/Outsourcing_50-01_25004/term_results",
        "merged": "crData/Outsourcing_2300/Outsourcing_50-01_25004/merged_results.json",
        "filtered": "crData/Outsourcing_2300/Outsourcing_50-01_25004/filtered_results.json",
        "final": "crData/Outsourcing_2300/Outsourcing_50-01_25004/final_results.json",
        "statistics": "crData/Outsourcing_2300/Outsourcing_50-01_25004/statistics_results.json"
      },
      "processing_time": 1.408656120300293,
      "total_crossref": 46487,
      "crossref_percentage": 0.0
    },
    "50-02": {
      "tool_name": "Outsourcing",
      "batch_id": "25034",
      "date": "50-02",
      "initial_count": 0,
      "filtered_count": 0,
      "final_count": 0,
      "duplicate_count": 0,
      "terms": {
        "Outsourcing": 0
      },
      "file_paths": {
        "base_folder": "crData/Outsourcing_2300/Outsourcing_50-02_25034",
        "term_results_folder": "crData/Outsourcing_2300/Outsourcing_50-02_25034/term_results",
        "merged": "crData/Outsourcing_2300/Outsourcing_50-02_25034/merged_results.json",
        "filtered": "crData/Outsourcing_2300/Outsourcing_50-02_25034/filtered_results.json",
        "final": "crData/Outsourcing_2300/Outsourcing_50-02_25034/final_results.json",
        "statistics": "crData/Outsourcing_2300/Outsourcing_50-02_25034/statistics_results.json"
      },
      "processing_time": 1.7547791004180908,
      "total_crossref": 7971,
      "crossref_percentage": 0.0
    },
    "50-03": {
      "tool_name": "Outsourcing",
      "batch_id": "25066",
      "date": "50-03",
      "initial_count": 0,
      "filtered_count": 0,
      "final_count": 0,
      "duplicate_count": 0,
      "terms": {
        "Outsourcing": 0
      },
      "file_paths": {
        "base_folder": "crData/Outsourcing_2300/Outsourcing_50-03_25066",
        "term_results_folder": "crData/Outsourcing_2300/Outsourcing_50-03_25066/term_results",
        "merged": "crData/Outsourcing_2300/Outsourcing_50-03_25066/merged_results.json",
        "filtered": "crData/Outsourcing_2300/Outsourcing_50-03_25066/filtered_results.json",
        "final": "crData/Outsourcing_2300/Outsourcing_50-03_25066/final_results.json",
        "statistics": "crData/Outsourcing_2300/Outsourcing_50-03_25066/statistics_results.json"
      },
      "processing_time": 1.0535969734191895,
      "total_crossref": 10380,
      "crossref_percentage": 0.0
    },
    "50-04": {
      "tool_name": "Outsourcing",
      "batch_id": "25092",
      "date": "50-04",
      "initial_count": 0,
      "filtered_count": 0,
      "final_count": 0,
      "duplicate_count": 0,
      "terms": {
        "Outsourcing": 0
      },
      "file_paths": {
        "base_folder": "crData/Outsourcing_2300/Outsourcing_50-04_25092",
        "term_results_folder": "crData/Outsourcing_2300/Outsourcing_50-04_25092/term_results",
        "merged": "crData/Outsourcing_2300/Outsourcing_50-04_25092/merged_results.json",
        "filtered": "crData/Outsourcing_2300/Outsourcing_50-04_25092/filtered_results.json",
        "final": "crData/Outsourcing_2300/Outsourcing_50-04_25092/final_results.json",
        "statistics": "crData/Outsourcing_2300/Outsourcing_50-04_25092/statistics_results.json"
      },
      "processing_time": 0.8270351886749268,
      "total_crossref": 10889,
      "crossref_percentage": 0.0
    },
    "50-05": {
      "tool_name": "Outsourcing",
      "batch_id": "25115",
      "date": "50-05",
      "initial_count": 0,
      "filtered_count": 0,
      "final_count": 0,
      "duplicate_count": 0,
      "terms": {
        "Outsourcing": 0
      },
      "file_paths": {
        "base_folder": "crData/Outsourcing_2300/Outsourcing_50-05_25115",
        "term_results_folder": "crData/Outsourcing_2300/Outsourcing_50-05_25115/term_results",
        "merged": "crData/Outsourcing_2300/Outsourcing_50-05_25115/merged_results.json",
        "filtered": "crData/Outsourcing_2300/Outsourcing_50-05_25115/filtered_results.json",
        "final": "crData/Outsourcing_2300/Outsourcing_50-05_25115/final_results.json",
        "statistics": "crData/Outsourcing_2300/Outsourcing_50-05_25115/statistics_results.json"
      },
      "processing_time": 1.833240032196045,
      "total_crossref": 8355,
      "crossref_percentage": 0.0
    },
    "50-06": {
      "tool_name": "Outsourcing",
      "batch_id": "25148",
      "date": "50-06",
      "initial_count": 0,
      "filtered_count": 0,
      "final_count": 0,
      "duplicate_count": 0,
      "terms": {
        "Outsourcing": 0
      },
      "file_paths": {
        "base_folder": "crData/Outsourcing_2300/Outsourcing_50-06_25148",
        "term_results_folder": "crData/Outsourcing_2300/Outsourcing_50-06_25148/term_results",
        "merged": "crData/Outsourcing_2300/Outsourcing_50-06_25148/merged_results.json",
        "filtered": "crData/Outsourcing_2300/Outsourcing_50-06_25148/filtered_results.json",
        "final": "crData/Outsourcing_2300/Outsourcing_50-06_25148/final_results.json",
        "statistics": "crData/Outsourcing_2300/Outsourcing_50-06_25148/statistics_results.json"
      },
      "processing_time": 1.1106228828430176,
      "total_crossref": 9573,
      "crossref_percentage": 0.0
    },
    "50-07": {
      "tool_name": "Outsourcing",
      "batch_id": "25175",
      "date": "50-07",
      "initial_count": 0,
      "filtered_count": 0,
      "final_count": 0,
      "duplicate_count": 0,
      "terms": {
        "Outsourcing": 0
      },
      "file_paths": {
        "base_folder": "crData/Outsourcing_2300/Outsourcing_50-07_25175",
        "term_results_folder": "crData/Outsourcing_2300/Outsourcing_50-07_25175/term_results",
        "merged": "crData/Outsourcing_2300/Outsourcing_50-07_25175/merged_results.json",
        "filtered": "crData/Outsourcing_2300/Outsourcing_50-07_25175/filtered_results.json",
        "final": "crData/Outsourcing_2300/Outsourcing_50-07_25175/final_results.json",
        "statistics": "crData/Outsourcing_2300/Outsourcing_50-07_25175/statistics_results.json"
      },
      "processing_time": 0.8596048355102539,
      "total_crossref": 9877,
      "crossref_percentage": 0.0
    },
    "50-08": {
      "tool_name": "Outsourcing",
      "batch_id": "25198",
      "date": "50-08",
      "initial_count": 0,
      "filtered_count": 0,
      "final_count": 0,
      "duplicate_count": 0,
      "terms": {
        "Outsourcing": 0
      },
      "file_paths": {
        "base_folder": "crData/Outsourcing_2300/Outsourcing_50-08_25198",
        "term_results_folder": "crData/Outsourcing_2300/Outsourcing_50-08_25198/term_results",
        "merged": "crData/Outsourcing_2300/Outsourcing_50-08_25198/merged_results.json",
        "filtered": "crData/Outsourcing_2300/Outsourcing_50-08_25198/filtered_results.json",
        "final": "crData/Outsourcing_2300/Outsourcing_50-08_25198/final_results.json",
        "statistics": "crData/Outsourcing_2300/Outsourcing_50-08_25198/statistics_results.json"
      },
      "processing_time": 0.8490121364593506,
      "total_crossref": 7081,
      "crossref_percentage": 0.0
    },
    "50-09": {
      "tool_name": "Outsourcing",
      "batch_id": "25222",
      "date": "50-09",
      "initial_count": 0,
      "filtered_count": 0,
      "final_count": 0,
      "duplicate_count": 0,
      "terms": {
        "Outsourcing": 0
      },
      "file_paths": {
        "base_folder": "crData/Outsourcing_2300/Outsourcing_50-09_25222",
        "term_results_folder": "crData/Outsourcing_2300/Outsourcing_50-09_25222/term_results",
        "merged": "crData/Outsourcing_2300/Outsourcing_50-09_25222/merged_results.json",
        "filtered": "crData/Outsourcing_2300/Outsourcing_50-09_25222/filtered_results.json",
        "final": "crData/Outsourcing_2300/Outsourcing_50-09_25222/final_results.json",
        "statistics": "crData/Outsourcing_2300/Outsourcing_50-09_25222/statistics_results.json"
      },
      "processing_time": 0.8548569679260254,
      "total_crossref": 9656,
      "crossref_percentage": 0.0
    },
    "50-10": {
      "tool_name": "Outsourcing",
      "batch_id": "25245",
      "date": "50-10",
      "initial_count": 0,
      "filtered_count": 0,
      "final_count": 0,
      "duplicate_count": 0,
      "terms": {
        "Outsourcing": 0
      },
      "file_paths": {
        "base_folder": "crData/Outsourcing_2300/Outsourcing_50-10_25245",
        "term_results_folder": "crData/Outsourcing_2300/Outsourcing_50-10_25245/term_results",
        "merged": "crData/Outsourcing_2300/Outsourcing_50-10_25245/merged_results.json",
        "filtered": "crData/Outsourcing_2300/Outsourcing_50-10_25245/filtered_results.json",
        "final": "crData/Outsourcing_2300/Outsourcing_50-10_25245/final_results.json",
        "statistics": "crData/Outsourcing_2300/Outsourcing_50-10_25245/statistics_results.json"
      },
      "processing_time": 0.8540129661560059,
      "total_crossref": 10772,
      "crossref_percentage": 0.0
    },
    "50-11": {
      "tool_name": "Outsourcing",
      "batch_id": "25269",
      "date": "50-11",
      "initial_count": 0,
      "filtered_count": 0,
      "final_count": 0,
      "duplicate_count": 0,
      "terms": {
        "Outsourcing": 0
      },
      "file_paths": {
        "base_folder": "crData/Outsourcing_2300/Outsourcing_50-11_25269",
        "term_results_folder": "crData/Outsourcing_2300/Outsourcing_50-11_25269/term_results",
        "merged": "crData/Outsourcing_2300/Outsourcing_50-11_25269/merged_results.json",
        "filtered": "crData/Outsourcing_2300/Outsourcing_50-11_25269/filtered_results.json",
        "final": "crData/Outsourcing_2300/Outsourcing_50-11_25269/final_results.json",
        "statistics": "crData/Outsourcing_2300/Outsourcing_50-11_25269/statistics_results.json"
      },
      "processing_time": 1.2392868995666504,
      "total_crossref": 8715,
      "crossref_percentage": 0.0
    },
    "50-12": {
      "tool_name": "Outsourcing",
      "batch_id": "25297",
      "date": "50-12",
      "initial_count": 0,
      "filtered_count": 0,
      "final_count": 0,
      "duplicate_count": 0,
      "terms": {
        "Outsourcing": 0
      },
      "file_paths": {
        "base_folder": "crData/Outsourcing_2300/Outsourcing_50-12_25297",
        "term_results_folder": "crData/Outsourcing_2300/Outsourcing_50-12_25297/term_results",
        "merged": "crData/Outsourcing_2300/Outsourcing_50-12_25297/merged_results.json",
        "filtered": "crData/Outsourcing_2300/Outsourcing_50-12_25297/filtered_results.json",
        "final": "crData/Outsourcing_2300/Outsourcing_50-12_25297/final_results.json",
        "statistics": "crData/Outsourcing_2300/Outsourcing_50-12_25297/statistics_results.json"
      },
      "processing_time": 0.8097898960113525,
      "total_crossref": 19843,
      "crossref_percentage": 0.0
    }
  },
  "total_duplicates": 0,
  "monthly_files": {
    "50-01": {
      "base_folder": "crData/Outsourcing_2300/Outsourcing_50-01_25004",
      "term_results_folder": "crData/Outsourcing_2300/Outsourcing_50-01_25004/term_results",
      "merged": "crData/Outsourcing_2300/Outsourcing_50-01_25004/merged_results.json",
      "filtered": "crData/Outsourcing_2300/Outsourcing_50-01_25004/filtered_results.json",
      "final": "crData/Outsourcing_2300/Outsourcing_50-01_25004/final_results.json",
      "statistics": "crData/Outsourcing_2300/Outsourcing_50-01_25004/statistics_results.json"
    },
    "50-02": {
      "base_folder": "crData/Outsourcing_2300/Outsourcing_50-02_25034",
      "term_results_folder": "crData/Outsourcing_2300/Outsourcing_50-02_25034/term_results",
      "merged": "crData/Outsourcing_2300/Outsourcing_50-02_25034/merged_results.json",
      "filtered": "crData/Outsourcing_2300/Outsourcing_50-02_25034/filtered_results.json",
      "final": "crData/Outsourcing_2300/Outsourcing_50-02_25034/final_results.json",
      "statistics": "crData/Outsourcing_2300/Outsourcing_50-02_25034/statistics_results.json"
    },
    "50-03": {
      "base_folder": "crData/Outsourcing_2300/Outsourcing_50-03_25066",
      "term_results_folder": "crData/Outsourcing_2300/Outsourcing_50-03_25066/term_results",
      "merged": "crData/Outsourcing_2300/Outsourcing_50-03_25066/merged_results.json",
      "filtered": "crData/Outsourcing_2300/Outsourcing_50-03_25066/filtered_results.json",
      "final": "crData/Outsourcing_2300/Outsourcing_50-03_25066/final_results.json",
      "statistics": "crData/Outsourcing_2300/Outsourcing_50-03_25066/statistics_results.json"
    },
    "50-04": {
      "base_folder": "crData/Outsourcing_2300/Outsourcing_50-04_25092",
      "term_results_folder": "crData/Outsourcing_2300/Outsourcing_50-04_25092/term_results",
      "merged": "crData/Outsourcing_2300/Outsourcing_50-04_25092/merged_results.json",
      "filtered": "crData/Outsourcing_2300/Outsourcing_50-04_25092/filtered_results.json",
      "final": "crData/Outsourcing_2300/Outsourcing_50-04_25092/final_results.json",
      "statistics": "crData/Outsourcing_2300/Outsourcing_50-04_25092/statistics_results.json"
    },
    "50-05": {
      "base_folder": "crData/Outsourcing_2300/Outsourcing_50-05_25115",
      "term_results_folder": "crData/Outsourcing_2300/Outsourcing_50-05_25115/term_results",
      "merged": "crData/Outsourcing_2300/Outsourcing_50-05_25115/merged_results.json",
      "filtered": "crData/Outsourcing_2300/Outsourcing_50-05_25115/filtered_results.json",
      "final": "crData/Outsourcing_2300/Outsourcing_50-05_25115/final_results.json",
      "statistics": "crData/Outsourcing_2300/Outsourcing_50-05_25115/statistics_results.json"
    },
    "50-06": {
      "base_folder": "crData/Outsourcing_2300/Outsourcing_50-06_25148",
      "term_results_folder": "crData/Outsourcing_2300/Outsourcing_50-06_25148/term_results",
      "merged": "crData/Outsourcing_2300/Outsourcing_50-06_25148/merged_results.json",
      "filtered": "crData/Outsourcing_2300/Outsourcing_50-06_25148/filtered_results.json",
      "final": "crData/Outsourcing_2300/Outsourcing_50-06_25148/final_results.json",
      "statistics": "crData/Outsourcing_2300/Outsourcing_50-06_25148/statistics_results.json"
    },
    "50-07": {
      "base_folder": "crData/Outsourcing_2300/Outsourcing_50-07_25175",
      "term_results_folder": "crData/Outsourcing_2300/Outsourcing_50-07_25175/term_results",
      "merged": "crData/Outsourcing_2300/Outsourcing_50-07_25175/merged_results.json",
      "filtered": "crData/Outsourcing_2300/Outsourcing_50-07_25175/filtered_results.json",
      "final": "crData/Outsourcing_2300/Outsourcing_50-07_25175/final_results.json",
      "statistics": "crData/Outsourcing_2300/Outsourcing_50-07_25175/statistics_results.json"
    },
    "50-08": {
      "base_folder": "crData/Outsourcing_2300/Outsourcing_50-08_25198",
      "term_results_folder": "crData/Outsourcing_2300/Outsourcing_50-08_25198/term_results",
      "merged": "crData/Outsourcing_2300/Outsourcing_50-08_25198/merged_results.json",
      "filtered": "crData/Outsourcing_2300/Outsourcing_50-08_25198/filtered_results.json",
      "final": "crData/Outsourcing_2300/Outsourcing_50-08_25198/final_results.json",
      "statistics": "crData/Outsourcing_2300/Outsourcing_50-08_25198/statistics_results.json"
    },
    "50-09": {
      "base_folder": "crData/Outsourcing_2300/Outsourcing_50-09_25222",
      "term_results_folder": "crData/Outsourcing_2300/Outsourcing_50-09_25222/term_results",
      "merged": "crData/Outsourcing_2300/Outsourcing_50-09_25222/merged_results.json",
      "filtered": "crData/Outsourcing_2300/Outsourcing_50-09_25222/filtered_results.json",
      "final": "crData/Outsourcing_2300/Outsourcing_50-09_25222/final_results.json",
      "statistics": "crData/Outsourcing_2300/Outsourcing_50-09_25222/statistics_results.json"
    },
    "50-10": {
      "base_folder": "crData/Outsourcing_2300/Outsourcing_50-10_25245",
      "term_results_folder": "crData/Outsourcing_2300/Outsourcing_50-10_25245/term_results",
      "merged": "crData/Outsourcing_2300/Outsourcing_50-10_25245/merged_results.json",
      "filtered": "crData/Outsourcing_2300/Outsourcing_50-10_25245/filtered_results.json",
      "final": "crData/Outsourcing_2300/Outsourcing_50-10_25245/final_results.json",
      "statistics": "crData/Outsourcing_2300/Outsourcing_50-10_25245/statistics_results.json"
    },
    "50-11": {
      "base_folder": "crData/Outsourcing_2300/Outsourcing_50-11_25269",
      "term_results_folder": "crData/Outsourcing_2300/Outsourcing_50-11_25269/term_results",
      "merged": "crData/Outsourcing_2300/Outsourcing_50-11_25269/merged_results.json",
      "filtered": "crData/Outsourcing_2300/Outsourcing_50-11_25269/filtered_results.json",
      "final": "crData/Outsourcing_2300/Outsourcing_50-11_25269/final_results.json",
      "statistics": "crData/Outsourcing_2300/Outsourcing_50-11_25269/statistics_results.json"
    },
    "50-12": {
      "base_folder": "crData/Outsourcing_2300/Outsourcing_50-12_25297",
      "term_results_folder": "crData/Outsourcing_2300/Outsourcing_50-12_25297/term_results",
      "merged": "crData/Outsourcing_2300/Outsourcing_50-12_25297/merged_results.json",
      "filtered": "crData/Outsourcing_2300/Outsourcing_50-12_25297/filtered_results.json",
      "final": "crData/Outsourcing_2300/Outsourcing_50-12_25297/final_results.json",
      "statistics": "crData/Outsourcing_2300/Outsourcing_50-12_25297/statistics_results.json"
    }
  }
}