{
  "tool_name": "Planificación Estratégica",
  "year": "2002",
  "monthly_stats": {
    "02-01": {
      "tool_name": "Planificación Estratégica",
      "batch_id": "05482",
      "date": "02-01",
      "initial_count": 762,
      "filtered_count": 46,
      "final_count": 46,
      "duplicate_count": 0,
      "terms": {
        "Strategic": 764
      },
      "file_paths": {
        "base_folder": "crData/Planificación_Estratégica_2858/Planificación_Estratégica_02-01_05482",
        "term_results_folder": "crData/Planificación_Estratégica_2858/Planificación_Estratégica_02-01_05482/term_results",
        "merged": "crData/Planificación_Estratégica_2858/Planificación_Estratégica_02-01_05482/merged_results.json",
        "filtered": "crData/Planificación_Estratégica_2858/Planificación_Estratégica_02-01_05482/filtered_results.json",
        "final": "crData/Planificación_Estratégica_2858/Planificación_Estratégica_02-01_05482/final_results.json",
        "statistics": "crData/Planificación_Estratégica_2858/Planificación_Estratégica_02-01_05482/statistics_results.json"
      },
      "processing_time": 2.85733699798584,
      "total_crossref": 619114,
      "crossref_percentage": 0.0074299725091017165
    },
    "02-02": {
      "tool_name": "Planificación Estratégica",
      "batch_id": "05525",
      "date": "02-02",
      "initial_count": 100,
      "filtered_count": 8,
      "final_count": 8,
      "duplicate_count": 0,
      "terms": {
        "Strategic": 101
      },
      "file_paths": {
        "base_folder": "crData/Planificación_Estratégica_2858/Planificación_Estratégica_02-02_05525",
        "term_results_folder": "crData/Planificación_Estratégica_2858/Planificación_Estratégica_02-02_05525/term_results",
        "merged": "crData/Planificación_Estratégica_2858/Planificación_Estratégica_02-02_05525/merged_results.json",
        "filtered": "crData/Planificación_Estratégica_2858/Planificación_Estratégica_02-02_05525/filtered_results.json",
        "final": "crData/Planificación_Estratégica_2858/Planificación_Estratégica_02-02_05525/final_results.json",
        "statistics": "crData/Planificación_Estratégica_2858/Planificación_Estratégica_02-02_05525/statistics_results.json"
      },
      "processing_time": 1.4868619441986084,
      "total_crossref": 93505,
      "crossref_percentage": 0.008555692208972782
    },
    "02-03": {
      "tool_name": "Planificación Estratégica",
      "batch_id": "05555",
      "date": "02-03",
      "initial_count": 177,
      "filtered_count": 15,
      "final_count": 15,
      "duplicate_count": 0,
      "terms": {
        "Strategic": 179
      },
      "file_paths": {
        "base_folder": "crData/Planificación_Estratégica_2858/Planificación_Estratégica_02-03_05555",
        "term_results_folder": "crData/Planificación_Estratégica_2858/Planificación_Estratégica_02-03_05555/term_results",
        "merged": "crData/Planificación_Estratégica_2858/Planificación_Estratégica_02-03_05555/merged_results.json",
        "filtered": "crData/Planificación_Estratégica_2858/Planificación_Estratégica_02-03_05555/filtered_results.json",
        "final": "crData/Planificación_Estratégica_2858/Planificación_Estratégica_02-03_05555/final_results.json",
        "statistics": "crData/Planificación_Estratégica_2858/Planificación_Estratégica_02-03_05555/statistics_results.json"
      },
      "processing_time": 2.076061964035034,
      "total_crossref": 126059,
      "crossref_percentage": 0.01189919006179646
    },
    "02-04": {
      "tool_name": "Planificación Estratégica",
      "batch_id": "05591",
      "date": "02-04",
      "initial_count": 205,
      "filtered_count": 7,
      "final_count": 7,
      "duplicate_count": 0,
      "terms": {
        "Strategic": 206
      },
      "file_paths": {
        "base_folder": "crData/Planificación_Estratégica_2858/Planificación_Estratégica_02-04_05591",
        "term_results_folder": "crData/Planificación_Estratégica_2858/Planificación_Estratégica_02-04_05591/term_results",
        "merged": "crData/Planificación_Estratégica_2858/Planificación_Estratégica_02-04_05591/merged_results.json",
        "filtered": "crData/Planificación_Estratégica_2858/Planificación_Estratégica_02-04_05591/filtered_results.json",
        "final": "crData/Planificación_Estratégica_2858/Planificación_Estratégica_02-04_05591/final_results.json",
        "statistics": "crData/Planificación_Estratégica_2858/Planificación_Estratégica_02-04_05591/statistics_results.json"
      },
      "processing_time": 2.031395196914673,
      "total_crossref": 115054,
      "crossref_percentage": 0.006084099640168964
    },
    "02-05": {
      "tool_name": "Planificación Estratégica",
      "batch_id": "06026",
      "date": "02-05",
      "initial_count": 133,
      "filtered_count": 8,
      "final_count": 8,
      "duplicate_count": 0,
      "terms": {
        "Strategic": 135
      },
      "file_paths": {
        "base_folder": "crData/Planificación_Estratégica_2858/Planificación_Estratégica_02-05_06026",
        "term_results_folder": "crData/Planificación_Estratégica_2858/Planificación_Estratégica_02-05_06026/term_results",
        "merged": "crData/Planificación_Estratégica_2858/Planificación_Estratégica_02-05_06026/merged_results.json",
        "filtered": "crData/Planificación_Estratégica_2858/Planificación_Estratégica_02-05_06026/filtered_results.json",
        "final": "crData/Planificación_Estratégica_2858/Planificación_Estratégica_02-05_06026/final_results.json",
        "statistics": "crData/Planificación_Estratégica_2858/Planificación_Estratégica_02-05_06026/statistics_results.json"
      },
      "processing_time": 1.748373031616211,
      "total_crossref": 110924,
      "crossref_percentage": 0.007212145252605387
    },
    "02-06": {
      "tool_name": "Planificación Estratégica",
      "batch_id": "06059",
      "date": "02-06",
      "initial_count": 152,
      "filtered_count": 13,
      "final_count": 13,
      "duplicate_count": 0,
      "terms": {
        "Strategic": 154
      },
      "file_paths": {
        "base_folder": "crData/Planificación_Estratégica_2858/Planificación_Estratégica_02-06_06059",
        "term_results_folder": "crData/Planificación_Estratégica_2858/Planificación_Estratégica_02-06_06059/term_results",
        "merged": "crData/Planificación_Estratégica_2858/Planificación_Estratégica_02-06_06059/merged_results.json",
        "filtered": "crData/Planificación_Estratégica_2858/Planificación_Estratégica_02-06_06059/filtered_results.json",
        "final": "crData/Planificación_Estratégica_2858/Planificación_Estratégica_02-06_06059/final_results.json",
        "statistics": "crData/Planificación_Estratégica_2858/Planificación_Estratégica_02-06_06059/statistics_results.json"
      },
      "processing_time": 1.7658329010009766,
      "total_crossref": 120731,
      "crossref_percentage": 0.01076773985140519
    },
    "02-07": {
      "tool_name": "Planificación Estratégica",
      "batch_id": "06092",
      "date": "02-07",
      "initial_count": 93,
      "filtered_count": 5,
      "final_count": 5,
      "duplicate_count": 0,
      "terms": {
        "Strategic": 94
      },
      "file_paths": {
        "base_folder": "crData/Planificación_Estratégica_2858/Planificación_Estratégica_02-07_06092",
        "term_results_folder": "crData/Planificación_Estratégica_2858/Planificación_Estratégica_02-07_06092/term_results",
        "merged": "crData/Planificación_Estratégica_2858/Planificación_Estratégica_02-07_06092/merged_results.json",
        "filtered": "crData/Planificación_Estratégica_2858/Planificación_Estratégica_02-07_06092/filtered_results.json",
        "final": "crData/Planificación_Estratégica_2858/Planificación_Estratégica_02-07_06092/final_results.json",
        "statistics": "crData/Planificación_Estratégica_2858/Planificación_Estratégica_02-07_06092/statistics_results.json"
      },
      "processing_time": 1.5381851196289062,
      "total_crossref": 106423,
      "crossref_percentage": 0.004698232524924123
    },
    "02-08": {
      "tool_name": "Planificación Estratégica",
      "batch_id": "06122",
      "date": "02-08",
      "initial_count": 97,
      "filtered_count": 6,
      "final_count": 6,
      "duplicate_count": 0,
      "terms": {
        "Strategic": 99
      },
      "file_paths": {
        "base_folder": "crData/Planificación_Estratégica_2858/Planificación_Estratégica_02-08_06122",
        "term_results_folder": "crData/Planificación_Estratégica_2858/Planificación_Estratégica_02-08_06122/term_results",
        "merged": "crData/Planificación_Estratégica_2858/Planificación_Estratégica_02-08_06122/merged_results.json",
        "filtered": "crData/Planificación_Estratégica_2858/Planificación_Estratégica_02-08_06122/filtered_results.json",
        "final": "crData/Planificación_Estratégica_2858/Planificación_Estratégica_02-08_06122/final_results.json",
        "statistics": "crData/Planificación_Estratégica_2858/Planificación_Estratégica_02-08_06122/statistics_results.json"
      },
      "processing_time": 1.784590244293213,
      "total_crossref": 99782,
      "crossref_percentage": 0.0060131085766972
    },
    "02-09": {
      "tool_name": "Planificación Estratégica",
      "batch_id": "06155",
      "date": "02-09",
      "initial_count": 227,
      "filtered_count": 16,
      "final_count": 16,
      "duplicate_count": 0,
      "terms": {
        "Strategic": 229
      },
      "file_paths": {
        "base_folder": "crData/Planificación_Estratégica_2858/Planificación_Estratégica_02-09_06155",
        "term_results_folder": "crData/Planificación_Estratégica_2858/Planificación_Estratégica_02-09_06155/term_results",
        "merged": "crData/Planificación_Estratégica_2858/Planificación_Estratégica_02-09_06155/merged_results.json",
        "filtered": "crData/Planificación_Estratégica_2858/Planificación_Estratégica_02-09_06155/filtered_results.json",
        "final": "crData/Planificación_Estratégica_2858/Planificación_Estratégica_02-09_06155/final_results.json",
        "statistics": "crData/Planificación_Estratégica_2858/Planificación_Estratégica_02-09_06155/statistics_results.json"
      },
      "processing_time": 1.7765781879425049,
      "total_crossref": 138900,
      "crossref_percentage": 0.011519078473722102
    },
    "02-10": {
      "tool_name": "Planificación Estratégica",
      "batch_id": "06188",
      "date": "02-10",
      "initial_count": 135,
      "filtered_count": 7,
      "final_count": 7,
      "duplicate_count": 0,
      "terms": {
        "Strategic": 136
      },
      "file_paths": {
        "base_folder": "crData/Planificación_Estratégica_2858/Planificación_Estratégica_02-10_06188",
        "term_results_folder": "crData/Planificación_Estratégica_2858/Planificación_Estratégica_02-10_06188/term_results",
        "merged": "crData/Planificación_Estratégica_2858/Planificación_Estratégica_02-10_06188/merged_results.json",
        "filtered": "crData/Planificación_Estratégica_2858/Planificación_Estratégica_02-10_06188/filtered_results.json",
        "final": "crData/Planificación_Estratégica_2858/Planificación_Estratégica_02-10_06188/final_results.json",
        "statistics": "crData/Planificación_Estratégica_2858/Planificación_Estratégica_02-10_06188/statistics_results.json"
      },
      "processing_time": 1.551551103591919,
      "total_crossref": 114618,
      "crossref_percentage": 0.0061072431904238425
    },
    "02-11": {
      "tool_name": "Planificación Estratégica",
      "batch_id": "06219",
      "date": "02-11",
      "initial_count": 92,
      "filtered_count": 7,
      "final_count": 7,
      "duplicate_count": 0,
      "terms": {
        "Strategic": 94
      },
      "file_paths": {
        "base_folder": "crData/Planificación_Estratégica_2858/Planificación_Estratégica_02-11_06219",
        "term_results_folder": "crData/Planificación_Estratégica_2858/Planificación_Estratégica_02-11_06219/term_results",
        "merged": "crData/Planificación_Estratégica_2858/Planificación_Estratégica_02-11_06219/merged_results.json",
        "filtered": "crData/Planificación_Estratégica_2858/Planificación_Estratégica_02-11_06219/filtered_results.json",
        "final": "crData/Planificación_Estratégica_2858/Planificación_Estratégica_02-11_06219/final_results.json",
        "statistics": "crData/Planificación_Estratégica_2858/Planificación_Estratégica_02-11_06219/statistics_results.json"
      },
      "processing_time": 1.7623460292816162,
      "total_crossref": 108102,
      "crossref_percentage": 0.006475365858170988
    },
    "02-12": {
      "tool_name": "Planificación Estratégica",
      "batch_id": "06251",
      "date": "02-12",
      "initial_count": 236,
      "filtered_count": 17,
      "final_count": 17,
      "duplicate_count": 0,
      "terms": {
        "Strategic": 239
      },
      "file_paths": {
        "base_folder": "crData/Planificación_Estratégica_2858/Planificación_Estratégica_02-12_06251",
        "term_results_folder": "crData/Planificación_Estratégica_2858/Planificación_Estratégica_02-12_06251/term_results",
        "merged": "crData/Planificación_Estratégica_2858/Planificación_Estratégica_02-12_06251/merged_results.json",
        "filtered": "crData/Planificación_Estratégica_2858/Planificación_Estratégica_02-12_06251/filtered_results.json",
        "final": "crData/Planificación_Estratégica_2858/Planificación_Estratégica_02-12_06251/final_results.json",
        "statistics": "crData/Planificación_Estratégica_2858/Planificación_Estratégica_02-12_06251/statistics_results.json"
      },
      "processing_time": 1.707200050354004,
      "total_crossref": 157337,
      "crossref_percentage": 0.010804832938215424
    }
  },
  "total_duplicates": 0,
  "monthly_files": {
    "02-01": {
      "base_folder": "crData/Planificación_Estratégica_2858/Planificación_Estratégica_02-01_05482",
      "term_results_folder": "crData/Planificación_Estratégica_2858/Planificación_Estratégica_02-01_05482/term_results",
      "merged": "crData/Planificación_Estratégica_2858/Planificación_Estratégica_02-01_05482/merged_results.json",
      "filtered": "crData/Planificación_Estratégica_2858/Planificación_Estratégica_02-01_05482/filtered_results.json",
      "final": "crData/Planificación_Estratégica_2858/Planificación_Estratégica_02-01_05482/final_results.json",
      "statistics": "crData/Planificación_Estratégica_2858/Planificación_Estratégica_02-01_05482/statistics_results.json"
    },
    "02-02": {
      "base_folder": "crData/Planificación_Estratégica_2858/Planificación_Estratégica_02-02_05525",
      "term_results_folder": "crData/Planificación_Estratégica_2858/Planificación_Estratégica_02-02_05525/term_results",
      "merged": "crData/Planificación_Estratégica_2858/Planificación_Estratégica_02-02_05525/merged_results.json",
      "filtered": "crData/Planificación_Estratégica_2858/Planificación_Estratégica_02-02_05525/filtered_results.json",
      "final": "crData/Planificación_Estratégica_2858/Planificación_Estratégica_02-02_05525/final_results.json",
      "statistics": "crData/Planificación_Estratégica_2858/Planificación_Estratégica_02-02_05525/statistics_results.json"
    },
    "02-03": {
      "base_folder": "crData/Planificación_Estratégica_2858/Planificación_Estratégica_02-03_05555",
      "term_results_folder": "crData/Planificación_Estratégica_2858/Planificación_Estratégica_02-03_05555/term_results",
      "merged": "crData/Planificación_Estratégica_2858/Planificación_Estratégica_02-03_05555/merged_results.json",
      "filtered": "crData/Planificación_Estratégica_2858/Planificación_Estratégica_02-03_05555/filtered_results.json",
      "final": "crData/Planificación_Estratégica_2858/Planificación_Estratégica_02-03_05555/final_results.json",
      "statistics": "crData/Planificación_Estratégica_2858/Planificación_Estratégica_02-03_05555/statistics_results.json"
    },
    "02-04": {
      "base_folder": "crData/Planificación_Estratégica_2858/Planificación_Estratégica_02-04_05591",
      "term_results_folder": "crData/Planificación_Estratégica_2858/Planificación_Estratégica_02-04_05591/term_results",
      "merged": "crData/Planificación_Estratégica_2858/Planificación_Estratégica_02-04_05591/merged_results.json",
      "filtered": "crData/Planificación_Estratégica_2858/Planificación_Estratégica_02-04_05591/filtered_results.json",
      "final": "crData/Planificación_Estratégica_2858/Planificación_Estratégica_02-04_05591/final_results.json",
      "statistics": "crData/Planificación_Estratégica_2858/Planificación_Estratégica_02-04_05591/statistics_results.json"
    },
    "02-05": {
      "base_folder": "crData/Planificación_Estratégica_2858/Planificación_Estratégica_02-05_06026",
      "term_results_folder": "crData/Planificación_Estratégica_2858/Planificación_Estratégica_02-05_06026/term_results",
      "merged": "crData/Planificación_Estratégica_2858/Planificación_Estratégica_02-05_06026/merged_results.json",
      "filtered": "crData/Planificación_Estratégica_2858/Planificación_Estratégica_02-05_06026/filtered_results.json",
      "final": "crData/Planificación_Estratégica_2858/Planificación_Estratégica_02-05_06026/final_results.json",
      "statistics": "crData/Planificación_Estratégica_2858/Planificación_Estratégica_02-05_06026/statistics_results.json"
    },
    "02-06": {
      "base_folder": "crData/Planificación_Estratégica_2858/Planificación_Estratégica_02-06_06059",
      "term_results_folder": "crData/Planificación_Estratégica_2858/Planificación_Estratégica_02-06_06059/term_results",
      "merged": "crData/Planificación_Estratégica_2858/Planificación_Estratégica_02-06_06059/merged_results.json",
      "filtered": "crData/Planificación_Estratégica_2858/Planificación_Estratégica_02-06_06059/filtered_results.json",
      "final": "crData/Planificación_Estratégica_2858/Planificación_Estratégica_02-06_06059/final_results.json",
      "statistics": "crData/Planificación_Estratégica_2858/Planificación_Estratégica_02-06_06059/statistics_results.json"
    },
    "02-07": {
      "base_folder": "crData/Planificación_Estratégica_2858/Planificación_Estratégica_02-07_06092",
      "term_results_folder": "crData/Planificación_Estratégica_2858/Planificación_Estratégica_02-07_06092/term_results",
      "merged": "crData/Planificación_Estratégica_2858/Planificación_Estratégica_02-07_06092/merged_results.json",
      "filtered": "crData/Planificación_Estratégica_2858/Planificación_Estratégica_02-07_06092/filtered_results.json",
      "final": "crData/Planificación_Estratégica_2858/Planificación_Estratégica_02-07_06092/final_results.json",
      "statistics": "crData/Planificación_Estratégica_2858/Planificación_Estratégica_02-07_06092/statistics_results.json"
    },
    "02-08": {
      "base_folder": "crData/Planificación_Estratégica_2858/Planificación_Estratégica_02-08_06122",
      "term_results_folder": "crData/Planificación_Estratégica_2858/Planificación_Estratégica_02-08_06122/term_results",
      "merged": "crData/Planificación_Estratégica_2858/Planificación_Estratégica_02-08_06122/merged_results.json",
      "filtered": "crData/Planificación_Estratégica_2858/Planificación_Estratégica_02-08_06122/filtered_results.json",
      "final": "crData/Planificación_Estratégica_2858/Planificación_Estratégica_02-08_06122/final_results.json",
      "statistics": "crData/Planificación_Estratégica_2858/Planificación_Estratégica_02-08_06122/statistics_results.json"
    },
    "02-09": {
      "base_folder": "crData/Planificación_Estratégica_2858/Planificación_Estratégica_02-09_06155",
      "term_results_folder": "crData/Planificación_Estratégica_2858/Planificación_Estratégica_02-09_06155/term_results",
      "merged": "crData/Planificación_Estratégica_2858/Planificación_Estratégica_02-09_06155/merged_results.json",
      "filtered": "crData/Planificación_Estratégica_2858/Planificación_Estratégica_02-09_06155/filtered_results.json",
      "final": "crData/Planificación_Estratégica_2858/Planificación_Estratégica_02-09_06155/final_results.json",
      "statistics": "crData/Planificación_Estratégica_2858/Planificación_Estratégica_02-09_06155/statistics_results.json"
    },
    "02-10": {
      "base_folder": "crData/Planificación_Estratégica_2858/Planificación_Estratégica_02-10_06188",
      "term_results_folder": "crData/Planificación_Estratégica_2858/Planificación_Estratégica_02-10_06188/term_results",
      "merged": "crData/Planificación_Estratégica_2858/Planificación_Estratégica_02-10_06188/merged_results.json",
      "filtered": "crData/Planificación_Estratégica_2858/Planificación_Estratégica_02-10_06188/filtered_results.json",
      "final": "crData/Planificación_Estratégica_2858/Planificación_Estratégica_02-10_06188/final_results.json",
      "statistics": "crData/Planificación_Estratégica_2858/Planificación_Estratégica_02-10_06188/statistics_results.json"
    },
    "02-11": {
      "base_folder": "crData/Planificación_Estratégica_2858/Planificación_Estratégica_02-11_06219",
      "term_results_folder": "crData/Planificación_Estratégica_2858/Planificación_Estratégica_02-11_06219/term_results",
      "merged": "crData/Planificación_Estratégica_2858/Planificación_Estratégica_02-11_06219/merged_results.json",
      "filtered": "crData/Planificación_Estratégica_2858/Planificación_Estratégica_02-11_06219/filtered_results.json",
      "final": "crData/Planificación_Estratégica_2858/Planificación_Estratégica_02-11_06219/final_results.json",
      "statistics": "crData/Planificación_Estratégica_2858/Planificación_Estratégica_02-11_06219/statistics_results.json"
    },
    "02-12": {
      "base_folder": "crData/Planificación_Estratégica_2858/Planificación_Estratégica_02-12_06251",
      "term_results_folder": "crData/Planificación_Estratégica_2858/Planificación_Estratégica_02-12_06251/term_results",
      "merged": "crData/Planificación_Estratégica_2858/Planificación_Estratégica_02-12_06251/merged_results.json",
      "filtered": "crData/Planificación_Estratégica_2858/Planificación_Estratégica_02-12_06251/filtered_results.json",
      "final": "crData/Planificación_Estratégica_2858/Planificación_Estratégica_02-12_06251/final_results.json",
      "statistics": "crData/Planificación_Estratégica_2858/Planificación_Estratégica_02-12_06251/statistics_results.json"
    }
  }
}