{
  "tool_name": "Planificación de Escenarios",
  "year": "2021",
  "monthly_stats": {
    "21-01": {
      "tool_name": "Planificación de Escenarios",
      "batch_id": "19399",
      "date": "21-01",
      "initial_count": 10067,
      "filtered_count": 83,
      "final_count": 61,
      "duplicate_count": 0,
      "terms": {
        "Scenario": 1043,
        "Planning": 9033
      },
      "file_paths": {
        "base_folder": "crData/Planificación_de_Escenarios_2217/Planificación_de_Escenarios_21-01_19399",
        "term_results_folder": "crData/Planificación_de_Escenarios_2217/Planificación_de_Escenarios_21-01_19399/term_results",
        "merged": "crData/Planificación_de_Escenarios_2217/Planificación_de_Escenarios_21-01_19399/merged_results.json",
        "filtered": "crData/Planificación_de_Escenarios_2217/Planificación_de_Escenarios_21-01_19399/filtered_results.json",
        "final": "crData/Planificación_de_Escenarios_2217/Planificación_de_Escenarios_21-01_19399/final_results.json",
        "statistics": "crData/Planificación_de_Escenarios_2217/Planificación_de_Escenarios_21-01_19399/statistics_results.json"
      },
      "processing_time": 36.266688108444214,
      "total_crossref": 1728577,
      "crossref_percentage": 0.003528914245648299
    },
    "21-02": {
      "tool_name": "Planificación de Escenarios",
      "batch_id": "20177",
      "date": "21-02",
      "initial_count": 2541,
      "filtered_count": 18,
      "final_count": 14,
      "duplicate_count": 0,
      "terms": {
        "Scenario": 189,
        "Planning": 2356
      },
      "file_paths": {
        "base_folder": "crData/Planificación_de_Escenarios_2217/Planificación_de_Escenarios_21-02_20177",
        "term_results_folder": "crData/Planificación_de_Escenarios_2217/Planificación_de_Escenarios_21-02_20177/term_results",
        "merged": "crData/Planificación_de_Escenarios_2217/Planificación_de_Escenarios_21-02_20177/merged_results.json",
        "filtered": "crData/Planificación_de_Escenarios_2217/Planificación_de_Escenarios_21-02_20177/filtered_results.json",
        "final": "crData/Planificación_de_Escenarios_2217/Planificación_de_Escenarios_21-02_20177/final_results.json",
        "statistics": "crData/Planificación_de_Escenarios_2217/Planificación_de_Escenarios_21-02_20177/statistics_results.json"
      },
      "processing_time": 10.51360273361206,
      "total_crossref": 411489,
      "crossref_percentage": 0.0034022780681865128
    },
    "21-03": {
      "tool_name": "Planificación de Escenarios",
      "batch_id": "20297",
      "date": "21-03",
      "initial_count": 3201,
      "filtered_count": 34,
      "final_count": 29,
      "duplicate_count": 0,
      "terms": {
        "Scenario": 315,
        "Planning": 2893
      },
      "file_paths": {
        "base_folder": "crData/Planificación_de_Escenarios_2217/Planificación_de_Escenarios_21-03_20297",
        "term_results_folder": "crData/Planificación_de_Escenarios_2217/Planificación_de_Escenarios_21-03_20297/term_results",
        "merged": "crData/Planificación_de_Escenarios_2217/Planificación_de_Escenarios_21-03_20297/merged_results.json",
        "filtered": "crData/Planificación_de_Escenarios_2217/Planificación_de_Escenarios_21-03_20297/filtered_results.json",
        "final": "crData/Planificación_de_Escenarios_2217/Planificación_de_Escenarios_21-03_20297/final_results.json",
        "statistics": "crData/Planificación_de_Escenarios_2217/Planificación_de_Escenarios_21-03_20297/statistics_results.json"
      },
      "processing_time": 12.435883045196533,
      "total_crossref": 533572,
      "crossref_percentage": 0.0054350678071562976
    },
    "21-04": {
      "tool_name": "Planificación de Escenarios",
      "batch_id": "20437",
      "date": "21-04",
      "initial_count": 3007,
      "filtered_count": 14,
      "final_count": 13,
      "duplicate_count": 0,
      "terms": {
        "Scenario": 255,
        "Planning": 2763
      },
      "file_paths": {
        "base_folder": "crData/Planificación_de_Escenarios_2217/Planificación_de_Escenarios_21-04_20437",
        "term_results_folder": "crData/Planificación_de_Escenarios_2217/Planificación_de_Escenarios_21-04_20437/term_results",
        "merged": "crData/Planificación_de_Escenarios_2217/Planificación_de_Escenarios_21-04_20437/merged_results.json",
        "filtered": "crData/Planificación_de_Escenarios_2217/Planificación_de_Escenarios_21-04_20437/filtered_results.json",
        "final": "crData/Planificación_de_Escenarios_2217/Planificación_de_Escenarios_21-04_20437/final_results.json",
        "statistics": "crData/Planificación_de_Escenarios_2217/Planificación_de_Escenarios_21-04_20437/statistics_results.json"
      },
      "processing_time": 12.238224029541016,
      "total_crossref": 490247,
      "crossref_percentage": 0.0026517245388549037
    },
    "21-05": {
      "tool_name": "Planificación de Escenarios",
      "batch_id": "20574",
      "date": "21-05",
      "initial_count": 3338,
      "filtered_count": 28,
      "final_count": 19,
      "duplicate_count": 0,
      "terms": {
        "Scenario": 221,
        "Planning": 3122
      },
      "file_paths": {
        "base_folder": "crData/Planificación_de_Escenarios_2217/Planificación_de_Escenarios_21-05_20574",
        "term_results_folder": "crData/Planificación_de_Escenarios_2217/Planificación_de_Escenarios_21-05_20574/term_results",
        "merged": "crData/Planificación_de_Escenarios_2217/Planificación_de_Escenarios_21-05_20574/merged_results.json",
        "filtered": "crData/Planificación_de_Escenarios_2217/Planificación_de_Escenarios_21-05_20574/filtered_results.json",
        "final": "crData/Planificación_de_Escenarios_2217/Planificación_de_Escenarios_21-05_20574/final_results.json",
        "statistics": "crData/Planificación_de_Escenarios_2217/Planificación_de_Escenarios_21-05_20574/statistics_results.json"
      },
      "processing_time": 12.327452898025513,
      "total_crossref": 510001,
      "crossref_percentage": 0.0037254828912100173
    },
    "21-06": {
      "tool_name": "Planificación de Escenarios",
      "batch_id": "21113",
      "date": "21-06",
      "initial_count": 3306,
      "filtered_count": 22,
      "final_count": 17,
      "duplicate_count": 0,
      "terms": {
        "Scenario": 283,
        "Planning": 3033
      },
      "file_paths": {
        "base_folder": "crData/Planificación_de_Escenarios_2217/Planificación_de_Escenarios_21-06_21113",
        "term_results_folder": "crData/Planificación_de_Escenarios_2217/Planificación_de_Escenarios_21-06_21113/term_results",
        "merged": "crData/Planificación_de_Escenarios_2217/Planificación_de_Escenarios_21-06_21113/merged_results.json",
        "filtered": "crData/Planificación_de_Escenarios_2217/Planificación_de_Escenarios_21-06_21113/filtered_results.json",
        "final": "crData/Planificación_de_Escenarios_2217/Planificación_de_Escenarios_21-06_21113/final_results.json",
        "statistics": "crData/Planificación_de_Escenarios_2217/Planificación_de_Escenarios_21-06_21113/statistics_results.json"
      },
      "processing_time": 12.284366846084595,
      "total_crossref": 561774,
      "crossref_percentage": 0.0030261279446895015
    },
    "21-07": {
      "tool_name": "Planificación de Escenarios",
      "batch_id": "21251",
      "date": "21-07",
      "initial_count": 3114,
      "filtered_count": 29,
      "final_count": 22,
      "duplicate_count": 0,
      "terms": {
        "Scenario": 298,
        "Planning": 2822
      },
      "file_paths": {
        "base_folder": "crData/Planificación_de_Escenarios_2217/Planificación_de_Escenarios_21-07_21251",
        "term_results_folder": "crData/Planificación_de_Escenarios_2217/Planificación_de_Escenarios_21-07_21251/term_results",
        "merged": "crData/Planificación_de_Escenarios_2217/Planificación_de_Escenarios_21-07_21251/merged_results.json",
        "filtered": "crData/Planificación_de_Escenarios_2217/Planificación_de_Escenarios_21-07_21251/filtered_results.json",
        "final": "crData/Planificación_de_Escenarios_2217/Planificación_de_Escenarios_21-07_21251/final_results.json",
        "statistics": "crData/Planificación_de_Escenarios_2217/Planificación_de_Escenarios_21-07_21251/statistics_results.json"
      },
      "processing_time": 12.122344970703125,
      "total_crossref": 498110,
      "crossref_percentage": 0.004416695107506374
    },
    "21-08": {
      "tool_name": "Planificación de Escenarios",
      "batch_id": "21387",
      "date": "21-08",
      "initial_count": 3262,
      "filtered_count": 17,
      "final_count": 13,
      "duplicate_count": 0,
      "terms": {
        "Scenario": 269,
        "Planning": 3002
      },
      "file_paths": {
        "base_folder": "crData/Planificación_de_Escenarios_2217/Planificación_de_Escenarios_21-08_21387",
        "term_results_folder": "crData/Planificación_de_Escenarios_2217/Planificación_de_Escenarios_21-08_21387/term_results",
        "merged": "crData/Planificación_de_Escenarios_2217/Planificación_de_Escenarios_21-08_21387/merged_results.json",
        "filtered": "crData/Planificación_de_Escenarios_2217/Planificación_de_Escenarios_21-08_21387/filtered_results.json",
        "final": "crData/Planificación_de_Escenarios_2217/Planificación_de_Escenarios_21-08_21387/final_results.json",
        "statistics": "crData/Planificación_de_Escenarios_2217/Planificación_de_Escenarios_21-08_21387/statistics_results.json"
      },
      "processing_time": 12.203731298446655,
      "total_crossref": 460880,
      "crossref_percentage": 0.00282069085228259
    },
    "21-09": {
      "tool_name": "Planificación de Escenarios",
      "batch_id": "21524",
      "date": "21-09",
      "initial_count": 3483,
      "filtered_count": 28,
      "final_count": 21,
      "duplicate_count": 0,
      "terms": {
        "Scenario": 320,
        "Planning": 3171
      },
      "file_paths": {
        "base_folder": "crData/Planificación_de_Escenarios_2217/Planificación_de_Escenarios_21-09_21524",
        "term_results_folder": "crData/Planificación_de_Escenarios_2217/Planificación_de_Escenarios_21-09_21524/term_results",
        "merged": "crData/Planificación_de_Escenarios_2217/Planificación_de_Escenarios_21-09_21524/merged_results.json",
        "filtered": "crData/Planificación_de_Escenarios_2217/Planificación_de_Escenarios_21-09_21524/filtered_results.json",
        "final": "crData/Planificación_de_Escenarios_2217/Planificación_de_Escenarios_21-09_21524/final_results.json",
        "statistics": "crData/Planificación_de_Escenarios_2217/Planificación_de_Escenarios_21-09_21524/statistics_results.json"
      },
      "processing_time": 13.251358985900879,
      "total_crossref": 542071,
      "crossref_percentage": 0.003874031261587504
    },
    "21-10": {
      "tool_name": "Planificación de Escenarios",
      "batch_id": "22072",
      "date": "21-10",
      "initial_count": 3714,
      "filtered_count": 18,
      "final_count": 15,
      "duplicate_count": 0,
      "terms": {
        "Scenario": 291,
        "Planning": 3431
      },
      "file_paths": {
        "base_folder": "crData/Planificación_de_Escenarios_2217/Planificación_de_Escenarios_21-10_22072",
        "term_results_folder": "crData/Planificación_de_Escenarios_2217/Planificación_de_Escenarios_21-10_22072/term_results",
        "merged": "crData/Planificación_de_Escenarios_2217/Planificación_de_Escenarios_21-10_22072/merged_results.json",
        "filtered": "crData/Planificación_de_Escenarios_2217/Planificación_de_Escenarios_21-10_22072/filtered_results.json",
        "final": "crData/Planificación_de_Escenarios_2217/Planificación_de_Escenarios_21-10_22072/final_results.json",
        "statistics": "crData/Planificación_de_Escenarios_2217/Planificación_de_Escenarios_21-10_22072/statistics_results.json"
      },
      "processing_time": 13.338717937469482,
      "total_crossref": 560080,
      "crossref_percentage": 0.002678188830167119
    },
    "21-11": {
      "tool_name": "Planificación de Escenarios",
      "batch_id": "22220",
      "date": "21-11",
      "initial_count": 3292,
      "filtered_count": 22,
      "final_count": 18,
      "duplicate_count": 0,
      "terms": {
        "Scenario": 249,
        "Planning": 3046
      },
      "file_paths": {
        "base_folder": "crData/Planificación_de_Escenarios_2217/Planificación_de_Escenarios_21-11_22220",
        "term_results_folder": "crData/Planificación_de_Escenarios_2217/Planificación_de_Escenarios_21-11_22220/term_results",
        "merged": "crData/Planificación_de_Escenarios_2217/Planificación_de_Escenarios_21-11_22220/merged_results.json",
        "filtered": "crData/Planificación_de_Escenarios_2217/Planificación_de_Escenarios_21-11_22220/filtered_results.json",
        "final": "crData/Planificación_de_Escenarios_2217/Planificación_de_Escenarios_21-11_22220/final_results.json",
        "statistics": "crData/Planificación_de_Escenarios_2217/Planificación_de_Escenarios_21-11_22220/statistics_results.json"
      },
      "processing_time": 12.855788946151733,
      "total_crossref": 526956,
      "crossref_percentage": 0.003415844966183135
    },
    "21-12": {
      "tool_name": "Planificación de Escenarios",
      "batch_id": "22364",
      "date": "21-12",
      "initial_count": 4158,
      "filtered_count": 35,
      "final_count": 25,
      "duplicate_count": 0,
      "terms": {
        "Scenario": 365,
        "Planning": 3807
      },
      "file_paths": {
        "base_folder": "crData/Planificación_de_Escenarios_2217/Planificación_de_Escenarios_21-12_22364",
        "term_results_folder": "crData/Planificación_de_Escenarios_2217/Planificación_de_Escenarios_21-12_22364/term_results",
        "merged": "crData/Planificación_de_Escenarios_2217/Planificación_de_Escenarios_21-12_22364/merged_results.json",
        "filtered": "crData/Planificación_de_Escenarios_2217/Planificación_de_Escenarios_21-12_22364/filtered_results.json",
        "final": "crData/Planificación_de_Escenarios_2217/Planificación_de_Escenarios_21-12_22364/final_results.json",
        "statistics": "crData/Planificación_de_Escenarios_2217/Planificación_de_Escenarios_21-12_22364/statistics_results.json"
      },
      "processing_time": 13.91571593284607,
      "total_crossref": 701123,
      "crossref_percentage": 0.003565708156771351
    }
  },
  "total_duplicates": 0,
  "monthly_files": {
    "21-01": {
      "base_folder": "crData/Planificación_de_Escenarios_2217/Planificación_de_Escenarios_21-01_19399",
      "term_results_folder": "crData/Planificación_de_Escenarios_2217/Planificación_de_Escenarios_21-01_19399/term_results",
      "merged": "crData/Planificación_de_Escenarios_2217/Planificación_de_Escenarios_21-01_19399/merged_results.json",
      "filtered": "crData/Planificación_de_Escenarios_2217/Planificación_de_Escenarios_21-01_19399/filtered_results.json",
      "final": "crData/Planificación_de_Escenarios_2217/Planificación_de_Escenarios_21-01_19399/final_results.json",
      "statistics": "crData/Planificación_de_Escenarios_2217/Planificación_de_Escenarios_21-01_19399/statistics_results.json"
    },
    "21-02": {
      "base_folder": "crData/Planificación_de_Escenarios_2217/Planificación_de_Escenarios_21-02_20177",
      "term_results_folder": "crData/Planificación_de_Escenarios_2217/Planificación_de_Escenarios_21-02_20177/term_results",
      "merged": "crData/Planificación_de_Escenarios_2217/Planificación_de_Escenarios_21-02_20177/merged_results.json",
      "filtered": "crData/Planificación_de_Escenarios_2217/Planificación_de_Escenarios_21-02_20177/filtered_results.json",
      "final": "crData/Planificación_de_Escenarios_2217/Planificación_de_Escenarios_21-02_20177/final_results.json",
      "statistics": "crData/Planificación_de_Escenarios_2217/Planificación_de_Escenarios_21-02_20177/statistics_results.json"
    },
    "21-03": {
      "base_folder": "crData/Planificación_de_Escenarios_2217/Planificación_de_Escenarios_21-03_20297",
      "term_results_folder": "crData/Planificación_de_Escenarios_2217/Planificación_de_Escenarios_21-03_20297/term_results",
      "merged": "crData/Planificación_de_Escenarios_2217/Planificación_de_Escenarios_21-03_20297/merged_results.json",
      "filtered": "crData/Planificación_de_Escenarios_2217/Planificación_de_Escenarios_21-03_20297/filtered_results.json",
      "final": "crData/Planificación_de_Escenarios_2217/Planificación_de_Escenarios_21-03_20297/final_results.json",
      "statistics": "crData/Planificación_de_Escenarios_2217/Planificación_de_Escenarios_21-03_20297/statistics_results.json"
    },
    "21-04": {
      "base_folder": "crData/Planificación_de_Escenarios_2217/Planificación_de_Escenarios_21-04_20437",
      "term_results_folder": "crData/Planificación_de_Escenarios_2217/Planificación_de_Escenarios_21-04_20437/term_results",
      "merged": "crData/Planificación_de_Escenarios_2217/Planificación_de_Escenarios_21-04_20437/merged_results.json",
      "filtered": "crData/Planificación_de_Escenarios_2217/Planificación_de_Escenarios_21-04_20437/filtered_results.json",
      "final": "crData/Planificación_de_Escenarios_2217/Planificación_de_Escenarios_21-04_20437/final_results.json",
      "statistics": "crData/Planificación_de_Escenarios_2217/Planificación_de_Escenarios_21-04_20437/statistics_results.json"
    },
    "21-05": {
      "base_folder": "crData/Planificación_de_Escenarios_2217/Planificación_de_Escenarios_21-05_20574",
      "term_results_folder": "crData/Planificación_de_Escenarios_2217/Planificación_de_Escenarios_21-05_20574/term_results",
      "merged": "crData/Planificación_de_Escenarios_2217/Planificación_de_Escenarios_21-05_20574/merged_results.json",
      "filtered": "crData/Planificación_de_Escenarios_2217/Planificación_de_Escenarios_21-05_20574/filtered_results.json",
      "final": "crData/Planificación_de_Escenarios_2217/Planificación_de_Escenarios_21-05_20574/final_results.json",
      "statistics": "crData/Planificación_de_Escenarios_2217/Planificación_de_Escenarios_21-05_20574/statistics_results.json"
    },
    "21-06": {
      "base_folder": "crData/Planificación_de_Escenarios_2217/Planificación_de_Escenarios_21-06_21113",
      "term_results_folder": "crData/Planificación_de_Escenarios_2217/Planificación_de_Escenarios_21-06_21113/term_results",
      "merged": "crData/Planificación_de_Escenarios_2217/Planificación_de_Escenarios_21-06_21113/merged_results.json",
      "filtered": "crData/Planificación_de_Escenarios_2217/Planificación_de_Escenarios_21-06_21113/filtered_results.json",
      "final": "crData/Planificación_de_Escenarios_2217/Planificación_de_Escenarios_21-06_21113/final_results.json",
      "statistics": "crData/Planificación_de_Escenarios_2217/Planificación_de_Escenarios_21-06_21113/statistics_results.json"
    },
    "21-07": {
      "base_folder": "crData/Planificación_de_Escenarios_2217/Planificación_de_Escenarios_21-07_21251",
      "term_results_folder": "crData/Planificación_de_Escenarios_2217/Planificación_de_Escenarios_21-07_21251/term_results",
      "merged": "crData/Planificación_de_Escenarios_2217/Planificación_de_Escenarios_21-07_21251/merged_results.json",
      "filtered": "crData/Planificación_de_Escenarios_2217/Planificación_de_Escenarios_21-07_21251/filtered_results.json",
      "final": "crData/Planificación_de_Escenarios_2217/Planificación_de_Escenarios_21-07_21251/final_results.json",
      "statistics": "crData/Planificación_de_Escenarios_2217/Planificación_de_Escenarios_21-07_21251/statistics_results.json"
    },
    "21-08": {
      "base_folder": "crData/Planificación_de_Escenarios_2217/Planificación_de_Escenarios_21-08_21387",
      "term_results_folder": "crData/Planificación_de_Escenarios_2217/Planificación_de_Escenarios_21-08_21387/term_results",
      "merged": "crData/Planificación_de_Escenarios_2217/Planificación_de_Escenarios_21-08_21387/merged_results.json",
      "filtered": "crData/Planificación_de_Escenarios_2217/Planificación_de_Escenarios_21-08_21387/filtered_results.json",
      "final": "crData/Planificación_de_Escenarios_2217/Planificación_de_Escenarios_21-08_21387/final_results.json",
      "statistics": "crData/Planificación_de_Escenarios_2217/Planificación_de_Escenarios_21-08_21387/statistics_results.json"
    },
    "21-09": {
      "base_folder": "crData/Planificación_de_Escenarios_2217/Planificación_de_Escenarios_21-09_21524",
      "term_results_folder": "crData/Planificación_de_Escenarios_2217/Planificación_de_Escenarios_21-09_21524/term_results",
      "merged": "crData/Planificación_de_Escenarios_2217/Planificación_de_Escenarios_21-09_21524/merged_results.json",
      "filtered": "crData/Planificación_de_Escenarios_2217/Planificación_de_Escenarios_21-09_21524/filtered_results.json",
      "final": "crData/Planificación_de_Escenarios_2217/Planificación_de_Escenarios_21-09_21524/final_results.json",
      "statistics": "crData/Planificación_de_Escenarios_2217/Planificación_de_Escenarios_21-09_21524/statistics_results.json"
    },
    "21-10": {
      "base_folder": "crData/Planificación_de_Escenarios_2217/Planificación_de_Escenarios_21-10_22072",
      "term_results_folder": "crData/Planificación_de_Escenarios_2217/Planificación_de_Escenarios_21-10_22072/term_results",
      "merged": "crData/Planificación_de_Escenarios_2217/Planificación_de_Escenarios_21-10_22072/merged_results.json",
      "filtered": "crData/Planificación_de_Escenarios_2217/Planificación_de_Escenarios_21-10_22072/filtered_results.json",
      "final": "crData/Planificación_de_Escenarios_2217/Planificación_de_Escenarios_21-10_22072/final_results.json",
      "statistics": "crData/Planificación_de_Escenarios_2217/Planificación_de_Escenarios_21-10_22072/statistics_results.json"
    },
    "21-11": {
      "base_folder": "crData/Planificación_de_Escenarios_2217/Planificación_de_Escenarios_21-11_22220",
      "term_results_folder": "crData/Planificación_de_Escenarios_2217/Planificación_de_Escenarios_21-11_22220/term_results",
      "merged": "crData/Planificación_de_Escenarios_2217/Planificación_de_Escenarios_21-11_22220/merged_results.json",
      "filtered": "crData/Planificación_de_Escenarios_2217/Planificación_de_Escenarios_21-11_22220/filtered_results.json",
      "final": "crData/Planificación_de_Escenarios_2217/Planificación_de_Escenarios_21-11_22220/final_results.json",
      "statistics": "crData/Planificación_de_Escenarios_2217/Planificación_de_Escenarios_21-11_22220/statistics_results.json"
    },
    "21-12": {
      "base_folder": "crData/Planificación_de_Escenarios_2217/Planificación_de_Escenarios_21-12_22364",
      "term_results_folder": "crData/Planificación_de_Escenarios_2217/Planificación_de_Escenarios_21-12_22364/term_results",
      "merged": "crData/Planificación_de_Escenarios_2217/Planificación_de_Escenarios_21-12_22364/merged_results.json",
      "filtered": "crData/Planificación_de_Escenarios_2217/Planificación_de_Escenarios_21-12_22364/filtered_results.json",
      "final": "crData/Planificación_de_Escenarios_2217/Planificación_de_Escenarios_21-12_22364/final_results.json",
      "statistics": "crData/Planificación_de_Escenarios_2217/Planificación_de_Escenarios_21-12_22364/statistics_results.json"
    }
  }
}