{
  "tool_name": "Planificación Estratégica",
  "year": "1950",
  "monthly_stats": {
    "50-01": {
      "tool_name": "Planificación Estratégica",
      "batch_id": "34184",
      "date": "50-01",
      "initial_count": 4,
      "filtered_count": 1,
      "final_count": 1,
      "duplicate_count": 0,
      "terms": {
        "Strategic": 4
      },
      "file_paths": {
        "base_folder": "crData/Planificación_Estratégica_2858/Planificación_Estratégica_50-01_34184",
        "term_results_folder": "crData/Planificación_Estratégica_2858/Planificación_Estratégica_50-01_34184/term_results",
        "merged": "crData/Planificación_Estratégica_2858/Planificación_Estratégica_50-01_34184/merged_results.json",
        "filtered": "crData/Planificación_Estratégica_2858/Planificación_Estratégica_50-01_34184/filtered_results.json",
        "final": "crData/Planificación_Estratégica_2858/Planificación_Estratégica_50-01_34184/final_results.json",
        "statistics": "crData/Planificación_Estratégica_2858/Planificación_Estratégica_50-01_34184/statistics_results.json"
      },
      "processing_time": 0.8122081756591797,
      "total_crossref": 46560,
      "crossref_percentage": 0.002147766323024055
    },
    "50-02": {
      "tool_name": "Planificación Estratégica",
      "batch_id": "34207",
      "date": "50-02",
      "initial_count": 1,
      "filtered_count": 0,
      "final_count": 0,
      "duplicate_count": 0,
      "terms": {
        "Strategic": 1
      },
      "file_paths": {
        "base_folder": "crData/Planificación_Estratégica_2858/Planificación_Estratégica_50-02_34207",
        "term_results_folder": "crData/Planificación_Estratégica_2858/Planificación_Estratégica_50-02_34207/term_results",
        "merged": "crData/Planificación_Estratégica_2858/Planificación_Estratégica_50-02_34207/merged_results.json",
        "filtered": "crData/Planificación_Estratégica_2858/Planificación_Estratégica_50-02_34207/filtered_results.json",
        "final": "crData/Planificación_Estratégica_2858/Planificación_Estratégica_50-02_34207/final_results.json",
        "statistics": "crData/Planificación_Estratégica_2858/Planificación_Estratégica_50-02_34207/statistics_results.json"
      },
      "processing_time": 0.9854919910430908,
      "total_crossref": 7971,
      "crossref_percentage": 0.0
    },
    "50-03": {
      "tool_name": "Planificación Estratégica",
      "batch_id": "34232",
      "date": "50-03",
      "initial_count": 2,
      "filtered_count": 0,
      "final_count": 0,
      "duplicate_count": 0,
      "terms": {
        "Strategic": 2
      },
      "file_paths": {
        "base_folder": "crData/Planificación_Estratégica_2858/Planificación_Estratégica_50-03_34232",
        "term_results_folder": "crData/Planificación_Estratégica_2858/Planificación_Estratégica_50-03_34232/term_results",
        "merged": "crData/Planificación_Estratégica_2858/Planificación_Estratégica_50-03_34232/merged_results.json",
        "filtered": "crData/Planificación_Estratégica_2858/Planificación_Estratégica_50-03_34232/filtered_results.json",
        "final": "crData/Planificación_Estratégica_2858/Planificación_Estratégica_50-03_34232/final_results.json",
        "statistics": "crData/Planificación_Estratégica_2858/Planificación_Estratégica_50-03_34232/statistics_results.json"
      },
      "processing_time": 0.7320611476898193,
      "total_crossref": 10380,
      "crossref_percentage": 0.0
    },
    "50-04": {
      "tool_name": "Planificación Estratégica",
      "batch_id": "34254",
      "date": "50-04",
      "initial_count": 0,
      "filtered_count": 0,
      "final_count": 0,
      "duplicate_count": 0,
      "terms": {
        "Strategic": 0
      },
      "file_paths": {
        "base_folder": "crData/Planificación_Estratégica_2858/Planificación_Estratégica_50-04_34254",
        "term_results_folder": "crData/Planificación_Estratégica_2858/Planificación_Estratégica_50-04_34254/term_results",
        "merged": "crData/Planificación_Estratégica_2858/Planificación_Estratégica_50-04_34254/merged_results.json",
        "filtered": "crData/Planificación_Estratégica_2858/Planificación_Estratégica_50-04_34254/filtered_results.json",
        "final": "crData/Planificación_Estratégica_2858/Planificación_Estratégica_50-04_34254/final_results.json",
        "statistics": "crData/Planificación_Estratégica_2858/Planificación_Estratégica_50-04_34254/statistics_results.json"
      },
      "processing_time": 0.7318861484527588,
      "total_crossref": 10889,
      "crossref_percentage": 0.0
    },
    "50-05": {
      "tool_name": "Planificación Estratégica",
      "batch_id": "34277",
      "date": "50-05",
      "initial_count": 1,
      "filtered_count": 0,
      "final_count": 0,
      "duplicate_count": 0,
      "terms": {
        "Strategic": 1
      },
      "file_paths": {
        "base_folder": "crData/Planificación_Estratégica_2858/Planificación_Estratégica_50-05_34277",
        "term_results_folder": "crData/Planificación_Estratégica_2858/Planificación_Estratégica_50-05_34277/term_results",
        "merged": "crData/Planificación_Estratégica_2858/Planificación_Estratégica_50-05_34277/merged_results.json",
        "filtered": "crData/Planificación_Estratégica_2858/Planificación_Estratégica_50-05_34277/filtered_results.json",
        "final": "crData/Planificación_Estratégica_2858/Planificación_Estratégica_50-05_34277/final_results.json",
        "statistics": "crData/Planificación_Estratégica_2858/Planificación_Estratégica_50-05_34277/statistics_results.json"
      },
      "processing_time": 0.6979537010192871,
      "total_crossref": 8355,
      "crossref_percentage": 0.0
    },
    "50-06": {
      "tool_name": "Planificación Estratégica",
      "batch_id": "34299",
      "date": "50-06",
      "initial_count": 3,
      "filtered_count": 0,
      "final_count": 0,
      "duplicate_count": 0,
      "terms": {
        "Strategic": 3
      },
      "file_paths": {
        "base_folder": "crData/Planificación_Estratégica_2858/Planificación_Estratégica_50-06_34299",
        "term_results_folder": "crData/Planificación_Estratégica_2858/Planificación_Estratégica_50-06_34299/term_results",
        "merged": "crData/Planificación_Estratégica_2858/Planificación_Estratégica_50-06_34299/merged_results.json",
        "filtered": "crData/Planificación_Estratégica_2858/Planificación_Estratégica_50-06_34299/filtered_results.json",
        "final": "crData/Planificación_Estratégica_2858/Planificación_Estratégica_50-06_34299/final_results.json",
        "statistics": "crData/Planificación_Estratégica_2858/Planificación_Estratégica_50-06_34299/statistics_results.json"
      },
      "processing_time": 0.7301990985870361,
      "total_crossref": 9573,
      "crossref_percentage": 0.0
    },
    "50-07": {
      "tool_name": "Planificación Estratégica",
      "batch_id": "34321",
      "date": "50-07",
      "initial_count": 0,
      "filtered_count": 0,
      "final_count": 0,
      "duplicate_count": 0,
      "terms": {
        "Strategic": 0
      },
      "file_paths": {
        "base_folder": "crData/Planificación_Estratégica_2858/Planificación_Estratégica_50-07_34321",
        "term_results_folder": "crData/Planificación_Estratégica_2858/Planificación_Estratégica_50-07_34321/term_results",
        "merged": "crData/Planificación_Estratégica_2858/Planificación_Estratégica_50-07_34321/merged_results.json",
        "filtered": "crData/Planificación_Estratégica_2858/Planificación_Estratégica_50-07_34321/filtered_results.json",
        "final": "crData/Planificación_Estratégica_2858/Planificación_Estratégica_50-07_34321/final_results.json",
        "statistics": "crData/Planificación_Estratégica_2858/Planificación_Estratégica_50-07_34321/statistics_results.json"
      },
      "processing_time": 0.7261247634887695,
      "total_crossref": 9877,
      "crossref_percentage": 0.0
    },
    "50-08": {
      "tool_name": "Planificación Estratégica",
      "batch_id": "34344",
      "date": "50-08",
      "initial_count": 0,
      "filtered_count": 0,
      "final_count": 0,
      "duplicate_count": 0,
      "terms": {
        "Strategic": 0
      },
      "file_paths": {
        "base_folder": "crData/Planificación_Estratégica_2858/Planificación_Estratégica_50-08_34344",
        "term_results_folder": "crData/Planificación_Estratégica_2858/Planificación_Estratégica_50-08_34344/term_results",
        "merged": "crData/Planificación_Estratégica_2858/Planificación_Estratégica_50-08_34344/merged_results.json",
        "filtered": "crData/Planificación_Estratégica_2858/Planificación_Estratégica_50-08_34344/filtered_results.json",
        "final": "crData/Planificación_Estratégica_2858/Planificación_Estratégica_50-08_34344/final_results.json",
        "statistics": "crData/Planificación_Estratégica_2858/Planificación_Estratégica_50-08_34344/statistics_results.json"
      },
      "processing_time": 0.7285230159759521,
      "total_crossref": 7081,
      "crossref_percentage": 0.0
    },
    "50-09": {
      "tool_name": "Planificación Estratégica",
      "batch_id": "34366",
      "date": "50-09",
      "initial_count": 1,
      "filtered_count": 0,
      "final_count": 0,
      "duplicate_count": 0,
      "terms": {
        "Strategic": 1
      },
      "file_paths": {
        "base_folder": "crData/Planificación_Estratégica_2858/Planificación_Estratégica_50-09_34366",
        "term_results_folder": "crData/Planificación_Estratégica_2858/Planificación_Estratégica_50-09_34366/term_results",
        "merged": "crData/Planificación_Estratégica_2858/Planificación_Estratégica_50-09_34366/merged_results.json",
        "filtered": "crData/Planificación_Estratégica_2858/Planificación_Estratégica_50-09_34366/filtered_results.json",
        "final": "crData/Planificación_Estratégica_2858/Planificación_Estratégica_50-09_34366/final_results.json",
        "statistics": "crData/Planificación_Estratégica_2858/Planificación_Estratégica_50-09_34366/statistics_results.json"
      },
      "processing_time": 0.7834479808807373,
      "total_crossref": 9656,
      "crossref_percentage": 0.0
    },
    "50-10": {
      "tool_name": "Planificación Estratégica",
      "batch_id": "34389",
      "date": "50-10",
      "initial_count": 3,
      "filtered_count": 0,
      "final_count": 0,
      "duplicate_count": 0,
      "terms": {
        "Strategic": 3
      },
      "file_paths": {
        "base_folder": "crData/Planificación_Estratégica_2858/Planificación_Estratégica_50-10_34389",
        "term_results_folder": "crData/Planificación_Estratégica_2858/Planificación_Estratégica_50-10_34389/term_results",
        "merged": "crData/Planificación_Estratégica_2858/Planificación_Estratégica_50-10_34389/merged_results.json",
        "filtered": "crData/Planificación_Estratégica_2858/Planificación_Estratégica_50-10_34389/filtered_results.json",
        "final": "crData/Planificación_Estratégica_2858/Planificación_Estratégica_50-10_34389/final_results.json",
        "statistics": "crData/Planificación_Estratégica_2858/Planificación_Estratégica_50-10_34389/statistics_results.json"
      },
      "processing_time": 0.7204668521881104,
      "total_crossref": 10772,
      "crossref_percentage": 0.0
    },
    "50-11": {
      "tool_name": "Planificación Estratégica",
      "batch_id": "34411",
      "date": "50-11",
      "initial_count": 1,
      "filtered_count": 0,
      "final_count": 0,
      "duplicate_count": 0,
      "terms": {
        "Strategic": 1
      },
      "file_paths": {
        "base_folder": "crData/Planificación_Estratégica_2858/Planificación_Estratégica_50-11_34411",
        "term_results_folder": "crData/Planificación_Estratégica_2858/Planificación_Estratégica_50-11_34411/term_results",
        "merged": "crData/Planificación_Estratégica_2858/Planificación_Estratégica_50-11_34411/merged_results.json",
        "filtered": "crData/Planificación_Estratégica_2858/Planificación_Estratégica_50-11_34411/filtered_results.json",
        "final": "crData/Planificación_Estratégica_2858/Planificación_Estratégica_50-11_34411/final_results.json",
        "statistics": "crData/Planificación_Estratégica_2858/Planificación_Estratégica_50-11_34411/statistics_results.json"
      },
      "processing_time": 0.8188209533691406,
      "total_crossref": 8715,
      "crossref_percentage": 0.0
    },
    "50-12": {
      "tool_name": "Planificación Estratégica",
      "batch_id": "34434",
      "date": "50-12",
      "initial_count": 3,
      "filtered_count": 0,
      "final_count": 0,
      "duplicate_count": 0,
      "terms": {
        "Strategic": 3
      },
      "file_paths": {
        "base_folder": "crData/Planificación_Estratégica_2858/Planificación_Estratégica_50-12_34434",
        "term_results_folder": "crData/Planificación_Estratégica_2858/Planificación_Estratégica_50-12_34434/term_results",
        "merged": "crData/Planificación_Estratégica_2858/Planificación_Estratégica_50-12_34434/merged_results.json",
        "filtered": "crData/Planificación_Estratégica_2858/Planificación_Estratégica_50-12_34434/filtered_results.json",
        "final": "crData/Planificación_Estratégica_2858/Planificación_Estratégica_50-12_34434/final_results.json",
        "statistics": "crData/Planificación_Estratégica_2858/Planificación_Estratégica_50-12_34434/statistics_results.json"
      },
      "processing_time": 0.8150689601898193,
      "total_crossref": 19843,
      "crossref_percentage": 0.0
    }
  },
  "total_duplicates": 0,
  "monthly_files": {
    "50-01": {
      "base_folder": "crData/Planificación_Estratégica_2858/Planificación_Estratégica_50-01_34184",
      "term_results_folder": "crData/Planificación_Estratégica_2858/Planificación_Estratégica_50-01_34184/term_results",
      "merged": "crData/Planificación_Estratégica_2858/Planificación_Estratégica_50-01_34184/merged_results.json",
      "filtered": "crData/Planificación_Estratégica_2858/Planificación_Estratégica_50-01_34184/filtered_results.json",
      "final": "crData/Planificación_Estratégica_2858/Planificación_Estratégica_50-01_34184/final_results.json",
      "statistics": "crData/Planificación_Estratégica_2858/Planificación_Estratégica_50-01_34184/statistics_results.json"
    },
    "50-02": {
      "base_folder": "crData/Planificación_Estratégica_2858/Planificación_Estratégica_50-02_34207",
      "term_results_folder": "crData/Planificación_Estratégica_2858/Planificación_Estratégica_50-02_34207/term_results",
      "merged": "crData/Planificación_Estratégica_2858/Planificación_Estratégica_50-02_34207/merged_results.json",
      "filtered": "crData/Planificación_Estratégica_2858/Planificación_Estratégica_50-02_34207/filtered_results.json",
      "final": "crData/Planificación_Estratégica_2858/Planificación_Estratégica_50-02_34207/final_results.json",
      "statistics": "crData/Planificación_Estratégica_2858/Planificación_Estratégica_50-02_34207/statistics_results.json"
    },
    "50-03": {
      "base_folder": "crData/Planificación_Estratégica_2858/Planificación_Estratégica_50-03_34232",
      "term_results_folder": "crData/Planificación_Estratégica_2858/Planificación_Estratégica_50-03_34232/term_results",
      "merged": "crData/Planificación_Estratégica_2858/Planificación_Estratégica_50-03_34232/merged_results.json",
      "filtered": "crData/Planificación_Estratégica_2858/Planificación_Estratégica_50-03_34232/filtered_results.json",
      "final": "crData/Planificación_Estratégica_2858/Planificación_Estratégica_50-03_34232/final_results.json",
      "statistics": "crData/Planificación_Estratégica_2858/Planificación_Estratégica_50-03_34232/statistics_results.json"
    },
    "50-04": {
      "base_folder": "crData/Planificación_Estratégica_2858/Planificación_Estratégica_50-04_34254",
      "term_results_folder": "crData/Planificación_Estratégica_2858/Planificación_Estratégica_50-04_34254/term_results",
      "merged": "crData/Planificación_Estratégica_2858/Planificación_Estratégica_50-04_34254/merged_results.json",
      "filtered": "crData/Planificación_Estratégica_2858/Planificación_Estratégica_50-04_34254/filtered_results.json",
      "final": "crData/Planificación_Estratégica_2858/Planificación_Estratégica_50-04_34254/final_results.json",
      "statistics": "crData/Planificación_Estratégica_2858/Planificación_Estratégica_50-04_34254/statistics_results.json"
    },
    "50-05": {
      "base_folder": "crData/Planificación_Estratégica_2858/Planificación_Estratégica_50-05_34277",
      "term_results_folder": "crData/Planificación_Estratégica_2858/Planificación_Estratégica_50-05_34277/term_results",
      "merged": "crData/Planificación_Estratégica_2858/Planificación_Estratégica_50-05_34277/merged_results.json",
      "filtered": "crData/Planificación_Estratégica_2858/Planificación_Estratégica_50-05_34277/filtered_results.json",
      "final": "crData/Planificación_Estratégica_2858/Planificación_Estratégica_50-05_34277/final_results.json",
      "statistics": "crData/Planificación_Estratégica_2858/Planificación_Estratégica_50-05_34277/statistics_results.json"
    },
    "50-06": {
      "base_folder": "crData/Planificación_Estratégica_2858/Planificación_Estratégica_50-06_34299",
      "term_results_folder": "crData/Planificación_Estratégica_2858/Planificación_Estratégica_50-06_34299/term_results",
      "merged": "crData/Planificación_Estratégica_2858/Planificación_Estratégica_50-06_34299/merged_results.json",
      "filtered": "crData/Planificación_Estratégica_2858/Planificación_Estratégica_50-06_34299/filtered_results.json",
      "final": "crData/Planificación_Estratégica_2858/Planificación_Estratégica_50-06_34299/final_results.json",
      "statistics": "crData/Planificación_Estratégica_2858/Planificación_Estratégica_50-06_34299/statistics_results.json"
    },
    "50-07": {
      "base_folder": "crData/Planificación_Estratégica_2858/Planificación_Estratégica_50-07_34321",
      "term_results_folder": "crData/Planificación_Estratégica_2858/Planificación_Estratégica_50-07_34321/term_results",
      "merged": "crData/Planificación_Estratégica_2858/Planificación_Estratégica_50-07_34321/merged_results.json",
      "filtered": "crData/Planificación_Estratégica_2858/Planificación_Estratégica_50-07_34321/filtered_results.json",
      "final": "crData/Planificación_Estratégica_2858/Planificación_Estratégica_50-07_34321/final_results.json",
      "statistics": "crData/Planificación_Estratégica_2858/Planificación_Estratégica_50-07_34321/statistics_results.json"
    },
    "50-08": {
      "base_folder": "crData/Planificación_Estratégica_2858/Planificación_Estratégica_50-08_34344",
      "term_results_folder": "crData/Planificación_Estratégica_2858/Planificación_Estratégica_50-08_34344/term_results",
      "merged": "crData/Planificación_Estratégica_2858/Planificación_Estratégica_50-08_34344/merged_results.json",
      "filtered": "crData/Planificación_Estratégica_2858/Planificación_Estratégica_50-08_34344/filtered_results.json",
      "final": "crData/Planificación_Estratégica_2858/Planificación_Estratégica_50-08_34344/final_results.json",
      "statistics": "crData/Planificación_Estratégica_2858/Planificación_Estratégica_50-08_34344/statistics_results.json"
    },
    "50-09": {
      "base_folder": "crData/Planificación_Estratégica_2858/Planificación_Estratégica_50-09_34366",
      "term_results_folder": "crData/Planificación_Estratégica_2858/Planificación_Estratégica_50-09_34366/term_results",
      "merged": "crData/Planificación_Estratégica_2858/Planificación_Estratégica_50-09_34366/merged_results.json",
      "filtered": "crData/Planificación_Estratégica_2858/Planificación_Estratégica_50-09_34366/filtered_results.json",
      "final": "crData/Planificación_Estratégica_2858/Planificación_Estratégica_50-09_34366/final_results.json",
      "statistics": "crData/Planificación_Estratégica_2858/Planificación_Estratégica_50-09_34366/statistics_results.json"
    },
    "50-10": {
      "base_folder": "crData/Planificación_Estratégica_2858/Planificación_Estratégica_50-10_34389",
      "term_results_folder": "crData/Planificación_Estratégica_2858/Planificación_Estratégica_50-10_34389/term_results",
      "merged": "crData/Planificación_Estratégica_2858/Planificación_Estratégica_50-10_34389/merged_results.json",
      "filtered": "crData/Planificación_Estratégica_2858/Planificación_Estratégica_50-10_34389/filtered_results.json",
      "final": "crData/Planificación_Estratégica_2858/Planificación_Estratégica_50-10_34389/final_results.json",
      "statistics": "crData/Planificación_Estratégica_2858/Planificación_Estratégica_50-10_34389/statistics_results.json"
    },
    "50-11": {
      "base_folder": "crData/Planificación_Estratégica_2858/Planificación_Estratégica_50-11_34411",
      "term_results_folder": "crData/Planificación_Estratégica_2858/Planificación_Estratégica_50-11_34411/term_results",
      "merged": "crData/Planificación_Estratégica_2858/Planificación_Estratégica_50-11_34411/merged_results.json",
      "filtered": "crData/Planificación_Estratégica_2858/Planificación_Estratégica_50-11_34411/filtered_results.json",
      "final": "crData/Planificación_Estratégica_2858/Planificación_Estratégica_50-11_34411/final_results.json",
      "statistics": "crData/Planificación_Estratégica_2858/Planificación_Estratégica_50-11_34411/statistics_results.json"
    },
    "50-12": {
      "base_folder": "crData/Planificación_Estratégica_2858/Planificación_Estratégica_50-12_34434",
      "term_results_folder": "crData/Planificación_Estratégica_2858/Planificación_Estratégica_50-12_34434/term_results",
      "merged": "crData/Planificación_Estratégica_2858/Planificación_Estratégica_50-12_34434/merged_results.json",
      "filtered": "crData/Planificación_Estratégica_2858/Planificación_Estratégica_50-12_34434/filtered_results.json",
      "final": "crData/Planificación_Estratégica_2858/Planificación_Estratégica_50-12_34434/final_results.json",
      "statistics": "crData/Planificación_Estratégica_2858/Planificación_Estratégica_50-12_34434/statistics_results.json"
    }
  }
}