{
  "tool_name": "Planificación Estratégica",
  "year": "1992",
  "monthly_stats": {
    "92-01": {
      "tool_name": "Planificación Estratégica",
      "batch_id": "58247",
      "date": "92-01",
      "initial_count": 418,
      "filtered_count": 42,
      "final_count": 42,
      "duplicate_count": 0,
      "terms": {
        "Strategic": 422
      },
      "file_paths": {
        "base_folder": "crData/Planificación_Estratégica_2858/Planificación_Estratégica_92-01_58247",
        "term_results_folder": "crData/Planificación_Estratégica_2858/Planificación_Estratégica_92-01_58247/term_results",
        "merged": "crData/Planificación_Estratégica_2858/Planificación_Estratégica_92-01_58247/merged_results.json",
        "filtered": "crData/Planificación_Estratégica_2858/Planificación_Estratégica_92-01_58247/filtered_results.json",
        "final": "crData/Planificación_Estratégica_2858/Planificación_Estratégica_92-01_58247/final_results.json",
        "statistics": "crData/Planificación_Estratégica_2858/Planificación_Estratégica_92-01_58247/statistics_results.json"
      },
      "processing_time": 1.9403059482574463,
      "total_crossref": 433112,
      "crossref_percentage": 0.009697260754723953
    },
    "92-02": {
      "tool_name": "Planificación Estratégica",
      "batch_id": "58282",
      "date": "92-02",
      "initial_count": 40,
      "filtered_count": 4,
      "final_count": 4,
      "duplicate_count": 0,
      "terms": {
        "Strategic": 41
      },
      "file_paths": {
        "base_folder": "crData/Planificación_Estratégica_2858/Planificación_Estratégica_92-02_58282",
        "term_results_folder": "crData/Planificación_Estratégica_2858/Planificación_Estratégica_92-02_58282/term_results",
        "merged": "crData/Planificación_Estratégica_2858/Planificación_Estratégica_92-02_58282/merged_results.json",
        "filtered": "crData/Planificación_Estratégica_2858/Planificación_Estratégica_92-02_58282/filtered_results.json",
        "final": "crData/Planificación_Estratégica_2858/Planificación_Estratégica_92-02_58282/final_results.json",
        "statistics": "crData/Planificación_Estratégica_2858/Planificación_Estratégica_92-02_58282/statistics_results.json"
      },
      "processing_time": 2.638334274291992,
      "total_crossref": 61075,
      "crossref_percentage": 0.006549324600900533
    },
    "92-03": {
      "tool_name": "Planificación Estratégica",
      "batch_id": "58323",
      "date": "92-03",
      "initial_count": 103,
      "filtered_count": 6,
      "final_count": 6,
      "duplicate_count": 0,
      "terms": {
        "Strategic": 105
      },
      "file_paths": {
        "base_folder": "crData/Planificación_Estratégica_2858/Planificación_Estratégica_92-03_58323",
        "term_results_folder": "crData/Planificación_Estratégica_2858/Planificación_Estratégica_92-03_58323/term_results",
        "merged": "crData/Planificación_Estratégica_2858/Planificación_Estratégica_92-03_58323/merged_results.json",
        "filtered": "crData/Planificación_Estratégica_2858/Planificación_Estratégica_92-03_58323/filtered_results.json",
        "final": "crData/Planificación_Estratégica_2858/Planificación_Estratégica_92-03_58323/final_results.json",
        "statistics": "crData/Planificación_Estratégica_2858/Planificación_Estratégica_92-03_58323/statistics_results.json"
      },
      "processing_time": 2.0554850101470947,
      "total_crossref": 81406,
      "crossref_percentage": 0.007370464093555758
    },
    "92-04": {
      "tool_name": "Planificación Estratégica",
      "batch_id": "58359",
      "date": "92-04",
      "initial_count": 60,
      "filtered_count": 15,
      "final_count": 15,
      "duplicate_count": 0,
      "terms": {
        "Strategic": 60
      },
      "file_paths": {
        "base_folder": "crData/Planificación_Estratégica_2858/Planificación_Estratégica_92-04_58359",
        "term_results_folder": "crData/Planificación_Estratégica_2858/Planificación_Estratégica_92-04_58359/term_results",
        "merged": "crData/Planificación_Estratégica_2858/Planificación_Estratégica_92-04_58359/merged_results.json",
        "filtered": "crData/Planificación_Estratégica_2858/Planificación_Estratégica_92-04_58359/filtered_results.json",
        "final": "crData/Planificación_Estratégica_2858/Planificación_Estratégica_92-04_58359/final_results.json",
        "statistics": "crData/Planificación_Estratégica_2858/Planificación_Estratégica_92-04_58359/statistics_results.json"
      },
      "processing_time": 1.3256981372833252,
      "total_crossref": 72399,
      "crossref_percentage": 0.020718518211577507
    },
    "92-05": {
      "tool_name": "Planificación Estratégica",
      "batch_id": "58387",
      "date": "92-05",
      "initial_count": 74,
      "filtered_count": 8,
      "final_count": 8,
      "duplicate_count": 0,
      "terms": {
        "Strategic": 76
      },
      "file_paths": {
        "base_folder": "crData/Planificación_Estratégica_2858/Planificación_Estratégica_92-05_58387",
        "term_results_folder": "crData/Planificación_Estratégica_2858/Planificación_Estratégica_92-05_58387/term_results",
        "merged": "crData/Planificación_Estratégica_2858/Planificación_Estratégica_92-05_58387/merged_results.json",
        "filtered": "crData/Planificación_Estratégica_2858/Planificación_Estratégica_92-05_58387/filtered_results.json",
        "final": "crData/Planificación_Estratégica_2858/Planificación_Estratégica_92-05_58387/final_results.json",
        "statistics": "crData/Planificación_Estratégica_2858/Planificación_Estratégica_92-05_58387/statistics_results.json"
      },
      "processing_time": 1.509916067123413,
      "total_crossref": 67404,
      "crossref_percentage": 0.011868731826004392
    },
    "92-06": {
      "tool_name": "Planificación Estratégica",
      "batch_id": "58417",
      "date": "92-06",
      "initial_count": 100,
      "filtered_count": 14,
      "final_count": 14,
      "duplicate_count": 0,
      "terms": {
        "Strategic": 101
      },
      "file_paths": {
        "base_folder": "crData/Planificación_Estratégica_2858/Planificación_Estratégica_92-06_58417",
        "term_results_folder": "crData/Planificación_Estratégica_2858/Planificación_Estratégica_92-06_58417/term_results",
        "merged": "crData/Planificación_Estratégica_2858/Planificación_Estratégica_92-06_58417/merged_results.json",
        "filtered": "crData/Planificación_Estratégica_2858/Planificación_Estratégica_92-06_58417/filtered_results.json",
        "final": "crData/Planificación_Estratégica_2858/Planificación_Estratégica_92-06_58417/final_results.json",
        "statistics": "crData/Planificación_Estratégica_2858/Planificación_Estratégica_92-06_58417/statistics_results.json"
      },
      "processing_time": 2.257589101791382,
      "total_crossref": 78286,
      "crossref_percentage": 0.01788314641187441
    },
    "92-07": {
      "tool_name": "Planificación Estratégica",
      "batch_id": "58455",
      "date": "92-07",
      "initial_count": 80,
      "filtered_count": 6,
      "final_count": 6,
      "duplicate_count": 0,
      "terms": {
        "Strategic": 81
      },
      "file_paths": {
        "base_folder": "crData/Planificación_Estratégica_2858/Planificación_Estratégica_92-07_58455",
        "term_results_folder": "crData/Planificación_Estratégica_2858/Planificación_Estratégica_92-07_58455/term_results",
        "merged": "crData/Planificación_Estratégica_2858/Planificación_Estratégica_92-07_58455/merged_results.json",
        "filtered": "crData/Planificación_Estratégica_2858/Planificación_Estratégica_92-07_58455/filtered_results.json",
        "final": "crData/Planificación_Estratégica_2858/Planificación_Estratégica_92-07_58455/final_results.json",
        "statistics": "crData/Planificación_Estratégica_2858/Planificación_Estratégica_92-07_58455/statistics_results.json"
      },
      "processing_time": 2.0079782009124756,
      "total_crossref": 73033,
      "crossref_percentage": 0.008215464242191885
    },
    "92-08": {
      "tool_name": "Planificación Estratégica",
      "batch_id": "58490",
      "date": "92-08",
      "initial_count": 72,
      "filtered_count": 9,
      "final_count": 9,
      "duplicate_count": 0,
      "terms": {
        "Strategic": 72
      },
      "file_paths": {
        "base_folder": "crData/Planificación_Estratégica_2858/Planificación_Estratégica_92-08_58490",
        "term_results_folder": "crData/Planificación_Estratégica_2858/Planificación_Estratégica_92-08_58490/term_results",
        "merged": "crData/Planificación_Estratégica_2858/Planificación_Estratégica_92-08_58490/merged_results.json",
        "filtered": "crData/Planificación_Estratégica_2858/Planificación_Estratégica_92-08_58490/filtered_results.json",
        "final": "crData/Planificación_Estratégica_2858/Planificación_Estratégica_92-08_58490/final_results.json",
        "statistics": "crData/Planificación_Estratégica_2858/Planificación_Estratégica_92-08_58490/statistics_results.json"
      },
      "processing_time": 1.5471811294555664,
      "total_crossref": 59671,
      "crossref_percentage": 0.01508270349080793
    },
    "92-09": {
      "tool_name": "Planificación Estratégica",
      "batch_id": "58521",
      "date": "92-09",
      "initial_count": 121,
      "filtered_count": 15,
      "final_count": 15,
      "duplicate_count": 0,
      "terms": {
        "Strategic": 123
      },
      "file_paths": {
        "base_folder": "crData/Planificación_Estratégica_2858/Planificación_Estratégica_92-09_58521",
        "term_results_folder": "crData/Planificación_Estratégica_2858/Planificación_Estratégica_92-09_58521/term_results",
        "merged": "crData/Planificación_Estratégica_2858/Planificación_Estratégica_92-09_58521/merged_results.json",
        "filtered": "crData/Planificación_Estratégica_2858/Planificación_Estratégica_92-09_58521/filtered_results.json",
        "final": "crData/Planificación_Estratégica_2858/Planificación_Estratégica_92-09_58521/final_results.json",
        "statistics": "crData/Planificación_Estratégica_2858/Planificación_Estratégica_92-09_58521/statistics_results.json"
      },
      "processing_time": 2.117856979370117,
      "total_crossref": 81769,
      "crossref_percentage": 0.018344360332155217
    },
    "92-10": {
      "tool_name": "Planificación Estratégica",
      "batch_id": "58557",
      "date": "92-10",
      "initial_count": 63,
      "filtered_count": 12,
      "final_count": 12,
      "duplicate_count": 0,
      "terms": {
        "Strategic": 64
      },
      "file_paths": {
        "base_folder": "crData/Planificación_Estratégica_2858/Planificación_Estratégica_92-10_58557",
        "term_results_folder": "crData/Planificación_Estratégica_2858/Planificación_Estratégica_92-10_58557/term_results",
        "merged": "crData/Planificación_Estratégica_2858/Planificación_Estratégica_92-10_58557/merged_results.json",
        "filtered": "crData/Planificación_Estratégica_2858/Planificación_Estratégica_92-10_58557/filtered_results.json",
        "final": "crData/Planificación_Estratégica_2858/Planificación_Estratégica_92-10_58557/final_results.json",
        "statistics": "crData/Planificación_Estratégica_2858/Planificación_Estratégica_92-10_58557/statistics_results.json"
      },
      "processing_time": 1.5412516593933105,
      "total_crossref": 74325,
      "crossref_percentage": 0.016145307769929364
    },
    "92-11": {
      "tool_name": "Planificación Estratégica",
      "batch_id": "58587",
      "date": "92-11",
      "initial_count": 46,
      "filtered_count": 9,
      "final_count": 9,
      "duplicate_count": 0,
      "terms": {
        "Strategic": 48
      },
      "file_paths": {
        "base_folder": "crData/Planificación_Estratégica_2858/Planificación_Estratégica_92-11_58587",
        "term_results_folder": "crData/Planificación_Estratégica_2858/Planificación_Estratégica_92-11_58587/term_results",
        "merged": "crData/Planificación_Estratégica_2858/Planificación_Estratégica_92-11_58587/merged_results.json",
        "filtered": "crData/Planificación_Estratégica_2858/Planificación_Estratégica_92-11_58587/filtered_results.json",
        "final": "crData/Planificación_Estratégica_2858/Planificación_Estratégica_92-11_58587/final_results.json",
        "statistics": "crData/Planificación_Estratégica_2858/Planificación_Estratégica_92-11_58587/statistics_results.json"
      },
      "processing_time": 1.8456809520721436,
      "total_crossref": 64439,
      "crossref_percentage": 0.013966697186486444
    },
    "92-12": {
      "tool_name": "Planificación Estratégica",
      "batch_id": "59021",
      "date": "92-12",
      "initial_count": 136,
      "filtered_count": 16,
      "final_count": 16,
      "duplicate_count": 0,
      "terms": {
        "Strategic": 136
      },
      "file_paths": {
        "base_folder": "crData/Planificación_Estratégica_2858/Planificación_Estratégica_92-12_59021",
        "term_results_folder": "crData/Planificación_Estratégica_2858/Planificación_Estratégica_92-12_59021/term_results",
        "merged": "crData/Planificación_Estratégica_2858/Planificación_Estratégica_92-12_59021/merged_results.json",
        "filtered": "crData/Planificación_Estratégica_2858/Planificación_Estratégica_92-12_59021/filtered_results.json",
        "final": "crData/Planificación_Estratégica_2858/Planificación_Estratégica_92-12_59021/final_results.json",
        "statistics": "crData/Planificación_Estratégica_2858/Planificación_Estratégica_92-12_59021/statistics_results.json"
      },
      "processing_time": 2.4721620082855225,
      "total_crossref": 100363,
      "crossref_percentage": 0.015942130067853694
    }
  },
  "total_duplicates": 0,
  "monthly_files": {
    "92-01": {
      "base_folder": "crData/Planificación_Estratégica_2858/Planificación_Estratégica_92-01_58247",
      "term_results_folder": "crData/Planificación_Estratégica_2858/Planificación_Estratégica_92-01_58247/term_results",
      "merged": "crData/Planificación_Estratégica_2858/Planificación_Estratégica_92-01_58247/merged_results.json",
      "filtered": "crData/Planificación_Estratégica_2858/Planificación_Estratégica_92-01_58247/filtered_results.json",
      "final": "crData/Planificación_Estratégica_2858/Planificación_Estratégica_92-01_58247/final_results.json",
      "statistics": "crData/Planificación_Estratégica_2858/Planificación_Estratégica_92-01_58247/statistics_results.json"
    },
    "92-02": {
      "base_folder": "crData/Planificación_Estratégica_2858/Planificación_Estratégica_92-02_58282",
      "term_results_folder": "crData/Planificación_Estratégica_2858/Planificación_Estratégica_92-02_58282/term_results",
      "merged": "crData/Planificación_Estratégica_2858/Planificación_Estratégica_92-02_58282/merged_results.json",
      "filtered": "crData/Planificación_Estratégica_2858/Planificación_Estratégica_92-02_58282/filtered_results.json",
      "final": "crData/Planificación_Estratégica_2858/Planificación_Estratégica_92-02_58282/final_results.json",
      "statistics": "crData/Planificación_Estratégica_2858/Planificación_Estratégica_92-02_58282/statistics_results.json"
    },
    "92-03": {
      "base_folder": "crData/Planificación_Estratégica_2858/Planificación_Estratégica_92-03_58323",
      "term_results_folder": "crData/Planificación_Estratégica_2858/Planificación_Estratégica_92-03_58323/term_results",
      "merged": "crData/Planificación_Estratégica_2858/Planificación_Estratégica_92-03_58323/merged_results.json",
      "filtered": "crData/Planificación_Estratégica_2858/Planificación_Estratégica_92-03_58323/filtered_results.json",
      "final": "crData/Planificación_Estratégica_2858/Planificación_Estratégica_92-03_58323/final_results.json",
      "statistics": "crData/Planificación_Estratégica_2858/Planificación_Estratégica_92-03_58323/statistics_results.json"
    },
    "92-04": {
      "base_folder": "crData/Planificación_Estratégica_2858/Planificación_Estratégica_92-04_58359",
      "term_results_folder": "crData/Planificación_Estratégica_2858/Planificación_Estratégica_92-04_58359/term_results",
      "merged": "crData/Planificación_Estratégica_2858/Planificación_Estratégica_92-04_58359/merged_results.json",
      "filtered": "crData/Planificación_Estratégica_2858/Planificación_Estratégica_92-04_58359/filtered_results.json",
      "final": "crData/Planificación_Estratégica_2858/Planificación_Estratégica_92-04_58359/final_results.json",
      "statistics": "crData/Planificación_Estratégica_2858/Planificación_Estratégica_92-04_58359/statistics_results.json"
    },
    "92-05": {
      "base_folder": "crData/Planificación_Estratégica_2858/Planificación_Estratégica_92-05_58387",
      "term_results_folder": "crData/Planificación_Estratégica_2858/Planificación_Estratégica_92-05_58387/term_results",
      "merged": "crData/Planificación_Estratégica_2858/Planificación_Estratégica_92-05_58387/merged_results.json",
      "filtered": "crData/Planificación_Estratégica_2858/Planificación_Estratégica_92-05_58387/filtered_results.json",
      "final": "crData/Planificación_Estratégica_2858/Planificación_Estratégica_92-05_58387/final_results.json",
      "statistics": "crData/Planificación_Estratégica_2858/Planificación_Estratégica_92-05_58387/statistics_results.json"
    },
    "92-06": {
      "base_folder": "crData/Planificación_Estratégica_2858/Planificación_Estratégica_92-06_58417",
      "term_results_folder": "crData/Planificación_Estratégica_2858/Planificación_Estratégica_92-06_58417/term_results",
      "merged": "crData/Planificación_Estratégica_2858/Planificación_Estratégica_92-06_58417/merged_results.json",
      "filtered": "crData/Planificación_Estratégica_2858/Planificación_Estratégica_92-06_58417/filtered_results.json",
      "final": "crData/Planificación_Estratégica_2858/Planificación_Estratégica_92-06_58417/final_results.json",
      "statistics": "crData/Planificación_Estratégica_2858/Planificación_Estratégica_92-06_58417/statistics_results.json"
    },
    "92-07": {
      "base_folder": "crData/Planificación_Estratégica_2858/Planificación_Estratégica_92-07_58455",
      "term_results_folder": "crData/Planificación_Estratégica_2858/Planificación_Estratégica_92-07_58455/term_results",
      "merged": "crData/Planificación_Estratégica_2858/Planificación_Estratégica_92-07_58455/merged_results.json",
      "filtered": "crData/Planificación_Estratégica_2858/Planificación_Estratégica_92-07_58455/filtered_results.json",
      "final": "crData/Planificación_Estratégica_2858/Planificación_Estratégica_92-07_58455/final_results.json",
      "statistics": "crData/Planificación_Estratégica_2858/Planificación_Estratégica_92-07_58455/statistics_results.json"
    },
    "92-08": {
      "base_folder": "crData/Planificación_Estratégica_2858/Planificación_Estratégica_92-08_58490",
      "term_results_folder": "crData/Planificación_Estratégica_2858/Planificación_Estratégica_92-08_58490/term_results",
      "merged": "crData/Planificación_Estratégica_2858/Planificación_Estratégica_92-08_58490/merged_results.json",
      "filtered": "crData/Planificación_Estratégica_2858/Planificación_Estratégica_92-08_58490/filtered_results.json",
      "final": "crData/Planificación_Estratégica_2858/Planificación_Estratégica_92-08_58490/final_results.json",
      "statistics": "crData/Planificación_Estratégica_2858/Planificación_Estratégica_92-08_58490/statistics_results.json"
    },
    "92-09": {
      "base_folder": "crData/Planificación_Estratégica_2858/Planificación_Estratégica_92-09_58521",
      "term_results_folder": "crData/Planificación_Estratégica_2858/Planificación_Estratégica_92-09_58521/term_results",
      "merged": "crData/Planificación_Estratégica_2858/Planificación_Estratégica_92-09_58521/merged_results.json",
      "filtered": "crData/Planificación_Estratégica_2858/Planificación_Estratégica_92-09_58521/filtered_results.json",
      "final": "crData/Planificación_Estratégica_2858/Planificación_Estratégica_92-09_58521/final_results.json",
      "statistics": "crData/Planificación_Estratégica_2858/Planificación_Estratégica_92-09_58521/statistics_results.json"
    },
    "92-10": {
      "base_folder": "crData/Planificación_Estratégica_2858/Planificación_Estratégica_92-10_58557",
      "term_results_folder": "crData/Planificación_Estratégica_2858/Planificación_Estratégica_92-10_58557/term_results",
      "merged": "crData/Planificación_Estratégica_2858/Planificación_Estratégica_92-10_58557/merged_results.json",
      "filtered": "crData/Planificación_Estratégica_2858/Planificación_Estratégica_92-10_58557/filtered_results.json",
      "final": "crData/Planificación_Estratégica_2858/Planificación_Estratégica_92-10_58557/final_results.json",
      "statistics": "crData/Planificación_Estratégica_2858/Planificación_Estratégica_92-10_58557/statistics_results.json"
    },
    "92-11": {
      "base_folder": "crData/Planificación_Estratégica_2858/Planificación_Estratégica_92-11_58587",
      "term_results_folder": "crData/Planificación_Estratégica_2858/Planificación_Estratégica_92-11_58587/term_results",
      "merged": "crData/Planificación_Estratégica_2858/Planificación_Estratégica_92-11_58587/merged_results.json",
      "filtered": "crData/Planificación_Estratégica_2858/Planificación_Estratégica_92-11_58587/filtered_results.json",
      "final": "crData/Planificación_Estratégica_2858/Planificación_Estratégica_92-11_58587/final_results.json",
      "statistics": "crData/Planificación_Estratégica_2858/Planificación_Estratégica_92-11_58587/statistics_results.json"
    },
    "92-12": {
      "base_folder": "crData/Planificación_Estratégica_2858/Planificación_Estratégica_92-12_59021",
      "term_results_folder": "crData/Planificación_Estratégica_2858/Planificación_Estratégica_92-12_59021/term_results",
      "merged": "crData/Planificación_Estratégica_2858/Planificación_Estratégica_92-12_59021/merged_results.json",
      "filtered": "crData/Planificación_Estratégica_2858/Planificación_Estratégica_92-12_59021/filtered_results.json",
      "final": "crData/Planificación_Estratégica_2858/Planificación_Estratégica_92-12_59021/final_results.json",
      "statistics": "crData/Planificación_Estratégica_2858/Planificación_Estratégica_92-12_59021/statistics_results.json"
    }
  }
}