{
  "tool_name": "Planificación de Escenarios",
  "year": "2019",
  "monthly_stats": {
    "19-01": {
      "tool_name": "Planificación de Escenarios",
      "batch_id": "13493",
      "date": "19-01",
      "initial_count": 8636,
      "filtered_count": 69,
      "final_count": 57,
      "duplicate_count": 0,
      "terms": {
        "Scenario": 756,
        "Planning": 7896
      },
      "file_paths": {
        "base_folder": "crData/Planificación_de_Escenarios_2217/Planificación_de_Escenarios_19-01_13493",
        "term_results_folder": "crData/Planificación_de_Escenarios_2217/Planificación_de_Escenarios_19-01_13493/term_results",
        "merged": "crData/Planificación_de_Escenarios_2217/Planificación_de_Escenarios_19-01_13493/merged_results.json",
        "filtered": "crData/Planificación_de_Escenarios_2217/Planificación_de_Escenarios_19-01_13493/filtered_results.json",
        "final": "crData/Planificación_de_Escenarios_2217/Planificación_de_Escenarios_19-01_13493/final_results.json",
        "statistics": "crData/Planificación_de_Escenarios_2217/Planificación_de_Escenarios_19-01_13493/statistics_results.json"
      },
      "processing_time": 25.42051076889038,
      "total_crossref": 1458403,
      "crossref_percentage": 0.0039083847194499735
    },
    "19-02": {
      "tool_name": "Planificación de Escenarios",
      "batch_id": "14162",
      "date": "19-02",
      "initial_count": 2195,
      "filtered_count": 14,
      "final_count": 10,
      "duplicate_count": 0,
      "terms": {
        "Scenario": 143,
        "Planning": 2056
      },
      "file_paths": {
        "base_folder": "crData/Planificación_de_Escenarios_2217/Planificación_de_Escenarios_19-02_14162",
        "term_results_folder": "crData/Planificación_de_Escenarios_2217/Planificación_de_Escenarios_19-02_14162/term_results",
        "merged": "crData/Planificación_de_Escenarios_2217/Planificación_de_Escenarios_19-02_14162/merged_results.json",
        "filtered": "crData/Planificación_de_Escenarios_2217/Planificación_de_Escenarios_19-02_14162/filtered_results.json",
        "final": "crData/Planificación_de_Escenarios_2217/Planificación_de_Escenarios_19-02_14162/final_results.json",
        "statistics": "crData/Planificación_de_Escenarios_2217/Planificación_de_Escenarios_19-02_14162/statistics_results.json"
      },
      "processing_time": 9.366671085357666,
      "total_crossref": 331422,
      "crossref_percentage": 0.0030173012051101012
    },
    "19-03": {
      "tool_name": "Planificación de Escenarios",
      "batch_id": "14271",
      "date": "19-03",
      "initial_count": 2625,
      "filtered_count": 18,
      "final_count": 15,
      "duplicate_count": 0,
      "terms": {
        "Scenario": 204,
        "Planning": 2425
      },
      "file_paths": {
        "base_folder": "crData/Planificación_de_Escenarios_2217/Planificación_de_Escenarios_19-03_14271",
        "term_results_folder": "crData/Planificación_de_Escenarios_2217/Planificación_de_Escenarios_19-03_14271/term_results",
        "merged": "crData/Planificación_de_Escenarios_2217/Planificación_de_Escenarios_19-03_14271/merged_results.json",
        "filtered": "crData/Planificación_de_Escenarios_2217/Planificación_de_Escenarios_19-03_14271/filtered_results.json",
        "final": "crData/Planificación_de_Escenarios_2217/Planificación_de_Escenarios_19-03_14271/final_results.json",
        "statistics": "crData/Planificación_de_Escenarios_2217/Planificación_de_Escenarios_19-03_14271/statistics_results.json"
      },
      "processing_time": 10.249380826950073,
      "total_crossref": 427341,
      "crossref_percentage": 0.0035100774323081566
    },
    "19-04": {
      "tool_name": "Planificación de Escenarios",
      "batch_id": "14388",
      "date": "19-04",
      "initial_count": 2701,
      "filtered_count": 17,
      "final_count": 14,
      "duplicate_count": 0,
      "terms": {
        "Scenario": 170,
        "Planning": 2535
      },
      "file_paths": {
        "base_folder": "crData/Planificación_de_Escenarios_2217/Planificación_de_Escenarios_19-04_14388",
        "term_results_folder": "crData/Planificación_de_Escenarios_2217/Planificación_de_Escenarios_19-04_14388/term_results",
        "merged": "crData/Planificación_de_Escenarios_2217/Planificación_de_Escenarios_19-04_14388/merged_results.json",
        "filtered": "crData/Planificación_de_Escenarios_2217/Planificación_de_Escenarios_19-04_14388/filtered_results.json",
        "final": "crData/Planificación_de_Escenarios_2217/Planificación_de_Escenarios_19-04_14388/final_results.json",
        "statistics": "crData/Planificación_de_Escenarios_2217/Planificación_de_Escenarios_19-04_14388/statistics_results.json"
      },
      "processing_time": 10.268380880355835,
      "total_crossref": 417374,
      "crossref_percentage": 0.003354305730591747
    },
    "19-05": {
      "tool_name": "Planificación de Escenarios",
      "batch_id": "14506",
      "date": "19-05",
      "initial_count": 2667,
      "filtered_count": 11,
      "final_count": 8,
      "duplicate_count": 0,
      "terms": {
        "Scenario": 153,
        "Planning": 2517
      },
      "file_paths": {
        "base_folder": "crData/Planificación_de_Escenarios_2217/Planificación_de_Escenarios_19-05_14506",
        "term_results_folder": "crData/Planificación_de_Escenarios_2217/Planificación_de_Escenarios_19-05_14506/term_results",
        "merged": "crData/Planificación_de_Escenarios_2217/Planificación_de_Escenarios_19-05_14506/merged_results.json",
        "filtered": "crData/Planificación_de_Escenarios_2217/Planificación_de_Escenarios_19-05_14506/filtered_results.json",
        "final": "crData/Planificación_de_Escenarios_2217/Planificación_de_Escenarios_19-05_14506/final_results.json",
        "statistics": "crData/Planificación_de_Escenarios_2217/Planificación_de_Escenarios_19-05_14506/statistics_results.json"
      },
      "processing_time": 10.112544059753418,
      "total_crossref": 423812,
      "crossref_percentage": 0.0018876294205921493
    },
    "19-06": {
      "tool_name": "Planificación de Escenarios",
      "batch_id": "15022",
      "date": "19-06",
      "initial_count": 3206,
      "filtered_count": 24,
      "final_count": 20,
      "duplicate_count": 0,
      "terms": {
        "Scenario": 231,
        "Planning": 2986
      },
      "file_paths": {
        "base_folder": "crData/Planificación_de_Escenarios_2217/Planificación_de_Escenarios_19-06_15022",
        "term_results_folder": "crData/Planificación_de_Escenarios_2217/Planificación_de_Escenarios_19-06_15022/term_results",
        "merged": "crData/Planificación_de_Escenarios_2217/Planificación_de_Escenarios_19-06_15022/merged_results.json",
        "filtered": "crData/Planificación_de_Escenarios_2217/Planificación_de_Escenarios_19-06_15022/filtered_results.json",
        "final": "crData/Planificación_de_Escenarios_2217/Planificación_de_Escenarios_19-06_15022/final_results.json",
        "statistics": "crData/Planificación_de_Escenarios_2217/Planificación_de_Escenarios_19-06_15022/statistics_results.json"
      },
      "processing_time": 15.09285306930542,
      "total_crossref": 471961,
      "crossref_percentage": 0.004237638279434106
    },
    "19-07": {
      "tool_name": "Planificación de Escenarios",
      "batch_id": "15188",
      "date": "19-07",
      "initial_count": 3193,
      "filtered_count": 15,
      "final_count": 13,
      "duplicate_count": 0,
      "terms": {
        "Scenario": 191,
        "Planning": 3005
      },
      "file_paths": {
        "base_folder": "crData/Planificación_de_Escenarios_2217/Planificación_de_Escenarios_19-07_15188",
        "term_results_folder": "crData/Planificación_de_Escenarios_2217/Planificación_de_Escenarios_19-07_15188/term_results",
        "merged": "crData/Planificación_de_Escenarios_2217/Planificación_de_Escenarios_19-07_15188/merged_results.json",
        "filtered": "crData/Planificación_de_Escenarios_2217/Planificación_de_Escenarios_19-07_15188/filtered_results.json",
        "final": "crData/Planificación_de_Escenarios_2217/Planificación_de_Escenarios_19-07_15188/final_results.json",
        "statistics": "crData/Planificación_de_Escenarios_2217/Planificación_de_Escenarios_19-07_15188/statistics_results.json"
      },
      "processing_time": 10.6823148727417,
      "total_crossref": 440473,
      "crossref_percentage": 0.002951372728861928
    },
    "19-08": {
      "tool_name": "Planificación de Escenarios",
      "batch_id": "15310",
      "date": "19-08",
      "initial_count": 2485,
      "filtered_count": 15,
      "final_count": 13,
      "duplicate_count": 0,
      "terms": {
        "Scenario": 221,
        "Planning": 2267
      },
      "file_paths": {
        "base_folder": "crData/Planificación_de_Escenarios_2217/Planificación_de_Escenarios_19-08_15310",
        "term_results_folder": "crData/Planificación_de_Escenarios_2217/Planificación_de_Escenarios_19-08_15310/term_results",
        "merged": "crData/Planificación_de_Escenarios_2217/Planificación_de_Escenarios_19-08_15310/merged_results.json",
        "filtered": "crData/Planificación_de_Escenarios_2217/Planificación_de_Escenarios_19-08_15310/filtered_results.json",
        "final": "crData/Planificación_de_Escenarios_2217/Planificación_de_Escenarios_19-08_15310/final_results.json",
        "statistics": "crData/Planificación_de_Escenarios_2217/Planificación_de_Escenarios_19-08_15310/statistics_results.json"
      },
      "processing_time": 9.141586780548096,
      "total_crossref": 387587,
      "crossref_percentage": 0.003354085663347842
    },
    "19-09": {
      "tool_name": "Planificación de Escenarios",
      "batch_id": "15417",
      "date": "19-09",
      "initial_count": 2837,
      "filtered_count": 14,
      "final_count": 14,
      "duplicate_count": 0,
      "terms": {
        "Scenario": 184,
        "Planning": 2658
      },
      "file_paths": {
        "base_folder": "crData/Planificación_de_Escenarios_2217/Planificación_de_Escenarios_19-09_15417",
        "term_results_folder": "crData/Planificación_de_Escenarios_2217/Planificación_de_Escenarios_19-09_15417/term_results",
        "merged": "crData/Planificación_de_Escenarios_2217/Planificación_de_Escenarios_19-09_15417/merged_results.json",
        "filtered": "crData/Planificación_de_Escenarios_2217/Planificación_de_Escenarios_19-09_15417/filtered_results.json",
        "final": "crData/Planificación_de_Escenarios_2217/Planificación_de_Escenarios_19-09_15417/final_results.json",
        "statistics": "crData/Planificación_de_Escenarios_2217/Planificación_de_Escenarios_19-09_15417/statistics_results.json"
      },
      "processing_time": 11.052523136138916,
      "total_crossref": 446645,
      "crossref_percentage": 0.003134480403900189
    },
    "19-10": {
      "tool_name": "Planificación de Escenarios",
      "batch_id": "15542",
      "date": "19-10",
      "initial_count": 3314,
      "filtered_count": 26,
      "final_count": 18,
      "duplicate_count": 0,
      "terms": {
        "Scenario": 202,
        "Planning": 3117
      },
      "file_paths": {
        "base_folder": "crData/Planificación_de_Escenarios_2217/Planificación_de_Escenarios_19-10_15542",
        "term_results_folder": "crData/Planificación_de_Escenarios_2217/Planificación_de_Escenarios_19-10_15542/term_results",
        "merged": "crData/Planificación_de_Escenarios_2217/Planificación_de_Escenarios_19-10_15542/merged_results.json",
        "filtered": "crData/Planificación_de_Escenarios_2217/Planificación_de_Escenarios_19-10_15542/filtered_results.json",
        "final": "crData/Planificación_de_Escenarios_2217/Planificación_de_Escenarios_19-10_15542/final_results.json",
        "statistics": "crData/Planificación_de_Escenarios_2217/Planificación_de_Escenarios_19-10_15542/statistics_results.json"
      },
      "processing_time": 13.489588975906372,
      "total_crossref": 468986,
      "crossref_percentage": 0.0038380676608683415
    },
    "19-11": {
      "tool_name": "Planificación de Escenarios",
      "batch_id": "16093",
      "date": "19-11",
      "initial_count": 3193,
      "filtered_count": 23,
      "final_count": 17,
      "duplicate_count": 0,
      "terms": {
        "Scenario": 205,
        "Planning": 2992
      },
      "file_paths": {
        "base_folder": "crData/Planificación_de_Escenarios_2217/Planificación_de_Escenarios_19-11_16093",
        "term_results_folder": "crData/Planificación_de_Escenarios_2217/Planificación_de_Escenarios_19-11_16093/term_results",
        "merged": "crData/Planificación_de_Escenarios_2217/Planificación_de_Escenarios_19-11_16093/merged_results.json",
        "filtered": "crData/Planificación_de_Escenarios_2217/Planificación_de_Escenarios_19-11_16093/filtered_results.json",
        "final": "crData/Planificación_de_Escenarios_2217/Planificación_de_Escenarios_19-11_16093/final_results.json",
        "statistics": "crData/Planificación_de_Escenarios_2217/Planificación_de_Escenarios_19-11_16093/statistics_results.json"
      },
      "processing_time": 11.153527975082397,
      "total_crossref": 514977,
      "crossref_percentage": 0.0033011183023707855
    },
    "19-12": {
      "tool_name": "Planificación de Escenarios",
      "batch_id": "16219",
      "date": "19-12",
      "initial_count": 3678,
      "filtered_count": 19,
      "final_count": 13,
      "duplicate_count": 0,
      "terms": {
        "Scenario": 238,
        "Planning": 3453
      },
      "file_paths": {
        "base_folder": "crData/Planificación_de_Escenarios_2217/Planificación_de_Escenarios_19-12_16219",
        "term_results_folder": "crData/Planificación_de_Escenarios_2217/Planificación_de_Escenarios_19-12_16219/term_results",
        "merged": "crData/Planificación_de_Escenarios_2217/Planificación_de_Escenarios_19-12_16219/merged_results.json",
        "filtered": "crData/Planificación_de_Escenarios_2217/Planificación_de_Escenarios_19-12_16219/filtered_results.json",
        "final": "crData/Planificación_de_Escenarios_2217/Planificación_de_Escenarios_19-12_16219/final_results.json",
        "statistics": "crData/Planificación_de_Escenarios_2217/Planificación_de_Escenarios_19-12_16219/statistics_results.json"
      },
      "processing_time": 12.80463719367981,
      "total_crossref": 684125,
      "crossref_percentage": 0.0019002375296912114
    }
  },
  "total_duplicates": 0,
  "monthly_files": {
    "19-01": {
      "base_folder": "crData/Planificación_de_Escenarios_2217/Planificación_de_Escenarios_19-01_13493",
      "term_results_folder": "crData/Planificación_de_Escenarios_2217/Planificación_de_Escenarios_19-01_13493/term_results",
      "merged": "crData/Planificación_de_Escenarios_2217/Planificación_de_Escenarios_19-01_13493/merged_results.json",
      "filtered": "crData/Planificación_de_Escenarios_2217/Planificación_de_Escenarios_19-01_13493/filtered_results.json",
      "final": "crData/Planificación_de_Escenarios_2217/Planificación_de_Escenarios_19-01_13493/final_results.json",
      "statistics": "crData/Planificación_de_Escenarios_2217/Planificación_de_Escenarios_19-01_13493/statistics_results.json"
    },
    "19-02": {
      "base_folder": "crData/Planificación_de_Escenarios_2217/Planificación_de_Escenarios_19-02_14162",
      "term_results_folder": "crData/Planificación_de_Escenarios_2217/Planificación_de_Escenarios_19-02_14162/term_results",
      "merged": "crData/Planificación_de_Escenarios_2217/Planificación_de_Escenarios_19-02_14162/merged_results.json",
      "filtered": "crData/Planificación_de_Escenarios_2217/Planificación_de_Escenarios_19-02_14162/filtered_results.json",
      "final": "crData/Planificación_de_Escenarios_2217/Planificación_de_Escenarios_19-02_14162/final_results.json",
      "statistics": "crData/Planificación_de_Escenarios_2217/Planificación_de_Escenarios_19-02_14162/statistics_results.json"
    },
    "19-03": {
      "base_folder": "crData/Planificación_de_Escenarios_2217/Planificación_de_Escenarios_19-03_14271",
      "term_results_folder": "crData/Planificación_de_Escenarios_2217/Planificación_de_Escenarios_19-03_14271/term_results",
      "merged": "crData/Planificación_de_Escenarios_2217/Planificación_de_Escenarios_19-03_14271/merged_results.json",
      "filtered": "crData/Planificación_de_Escenarios_2217/Planificación_de_Escenarios_19-03_14271/filtered_results.json",
      "final": "crData/Planificación_de_Escenarios_2217/Planificación_de_Escenarios_19-03_14271/final_results.json",
      "statistics": "crData/Planificación_de_Escenarios_2217/Planificación_de_Escenarios_19-03_14271/statistics_results.json"
    },
    "19-04": {
      "base_folder": "crData/Planificación_de_Escenarios_2217/Planificación_de_Escenarios_19-04_14388",
      "term_results_folder": "crData/Planificación_de_Escenarios_2217/Planificación_de_Escenarios_19-04_14388/term_results",
      "merged": "crData/Planificación_de_Escenarios_2217/Planificación_de_Escenarios_19-04_14388/merged_results.json",
      "filtered": "crData/Planificación_de_Escenarios_2217/Planificación_de_Escenarios_19-04_14388/filtered_results.json",
      "final": "crData/Planificación_de_Escenarios_2217/Planificación_de_Escenarios_19-04_14388/final_results.json",
      "statistics": "crData/Planificación_de_Escenarios_2217/Planificación_de_Escenarios_19-04_14388/statistics_results.json"
    },
    "19-05": {
      "base_folder": "crData/Planificación_de_Escenarios_2217/Planificación_de_Escenarios_19-05_14506",
      "term_results_folder": "crData/Planificación_de_Escenarios_2217/Planificación_de_Escenarios_19-05_14506/term_results",
      "merged": "crData/Planificación_de_Escenarios_2217/Planificación_de_Escenarios_19-05_14506/merged_results.json",
      "filtered": "crData/Planificación_de_Escenarios_2217/Planificación_de_Escenarios_19-05_14506/filtered_results.json",
      "final": "crData/Planificación_de_Escenarios_2217/Planificación_de_Escenarios_19-05_14506/final_results.json",
      "statistics": "crData/Planificación_de_Escenarios_2217/Planificación_de_Escenarios_19-05_14506/statistics_results.json"
    },
    "19-06": {
      "base_folder": "crData/Planificación_de_Escenarios_2217/Planificación_de_Escenarios_19-06_15022",
      "term_results_folder": "crData/Planificación_de_Escenarios_2217/Planificación_de_Escenarios_19-06_15022/term_results",
      "merged": "crData/Planificación_de_Escenarios_2217/Planificación_de_Escenarios_19-06_15022/merged_results.json",
      "filtered": "crData/Planificación_de_Escenarios_2217/Planificación_de_Escenarios_19-06_15022/filtered_results.json",
      "final": "crData/Planificación_de_Escenarios_2217/Planificación_de_Escenarios_19-06_15022/final_results.json",
      "statistics": "crData/Planificación_de_Escenarios_2217/Planificación_de_Escenarios_19-06_15022/statistics_results.json"
    },
    "19-07": {
      "base_folder": "crData/Planificación_de_Escenarios_2217/Planificación_de_Escenarios_19-07_15188",
      "term_results_folder": "crData/Planificación_de_Escenarios_2217/Planificación_de_Escenarios_19-07_15188/term_results",
      "merged": "crData/Planificación_de_Escenarios_2217/Planificación_de_Escenarios_19-07_15188/merged_results.json",
      "filtered": "crData/Planificación_de_Escenarios_2217/Planificación_de_Escenarios_19-07_15188/filtered_results.json",
      "final": "crData/Planificación_de_Escenarios_2217/Planificación_de_Escenarios_19-07_15188/final_results.json",
      "statistics": "crData/Planificación_de_Escenarios_2217/Planificación_de_Escenarios_19-07_15188/statistics_results.json"
    },
    "19-08": {
      "base_folder": "crData/Planificación_de_Escenarios_2217/Planificación_de_Escenarios_19-08_15310",
      "term_results_folder": "crData/Planificación_de_Escenarios_2217/Planificación_de_Escenarios_19-08_15310/term_results",
      "merged": "crData/Planificación_de_Escenarios_2217/Planificación_de_Escenarios_19-08_15310/merged_results.json",
      "filtered": "crData/Planificación_de_Escenarios_2217/Planificación_de_Escenarios_19-08_15310/filtered_results.json",
      "final": "crData/Planificación_de_Escenarios_2217/Planificación_de_Escenarios_19-08_15310/final_results.json",
      "statistics": "crData/Planificación_de_Escenarios_2217/Planificación_de_Escenarios_19-08_15310/statistics_results.json"
    },
    "19-09": {
      "base_folder": "crData/Planificación_de_Escenarios_2217/Planificación_de_Escenarios_19-09_15417",
      "term_results_folder": "crData/Planificación_de_Escenarios_2217/Planificación_de_Escenarios_19-09_15417/term_results",
      "merged": "crData/Planificación_de_Escenarios_2217/Planificación_de_Escenarios_19-09_15417/merged_results.json",
      "filtered": "crData/Planificación_de_Escenarios_2217/Planificación_de_Escenarios_19-09_15417/filtered_results.json",
      "final": "crData/Planificación_de_Escenarios_2217/Planificación_de_Escenarios_19-09_15417/final_results.json",
      "statistics": "crData/Planificación_de_Escenarios_2217/Planificación_de_Escenarios_19-09_15417/statistics_results.json"
    },
    "19-10": {
      "base_folder": "crData/Planificación_de_Escenarios_2217/Planificación_de_Escenarios_19-10_15542",
      "term_results_folder": "crData/Planificación_de_Escenarios_2217/Planificación_de_Escenarios_19-10_15542/term_results",
      "merged": "crData/Planificación_de_Escenarios_2217/Planificación_de_Escenarios_19-10_15542/merged_results.json",
      "filtered": "crData/Planificación_de_Escenarios_2217/Planificación_de_Escenarios_19-10_15542/filtered_results.json",
      "final": "crData/Planificación_de_Escenarios_2217/Planificación_de_Escenarios_19-10_15542/final_results.json",
      "statistics": "crData/Planificación_de_Escenarios_2217/Planificación_de_Escenarios_19-10_15542/statistics_results.json"
    },
    "19-11": {
      "base_folder": "crData/Planificación_de_Escenarios_2217/Planificación_de_Escenarios_19-11_16093",
      "term_results_folder": "crData/Planificación_de_Escenarios_2217/Planificación_de_Escenarios_19-11_16093/term_results",
      "merged": "crData/Planificación_de_Escenarios_2217/Planificación_de_Escenarios_19-11_16093/merged_results.json",
      "filtered": "crData/Planificación_de_Escenarios_2217/Planificación_de_Escenarios_19-11_16093/filtered_results.json",
      "final": "crData/Planificación_de_Escenarios_2217/Planificación_de_Escenarios_19-11_16093/final_results.json",
      "statistics": "crData/Planificación_de_Escenarios_2217/Planificación_de_Escenarios_19-11_16093/statistics_results.json"
    },
    "19-12": {
      "base_folder": "crData/Planificación_de_Escenarios_2217/Planificación_de_Escenarios_19-12_16219",
      "term_results_folder": "crData/Planificación_de_Escenarios_2217/Planificación_de_Escenarios_19-12_16219/term_results",
      "merged": "crData/Planificación_de_Escenarios_2217/Planificación_de_Escenarios_19-12_16219/merged_results.json",
      "filtered": "crData/Planificación_de_Escenarios_2217/Planificación_de_Escenarios_19-12_16219/filtered_results.json",
      "final": "crData/Planificación_de_Escenarios_2217/Planificación_de_Escenarios_19-12_16219/final_results.json",
      "statistics": "crData/Planificación_de_Escenarios_2217/Planificación_de_Escenarios_19-12_16219/statistics_results.json"
    }
  }
}