{
  "tool_name": "Planificación de Escenarios",
  "year": "1989",
  "monthly_stats": {
    "89-01": {
      "tool_name": "Planificación de Escenarios",
      "batch_id": "35190",
      "date": "89-01",
      "initial_count": 1751,
      "filtered_count": 9,
      "final_count": 8,
      "duplicate_count": 0,
      "terms": {
        "Scenario": 38,
        "Planning": 1717
      },
      "file_paths": {
        "base_folder": "crData/Planificación_de_Escenarios_2217/Planificación_de_Escenarios_89-01_35190",
        "term_results_folder": "crData/Planificación_de_Escenarios_2217/Planificación_de_Escenarios_89-01_35190/term_results",
        "merged": "crData/Planificación_de_Escenarios_2217/Planificación_de_Escenarios_89-01_35190/merged_results.json",
        "filtered": "crData/Planificación_de_Escenarios_2217/Planificación_de_Escenarios_89-01_35190/filtered_results.json",
        "final": "crData/Planificación_de_Escenarios_2217/Planificación_de_Escenarios_89-01_35190/final_results.json",
        "statistics": "crData/Planificación_de_Escenarios_2217/Planificación_de_Escenarios_89-01_35190/statistics_results.json"
      },
      "processing_time": 4.9075822830200195,
      "total_crossref": 401987,
      "crossref_percentage": 0.0019901141081676774
    },
    "89-02": {
      "tool_name": "Planificación de Escenarios",
      "batch_id": "35254",
      "date": "89-02",
      "initial_count": 198,
      "filtered_count": 3,
      "final_count": 3,
      "duplicate_count": 0,
      "terms": {
        "Scenario": 2,
        "Planning": 196
      },
      "file_paths": {
        "base_folder": "crData/Planificación_de_Escenarios_2217/Planificación_de_Escenarios_89-02_35254",
        "term_results_folder": "crData/Planificación_de_Escenarios_2217/Planificación_de_Escenarios_89-02_35254/term_results",
        "merged": "crData/Planificación_de_Escenarios_2217/Planificación_de_Escenarios_89-02_35254/merged_results.json",
        "filtered": "crData/Planificación_de_Escenarios_2217/Planificación_de_Escenarios_89-02_35254/filtered_results.json",
        "final": "crData/Planificación_de_Escenarios_2217/Planificación_de_Escenarios_89-02_35254/final_results.json",
        "statistics": "crData/Planificación_de_Escenarios_2217/Planificación_de_Escenarios_89-02_35254/statistics_results.json"
      },
      "processing_time": 1.8739509582519531,
      "total_crossref": 51295,
      "crossref_percentage": 0.005848523247879911
    },
    "89-03": {
      "tool_name": "Planificación de Escenarios",
      "batch_id": "35288",
      "date": "89-03",
      "initial_count": 304,
      "filtered_count": 1,
      "final_count": 1,
      "duplicate_count": 0,
      "terms": {
        "Scenario": 5,
        "Planning": 299
      },
      "file_paths": {
        "base_folder": "crData/Planificación_de_Escenarios_2217/Planificación_de_Escenarios_89-03_35288",
        "term_results_folder": "crData/Planificación_de_Escenarios_2217/Planificación_de_Escenarios_89-03_35288/term_results",
        "merged": "crData/Planificación_de_Escenarios_2217/Planificación_de_Escenarios_89-03_35288/merged_results.json",
        "filtered": "crData/Planificación_de_Escenarios_2217/Planificación_de_Escenarios_89-03_35288/filtered_results.json",
        "final": "crData/Planificación_de_Escenarios_2217/Planificación_de_Escenarios_89-03_35288/final_results.json",
        "statistics": "crData/Planificación_de_Escenarios_2217/Planificación_de_Escenarios_89-03_35288/statistics_results.json"
      },
      "processing_time": 2.1644699573516846,
      "total_crossref": 68874,
      "crossref_percentage": 0.0014519267067398438
    },
    "89-04": {
      "tool_name": "Planificación de Escenarios",
      "batch_id": "35324",
      "date": "89-04",
      "initial_count": 178,
      "filtered_count": 5,
      "final_count": 3,
      "duplicate_count": 0,
      "terms": {
        "Scenario": 7,
        "Planning": 172
      },
      "file_paths": {
        "base_folder": "crData/Planificación_de_Escenarios_2217/Planificación_de_Escenarios_89-04_35324",
        "term_results_folder": "crData/Planificación_de_Escenarios_2217/Planificación_de_Escenarios_89-04_35324/term_results",
        "merged": "crData/Planificación_de_Escenarios_2217/Planificación_de_Escenarios_89-04_35324/merged_results.json",
        "filtered": "crData/Planificación_de_Escenarios_2217/Planificación_de_Escenarios_89-04_35324/filtered_results.json",
        "final": "crData/Planificación_de_Escenarios_2217/Planificación_de_Escenarios_89-04_35324/final_results.json",
        "statistics": "crData/Planificación_de_Escenarios_2217/Planificación_de_Escenarios_89-04_35324/statistics_results.json"
      },
      "processing_time": 2.030327081680298,
      "total_crossref": 60968,
      "crossref_percentage": 0.0049206140926387615
    },
    "89-05": {
      "tool_name": "Planificación de Escenarios",
      "batch_id": "35360",
      "date": "89-05",
      "initial_count": 220,
      "filtered_count": 0,
      "final_count": 0,
      "duplicate_count": 0,
      "terms": {
        "Scenario": 3,
        "Planning": 217
      },
      "file_paths": {
        "base_folder": "crData/Planificación_de_Escenarios_2217/Planificación_de_Escenarios_89-05_35360",
        "term_results_folder": "crData/Planificación_de_Escenarios_2217/Planificación_de_Escenarios_89-05_35360/term_results",
        "merged": "crData/Planificación_de_Escenarios_2217/Planificación_de_Escenarios_89-05_35360/merged_results.json",
        "filtered": "crData/Planificación_de_Escenarios_2217/Planificación_de_Escenarios_89-05_35360/filtered_results.json",
        "final": "crData/Planificación_de_Escenarios_2217/Planificación_de_Escenarios_89-05_35360/final_results.json",
        "statistics": "crData/Planificación_de_Escenarios_2217/Planificación_de_Escenarios_89-05_35360/statistics_results.json"
      },
      "processing_time": 1.8185479640960693,
      "total_crossref": 57114,
      "crossref_percentage": 0.0
    },
    "89-06": {
      "tool_name": "Planificación de Escenarios",
      "batch_id": "35393",
      "date": "89-06",
      "initial_count": 234,
      "filtered_count": 1,
      "final_count": 1,
      "duplicate_count": 0,
      "terms": {
        "Scenario": 3,
        "Planning": 231
      },
      "file_paths": {
        "base_folder": "crData/Planificación_de_Escenarios_2217/Planificación_de_Escenarios_89-06_35393",
        "term_results_folder": "crData/Planificación_de_Escenarios_2217/Planificación_de_Escenarios_89-06_35393/term_results",
        "merged": "crData/Planificación_de_Escenarios_2217/Planificación_de_Escenarios_89-06_35393/merged_results.json",
        "filtered": "crData/Planificación_de_Escenarios_2217/Planificación_de_Escenarios_89-06_35393/filtered_results.json",
        "final": "crData/Planificación_de_Escenarios_2217/Planificación_de_Escenarios_89-06_35393/final_results.json",
        "statistics": "crData/Planificación_de_Escenarios_2217/Planificación_de_Escenarios_89-06_35393/statistics_results.json"
      },
      "processing_time": 2.0349860191345215,
      "total_crossref": 65957,
      "crossref_percentage": 0.0015161393028791485
    },
    "89-07": {
      "tool_name": "Planificación de Escenarios",
      "batch_id": "35428",
      "date": "89-07",
      "initial_count": 262,
      "filtered_count": 0,
      "final_count": 0,
      "duplicate_count": 0,
      "terms": {
        "Scenario": 1,
        "Planning": 262
      },
      "file_paths": {
        "base_folder": "crData/Planificación_de_Escenarios_2217/Planificación_de_Escenarios_89-07_35428",
        "term_results_folder": "crData/Planificación_de_Escenarios_2217/Planificación_de_Escenarios_89-07_35428/term_results",
        "merged": "crData/Planificación_de_Escenarios_2217/Planificación_de_Escenarios_89-07_35428/merged_results.json",
        "filtered": "crData/Planificación_de_Escenarios_2217/Planificación_de_Escenarios_89-07_35428/filtered_results.json",
        "final": "crData/Planificación_de_Escenarios_2217/Planificación_de_Escenarios_89-07_35428/final_results.json",
        "statistics": "crData/Planificación_de_Escenarios_2217/Planificación_de_Escenarios_89-07_35428/statistics_results.json"
      },
      "processing_time": 1.9603331089019775,
      "total_crossref": 62800,
      "crossref_percentage": 0.0
    },
    "89-08": {
      "tool_name": "Planificación de Escenarios",
      "batch_id": "35463",
      "date": "89-08",
      "initial_count": 140,
      "filtered_count": 0,
      "final_count": 0,
      "duplicate_count": 0,
      "terms": {
        "Scenario": 3,
        "Planning": 137
      },
      "file_paths": {
        "base_folder": "crData/Planificación_de_Escenarios_2217/Planificación_de_Escenarios_89-08_35463",
        "term_results_folder": "crData/Planificación_de_Escenarios_2217/Planificación_de_Escenarios_89-08_35463/term_results",
        "merged": "crData/Planificación_de_Escenarios_2217/Planificación_de_Escenarios_89-08_35463/merged_results.json",
        "filtered": "crData/Planificación_de_Escenarios_2217/Planificación_de_Escenarios_89-08_35463/filtered_results.json",
        "final": "crData/Planificación_de_Escenarios_2217/Planificación_de_Escenarios_89-08_35463/final_results.json",
        "statistics": "crData/Planificación_de_Escenarios_2217/Planificación_de_Escenarios_89-08_35463/statistics_results.json"
      },
      "processing_time": 1.6838371753692627,
      "total_crossref": 51730,
      "crossref_percentage": 0.0
    },
    "89-09": {
      "tool_name": "Planificación de Escenarios",
      "batch_id": "35495",
      "date": "89-09",
      "initial_count": 296,
      "filtered_count": 0,
      "final_count": 0,
      "duplicate_count": 0,
      "terms": {
        "Scenario": 6,
        "Planning": 290
      },
      "file_paths": {
        "base_folder": "crData/Planificación_de_Escenarios_2217/Planificación_de_Escenarios_89-09_35495",
        "term_results_folder": "crData/Planificación_de_Escenarios_2217/Planificación_de_Escenarios_89-09_35495/term_results",
        "merged": "crData/Planificación_de_Escenarios_2217/Planificación_de_Escenarios_89-09_35495/merged_results.json",
        "filtered": "crData/Planificación_de_Escenarios_2217/Planificación_de_Escenarios_89-09_35495/filtered_results.json",
        "final": "crData/Planificación_de_Escenarios_2217/Planificación_de_Escenarios_89-09_35495/final_results.json",
        "statistics": "crData/Planificación_de_Escenarios_2217/Planificación_de_Escenarios_89-09_35495/statistics_results.json"
      },
      "processing_time": 1.9903748035430908,
      "total_crossref": 68757,
      "crossref_percentage": 0.0
    },
    "89-10": {
      "tool_name": "Planificación de Escenarios",
      "batch_id": "35530",
      "date": "89-10",
      "initial_count": 307,
      "filtered_count": 2,
      "final_count": 1,
      "duplicate_count": 0,
      "terms": {
        "Scenario": 4,
        "Planning": 304
      },
      "file_paths": {
        "base_folder": "crData/Planificación_de_Escenarios_2217/Planificación_de_Escenarios_89-10_35530",
        "term_results_folder": "crData/Planificación_de_Escenarios_2217/Planificación_de_Escenarios_89-10_35530/term_results",
        "merged": "crData/Planificación_de_Escenarios_2217/Planificación_de_Escenarios_89-10_35530/merged_results.json",
        "filtered": "crData/Planificación_de_Escenarios_2217/Planificación_de_Escenarios_89-10_35530/filtered_results.json",
        "final": "crData/Planificación_de_Escenarios_2217/Planificación_de_Escenarios_89-10_35530/final_results.json",
        "statistics": "crData/Planificación_de_Escenarios_2217/Planificación_de_Escenarios_89-10_35530/statistics_results.json"
      },
      "processing_time": 2.1858890056610107,
      "total_crossref": 59352,
      "crossref_percentage": 0.0016848631891090442
    },
    "89-11": {
      "tool_name": "Planificación de Escenarios",
      "batch_id": "35567",
      "date": "89-11",
      "initial_count": 158,
      "filtered_count": 0,
      "final_count": 0,
      "duplicate_count": 0,
      "terms": {
        "Scenario": 3,
        "Planning": 155
      },
      "file_paths": {
        "base_folder": "crData/Planificación_de_Escenarios_2217/Planificación_de_Escenarios_89-11_35567",
        "term_results_folder": "crData/Planificación_de_Escenarios_2217/Planificación_de_Escenarios_89-11_35567/term_results",
        "merged": "crData/Planificación_de_Escenarios_2217/Planificación_de_Escenarios_89-11_35567/merged_results.json",
        "filtered": "crData/Planificación_de_Escenarios_2217/Planificación_de_Escenarios_89-11_35567/filtered_results.json",
        "final": "crData/Planificación_de_Escenarios_2217/Planificación_de_Escenarios_89-11_35567/final_results.json",
        "statistics": "crData/Planificación_de_Escenarios_2217/Planificación_de_Escenarios_89-11_35567/statistics_results.json"
      },
      "processing_time": 1.8260769844055176,
      "total_crossref": 55942,
      "crossref_percentage": 0.0
    },
    "89-12": {
      "tool_name": "Planificación de Escenarios",
      "batch_id": "36000",
      "date": "89-12",
      "initial_count": 271,
      "filtered_count": 0,
      "final_count": 0,
      "duplicate_count": 0,
      "terms": {
        "Scenario": 3,
        "Planning": 268
      },
      "file_paths": {
        "base_folder": "crData/Planificación_de_Escenarios_2217/Planificación_de_Escenarios_89-12_36000",
        "term_results_folder": "crData/Planificación_de_Escenarios_2217/Planificación_de_Escenarios_89-12_36000/term_results",
        "merged": "crData/Planificación_de_Escenarios_2217/Planificación_de_Escenarios_89-12_36000/merged_results.json",
        "filtered": "crData/Planificación_de_Escenarios_2217/Planificación_de_Escenarios_89-12_36000/filtered_results.json",
        "final": "crData/Planificación_de_Escenarios_2217/Planificación_de_Escenarios_89-12_36000/final_results.json",
        "statistics": "crData/Planificación_de_Escenarios_2217/Planificación_de_Escenarios_89-12_36000/statistics_results.json"
      },
      "processing_time": 3.1306328773498535,
      "total_crossref": 93705,
      "crossref_percentage": 0.0
    }
  },
  "total_duplicates": 0,
  "monthly_files": {
    "89-01": {
      "base_folder": "crData/Planificación_de_Escenarios_2217/Planificación_de_Escenarios_89-01_35190",
      "term_results_folder": "crData/Planificación_de_Escenarios_2217/Planificación_de_Escenarios_89-01_35190/term_results",
      "merged": "crData/Planificación_de_Escenarios_2217/Planificación_de_Escenarios_89-01_35190/merged_results.json",
      "filtered": "crData/Planificación_de_Escenarios_2217/Planificación_de_Escenarios_89-01_35190/filtered_results.json",
      "final": "crData/Planificación_de_Escenarios_2217/Planificación_de_Escenarios_89-01_35190/final_results.json",
      "statistics": "crData/Planificación_de_Escenarios_2217/Planificación_de_Escenarios_89-01_35190/statistics_results.json"
    },
    "89-02": {
      "base_folder": "crData/Planificación_de_Escenarios_2217/Planificación_de_Escenarios_89-02_35254",
      "term_results_folder": "crData/Planificación_de_Escenarios_2217/Planificación_de_Escenarios_89-02_35254/term_results",
      "merged": "crData/Planificación_de_Escenarios_2217/Planificación_de_Escenarios_89-02_35254/merged_results.json",
      "filtered": "crData/Planificación_de_Escenarios_2217/Planificación_de_Escenarios_89-02_35254/filtered_results.json",
      "final": "crData/Planificación_de_Escenarios_2217/Planificación_de_Escenarios_89-02_35254/final_results.json",
      "statistics": "crData/Planificación_de_Escenarios_2217/Planificación_de_Escenarios_89-02_35254/statistics_results.json"
    },
    "89-03": {
      "base_folder": "crData/Planificación_de_Escenarios_2217/Planificación_de_Escenarios_89-03_35288",
      "term_results_folder": "crData/Planificación_de_Escenarios_2217/Planificación_de_Escenarios_89-03_35288/term_results",
      "merged": "crData/Planificación_de_Escenarios_2217/Planificación_de_Escenarios_89-03_35288/merged_results.json",
      "filtered": "crData/Planificación_de_Escenarios_2217/Planificación_de_Escenarios_89-03_35288/filtered_results.json",
      "final": "crData/Planificación_de_Escenarios_2217/Planificación_de_Escenarios_89-03_35288/final_results.json",
      "statistics": "crData/Planificación_de_Escenarios_2217/Planificación_de_Escenarios_89-03_35288/statistics_results.json"
    },
    "89-04": {
      "base_folder": "crData/Planificación_de_Escenarios_2217/Planificación_de_Escenarios_89-04_35324",
      "term_results_folder": "crData/Planificación_de_Escenarios_2217/Planificación_de_Escenarios_89-04_35324/term_results",
      "merged": "crData/Planificación_de_Escenarios_2217/Planificación_de_Escenarios_89-04_35324/merged_results.json",
      "filtered": "crData/Planificación_de_Escenarios_2217/Planificación_de_Escenarios_89-04_35324/filtered_results.json",
      "final": "crData/Planificación_de_Escenarios_2217/Planificación_de_Escenarios_89-04_35324/final_results.json",
      "statistics": "crData/Planificación_de_Escenarios_2217/Planificación_de_Escenarios_89-04_35324/statistics_results.json"
    },
    "89-05": {
      "base_folder": "crData/Planificación_de_Escenarios_2217/Planificación_de_Escenarios_89-05_35360",
      "term_results_folder": "crData/Planificación_de_Escenarios_2217/Planificación_de_Escenarios_89-05_35360/term_results",
      "merged": "crData/Planificación_de_Escenarios_2217/Planificación_de_Escenarios_89-05_35360/merged_results.json",
      "filtered": "crData/Planificación_de_Escenarios_2217/Planificación_de_Escenarios_89-05_35360/filtered_results.json",
      "final": "crData/Planificación_de_Escenarios_2217/Planificación_de_Escenarios_89-05_35360/final_results.json",
      "statistics": "crData/Planificación_de_Escenarios_2217/Planificación_de_Escenarios_89-05_35360/statistics_results.json"
    },
    "89-06": {
      "base_folder": "crData/Planificación_de_Escenarios_2217/Planificación_de_Escenarios_89-06_35393",
      "term_results_folder": "crData/Planificación_de_Escenarios_2217/Planificación_de_Escenarios_89-06_35393/term_results",
      "merged": "crData/Planificación_de_Escenarios_2217/Planificación_de_Escenarios_89-06_35393/merged_results.json",
      "filtered": "crData/Planificación_de_Escenarios_2217/Planificación_de_Escenarios_89-06_35393/filtered_results.json",
      "final": "crData/Planificación_de_Escenarios_2217/Planificación_de_Escenarios_89-06_35393/final_results.json",
      "statistics": "crData/Planificación_de_Escenarios_2217/Planificación_de_Escenarios_89-06_35393/statistics_results.json"
    },
    "89-07": {
      "base_folder": "crData/Planificación_de_Escenarios_2217/Planificación_de_Escenarios_89-07_35428",
      "term_results_folder": "crData/Planificación_de_Escenarios_2217/Planificación_de_Escenarios_89-07_35428/term_results",
      "merged": "crData/Planificación_de_Escenarios_2217/Planificación_de_Escenarios_89-07_35428/merged_results.json",
      "filtered": "crData/Planificación_de_Escenarios_2217/Planificación_de_Escenarios_89-07_35428/filtered_results.json",
      "final": "crData/Planificación_de_Escenarios_2217/Planificación_de_Escenarios_89-07_35428/final_results.json",
      "statistics": "crData/Planificación_de_Escenarios_2217/Planificación_de_Escenarios_89-07_35428/statistics_results.json"
    },
    "89-08": {
      "base_folder": "crData/Planificación_de_Escenarios_2217/Planificación_de_Escenarios_89-08_35463",
      "term_results_folder": "crData/Planificación_de_Escenarios_2217/Planificación_de_Escenarios_89-08_35463/term_results",
      "merged": "crData/Planificación_de_Escenarios_2217/Planificación_de_Escenarios_89-08_35463/merged_results.json",
      "filtered": "crData/Planificación_de_Escenarios_2217/Planificación_de_Escenarios_89-08_35463/filtered_results.json",
      "final": "crData/Planificación_de_Escenarios_2217/Planificación_de_Escenarios_89-08_35463/final_results.json",
      "statistics": "crData/Planificación_de_Escenarios_2217/Planificación_de_Escenarios_89-08_35463/statistics_results.json"
    },
    "89-09": {
      "base_folder": "crData/Planificación_de_Escenarios_2217/Planificación_de_Escenarios_89-09_35495",
      "term_results_folder": "crData/Planificación_de_Escenarios_2217/Planificación_de_Escenarios_89-09_35495/term_results",
      "merged": "crData/Planificación_de_Escenarios_2217/Planificación_de_Escenarios_89-09_35495/merged_results.json",
      "filtered": "crData/Planificación_de_Escenarios_2217/Planificación_de_Escenarios_89-09_35495/filtered_results.json",
      "final": "crData/Planificación_de_Escenarios_2217/Planificación_de_Escenarios_89-09_35495/final_results.json",
      "statistics": "crData/Planificación_de_Escenarios_2217/Planificación_de_Escenarios_89-09_35495/statistics_results.json"
    },
    "89-10": {
      "base_folder": "crData/Planificación_de_Escenarios_2217/Planificación_de_Escenarios_89-10_35530",
      "term_results_folder": "crData/Planificación_de_Escenarios_2217/Planificación_de_Escenarios_89-10_35530/term_results",
      "merged": "crData/Planificación_de_Escenarios_2217/Planificación_de_Escenarios_89-10_35530/merged_results.json",
      "filtered": "crData/Planificación_de_Escenarios_2217/Planificación_de_Escenarios_89-10_35530/filtered_results.json",
      "final": "crData/Planificación_de_Escenarios_2217/Planificación_de_Escenarios_89-10_35530/final_results.json",
      "statistics": "crData/Planificación_de_Escenarios_2217/Planificación_de_Escenarios_89-10_35530/statistics_results.json"
    },
    "89-11": {
      "base_folder": "crData/Planificación_de_Escenarios_2217/Planificación_de_Escenarios_89-11_35567",
      "term_results_folder": "crData/Planificación_de_Escenarios_2217/Planificación_de_Escenarios_89-11_35567/term_results",
      "merged": "crData/Planificación_de_Escenarios_2217/Planificación_de_Escenarios_89-11_35567/merged_results.json",
      "filtered": "crData/Planificación_de_Escenarios_2217/Planificación_de_Escenarios_89-11_35567/filtered_results.json",
      "final": "crData/Planificación_de_Escenarios_2217/Planificación_de_Escenarios_89-11_35567/final_results.json",
      "statistics": "crData/Planificación_de_Escenarios_2217/Planificación_de_Escenarios_89-11_35567/statistics_results.json"
    },
    "89-12": {
      "base_folder": "crData/Planificación_de_Escenarios_2217/Planificación_de_Escenarios_89-12_36000",
      "term_results_folder": "crData/Planificación_de_Escenarios_2217/Planificación_de_Escenarios_89-12_36000/term_results",
      "merged": "crData/Planificación_de_Escenarios_2217/Planificación_de_Escenarios_89-12_36000/merged_results.json",
      "filtered": "crData/Planificación_de_Escenarios_2217/Planificación_de_Escenarios_89-12_36000/filtered_results.json",
      "final": "crData/Planificación_de_Escenarios_2217/Planificación_de_Escenarios_89-12_36000/final_results.json",
      "statistics": "crData/Planificación_de_Escenarios_2217/Planificación_de_Escenarios_89-12_36000/statistics_results.json"
    }
  }
}