{
  "tool_name": "Presupuesto Base Cero",
  "year": "1972",
  "monthly_stats": {
    "72-01": {
      "tool_name": "Presupuesto Base Cero",
      "batch_id": "18134",
      "date": "72-01",
      "initial_count": 8,
      "filtered_count": 1,
      "final_count": 1,
      "duplicate_count": 0,
      "terms": {
        "Budgeting": 8
      },
      "file_paths": {
        "base_folder": "crData/Presupuesto_Base_Cero_7607/Presupuesto_Base_Cero_72-01_18134",
        "term_results_folder": "crData/Presupuesto_Base_Cero_7607/Presupuesto_Base_Cero_72-01_18134/term_results",
        "merged": "crData/Presupuesto_Base_Cero_7607/Presupuesto_Base_Cero_72-01_18134/merged_results.json",
        "filtered": "crData/Presupuesto_Base_Cero_7607/Presupuesto_Base_Cero_72-01_18134/filtered_results.json",
        "final": "crData/Presupuesto_Base_Cero_7607/Presupuesto_Base_Cero_72-01_18134/final_results.json",
        "statistics": "crData/Presupuesto_Base_Cero_7607/Presupuesto_Base_Cero_72-01_18134/statistics_results.json"
      },
      "processing_time": 1.7546570301055908,
      "total_crossref": 166736,
      "crossref_percentage": 0.0005997505037904231
    },
    "72-02": {
      "tool_name": "Presupuesto Base Cero",
      "batch_id": "18167",
      "date": "72-02",
      "initial_count": 3,
      "filtered_count": 0,
      "final_count": 0,
      "duplicate_count": 0,
      "terms": {
        "Budgeting": 3
      },
      "file_paths": {
        "base_folder": "crData/Presupuesto_Base_Cero_7607/Presupuesto_Base_Cero_72-02_18167",
        "term_results_folder": "crData/Presupuesto_Base_Cero_7607/Presupuesto_Base_Cero_72-02_18167/term_results",
        "merged": "crData/Presupuesto_Base_Cero_7607/Presupuesto_Base_Cero_72-02_18167/merged_results.json",
        "filtered": "crData/Presupuesto_Base_Cero_7607/Presupuesto_Base_Cero_72-02_18167/filtered_results.json",
        "final": "crData/Presupuesto_Base_Cero_7607/Presupuesto_Base_Cero_72-02_18167/final_results.json",
        "statistics": "crData/Presupuesto_Base_Cero_7607/Presupuesto_Base_Cero_72-02_18167/statistics_results.json"
      },
      "processing_time": 0.9184341430664062,
      "total_crossref": 28635,
      "crossref_percentage": 0.0
    },
    "72-03": {
      "tool_name": "Presupuesto Base Cero",
      "batch_id": "18191",
      "date": "72-03",
      "initial_count": 2,
      "filtered_count": 0,
      "final_count": 0,
      "duplicate_count": 0,
      "terms": {
        "Budgeting": 2
      },
      "file_paths": {
        "base_folder": "crData/Presupuesto_Base_Cero_7607/Presupuesto_Base_Cero_72-03_18191",
        "term_results_folder": "crData/Presupuesto_Base_Cero_7607/Presupuesto_Base_Cero_72-03_18191/term_results",
        "merged": "crData/Presupuesto_Base_Cero_7607/Presupuesto_Base_Cero_72-03_18191/merged_results.json",
        "filtered": "crData/Presupuesto_Base_Cero_7607/Presupuesto_Base_Cero_72-03_18191/filtered_results.json",
        "final": "crData/Presupuesto_Base_Cero_7607/Presupuesto_Base_Cero_72-03_18191/final_results.json",
        "statistics": "crData/Presupuesto_Base_Cero_7607/Presupuesto_Base_Cero_72-03_18191/statistics_results.json"
      },
      "processing_time": 0.8289549350738525,
      "total_crossref": 35510,
      "crossref_percentage": 0.0
    },
    "72-04": {
      "tool_name": "Presupuesto Base Cero",
      "batch_id": "18214",
      "date": "72-04",
      "initial_count": 0,
      "filtered_count": 0,
      "final_count": 0,
      "duplicate_count": 0,
      "terms": {
        "Budgeting": 0
      },
      "file_paths": {
        "base_folder": "crData/Presupuesto_Base_Cero_7607/Presupuesto_Base_Cero_72-04_18214",
        "term_results_folder": "crData/Presupuesto_Base_Cero_7607/Presupuesto_Base_Cero_72-04_18214/term_results",
        "merged": "crData/Presupuesto_Base_Cero_7607/Presupuesto_Base_Cero_72-04_18214/merged_results.json",
        "filtered": "crData/Presupuesto_Base_Cero_7607/Presupuesto_Base_Cero_72-04_18214/filtered_results.json",
        "final": "crData/Presupuesto_Base_Cero_7607/Presupuesto_Base_Cero_72-04_18214/final_results.json",
        "statistics": "crData/Presupuesto_Base_Cero_7607/Presupuesto_Base_Cero_72-04_18214/statistics_results.json"
      },
      "processing_time": 1.0174169540405273,
      "total_crossref": 32685,
      "crossref_percentage": 0.0
    },
    "72-05": {
      "tool_name": "Presupuesto Base Cero",
      "batch_id": "18240",
      "date": "72-05",
      "initial_count": 4,
      "filtered_count": 0,
      "final_count": 0,
      "duplicate_count": 0,
      "terms": {
        "Budgeting": 4
      },
      "file_paths": {
        "base_folder": "crData/Presupuesto_Base_Cero_7607/Presupuesto_Base_Cero_72-05_18240",
        "term_results_folder": "crData/Presupuesto_Base_Cero_7607/Presupuesto_Base_Cero_72-05_18240/term_results",
        "merged": "crData/Presupuesto_Base_Cero_7607/Presupuesto_Base_Cero_72-05_18240/merged_results.json",
        "filtered": "crData/Presupuesto_Base_Cero_7607/Presupuesto_Base_Cero_72-05_18240/filtered_results.json",
        "final": "crData/Presupuesto_Base_Cero_7607/Presupuesto_Base_Cero_72-05_18240/final_results.json",
        "statistics": "crData/Presupuesto_Base_Cero_7607/Presupuesto_Base_Cero_72-05_18240/statistics_results.json"
      },
      "processing_time": 1.2597362995147705,
      "total_crossref": 29422,
      "crossref_percentage": 0.0
    },
    "72-06": {
      "tool_name": "Presupuesto Base Cero",
      "batch_id": "18267",
      "date": "72-06",
      "initial_count": 5,
      "filtered_count": 0,
      "final_count": 0,
      "duplicate_count": 0,
      "terms": {
        "Budgeting": 5
      },
      "file_paths": {
        "base_folder": "crData/Presupuesto_Base_Cero_7607/Presupuesto_Base_Cero_72-06_18267",
        "term_results_folder": "crData/Presupuesto_Base_Cero_7607/Presupuesto_Base_Cero_72-06_18267/term_results",
        "merged": "crData/Presupuesto_Base_Cero_7607/Presupuesto_Base_Cero_72-06_18267/merged_results.json",
        "filtered": "crData/Presupuesto_Base_Cero_7607/Presupuesto_Base_Cero_72-06_18267/filtered_results.json",
        "final": "crData/Presupuesto_Base_Cero_7607/Presupuesto_Base_Cero_72-06_18267/final_results.json",
        "statistics": "crData/Presupuesto_Base_Cero_7607/Presupuesto_Base_Cero_72-06_18267/statistics_results.json"
      },
      "processing_time": 1.0277800559997559,
      "total_crossref": 35517,
      "crossref_percentage": 0.0
    },
    "72-07": {
      "tool_name": "Presupuesto Base Cero",
      "batch_id": "18293",
      "date": "72-07",
      "initial_count": 1,
      "filtered_count": 0,
      "final_count": 0,
      "duplicate_count": 0,
      "terms": {
        "Budgeting": 1
      },
      "file_paths": {
        "base_folder": "crData/Presupuesto_Base_Cero_7607/Presupuesto_Base_Cero_72-07_18293",
        "term_results_folder": "crData/Presupuesto_Base_Cero_7607/Presupuesto_Base_Cero_72-07_18293/term_results",
        "merged": "crData/Presupuesto_Base_Cero_7607/Presupuesto_Base_Cero_72-07_18293/merged_results.json",
        "filtered": "crData/Presupuesto_Base_Cero_7607/Presupuesto_Base_Cero_72-07_18293/filtered_results.json",
        "final": "crData/Presupuesto_Base_Cero_7607/Presupuesto_Base_Cero_72-07_18293/final_results.json",
        "statistics": "crData/Presupuesto_Base_Cero_7607/Presupuesto_Base_Cero_72-07_18293/statistics_results.json"
      },
      "processing_time": 0.8320720195770264,
      "total_crossref": 31056,
      "crossref_percentage": 0.0
    },
    "72-08": {
      "tool_name": "Presupuesto Base Cero",
      "batch_id": "18316",
      "date": "72-08",
      "initial_count": 1,
      "filtered_count": 0,
      "final_count": 0,
      "duplicate_count": 0,
      "terms": {
        "Budgeting": 1
      },
      "file_paths": {
        "base_folder": "crData/Presupuesto_Base_Cero_7607/Presupuesto_Base_Cero_72-08_18316",
        "term_results_folder": "crData/Presupuesto_Base_Cero_7607/Presupuesto_Base_Cero_72-08_18316/term_results",
        "merged": "crData/Presupuesto_Base_Cero_7607/Presupuesto_Base_Cero_72-08_18316/merged_results.json",
        "filtered": "crData/Presupuesto_Base_Cero_7607/Presupuesto_Base_Cero_72-08_18316/filtered_results.json",
        "final": "crData/Presupuesto_Base_Cero_7607/Presupuesto_Base_Cero_72-08_18316/final_results.json",
        "statistics": "crData/Presupuesto_Base_Cero_7607/Presupuesto_Base_Cero_72-08_18316/statistics_results.json"
      },
      "processing_time": 0.9814679622650146,
      "total_crossref": 27118,
      "crossref_percentage": 0.0
    },
    "72-09": {
      "tool_name": "Presupuesto Base Cero",
      "batch_id": "18341",
      "date": "72-09",
      "initial_count": 0,
      "filtered_count": 0,
      "final_count": 0,
      "duplicate_count": 0,
      "terms": {
        "Budgeting": 0
      },
      "file_paths": {
        "base_folder": "crData/Presupuesto_Base_Cero_7607/Presupuesto_Base_Cero_72-09_18341",
        "term_results_folder": "crData/Presupuesto_Base_Cero_7607/Presupuesto_Base_Cero_72-09_18341/term_results",
        "merged": "crData/Presupuesto_Base_Cero_7607/Presupuesto_Base_Cero_72-09_18341/merged_results.json",
        "filtered": "crData/Presupuesto_Base_Cero_7607/Presupuesto_Base_Cero_72-09_18341/filtered_results.json",
        "final": "crData/Presupuesto_Base_Cero_7607/Presupuesto_Base_Cero_72-09_18341/final_results.json",
        "statistics": "crData/Presupuesto_Base_Cero_7607/Presupuesto_Base_Cero_72-09_18341/statistics_results.json"
      },
      "processing_time": 0.8246779441833496,
      "total_crossref": 34685,
      "crossref_percentage": 0.0
    },
    "72-10": {
      "tool_name": "Presupuesto Base Cero",
      "batch_id": "18364",
      "date": "72-10",
      "initial_count": 4,
      "filtered_count": 1,
      "final_count": 1,
      "duplicate_count": 0,
      "terms": {
        "Budgeting": 4
      },
      "file_paths": {
        "base_folder": "crData/Presupuesto_Base_Cero_7607/Presupuesto_Base_Cero_72-10_18364",
        "term_results_folder": "crData/Presupuesto_Base_Cero_7607/Presupuesto_Base_Cero_72-10_18364/term_results",
        "merged": "crData/Presupuesto_Base_Cero_7607/Presupuesto_Base_Cero_72-10_18364/merged_results.json",
        "filtered": "crData/Presupuesto_Base_Cero_7607/Presupuesto_Base_Cero_72-10_18364/filtered_results.json",
        "final": "crData/Presupuesto_Base_Cero_7607/Presupuesto_Base_Cero_72-10_18364/final_results.json",
        "statistics": "crData/Presupuesto_Base_Cero_7607/Presupuesto_Base_Cero_72-10_18364/statistics_results.json"
      },
      "processing_time": 0.9352819919586182,
      "total_crossref": 32997,
      "crossref_percentage": 0.003030578537442798
    },
    "72-11": {
      "tool_name": "Presupuesto Base Cero",
      "batch_id": "18389",
      "date": "72-11",
      "initial_count": 1,
      "filtered_count": 0,
      "final_count": 0,
      "duplicate_count": 0,
      "terms": {
        "Budgeting": 1
      },
      "file_paths": {
        "base_folder": "crData/Presupuesto_Base_Cero_7607/Presupuesto_Base_Cero_72-11_18389",
        "term_results_folder": "crData/Presupuesto_Base_Cero_7607/Presupuesto_Base_Cero_72-11_18389/term_results",
        "merged": "crData/Presupuesto_Base_Cero_7607/Presupuesto_Base_Cero_72-11_18389/merged_results.json",
        "filtered": "crData/Presupuesto_Base_Cero_7607/Presupuesto_Base_Cero_72-11_18389/filtered_results.json",
        "final": "crData/Presupuesto_Base_Cero_7607/Presupuesto_Base_Cero_72-11_18389/final_results.json",
        "statistics": "crData/Presupuesto_Base_Cero_7607/Presupuesto_Base_Cero_72-11_18389/statistics_results.json"
      },
      "processing_time": 0.7668979167938232,
      "total_crossref": 29347,
      "crossref_percentage": 0.0
    },
    "72-12": {
      "tool_name": "Presupuesto Base Cero",
      "batch_id": "18412",
      "date": "72-12",
      "initial_count": 3,
      "filtered_count": 0,
      "final_count": 0,
      "duplicate_count": 0,
      "terms": {
        "Budgeting": 3
      },
      "file_paths": {
        "base_folder": "crData/Presupuesto_Base_Cero_7607/Presupuesto_Base_Cero_72-12_18412",
        "term_results_folder": "crData/Presupuesto_Base_Cero_7607/Presupuesto_Base_Cero_72-12_18412/term_results",
        "merged": "crData/Presupuesto_Base_Cero_7607/Presupuesto_Base_Cero_72-12_18412/merged_results.json",
        "filtered": "crData/Presupuesto_Base_Cero_7607/Presupuesto_Base_Cero_72-12_18412/filtered_results.json",
        "final": "crData/Presupuesto_Base_Cero_7607/Presupuesto_Base_Cero_72-12_18412/final_results.json",
        "statistics": "crData/Presupuesto_Base_Cero_7607/Presupuesto_Base_Cero_72-12_18412/statistics_results.json"
      },
      "processing_time": 0.8782248497009277,
      "total_crossref": 55851,
      "crossref_percentage": 0.0
    }
  },
  "total_duplicates": 0,
  "monthly_files": {
    "72-01": {
      "base_folder": "crData/Presupuesto_Base_Cero_7607/Presupuesto_Base_Cero_72-01_18134",
      "term_results_folder": "crData/Presupuesto_Base_Cero_7607/Presupuesto_Base_Cero_72-01_18134/term_results",
      "merged": "crData/Presupuesto_Base_Cero_7607/Presupuesto_Base_Cero_72-01_18134/merged_results.json",
      "filtered": "crData/Presupuesto_Base_Cero_7607/Presupuesto_Base_Cero_72-01_18134/filtered_results.json",
      "final": "crData/Presupuesto_Base_Cero_7607/Presupuesto_Base_Cero_72-01_18134/final_results.json",
      "statistics": "crData/Presupuesto_Base_Cero_7607/Presupuesto_Base_Cero_72-01_18134/statistics_results.json"
    },
    "72-02": {
      "base_folder": "crData/Presupuesto_Base_Cero_7607/Presupuesto_Base_Cero_72-02_18167",
      "term_results_folder": "crData/Presupuesto_Base_Cero_7607/Presupuesto_Base_Cero_72-02_18167/term_results",
      "merged": "crData/Presupuesto_Base_Cero_7607/Presupuesto_Base_Cero_72-02_18167/merged_results.json",
      "filtered": "crData/Presupuesto_Base_Cero_7607/Presupuesto_Base_Cero_72-02_18167/filtered_results.json",
      "final": "crData/Presupuesto_Base_Cero_7607/Presupuesto_Base_Cero_72-02_18167/final_results.json",
      "statistics": "crData/Presupuesto_Base_Cero_7607/Presupuesto_Base_Cero_72-02_18167/statistics_results.json"
    },
    "72-03": {
      "base_folder": "crData/Presupuesto_Base_Cero_7607/Presupuesto_Base_Cero_72-03_18191",
      "term_results_folder": "crData/Presupuesto_Base_Cero_7607/Presupuesto_Base_Cero_72-03_18191/term_results",
      "merged": "crData/Presupuesto_Base_Cero_7607/Presupuesto_Base_Cero_72-03_18191/merged_results.json",
      "filtered": "crData/Presupuesto_Base_Cero_7607/Presupuesto_Base_Cero_72-03_18191/filtered_results.json",
      "final": "crData/Presupuesto_Base_Cero_7607/Presupuesto_Base_Cero_72-03_18191/final_results.json",
      "statistics": "crData/Presupuesto_Base_Cero_7607/Presupuesto_Base_Cero_72-03_18191/statistics_results.json"
    },
    "72-04": {
      "base_folder": "crData/Presupuesto_Base_Cero_7607/Presupuesto_Base_Cero_72-04_18214",
      "term_results_folder": "crData/Presupuesto_Base_Cero_7607/Presupuesto_Base_Cero_72-04_18214/term_results",
      "merged": "crData/Presupuesto_Base_Cero_7607/Presupuesto_Base_Cero_72-04_18214/merged_results.json",
      "filtered": "crData/Presupuesto_Base_Cero_7607/Presupuesto_Base_Cero_72-04_18214/filtered_results.json",
      "final": "crData/Presupuesto_Base_Cero_7607/Presupuesto_Base_Cero_72-04_18214/final_results.json",
      "statistics": "crData/Presupuesto_Base_Cero_7607/Presupuesto_Base_Cero_72-04_18214/statistics_results.json"
    },
    "72-05": {
      "base_folder": "crData/Presupuesto_Base_Cero_7607/Presupuesto_Base_Cero_72-05_18240",
      "term_results_folder": "crData/Presupuesto_Base_Cero_7607/Presupuesto_Base_Cero_72-05_18240/term_results",
      "merged": "crData/Presupuesto_Base_Cero_7607/Presupuesto_Base_Cero_72-05_18240/merged_results.json",
      "filtered": "crData/Presupuesto_Base_Cero_7607/Presupuesto_Base_Cero_72-05_18240/filtered_results.json",
      "final": "crData/Presupuesto_Base_Cero_7607/Presupuesto_Base_Cero_72-05_18240/final_results.json",
      "statistics": "crData/Presupuesto_Base_Cero_7607/Presupuesto_Base_Cero_72-05_18240/statistics_results.json"
    },
    "72-06": {
      "base_folder": "crData/Presupuesto_Base_Cero_7607/Presupuesto_Base_Cero_72-06_18267",
      "term_results_folder": "crData/Presupuesto_Base_Cero_7607/Presupuesto_Base_Cero_72-06_18267/term_results",
      "merged": "crData/Presupuesto_Base_Cero_7607/Presupuesto_Base_Cero_72-06_18267/merged_results.json",
      "filtered": "crData/Presupuesto_Base_Cero_7607/Presupuesto_Base_Cero_72-06_18267/filtered_results.json",
      "final": "crData/Presupuesto_Base_Cero_7607/Presupuesto_Base_Cero_72-06_18267/final_results.json",
      "statistics": "crData/Presupuesto_Base_Cero_7607/Presupuesto_Base_Cero_72-06_18267/statistics_results.json"
    },
    "72-07": {
      "base_folder": "crData/Presupuesto_Base_Cero_7607/Presupuesto_Base_Cero_72-07_18293",
      "term_results_folder": "crData/Presupuesto_Base_Cero_7607/Presupuesto_Base_Cero_72-07_18293/term_results",
      "merged": "crData/Presupuesto_Base_Cero_7607/Presupuesto_Base_Cero_72-07_18293/merged_results.json",
      "filtered": "crData/Presupuesto_Base_Cero_7607/Presupuesto_Base_Cero_72-07_18293/filtered_results.json",
      "final": "crData/Presupuesto_Base_Cero_7607/Presupuesto_Base_Cero_72-07_18293/final_results.json",
      "statistics": "crData/Presupuesto_Base_Cero_7607/Presupuesto_Base_Cero_72-07_18293/statistics_results.json"
    },
    "72-08": {
      "base_folder": "crData/Presupuesto_Base_Cero_7607/Presupuesto_Base_Cero_72-08_18316",
      "term_results_folder": "crData/Presupuesto_Base_Cero_7607/Presupuesto_Base_Cero_72-08_18316/term_results",
      "merged": "crData/Presupuesto_Base_Cero_7607/Presupuesto_Base_Cero_72-08_18316/merged_results.json",
      "filtered": "crData/Presupuesto_Base_Cero_7607/Presupuesto_Base_Cero_72-08_18316/filtered_results.json",
      "final": "crData/Presupuesto_Base_Cero_7607/Presupuesto_Base_Cero_72-08_18316/final_results.json",
      "statistics": "crData/Presupuesto_Base_Cero_7607/Presupuesto_Base_Cero_72-08_18316/statistics_results.json"
    },
    "72-09": {
      "base_folder": "crData/Presupuesto_Base_Cero_7607/Presupuesto_Base_Cero_72-09_18341",
      "term_results_folder": "crData/Presupuesto_Base_Cero_7607/Presupuesto_Base_Cero_72-09_18341/term_results",
      "merged": "crData/Presupuesto_Base_Cero_7607/Presupuesto_Base_Cero_72-09_18341/merged_results.json",
      "filtered": "crData/Presupuesto_Base_Cero_7607/Presupuesto_Base_Cero_72-09_18341/filtered_results.json",
      "final": "crData/Presupuesto_Base_Cero_7607/Presupuesto_Base_Cero_72-09_18341/final_results.json",
      "statistics": "crData/Presupuesto_Base_Cero_7607/Presupuesto_Base_Cero_72-09_18341/statistics_results.json"
    },
    "72-10": {
      "base_folder": "crData/Presupuesto_Base_Cero_7607/Presupuesto_Base_Cero_72-10_18364",
      "term_results_folder": "crData/Presupuesto_Base_Cero_7607/Presupuesto_Base_Cero_72-10_18364/term_results",
      "merged": "crData/Presupuesto_Base_Cero_7607/Presupuesto_Base_Cero_72-10_18364/merged_results.json",
      "filtered": "crData/Presupuesto_Base_Cero_7607/Presupuesto_Base_Cero_72-10_18364/filtered_results.json",
      "final": "crData/Presupuesto_Base_Cero_7607/Presupuesto_Base_Cero_72-10_18364/final_results.json",
      "statistics": "crData/Presupuesto_Base_Cero_7607/Presupuesto_Base_Cero_72-10_18364/statistics_results.json"
    },
    "72-11": {
      "base_folder": "crData/Presupuesto_Base_Cero_7607/Presupuesto_Base_Cero_72-11_18389",
      "term_results_folder": "crData/Presupuesto_Base_Cero_7607/Presupuesto_Base_Cero_72-11_18389/term_results",
      "merged": "crData/Presupuesto_Base_Cero_7607/Presupuesto_Base_Cero_72-11_18389/merged_results.json",
      "filtered": "crData/Presupuesto_Base_Cero_7607/Presupuesto_Base_Cero_72-11_18389/filtered_results.json",
      "final": "crData/Presupuesto_Base_Cero_7607/Presupuesto_Base_Cero_72-11_18389/final_results.json",
      "statistics": "crData/Presupuesto_Base_Cero_7607/Presupuesto_Base_Cero_72-11_18389/statistics_results.json"
    },
    "72-12": {
      "base_folder": "crData/Presupuesto_Base_Cero_7607/Presupuesto_Base_Cero_72-12_18412",
      "term_results_folder": "crData/Presupuesto_Base_Cero_7607/Presupuesto_Base_Cero_72-12_18412/term_results",
      "merged": "crData/Presupuesto_Base_Cero_7607/Presupuesto_Base_Cero_72-12_18412/merged_results.json",
      "filtered": "crData/Presupuesto_Base_Cero_7607/Presupuesto_Base_Cero_72-12_18412/filtered_results.json",
      "final": "crData/Presupuesto_Base_Cero_7607/Presupuesto_Base_Cero_72-12_18412/final_results.json",
      "statistics": "crData/Presupuesto_Base_Cero_7607/Presupuesto_Base_Cero_72-12_18412/statistics_results.json"
    }
  }
}