{
  "tool_name": "Presupuesto Base Cero",
  "year": "2010",
  "monthly_stats": {
    "10-01": {
      "tool_name": "Presupuesto Base Cero",
      "batch_id": "40442",
      "date": "10-01",
      "initial_count": 68,
      "filtered_count": 0,
      "final_count": 0,
      "duplicate_count": 0,
      "terms": {
        "Budgeting": 68
      },
      "file_paths": {
        "base_folder": "crData/Presupuesto_Base_Cero_7607/Presupuesto_Base_Cero_10-01_40442",
        "term_results_folder": "crData/Presupuesto_Base_Cero_7607/Presupuesto_Base_Cero_10-01_40442/term_results",
        "merged": "crData/Presupuesto_Base_Cero_7607/Presupuesto_Base_Cero_10-01_40442/merged_results.json",
        "filtered": "crData/Presupuesto_Base_Cero_7607/Presupuesto_Base_Cero_10-01_40442/filtered_results.json",
        "final": "crData/Presupuesto_Base_Cero_7607/Presupuesto_Base_Cero_10-01_40442/final_results.json",
        "statistics": "crData/Presupuesto_Base_Cero_7607/Presupuesto_Base_Cero_10-01_40442/statistics_results.json"
      },
      "processing_time": 1.496401309967041,
      "total_crossref": 924972,
      "crossref_percentage": 0.0
    },
    "10-02": {
      "tool_name": "Presupuesto Base Cero",
      "batch_id": "40472",
      "date": "10-02",
      "initial_count": 5,
      "filtered_count": 0,
      "final_count": 0,
      "duplicate_count": 0,
      "terms": {
        "Budgeting": 5
      },
      "file_paths": {
        "base_folder": "crData/Presupuesto_Base_Cero_7607/Presupuesto_Base_Cero_10-02_40472",
        "term_results_folder": "crData/Presupuesto_Base_Cero_7607/Presupuesto_Base_Cero_10-02_40472/term_results",
        "merged": "crData/Presupuesto_Base_Cero_7607/Presupuesto_Base_Cero_10-02_40472/merged_results.json",
        "filtered": "crData/Presupuesto_Base_Cero_7607/Presupuesto_Base_Cero_10-02_40472/filtered_results.json",
        "final": "crData/Presupuesto_Base_Cero_7607/Presupuesto_Base_Cero_10-02_40472/final_results.json",
        "statistics": "crData/Presupuesto_Base_Cero_7607/Presupuesto_Base_Cero_10-02_40472/statistics_results.json"
      },
      "processing_time": 1.3473379611968994,
      "total_crossref": 175507,
      "crossref_percentage": 0.0
    },
    "10-03": {
      "tool_name": "Presupuesto Base Cero",
      "batch_id": "40500",
      "date": "10-03",
      "initial_count": 68,
      "filtered_count": 0,
      "final_count": 0,
      "duplicate_count": 0,
      "terms": {
        "Budgeting": 69
      },
      "file_paths": {
        "base_folder": "crData/Presupuesto_Base_Cero_7607/Presupuesto_Base_Cero_10-03_40500",
        "term_results_folder": "crData/Presupuesto_Base_Cero_7607/Presupuesto_Base_Cero_10-03_40500/term_results",
        "merged": "crData/Presupuesto_Base_Cero_7607/Presupuesto_Base_Cero_10-03_40500/merged_results.json",
        "filtered": "crData/Presupuesto_Base_Cero_7607/Presupuesto_Base_Cero_10-03_40500/filtered_results.json",
        "final": "crData/Presupuesto_Base_Cero_7607/Presupuesto_Base_Cero_10-03_40500/final_results.json",
        "statistics": "crData/Presupuesto_Base_Cero_7607/Presupuesto_Base_Cero_10-03_40500/statistics_results.json"
      },
      "processing_time": 1.6714069843292236,
      "total_crossref": 235441,
      "crossref_percentage": 0.0
    },
    "10-04": {
      "tool_name": "Presupuesto Base Cero",
      "batch_id": "40532",
      "date": "10-04",
      "initial_count": 9,
      "filtered_count": 0,
      "final_count": 0,
      "duplicate_count": 0,
      "terms": {
        "Budgeting": 9
      },
      "file_paths": {
        "base_folder": "crData/Presupuesto_Base_Cero_7607/Presupuesto_Base_Cero_10-04_40532",
        "term_results_folder": "crData/Presupuesto_Base_Cero_7607/Presupuesto_Base_Cero_10-04_40532/term_results",
        "merged": "crData/Presupuesto_Base_Cero_7607/Presupuesto_Base_Cero_10-04_40532/merged_results.json",
        "filtered": "crData/Presupuesto_Base_Cero_7607/Presupuesto_Base_Cero_10-04_40532/filtered_results.json",
        "final": "crData/Presupuesto_Base_Cero_7607/Presupuesto_Base_Cero_10-04_40532/final_results.json",
        "statistics": "crData/Presupuesto_Base_Cero_7607/Presupuesto_Base_Cero_10-04_40532/statistics_results.json"
      },
      "processing_time": 1.5280871391296387,
      "total_crossref": 228980,
      "crossref_percentage": 0.0
    },
    "10-05": {
      "tool_name": "Presupuesto Base Cero",
      "batch_id": "40562",
      "date": "10-05",
      "initial_count": 7,
      "filtered_count": 0,
      "final_count": 0,
      "duplicate_count": 0,
      "terms": {
        "Budgeting": 8
      },
      "file_paths": {
        "base_folder": "crData/Presupuesto_Base_Cero_7607/Presupuesto_Base_Cero_10-05_40562",
        "term_results_folder": "crData/Presupuesto_Base_Cero_7607/Presupuesto_Base_Cero_10-05_40562/term_results",
        "merged": "crData/Presupuesto_Base_Cero_7607/Presupuesto_Base_Cero_10-05_40562/merged_results.json",
        "filtered": "crData/Presupuesto_Base_Cero_7607/Presupuesto_Base_Cero_10-05_40562/filtered_results.json",
        "final": "crData/Presupuesto_Base_Cero_7607/Presupuesto_Base_Cero_10-05_40562/final_results.json",
        "statistics": "crData/Presupuesto_Base_Cero_7607/Presupuesto_Base_Cero_10-05_40562/statistics_results.json"
      },
      "processing_time": 1.6625008583068848,
      "total_crossref": 214547,
      "crossref_percentage": 0.0
    },
    "10-06": {
      "tool_name": "Presupuesto Base Cero",
      "batch_id": "40594",
      "date": "10-06",
      "initial_count": 44,
      "filtered_count": 0,
      "final_count": 0,
      "duplicate_count": 0,
      "terms": {
        "Budgeting": 45
      },
      "file_paths": {
        "base_folder": "crData/Presupuesto_Base_Cero_7607/Presupuesto_Base_Cero_10-06_40594",
        "term_results_folder": "crData/Presupuesto_Base_Cero_7607/Presupuesto_Base_Cero_10-06_40594/term_results",
        "merged": "crData/Presupuesto_Base_Cero_7607/Presupuesto_Base_Cero_10-06_40594/merged_results.json",
        "filtered": "crData/Presupuesto_Base_Cero_7607/Presupuesto_Base_Cero_10-06_40594/filtered_results.json",
        "final": "crData/Presupuesto_Base_Cero_7607/Presupuesto_Base_Cero_10-06_40594/final_results.json",
        "statistics": "crData/Presupuesto_Base_Cero_7607/Presupuesto_Base_Cero_10-06_40594/statistics_results.json"
      },
      "processing_time": 1.2611000537872314,
      "total_crossref": 255048,
      "crossref_percentage": 0.0
    },
    "10-07": {
      "tool_name": "Presupuesto Base Cero",
      "batch_id": "41022",
      "date": "10-07",
      "initial_count": 8,
      "filtered_count": 0,
      "final_count": 0,
      "duplicate_count": 0,
      "terms": {
        "Budgeting": 8
      },
      "file_paths": {
        "base_folder": "crData/Presupuesto_Base_Cero_7607/Presupuesto_Base_Cero_10-07_41022",
        "term_results_folder": "crData/Presupuesto_Base_Cero_7607/Presupuesto_Base_Cero_10-07_41022/term_results",
        "merged": "crData/Presupuesto_Base_Cero_7607/Presupuesto_Base_Cero_10-07_41022/merged_results.json",
        "filtered": "crData/Presupuesto_Base_Cero_7607/Presupuesto_Base_Cero_10-07_41022/filtered_results.json",
        "final": "crData/Presupuesto_Base_Cero_7607/Presupuesto_Base_Cero_10-07_41022/final_results.json",
        "statistics": "crData/Presupuesto_Base_Cero_7607/Presupuesto_Base_Cero_10-07_41022/statistics_results.json"
      },
      "processing_time": 2.3842060565948486,
      "total_crossref": 214596,
      "crossref_percentage": 0.0
    },
    "10-08": {
      "tool_name": "Presupuesto Base Cero",
      "batch_id": "41061",
      "date": "10-08",
      "initial_count": 6,
      "filtered_count": 0,
      "final_count": 0,
      "duplicate_count": 0,
      "terms": {
        "Budgeting": 6
      },
      "file_paths": {
        "base_folder": "crData/Presupuesto_Base_Cero_7607/Presupuesto_Base_Cero_10-08_41061",
        "term_results_folder": "crData/Presupuesto_Base_Cero_7607/Presupuesto_Base_Cero_10-08_41061/term_results",
        "merged": "crData/Presupuesto_Base_Cero_7607/Presupuesto_Base_Cero_10-08_41061/merged_results.json",
        "filtered": "crData/Presupuesto_Base_Cero_7607/Presupuesto_Base_Cero_10-08_41061/filtered_results.json",
        "final": "crData/Presupuesto_Base_Cero_7607/Presupuesto_Base_Cero_10-08_41061/final_results.json",
        "statistics": "crData/Presupuesto_Base_Cero_7607/Presupuesto_Base_Cero_10-08_41061/statistics_results.json"
      },
      "processing_time": 1.2871007919311523,
      "total_crossref": 205361,
      "crossref_percentage": 0.0
    },
    "10-09": {
      "tool_name": "Presupuesto Base Cero",
      "batch_id": "41088",
      "date": "10-09",
      "initial_count": 18,
      "filtered_count": 0,
      "final_count": 0,
      "duplicate_count": 0,
      "terms": {
        "Budgeting": 19
      },
      "file_paths": {
        "base_folder": "crData/Presupuesto_Base_Cero_7607/Presupuesto_Base_Cero_10-09_41088",
        "term_results_folder": "crData/Presupuesto_Base_Cero_7607/Presupuesto_Base_Cero_10-09_41088/term_results",
        "merged": "crData/Presupuesto_Base_Cero_7607/Presupuesto_Base_Cero_10-09_41088/merged_results.json",
        "filtered": "crData/Presupuesto_Base_Cero_7607/Presupuesto_Base_Cero_10-09_41088/filtered_results.json",
        "final": "crData/Presupuesto_Base_Cero_7607/Presupuesto_Base_Cero_10-09_41088/final_results.json",
        "statistics": "crData/Presupuesto_Base_Cero_7607/Presupuesto_Base_Cero_10-09_41088/statistics_results.json"
      },
      "processing_time": 1.837946891784668,
      "total_crossref": 240543,
      "crossref_percentage": 0.0
    },
    "10-10": {
      "tool_name": "Presupuesto Base Cero",
      "batch_id": "41122",
      "date": "10-10",
      "initial_count": 11,
      "filtered_count": 1,
      "final_count": 1,
      "duplicate_count": 0,
      "terms": {
        "Budgeting": 12
      },
      "file_paths": {
        "base_folder": "crData/Presupuesto_Base_Cero_7607/Presupuesto_Base_Cero_10-10_41122",
        "term_results_folder": "crData/Presupuesto_Base_Cero_7607/Presupuesto_Base_Cero_10-10_41122/term_results",
        "merged": "crData/Presupuesto_Base_Cero_7607/Presupuesto_Base_Cero_10-10_41122/merged_results.json",
        "filtered": "crData/Presupuesto_Base_Cero_7607/Presupuesto_Base_Cero_10-10_41122/filtered_results.json",
        "final": "crData/Presupuesto_Base_Cero_7607/Presupuesto_Base_Cero_10-10_41122/final_results.json",
        "statistics": "crData/Presupuesto_Base_Cero_7607/Presupuesto_Base_Cero_10-10_41122/statistics_results.json"
      },
      "processing_time": 1.2691681385040283,
      "total_crossref": 236791,
      "crossref_percentage": 0.0004223133480579921
    },
    "10-11": {
      "tool_name": "Presupuesto Base Cero",
      "batch_id": "41150",
      "date": "10-11",
      "initial_count": 11,
      "filtered_count": 0,
      "final_count": 0,
      "duplicate_count": 0,
      "terms": {
        "Budgeting": 12
      },
      "file_paths": {
        "base_folder": "crData/Presupuesto_Base_Cero_7607/Presupuesto_Base_Cero_10-11_41150",
        "term_results_folder": "crData/Presupuesto_Base_Cero_7607/Presupuesto_Base_Cero_10-11_41150/term_results",
        "merged": "crData/Presupuesto_Base_Cero_7607/Presupuesto_Base_Cero_10-11_41150/merged_results.json",
        "filtered": "crData/Presupuesto_Base_Cero_7607/Presupuesto_Base_Cero_10-11_41150/filtered_results.json",
        "final": "crData/Presupuesto_Base_Cero_7607/Presupuesto_Base_Cero_10-11_41150/final_results.json",
        "statistics": "crData/Presupuesto_Base_Cero_7607/Presupuesto_Base_Cero_10-11_41150/statistics_results.json"
      },
      "processing_time": 1.3057739734649658,
      "total_crossref": 222873,
      "crossref_percentage": 0.0
    },
    "10-12": {
      "tool_name": "Presupuesto Base Cero",
      "batch_id": "41178",
      "date": "10-12",
      "initial_count": 36,
      "filtered_count": 0,
      "final_count": 0,
      "duplicate_count": 0,
      "terms": {
        "Budgeting": 38
      },
      "file_paths": {
        "base_folder": "crData/Presupuesto_Base_Cero_7607/Presupuesto_Base_Cero_10-12_41178",
        "term_results_folder": "crData/Presupuesto_Base_Cero_7607/Presupuesto_Base_Cero_10-12_41178/term_results",
        "merged": "crData/Presupuesto_Base_Cero_7607/Presupuesto_Base_Cero_10-12_41178/merged_results.json",
        "filtered": "crData/Presupuesto_Base_Cero_7607/Presupuesto_Base_Cero_10-12_41178/filtered_results.json",
        "final": "crData/Presupuesto_Base_Cero_7607/Presupuesto_Base_Cero_10-12_41178/final_results.json",
        "statistics": "crData/Presupuesto_Base_Cero_7607/Presupuesto_Base_Cero_10-12_41178/statistics_results.json"
      },
      "processing_time": 1.7018659114837646,
      "total_crossref": 300359,
      "crossref_percentage": 0.0
    }
  },
  "total_duplicates": 0,
  "monthly_files": {
    "10-01": {
      "base_folder": "crData/Presupuesto_Base_Cero_7607/Presupuesto_Base_Cero_10-01_40442",
      "term_results_folder": "crData/Presupuesto_Base_Cero_7607/Presupuesto_Base_Cero_10-01_40442/term_results",
      "merged": "crData/Presupuesto_Base_Cero_7607/Presupuesto_Base_Cero_10-01_40442/merged_results.json",
      "filtered": "crData/Presupuesto_Base_Cero_7607/Presupuesto_Base_Cero_10-01_40442/filtered_results.json",
      "final": "crData/Presupuesto_Base_Cero_7607/Presupuesto_Base_Cero_10-01_40442/final_results.json",
      "statistics": "crData/Presupuesto_Base_Cero_7607/Presupuesto_Base_Cero_10-01_40442/statistics_results.json"
    },
    "10-02": {
      "base_folder": "crData/Presupuesto_Base_Cero_7607/Presupuesto_Base_Cero_10-02_40472",
      "term_results_folder": "crData/Presupuesto_Base_Cero_7607/Presupuesto_Base_Cero_10-02_40472/term_results",
      "merged": "crData/Presupuesto_Base_Cero_7607/Presupuesto_Base_Cero_10-02_40472/merged_results.json",
      "filtered": "crData/Presupuesto_Base_Cero_7607/Presupuesto_Base_Cero_10-02_40472/filtered_results.json",
      "final": "crData/Presupuesto_Base_Cero_7607/Presupuesto_Base_Cero_10-02_40472/final_results.json",
      "statistics": "crData/Presupuesto_Base_Cero_7607/Presupuesto_Base_Cero_10-02_40472/statistics_results.json"
    },
    "10-03": {
      "base_folder": "crData/Presupuesto_Base_Cero_7607/Presupuesto_Base_Cero_10-03_40500",
      "term_results_folder": "crData/Presupuesto_Base_Cero_7607/Presupuesto_Base_Cero_10-03_40500/term_results",
      "merged": "crData/Presupuesto_Base_Cero_7607/Presupuesto_Base_Cero_10-03_40500/merged_results.json",
      "filtered": "crData/Presupuesto_Base_Cero_7607/Presupuesto_Base_Cero_10-03_40500/filtered_results.json",
      "final": "crData/Presupuesto_Base_Cero_7607/Presupuesto_Base_Cero_10-03_40500/final_results.json",
      "statistics": "crData/Presupuesto_Base_Cero_7607/Presupuesto_Base_Cero_10-03_40500/statistics_results.json"
    },
    "10-04": {
      "base_folder": "crData/Presupuesto_Base_Cero_7607/Presupuesto_Base_Cero_10-04_40532",
      "term_results_folder": "crData/Presupuesto_Base_Cero_7607/Presupuesto_Base_Cero_10-04_40532/term_results",
      "merged": "crData/Presupuesto_Base_Cero_7607/Presupuesto_Base_Cero_10-04_40532/merged_results.json",
      "filtered": "crData/Presupuesto_Base_Cero_7607/Presupuesto_Base_Cero_10-04_40532/filtered_results.json",
      "final": "crData/Presupuesto_Base_Cero_7607/Presupuesto_Base_Cero_10-04_40532/final_results.json",
      "statistics": "crData/Presupuesto_Base_Cero_7607/Presupuesto_Base_Cero_10-04_40532/statistics_results.json"
    },
    "10-05": {
      "base_folder": "crData/Presupuesto_Base_Cero_7607/Presupuesto_Base_Cero_10-05_40562",
      "term_results_folder": "crData/Presupuesto_Base_Cero_7607/Presupuesto_Base_Cero_10-05_40562/term_results",
      "merged": "crData/Presupuesto_Base_Cero_7607/Presupuesto_Base_Cero_10-05_40562/merged_results.json",
      "filtered": "crData/Presupuesto_Base_Cero_7607/Presupuesto_Base_Cero_10-05_40562/filtered_results.json",
      "final": "crData/Presupuesto_Base_Cero_7607/Presupuesto_Base_Cero_10-05_40562/final_results.json",
      "statistics": "crData/Presupuesto_Base_Cero_7607/Presupuesto_Base_Cero_10-05_40562/statistics_results.json"
    },
    "10-06": {
      "base_folder": "crData/Presupuesto_Base_Cero_7607/Presupuesto_Base_Cero_10-06_40594",
      "term_results_folder": "crData/Presupuesto_Base_Cero_7607/Presupuesto_Base_Cero_10-06_40594/term_results",
      "merged": "crData/Presupuesto_Base_Cero_7607/Presupuesto_Base_Cero_10-06_40594/merged_results.json",
      "filtered": "crData/Presupuesto_Base_Cero_7607/Presupuesto_Base_Cero_10-06_40594/filtered_results.json",
      "final": "crData/Presupuesto_Base_Cero_7607/Presupuesto_Base_Cero_10-06_40594/final_results.json",
      "statistics": "crData/Presupuesto_Base_Cero_7607/Presupuesto_Base_Cero_10-06_40594/statistics_results.json"
    },
    "10-07": {
      "base_folder": "crData/Presupuesto_Base_Cero_7607/Presupuesto_Base_Cero_10-07_41022",
      "term_results_folder": "crData/Presupuesto_Base_Cero_7607/Presupuesto_Base_Cero_10-07_41022/term_results",
      "merged": "crData/Presupuesto_Base_Cero_7607/Presupuesto_Base_Cero_10-07_41022/merged_results.json",
      "filtered": "crData/Presupuesto_Base_Cero_7607/Presupuesto_Base_Cero_10-07_41022/filtered_results.json",
      "final": "crData/Presupuesto_Base_Cero_7607/Presupuesto_Base_Cero_10-07_41022/final_results.json",
      "statistics": "crData/Presupuesto_Base_Cero_7607/Presupuesto_Base_Cero_10-07_41022/statistics_results.json"
    },
    "10-08": {
      "base_folder": "crData/Presupuesto_Base_Cero_7607/Presupuesto_Base_Cero_10-08_41061",
      "term_results_folder": "crData/Presupuesto_Base_Cero_7607/Presupuesto_Base_Cero_10-08_41061/term_results",
      "merged": "crData/Presupuesto_Base_Cero_7607/Presupuesto_Base_Cero_10-08_41061/merged_results.json",
      "filtered": "crData/Presupuesto_Base_Cero_7607/Presupuesto_Base_Cero_10-08_41061/filtered_results.json",
      "final": "crData/Presupuesto_Base_Cero_7607/Presupuesto_Base_Cero_10-08_41061/final_results.json",
      "statistics": "crData/Presupuesto_Base_Cero_7607/Presupuesto_Base_Cero_10-08_41061/statistics_results.json"
    },
    "10-09": {
      "base_folder": "crData/Presupuesto_Base_Cero_7607/Presupuesto_Base_Cero_10-09_41088",
      "term_results_folder": "crData/Presupuesto_Base_Cero_7607/Presupuesto_Base_Cero_10-09_41088/term_results",
      "merged": "crData/Presupuesto_Base_Cero_7607/Presupuesto_Base_Cero_10-09_41088/merged_results.json",
      "filtered": "crData/Presupuesto_Base_Cero_7607/Presupuesto_Base_Cero_10-09_41088/filtered_results.json",
      "final": "crData/Presupuesto_Base_Cero_7607/Presupuesto_Base_Cero_10-09_41088/final_results.json",
      "statistics": "crData/Presupuesto_Base_Cero_7607/Presupuesto_Base_Cero_10-09_41088/statistics_results.json"
    },
    "10-10": {
      "base_folder": "crData/Presupuesto_Base_Cero_7607/Presupuesto_Base_Cero_10-10_41122",
      "term_results_folder": "crData/Presupuesto_Base_Cero_7607/Presupuesto_Base_Cero_10-10_41122/term_results",
      "merged": "crData/Presupuesto_Base_Cero_7607/Presupuesto_Base_Cero_10-10_41122/merged_results.json",
      "filtered": "crData/Presupuesto_Base_Cero_7607/Presupuesto_Base_Cero_10-10_41122/filtered_results.json",
      "final": "crData/Presupuesto_Base_Cero_7607/Presupuesto_Base_Cero_10-10_41122/final_results.json",
      "statistics": "crData/Presupuesto_Base_Cero_7607/Presupuesto_Base_Cero_10-10_41122/statistics_results.json"
    },
    "10-11": {
      "base_folder": "crData/Presupuesto_Base_Cero_7607/Presupuesto_Base_Cero_10-11_41150",
      "term_results_folder": "crData/Presupuesto_Base_Cero_7607/Presupuesto_Base_Cero_10-11_41150/term_results",
      "merged": "crData/Presupuesto_Base_Cero_7607/Presupuesto_Base_Cero_10-11_41150/merged_results.json",
      "filtered": "crData/Presupuesto_Base_Cero_7607/Presupuesto_Base_Cero_10-11_41150/filtered_results.json",
      "final": "crData/Presupuesto_Base_Cero_7607/Presupuesto_Base_Cero_10-11_41150/final_results.json",
      "statistics": "crData/Presupuesto_Base_Cero_7607/Presupuesto_Base_Cero_10-11_41150/statistics_results.json"
    },
    "10-12": {
      "base_folder": "crData/Presupuesto_Base_Cero_7607/Presupuesto_Base_Cero_10-12_41178",
      "term_results_folder": "crData/Presupuesto_Base_Cero_7607/Presupuesto_Base_Cero_10-12_41178/term_results",
      "merged": "crData/Presupuesto_Base_Cero_7607/Presupuesto_Base_Cero_10-12_41178/merged_results.json",
      "filtered": "crData/Presupuesto_Base_Cero_7607/Presupuesto_Base_Cero_10-12_41178/filtered_results.json",
      "final": "crData/Presupuesto_Base_Cero_7607/Presupuesto_Base_Cero_10-12_41178/final_results.json",
      "statistics": "crData/Presupuesto_Base_Cero_7607/Presupuesto_Base_Cero_10-12_41178/statistics_results.json"
    }
  }
}