{
  "tool_name": "Presupuesto Base Cero",
  "year": "1970",
  "monthly_stats": {
    "70-01": {
      "tool_name": "Presupuesto Base Cero",
      "batch_id": "17085",
      "date": "70-01",
      "initial_count": 7,
      "filtered_count": 0,
      "final_count": 0,
      "duplicate_count": 0,
      "terms": {
        "Budgeting": 7
      },
      "file_paths": {
        "base_folder": "crData/Presupuesto_Base_Cero_7607/Presupuesto_Base_Cero_70-01_17085",
        "term_results_folder": "crData/Presupuesto_Base_Cero_7607/Presupuesto_Base_Cero_70-01_17085/term_results",
        "merged": "crData/Presupuesto_Base_Cero_7607/Presupuesto_Base_Cero_70-01_17085/merged_results.json",
        "filtered": "crData/Presupuesto_Base_Cero_7607/Presupuesto_Base_Cero_70-01_17085/filtered_results.json",
        "final": "crData/Presupuesto_Base_Cero_7607/Presupuesto_Base_Cero_70-01_17085/final_results.json",
        "statistics": "crData/Presupuesto_Base_Cero_7607/Presupuesto_Base_Cero_70-01_17085/statistics_results.json"
      },
      "processing_time": 0.8051941394805908,
      "total_crossref": 191083,
      "crossref_percentage": 0.0
    },
    "70-02": {
      "tool_name": "Presupuesto Base Cero",
      "batch_id": "17108",
      "date": "70-02",
      "initial_count": 1,
      "filtered_count": 0,
      "final_count": 0,
      "duplicate_count": 0,
      "terms": {
        "Budgeting": 1
      },
      "file_paths": {
        "base_folder": "crData/Presupuesto_Base_Cero_7607/Presupuesto_Base_Cero_70-02_17108",
        "term_results_folder": "crData/Presupuesto_Base_Cero_7607/Presupuesto_Base_Cero_70-02_17108/term_results",
        "merged": "crData/Presupuesto_Base_Cero_7607/Presupuesto_Base_Cero_70-02_17108/merged_results.json",
        "filtered": "crData/Presupuesto_Base_Cero_7607/Presupuesto_Base_Cero_70-02_17108/filtered_results.json",
        "final": "crData/Presupuesto_Base_Cero_7607/Presupuesto_Base_Cero_70-02_17108/final_results.json",
        "statistics": "crData/Presupuesto_Base_Cero_7607/Presupuesto_Base_Cero_70-02_17108/statistics_results.json"
      },
      "processing_time": 0.7996511459350586,
      "total_crossref": 25598,
      "crossref_percentage": 0.0
    },
    "70-03": {
      "tool_name": "Presupuesto Base Cero",
      "batch_id": "17131",
      "date": "70-03",
      "initial_count": 3,
      "filtered_count": 1,
      "final_count": 1,
      "duplicate_count": 0,
      "terms": {
        "Budgeting": 3
      },
      "file_paths": {
        "base_folder": "crData/Presupuesto_Base_Cero_7607/Presupuesto_Base_Cero_70-03_17131",
        "term_results_folder": "crData/Presupuesto_Base_Cero_7607/Presupuesto_Base_Cero_70-03_17131/term_results",
        "merged": "crData/Presupuesto_Base_Cero_7607/Presupuesto_Base_Cero_70-03_17131/merged_results.json",
        "filtered": "crData/Presupuesto_Base_Cero_7607/Presupuesto_Base_Cero_70-03_17131/filtered_results.json",
        "final": "crData/Presupuesto_Base_Cero_7607/Presupuesto_Base_Cero_70-03_17131/final_results.json",
        "statistics": "crData/Presupuesto_Base_Cero_7607/Presupuesto_Base_Cero_70-03_17131/statistics_results.json"
      },
      "processing_time": 0.9348342418670654,
      "total_crossref": 32767,
      "crossref_percentage": 0.0030518509475997192
    },
    "70-04": {
      "tool_name": "Presupuesto Base Cero",
      "batch_id": "17156",
      "date": "70-04",
      "initial_count": 1,
      "filtered_count": 0,
      "final_count": 0,
      "duplicate_count": 0,
      "terms": {
        "Budgeting": 1
      },
      "file_paths": {
        "base_folder": "crData/Presupuesto_Base_Cero_7607/Presupuesto_Base_Cero_70-04_17156",
        "term_results_folder": "crData/Presupuesto_Base_Cero_7607/Presupuesto_Base_Cero_70-04_17156/term_results",
        "merged": "crData/Presupuesto_Base_Cero_7607/Presupuesto_Base_Cero_70-04_17156/merged_results.json",
        "filtered": "crData/Presupuesto_Base_Cero_7607/Presupuesto_Base_Cero_70-04_17156/filtered_results.json",
        "final": "crData/Presupuesto_Base_Cero_7607/Presupuesto_Base_Cero_70-04_17156/final_results.json",
        "statistics": "crData/Presupuesto_Base_Cero_7607/Presupuesto_Base_Cero_70-04_17156/statistics_results.json"
      },
      "processing_time": 0.7469048500061035,
      "total_crossref": 28895,
      "crossref_percentage": 0.0
    },
    "70-05": {
      "tool_name": "Presupuesto Base Cero",
      "batch_id": "17178",
      "date": "70-05",
      "initial_count": 4,
      "filtered_count": 0,
      "final_count": 0,
      "duplicate_count": 0,
      "terms": {
        "Budgeting": 4
      },
      "file_paths": {
        "base_folder": "crData/Presupuesto_Base_Cero_7607/Presupuesto_Base_Cero_70-05_17178",
        "term_results_folder": "crData/Presupuesto_Base_Cero_7607/Presupuesto_Base_Cero_70-05_17178/term_results",
        "merged": "crData/Presupuesto_Base_Cero_7607/Presupuesto_Base_Cero_70-05_17178/merged_results.json",
        "filtered": "crData/Presupuesto_Base_Cero_7607/Presupuesto_Base_Cero_70-05_17178/filtered_results.json",
        "final": "crData/Presupuesto_Base_Cero_7607/Presupuesto_Base_Cero_70-05_17178/final_results.json",
        "statistics": "crData/Presupuesto_Base_Cero_7607/Presupuesto_Base_Cero_70-05_17178/statistics_results.json"
      },
      "processing_time": 0.7812118530273438,
      "total_crossref": 27554,
      "crossref_percentage": 0.0
    },
    "70-06": {
      "tool_name": "Presupuesto Base Cero",
      "batch_id": "17201",
      "date": "70-06",
      "initial_count": 6,
      "filtered_count": 0,
      "final_count": 0,
      "duplicate_count": 0,
      "terms": {
        "Budgeting": 6
      },
      "file_paths": {
        "base_folder": "crData/Presupuesto_Base_Cero_7607/Presupuesto_Base_Cero_70-06_17201",
        "term_results_folder": "crData/Presupuesto_Base_Cero_7607/Presupuesto_Base_Cero_70-06_17201/term_results",
        "merged": "crData/Presupuesto_Base_Cero_7607/Presupuesto_Base_Cero_70-06_17201/merged_results.json",
        "filtered": "crData/Presupuesto_Base_Cero_7607/Presupuesto_Base_Cero_70-06_17201/filtered_results.json",
        "final": "crData/Presupuesto_Base_Cero_7607/Presupuesto_Base_Cero_70-06_17201/final_results.json",
        "statistics": "crData/Presupuesto_Base_Cero_7607/Presupuesto_Base_Cero_70-06_17201/statistics_results.json"
      },
      "processing_time": 0.8861448764801025,
      "total_crossref": 30939,
      "crossref_percentage": 0.0
    },
    "70-07": {
      "tool_name": "Presupuesto Base Cero",
      "batch_id": "17225",
      "date": "70-07",
      "initial_count": 2,
      "filtered_count": 0,
      "final_count": 0,
      "duplicate_count": 0,
      "terms": {
        "Budgeting": 2
      },
      "file_paths": {
        "base_folder": "crData/Presupuesto_Base_Cero_7607/Presupuesto_Base_Cero_70-07_17225",
        "term_results_folder": "crData/Presupuesto_Base_Cero_7607/Presupuesto_Base_Cero_70-07_17225/term_results",
        "merged": "crData/Presupuesto_Base_Cero_7607/Presupuesto_Base_Cero_70-07_17225/merged_results.json",
        "filtered": "crData/Presupuesto_Base_Cero_7607/Presupuesto_Base_Cero_70-07_17225/filtered_results.json",
        "final": "crData/Presupuesto_Base_Cero_7607/Presupuesto_Base_Cero_70-07_17225/final_results.json",
        "statistics": "crData/Presupuesto_Base_Cero_7607/Presupuesto_Base_Cero_70-07_17225/statistics_results.json"
      },
      "processing_time": 0.8325541019439697,
      "total_crossref": 28698,
      "crossref_percentage": 0.0
    },
    "70-08": {
      "tool_name": "Presupuesto Base Cero",
      "batch_id": "17248",
      "date": "70-08",
      "initial_count": 0,
      "filtered_count": 0,
      "final_count": 0,
      "duplicate_count": 0,
      "terms": {
        "Budgeting": 0
      },
      "file_paths": {
        "base_folder": "crData/Presupuesto_Base_Cero_7607/Presupuesto_Base_Cero_70-08_17248",
        "term_results_folder": "crData/Presupuesto_Base_Cero_7607/Presupuesto_Base_Cero_70-08_17248/term_results",
        "merged": "crData/Presupuesto_Base_Cero_7607/Presupuesto_Base_Cero_70-08_17248/merged_results.json",
        "filtered": "crData/Presupuesto_Base_Cero_7607/Presupuesto_Base_Cero_70-08_17248/filtered_results.json",
        "final": "crData/Presupuesto_Base_Cero_7607/Presupuesto_Base_Cero_70-08_17248/final_results.json",
        "statistics": "crData/Presupuesto_Base_Cero_7607/Presupuesto_Base_Cero_70-08_17248/statistics_results.json"
      },
      "processing_time": 0.7903149127960205,
      "total_crossref": 24249,
      "crossref_percentage": 0.0
    },
    "70-09": {
      "tool_name": "Presupuesto Base Cero",
      "batch_id": "17271",
      "date": "70-09",
      "initial_count": 7,
      "filtered_count": 0,
      "final_count": 0,
      "duplicate_count": 0,
      "terms": {
        "Budgeting": 7
      },
      "file_paths": {
        "base_folder": "crData/Presupuesto_Base_Cero_7607/Presupuesto_Base_Cero_70-09_17271",
        "term_results_folder": "crData/Presupuesto_Base_Cero_7607/Presupuesto_Base_Cero_70-09_17271/term_results",
        "merged": "crData/Presupuesto_Base_Cero_7607/Presupuesto_Base_Cero_70-09_17271/merged_results.json",
        "filtered": "crData/Presupuesto_Base_Cero_7607/Presupuesto_Base_Cero_70-09_17271/filtered_results.json",
        "final": "crData/Presupuesto_Base_Cero_7607/Presupuesto_Base_Cero_70-09_17271/final_results.json",
        "statistics": "crData/Presupuesto_Base_Cero_7607/Presupuesto_Base_Cero_70-09_17271/statistics_results.json"
      },
      "processing_time": 0.9730031490325928,
      "total_crossref": 31171,
      "crossref_percentage": 0.0
    },
    "70-10": {
      "tool_name": "Presupuesto Base Cero",
      "batch_id": "17296",
      "date": "70-10",
      "initial_count": 0,
      "filtered_count": 0,
      "final_count": 0,
      "duplicate_count": 0,
      "terms": {
        "Budgeting": 0
      },
      "file_paths": {
        "base_folder": "crData/Presupuesto_Base_Cero_7607/Presupuesto_Base_Cero_70-10_17296",
        "term_results_folder": "crData/Presupuesto_Base_Cero_7607/Presupuesto_Base_Cero_70-10_17296/term_results",
        "merged": "crData/Presupuesto_Base_Cero_7607/Presupuesto_Base_Cero_70-10_17296/merged_results.json",
        "filtered": "crData/Presupuesto_Base_Cero_7607/Presupuesto_Base_Cero_70-10_17296/filtered_results.json",
        "final": "crData/Presupuesto_Base_Cero_7607/Presupuesto_Base_Cero_70-10_17296/final_results.json",
        "statistics": "crData/Presupuesto_Base_Cero_7607/Presupuesto_Base_Cero_70-10_17296/statistics_results.json"
      },
      "processing_time": 0.750115156173706,
      "total_crossref": 30088,
      "crossref_percentage": 0.0
    },
    "70-11": {
      "tool_name": "Presupuesto Base Cero",
      "batch_id": "17319",
      "date": "70-11",
      "initial_count": 0,
      "filtered_count": 0,
      "final_count": 0,
      "duplicate_count": 0,
      "terms": {
        "Budgeting": 0
      },
      "file_paths": {
        "base_folder": "crData/Presupuesto_Base_Cero_7607/Presupuesto_Base_Cero_70-11_17319",
        "term_results_folder": "crData/Presupuesto_Base_Cero_7607/Presupuesto_Base_Cero_70-11_17319/term_results",
        "merged": "crData/Presupuesto_Base_Cero_7607/Presupuesto_Base_Cero_70-11_17319/merged_results.json",
        "filtered": "crData/Presupuesto_Base_Cero_7607/Presupuesto_Base_Cero_70-11_17319/filtered_results.json",
        "final": "crData/Presupuesto_Base_Cero_7607/Presupuesto_Base_Cero_70-11_17319/final_results.json",
        "statistics": "crData/Presupuesto_Base_Cero_7607/Presupuesto_Base_Cero_70-11_17319/statistics_results.json"
      },
      "processing_time": 0.9275431632995605,
      "total_crossref": 26859,
      "crossref_percentage": 0.0
    },
    "70-12": {
      "tool_name": "Presupuesto Base Cero",
      "batch_id": "17343",
      "date": "70-12",
      "initial_count": 2,
      "filtered_count": 0,
      "final_count": 0,
      "duplicate_count": 0,
      "terms": {
        "Budgeting": 2
      },
      "file_paths": {
        "base_folder": "crData/Presupuesto_Base_Cero_7607/Presupuesto_Base_Cero_70-12_17343",
        "term_results_folder": "crData/Presupuesto_Base_Cero_7607/Presupuesto_Base_Cero_70-12_17343/term_results",
        "merged": "crData/Presupuesto_Base_Cero_7607/Presupuesto_Base_Cero_70-12_17343/merged_results.json",
        "filtered": "crData/Presupuesto_Base_Cero_7607/Presupuesto_Base_Cero_70-12_17343/filtered_results.json",
        "final": "crData/Presupuesto_Base_Cero_7607/Presupuesto_Base_Cero_70-12_17343/final_results.json",
        "statistics": "crData/Presupuesto_Base_Cero_7607/Presupuesto_Base_Cero_70-12_17343/statistics_results.json"
      },
      "processing_time": 1.0471699237823486,
      "total_crossref": 52223,
      "crossref_percentage": 0.0
    }
  },
  "total_duplicates": 0,
  "monthly_files": {
    "70-01": {
      "base_folder": "crData/Presupuesto_Base_Cero_7607/Presupuesto_Base_Cero_70-01_17085",
      "term_results_folder": "crData/Presupuesto_Base_Cero_7607/Presupuesto_Base_Cero_70-01_17085/term_results",
      "merged": "crData/Presupuesto_Base_Cero_7607/Presupuesto_Base_Cero_70-01_17085/merged_results.json",
      "filtered": "crData/Presupuesto_Base_Cero_7607/Presupuesto_Base_Cero_70-01_17085/filtered_results.json",
      "final": "crData/Presupuesto_Base_Cero_7607/Presupuesto_Base_Cero_70-01_17085/final_results.json",
      "statistics": "crData/Presupuesto_Base_Cero_7607/Presupuesto_Base_Cero_70-01_17085/statistics_results.json"
    },
    "70-02": {
      "base_folder": "crData/Presupuesto_Base_Cero_7607/Presupuesto_Base_Cero_70-02_17108",
      "term_results_folder": "crData/Presupuesto_Base_Cero_7607/Presupuesto_Base_Cero_70-02_17108/term_results",
      "merged": "crData/Presupuesto_Base_Cero_7607/Presupuesto_Base_Cero_70-02_17108/merged_results.json",
      "filtered": "crData/Presupuesto_Base_Cero_7607/Presupuesto_Base_Cero_70-02_17108/filtered_results.json",
      "final": "crData/Presupuesto_Base_Cero_7607/Presupuesto_Base_Cero_70-02_17108/final_results.json",
      "statistics": "crData/Presupuesto_Base_Cero_7607/Presupuesto_Base_Cero_70-02_17108/statistics_results.json"
    },
    "70-03": {
      "base_folder": "crData/Presupuesto_Base_Cero_7607/Presupuesto_Base_Cero_70-03_17131",
      "term_results_folder": "crData/Presupuesto_Base_Cero_7607/Presupuesto_Base_Cero_70-03_17131/term_results",
      "merged": "crData/Presupuesto_Base_Cero_7607/Presupuesto_Base_Cero_70-03_17131/merged_results.json",
      "filtered": "crData/Presupuesto_Base_Cero_7607/Presupuesto_Base_Cero_70-03_17131/filtered_results.json",
      "final": "crData/Presupuesto_Base_Cero_7607/Presupuesto_Base_Cero_70-03_17131/final_results.json",
      "statistics": "crData/Presupuesto_Base_Cero_7607/Presupuesto_Base_Cero_70-03_17131/statistics_results.json"
    },
    "70-04": {
      "base_folder": "crData/Presupuesto_Base_Cero_7607/Presupuesto_Base_Cero_70-04_17156",
      "term_results_folder": "crData/Presupuesto_Base_Cero_7607/Presupuesto_Base_Cero_70-04_17156/term_results",
      "merged": "crData/Presupuesto_Base_Cero_7607/Presupuesto_Base_Cero_70-04_17156/merged_results.json",
      "filtered": "crData/Presupuesto_Base_Cero_7607/Presupuesto_Base_Cero_70-04_17156/filtered_results.json",
      "final": "crData/Presupuesto_Base_Cero_7607/Presupuesto_Base_Cero_70-04_17156/final_results.json",
      "statistics": "crData/Presupuesto_Base_Cero_7607/Presupuesto_Base_Cero_70-04_17156/statistics_results.json"
    },
    "70-05": {
      "base_folder": "crData/Presupuesto_Base_Cero_7607/Presupuesto_Base_Cero_70-05_17178",
      "term_results_folder": "crData/Presupuesto_Base_Cero_7607/Presupuesto_Base_Cero_70-05_17178/term_results",
      "merged": "crData/Presupuesto_Base_Cero_7607/Presupuesto_Base_Cero_70-05_17178/merged_results.json",
      "filtered": "crData/Presupuesto_Base_Cero_7607/Presupuesto_Base_Cero_70-05_17178/filtered_results.json",
      "final": "crData/Presupuesto_Base_Cero_7607/Presupuesto_Base_Cero_70-05_17178/final_results.json",
      "statistics": "crData/Presupuesto_Base_Cero_7607/Presupuesto_Base_Cero_70-05_17178/statistics_results.json"
    },
    "70-06": {
      "base_folder": "crData/Presupuesto_Base_Cero_7607/Presupuesto_Base_Cero_70-06_17201",
      "term_results_folder": "crData/Presupuesto_Base_Cero_7607/Presupuesto_Base_Cero_70-06_17201/term_results",
      "merged": "crData/Presupuesto_Base_Cero_7607/Presupuesto_Base_Cero_70-06_17201/merged_results.json",
      "filtered": "crData/Presupuesto_Base_Cero_7607/Presupuesto_Base_Cero_70-06_17201/filtered_results.json",
      "final": "crData/Presupuesto_Base_Cero_7607/Presupuesto_Base_Cero_70-06_17201/final_results.json",
      "statistics": "crData/Presupuesto_Base_Cero_7607/Presupuesto_Base_Cero_70-06_17201/statistics_results.json"
    },
    "70-07": {
      "base_folder": "crData/Presupuesto_Base_Cero_7607/Presupuesto_Base_Cero_70-07_17225",
      "term_results_folder": "crData/Presupuesto_Base_Cero_7607/Presupuesto_Base_Cero_70-07_17225/term_results",
      "merged": "crData/Presupuesto_Base_Cero_7607/Presupuesto_Base_Cero_70-07_17225/merged_results.json",
      "filtered": "crData/Presupuesto_Base_Cero_7607/Presupuesto_Base_Cero_70-07_17225/filtered_results.json",
      "final": "crData/Presupuesto_Base_Cero_7607/Presupuesto_Base_Cero_70-07_17225/final_results.json",
      "statistics": "crData/Presupuesto_Base_Cero_7607/Presupuesto_Base_Cero_70-07_17225/statistics_results.json"
    },
    "70-08": {
      "base_folder": "crData/Presupuesto_Base_Cero_7607/Presupuesto_Base_Cero_70-08_17248",
      "term_results_folder": "crData/Presupuesto_Base_Cero_7607/Presupuesto_Base_Cero_70-08_17248/term_results",
      "merged": "crData/Presupuesto_Base_Cero_7607/Presupuesto_Base_Cero_70-08_17248/merged_results.json",
      "filtered": "crData/Presupuesto_Base_Cero_7607/Presupuesto_Base_Cero_70-08_17248/filtered_results.json",
      "final": "crData/Presupuesto_Base_Cero_7607/Presupuesto_Base_Cero_70-08_17248/final_results.json",
      "statistics": "crData/Presupuesto_Base_Cero_7607/Presupuesto_Base_Cero_70-08_17248/statistics_results.json"
    },
    "70-09": {
      "base_folder": "crData/Presupuesto_Base_Cero_7607/Presupuesto_Base_Cero_70-09_17271",
      "term_results_folder": "crData/Presupuesto_Base_Cero_7607/Presupuesto_Base_Cero_70-09_17271/term_results",
      "merged": "crData/Presupuesto_Base_Cero_7607/Presupuesto_Base_Cero_70-09_17271/merged_results.json",
      "filtered": "crData/Presupuesto_Base_Cero_7607/Presupuesto_Base_Cero_70-09_17271/filtered_results.json",
      "final": "crData/Presupuesto_Base_Cero_7607/Presupuesto_Base_Cero_70-09_17271/final_results.json",
      "statistics": "crData/Presupuesto_Base_Cero_7607/Presupuesto_Base_Cero_70-09_17271/statistics_results.json"
    },
    "70-10": {
      "base_folder": "crData/Presupuesto_Base_Cero_7607/Presupuesto_Base_Cero_70-10_17296",
      "term_results_folder": "crData/Presupuesto_Base_Cero_7607/Presupuesto_Base_Cero_70-10_17296/term_results",
      "merged": "crData/Presupuesto_Base_Cero_7607/Presupuesto_Base_Cero_70-10_17296/merged_results.json",
      "filtered": "crData/Presupuesto_Base_Cero_7607/Presupuesto_Base_Cero_70-10_17296/filtered_results.json",
      "final": "crData/Presupuesto_Base_Cero_7607/Presupuesto_Base_Cero_70-10_17296/final_results.json",
      "statistics": "crData/Presupuesto_Base_Cero_7607/Presupuesto_Base_Cero_70-10_17296/statistics_results.json"
    },
    "70-11": {
      "base_folder": "crData/Presupuesto_Base_Cero_7607/Presupuesto_Base_Cero_70-11_17319",
      "term_results_folder": "crData/Presupuesto_Base_Cero_7607/Presupuesto_Base_Cero_70-11_17319/term_results",
      "merged": "crData/Presupuesto_Base_Cero_7607/Presupuesto_Base_Cero_70-11_17319/merged_results.json",
      "filtered": "crData/Presupuesto_Base_Cero_7607/Presupuesto_Base_Cero_70-11_17319/filtered_results.json",
      "final": "crData/Presupuesto_Base_Cero_7607/Presupuesto_Base_Cero_70-11_17319/final_results.json",
      "statistics": "crData/Presupuesto_Base_Cero_7607/Presupuesto_Base_Cero_70-11_17319/statistics_results.json"
    },
    "70-12": {
      "base_folder": "crData/Presupuesto_Base_Cero_7607/Presupuesto_Base_Cero_70-12_17343",
      "term_results_folder": "crData/Presupuesto_Base_Cero_7607/Presupuesto_Base_Cero_70-12_17343/term_results",
      "merged": "crData/Presupuesto_Base_Cero_7607/Presupuesto_Base_Cero_70-12_17343/merged_results.json",
      "filtered": "crData/Presupuesto_Base_Cero_7607/Presupuesto_Base_Cero_70-12_17343/filtered_results.json",
      "final": "crData/Presupuesto_Base_Cero_7607/Presupuesto_Base_Cero_70-12_17343/final_results.json",
      "statistics": "crData/Presupuesto_Base_Cero_7607/Presupuesto_Base_Cero_70-12_17343/statistics_results.json"
    }
  }
}