{
  "tool_name": "Presupuesto Base Cero",
  "year": "1974",
  "monthly_stats": {
    "74-01": {
      "tool_name": "Presupuesto Base Cero",
      "batch_id": "19191",
      "date": "74-01",
      "initial_count": 11,
      "filtered_count": 0,
      "final_count": 0,
      "duplicate_count": 0,
      "terms": {
        "Budgeting": 11
      },
      "file_paths": {
        "base_folder": "crData/Presupuesto_Base_Cero_7607/Presupuesto_Base_Cero_74-01_19191",
        "term_results_folder": "crData/Presupuesto_Base_Cero_7607/Presupuesto_Base_Cero_74-01_19191/term_results",
        "merged": "crData/Presupuesto_Base_Cero_7607/Presupuesto_Base_Cero_74-01_19191/merged_results.json",
        "filtered": "crData/Presupuesto_Base_Cero_7607/Presupuesto_Base_Cero_74-01_19191/filtered_results.json",
        "final": "crData/Presupuesto_Base_Cero_7607/Presupuesto_Base_Cero_74-01_19191/final_results.json",
        "statistics": "crData/Presupuesto_Base_Cero_7607/Presupuesto_Base_Cero_74-01_19191/statistics_results.json"
      },
      "processing_time": 1.0646629333496094,
      "total_crossref": 176404,
      "crossref_percentage": 0.0
    },
    "74-02": {
      "tool_name": "Presupuesto Base Cero",
      "batch_id": "19217",
      "date": "74-02",
      "initial_count": 2,
      "filtered_count": 0,
      "final_count": 0,
      "duplicate_count": 0,
      "terms": {
        "Budgeting": 2
      },
      "file_paths": {
        "base_folder": "crData/Presupuesto_Base_Cero_7607/Presupuesto_Base_Cero_74-02_19217",
        "term_results_folder": "crData/Presupuesto_Base_Cero_7607/Presupuesto_Base_Cero_74-02_19217/term_results",
        "merged": "crData/Presupuesto_Base_Cero_7607/Presupuesto_Base_Cero_74-02_19217/merged_results.json",
        "filtered": "crData/Presupuesto_Base_Cero_7607/Presupuesto_Base_Cero_74-02_19217/filtered_results.json",
        "final": "crData/Presupuesto_Base_Cero_7607/Presupuesto_Base_Cero_74-02_19217/final_results.json",
        "statistics": "crData/Presupuesto_Base_Cero_7607/Presupuesto_Base_Cero_74-02_19217/statistics_results.json"
      },
      "processing_time": 0.9119679927825928,
      "total_crossref": 29657,
      "crossref_percentage": 0.0
    },
    "74-03": {
      "tool_name": "Presupuesto Base Cero",
      "batch_id": "19241",
      "date": "74-03",
      "initial_count": 6,
      "filtered_count": 0,
      "final_count": 0,
      "duplicate_count": 0,
      "terms": {
        "Budgeting": 6
      },
      "file_paths": {
        "base_folder": "crData/Presupuesto_Base_Cero_7607/Presupuesto_Base_Cero_74-03_19241",
        "term_results_folder": "crData/Presupuesto_Base_Cero_7607/Presupuesto_Base_Cero_74-03_19241/term_results",
        "merged": "crData/Presupuesto_Base_Cero_7607/Presupuesto_Base_Cero_74-03_19241/merged_results.json",
        "filtered": "crData/Presupuesto_Base_Cero_7607/Presupuesto_Base_Cero_74-03_19241/filtered_results.json",
        "final": "crData/Presupuesto_Base_Cero_7607/Presupuesto_Base_Cero_74-03_19241/final_results.json",
        "statistics": "crData/Presupuesto_Base_Cero_7607/Presupuesto_Base_Cero_74-03_19241/statistics_results.json"
      },
      "processing_time": 0.9731018543243408,
      "total_crossref": 38868,
      "crossref_percentage": 0.0
    },
    "74-04": {
      "tool_name": "Presupuesto Base Cero",
      "batch_id": "19266",
      "date": "74-04",
      "initial_count": 3,
      "filtered_count": 1,
      "final_count": 1,
      "duplicate_count": 0,
      "terms": {
        "Budgeting": 3
      },
      "file_paths": {
        "base_folder": "crData/Presupuesto_Base_Cero_7607/Presupuesto_Base_Cero_74-04_19266",
        "term_results_folder": "crData/Presupuesto_Base_Cero_7607/Presupuesto_Base_Cero_74-04_19266/term_results",
        "merged": "crData/Presupuesto_Base_Cero_7607/Presupuesto_Base_Cero_74-04_19266/merged_results.json",
        "filtered": "crData/Presupuesto_Base_Cero_7607/Presupuesto_Base_Cero_74-04_19266/filtered_results.json",
        "final": "crData/Presupuesto_Base_Cero_7607/Presupuesto_Base_Cero_74-04_19266/final_results.json",
        "statistics": "crData/Presupuesto_Base_Cero_7607/Presupuesto_Base_Cero_74-04_19266/statistics_results.json"
      },
      "processing_time": 0.816868782043457,
      "total_crossref": 35001,
      "crossref_percentage": 0.0028570612268220908
    },
    "74-05": {
      "tool_name": "Presupuesto Base Cero",
      "batch_id": "19289",
      "date": "74-05",
      "initial_count": 9,
      "filtered_count": 0,
      "final_count": 0,
      "duplicate_count": 0,
      "terms": {
        "Budgeting": 9
      },
      "file_paths": {
        "base_folder": "crData/Presupuesto_Base_Cero_7607/Presupuesto_Base_Cero_74-05_19289",
        "term_results_folder": "crData/Presupuesto_Base_Cero_7607/Presupuesto_Base_Cero_74-05_19289/term_results",
        "merged": "crData/Presupuesto_Base_Cero_7607/Presupuesto_Base_Cero_74-05_19289/merged_results.json",
        "filtered": "crData/Presupuesto_Base_Cero_7607/Presupuesto_Base_Cero_74-05_19289/filtered_results.json",
        "final": "crData/Presupuesto_Base_Cero_7607/Presupuesto_Base_Cero_74-05_19289/final_results.json",
        "statistics": "crData/Presupuesto_Base_Cero_7607/Presupuesto_Base_Cero_74-05_19289/statistics_results.json"
      },
      "processing_time": 1.1904981136322021,
      "total_crossref": 31399,
      "crossref_percentage": 0.0
    },
    "74-06": {
      "tool_name": "Presupuesto Base Cero",
      "batch_id": "19316",
      "date": "74-06",
      "initial_count": 8,
      "filtered_count": 1,
      "final_count": 1,
      "duplicate_count": 0,
      "terms": {
        "Budgeting": 8
      },
      "file_paths": {
        "base_folder": "crData/Presupuesto_Base_Cero_7607/Presupuesto_Base_Cero_74-06_19316",
        "term_results_folder": "crData/Presupuesto_Base_Cero_7607/Presupuesto_Base_Cero_74-06_19316/term_results",
        "merged": "crData/Presupuesto_Base_Cero_7607/Presupuesto_Base_Cero_74-06_19316/merged_results.json",
        "filtered": "crData/Presupuesto_Base_Cero_7607/Presupuesto_Base_Cero_74-06_19316/filtered_results.json",
        "final": "crData/Presupuesto_Base_Cero_7607/Presupuesto_Base_Cero_74-06_19316/final_results.json",
        "statistics": "crData/Presupuesto_Base_Cero_7607/Presupuesto_Base_Cero_74-06_19316/statistics_results.json"
      },
      "processing_time": 1.4448108673095703,
      "total_crossref": 36859,
      "crossref_percentage": 0.002713041590927589
    },
    "74-07": {
      "tool_name": "Presupuesto Base Cero",
      "batch_id": "19345",
      "date": "74-07",
      "initial_count": 1,
      "filtered_count": 0,
      "final_count": 0,
      "duplicate_count": 0,
      "terms": {
        "Budgeting": 1
      },
      "file_paths": {
        "base_folder": "crData/Presupuesto_Base_Cero_7607/Presupuesto_Base_Cero_74-07_19345",
        "term_results_folder": "crData/Presupuesto_Base_Cero_7607/Presupuesto_Base_Cero_74-07_19345/term_results",
        "merged": "crData/Presupuesto_Base_Cero_7607/Presupuesto_Base_Cero_74-07_19345/merged_results.json",
        "filtered": "crData/Presupuesto_Base_Cero_7607/Presupuesto_Base_Cero_74-07_19345/filtered_results.json",
        "final": "crData/Presupuesto_Base_Cero_7607/Presupuesto_Base_Cero_74-07_19345/final_results.json",
        "statistics": "crData/Presupuesto_Base_Cero_7607/Presupuesto_Base_Cero_74-07_19345/statistics_results.json"
      },
      "processing_time": 0.9394629001617432,
      "total_crossref": 33093,
      "crossref_percentage": 0.0
    },
    "74-08": {
      "tool_name": "Presupuesto Base Cero",
      "batch_id": "19370",
      "date": "74-08",
      "initial_count": 1,
      "filtered_count": 0,
      "final_count": 0,
      "duplicate_count": 0,
      "terms": {
        "Budgeting": 1
      },
      "file_paths": {
        "base_folder": "crData/Presupuesto_Base_Cero_7607/Presupuesto_Base_Cero_74-08_19370",
        "term_results_folder": "crData/Presupuesto_Base_Cero_7607/Presupuesto_Base_Cero_74-08_19370/term_results",
        "merged": "crData/Presupuesto_Base_Cero_7607/Presupuesto_Base_Cero_74-08_19370/merged_results.json",
        "filtered": "crData/Presupuesto_Base_Cero_7607/Presupuesto_Base_Cero_74-08_19370/filtered_results.json",
        "final": "crData/Presupuesto_Base_Cero_7607/Presupuesto_Base_Cero_74-08_19370/final_results.json",
        "statistics": "crData/Presupuesto_Base_Cero_7607/Presupuesto_Base_Cero_74-08_19370/statistics_results.json"
      },
      "processing_time": 0.8636190891265869,
      "total_crossref": 29612,
      "crossref_percentage": 0.0
    },
    "74-09": {
      "tool_name": "Presupuesto Base Cero",
      "batch_id": "19394",
      "date": "74-09",
      "initial_count": 2,
      "filtered_count": 0,
      "final_count": 0,
      "duplicate_count": 0,
      "terms": {
        "Budgeting": 2
      },
      "file_paths": {
        "base_folder": "crData/Presupuesto_Base_Cero_7607/Presupuesto_Base_Cero_74-09_19394",
        "term_results_folder": "crData/Presupuesto_Base_Cero_7607/Presupuesto_Base_Cero_74-09_19394/term_results",
        "merged": "crData/Presupuesto_Base_Cero_7607/Presupuesto_Base_Cero_74-09_19394/merged_results.json",
        "filtered": "crData/Presupuesto_Base_Cero_7607/Presupuesto_Base_Cero_74-09_19394/filtered_results.json",
        "final": "crData/Presupuesto_Base_Cero_7607/Presupuesto_Base_Cero_74-09_19394/final_results.json",
        "statistics": "crData/Presupuesto_Base_Cero_7607/Presupuesto_Base_Cero_74-09_19394/statistics_results.json"
      },
      "processing_time": 0.981896162033081,
      "total_crossref": 37116,
      "crossref_percentage": 0.0
    },
    "74-10": {
      "tool_name": "Presupuesto Base Cero",
      "batch_id": "19419",
      "date": "74-10",
      "initial_count": 2,
      "filtered_count": 0,
      "final_count": 0,
      "duplicate_count": 0,
      "terms": {
        "Budgeting": 2
      },
      "file_paths": {
        "base_folder": "crData/Presupuesto_Base_Cero_7607/Presupuesto_Base_Cero_74-10_19419",
        "term_results_folder": "crData/Presupuesto_Base_Cero_7607/Presupuesto_Base_Cero_74-10_19419/term_results",
        "merged": "crData/Presupuesto_Base_Cero_7607/Presupuesto_Base_Cero_74-10_19419/merged_results.json",
        "filtered": "crData/Presupuesto_Base_Cero_7607/Presupuesto_Base_Cero_74-10_19419/filtered_results.json",
        "final": "crData/Presupuesto_Base_Cero_7607/Presupuesto_Base_Cero_74-10_19419/final_results.json",
        "statistics": "crData/Presupuesto_Base_Cero_7607/Presupuesto_Base_Cero_74-10_19419/statistics_results.json"
      },
      "processing_time": 0.8990230560302734,
      "total_crossref": 34585,
      "crossref_percentage": 0.0
    },
    "74-11": {
      "tool_name": "Presupuesto Base Cero",
      "batch_id": "19443",
      "date": "74-11",
      "initial_count": 2,
      "filtered_count": 0,
      "final_count": 0,
      "duplicate_count": 0,
      "terms": {
        "Budgeting": 2
      },
      "file_paths": {
        "base_folder": "crData/Presupuesto_Base_Cero_7607/Presupuesto_Base_Cero_74-11_19443",
        "term_results_folder": "crData/Presupuesto_Base_Cero_7607/Presupuesto_Base_Cero_74-11_19443/term_results",
        "merged": "crData/Presupuesto_Base_Cero_7607/Presupuesto_Base_Cero_74-11_19443/merged_results.json",
        "filtered": "crData/Presupuesto_Base_Cero_7607/Presupuesto_Base_Cero_74-11_19443/filtered_results.json",
        "final": "crData/Presupuesto_Base_Cero_7607/Presupuesto_Base_Cero_74-11_19443/final_results.json",
        "statistics": "crData/Presupuesto_Base_Cero_7607/Presupuesto_Base_Cero_74-11_19443/statistics_results.json"
      },
      "processing_time": 0.9731540679931641,
      "total_crossref": 31557,
      "crossref_percentage": 0.0
    },
    "74-12": {
      "tool_name": "Presupuesto Base Cero",
      "batch_id": "19467",
      "date": "74-12",
      "initial_count": 10,
      "filtered_count": 1,
      "final_count": 1,
      "duplicate_count": 0,
      "terms": {
        "Budgeting": 10
      },
      "file_paths": {
        "base_folder": "crData/Presupuesto_Base_Cero_7607/Presupuesto_Base_Cero_74-12_19467",
        "term_results_folder": "crData/Presupuesto_Base_Cero_7607/Presupuesto_Base_Cero_74-12_19467/term_results",
        "merged": "crData/Presupuesto_Base_Cero_7607/Presupuesto_Base_Cero_74-12_19467/merged_results.json",
        "filtered": "crData/Presupuesto_Base_Cero_7607/Presupuesto_Base_Cero_74-12_19467/filtered_results.json",
        "final": "crData/Presupuesto_Base_Cero_7607/Presupuesto_Base_Cero_74-12_19467/final_results.json",
        "statistics": "crData/Presupuesto_Base_Cero_7607/Presupuesto_Base_Cero_74-12_19467/statistics_results.json"
      },
      "processing_time": 1.057582139968872,
      "total_crossref": 58783,
      "crossref_percentage": 0.0017011721075821241
    }
  },
  "total_duplicates": 0,
  "monthly_files": {
    "74-01": {
      "base_folder": "crData/Presupuesto_Base_Cero_7607/Presupuesto_Base_Cero_74-01_19191",
      "term_results_folder": "crData/Presupuesto_Base_Cero_7607/Presupuesto_Base_Cero_74-01_19191/term_results",
      "merged": "crData/Presupuesto_Base_Cero_7607/Presupuesto_Base_Cero_74-01_19191/merged_results.json",
      "filtered": "crData/Presupuesto_Base_Cero_7607/Presupuesto_Base_Cero_74-01_19191/filtered_results.json",
      "final": "crData/Presupuesto_Base_Cero_7607/Presupuesto_Base_Cero_74-01_19191/final_results.json",
      "statistics": "crData/Presupuesto_Base_Cero_7607/Presupuesto_Base_Cero_74-01_19191/statistics_results.json"
    },
    "74-02": {
      "base_folder": "crData/Presupuesto_Base_Cero_7607/Presupuesto_Base_Cero_74-02_19217",
      "term_results_folder": "crData/Presupuesto_Base_Cero_7607/Presupuesto_Base_Cero_74-02_19217/term_results",
      "merged": "crData/Presupuesto_Base_Cero_7607/Presupuesto_Base_Cero_74-02_19217/merged_results.json",
      "filtered": "crData/Presupuesto_Base_Cero_7607/Presupuesto_Base_Cero_74-02_19217/filtered_results.json",
      "final": "crData/Presupuesto_Base_Cero_7607/Presupuesto_Base_Cero_74-02_19217/final_results.json",
      "statistics": "crData/Presupuesto_Base_Cero_7607/Presupuesto_Base_Cero_74-02_19217/statistics_results.json"
    },
    "74-03": {
      "base_folder": "crData/Presupuesto_Base_Cero_7607/Presupuesto_Base_Cero_74-03_19241",
      "term_results_folder": "crData/Presupuesto_Base_Cero_7607/Presupuesto_Base_Cero_74-03_19241/term_results",
      "merged": "crData/Presupuesto_Base_Cero_7607/Presupuesto_Base_Cero_74-03_19241/merged_results.json",
      "filtered": "crData/Presupuesto_Base_Cero_7607/Presupuesto_Base_Cero_74-03_19241/filtered_results.json",
      "final": "crData/Presupuesto_Base_Cero_7607/Presupuesto_Base_Cero_74-03_19241/final_results.json",
      "statistics": "crData/Presupuesto_Base_Cero_7607/Presupuesto_Base_Cero_74-03_19241/statistics_results.json"
    },
    "74-04": {
      "base_folder": "crData/Presupuesto_Base_Cero_7607/Presupuesto_Base_Cero_74-04_19266",
      "term_results_folder": "crData/Presupuesto_Base_Cero_7607/Presupuesto_Base_Cero_74-04_19266/term_results",
      "merged": "crData/Presupuesto_Base_Cero_7607/Presupuesto_Base_Cero_74-04_19266/merged_results.json",
      "filtered": "crData/Presupuesto_Base_Cero_7607/Presupuesto_Base_Cero_74-04_19266/filtered_results.json",
      "final": "crData/Presupuesto_Base_Cero_7607/Presupuesto_Base_Cero_74-04_19266/final_results.json",
      "statistics": "crData/Presupuesto_Base_Cero_7607/Presupuesto_Base_Cero_74-04_19266/statistics_results.json"
    },
    "74-05": {
      "base_folder": "crData/Presupuesto_Base_Cero_7607/Presupuesto_Base_Cero_74-05_19289",
      "term_results_folder": "crData/Presupuesto_Base_Cero_7607/Presupuesto_Base_Cero_74-05_19289/term_results",
      "merged": "crData/Presupuesto_Base_Cero_7607/Presupuesto_Base_Cero_74-05_19289/merged_results.json",
      "filtered": "crData/Presupuesto_Base_Cero_7607/Presupuesto_Base_Cero_74-05_19289/filtered_results.json",
      "final": "crData/Presupuesto_Base_Cero_7607/Presupuesto_Base_Cero_74-05_19289/final_results.json",
      "statistics": "crData/Presupuesto_Base_Cero_7607/Presupuesto_Base_Cero_74-05_19289/statistics_results.json"
    },
    "74-06": {
      "base_folder": "crData/Presupuesto_Base_Cero_7607/Presupuesto_Base_Cero_74-06_19316",
      "term_results_folder": "crData/Presupuesto_Base_Cero_7607/Presupuesto_Base_Cero_74-06_19316/term_results",
      "merged": "crData/Presupuesto_Base_Cero_7607/Presupuesto_Base_Cero_74-06_19316/merged_results.json",
      "filtered": "crData/Presupuesto_Base_Cero_7607/Presupuesto_Base_Cero_74-06_19316/filtered_results.json",
      "final": "crData/Presupuesto_Base_Cero_7607/Presupuesto_Base_Cero_74-06_19316/final_results.json",
      "statistics": "crData/Presupuesto_Base_Cero_7607/Presupuesto_Base_Cero_74-06_19316/statistics_results.json"
    },
    "74-07": {
      "base_folder": "crData/Presupuesto_Base_Cero_7607/Presupuesto_Base_Cero_74-07_19345",
      "term_results_folder": "crData/Presupuesto_Base_Cero_7607/Presupuesto_Base_Cero_74-07_19345/term_results",
      "merged": "crData/Presupuesto_Base_Cero_7607/Presupuesto_Base_Cero_74-07_19345/merged_results.json",
      "filtered": "crData/Presupuesto_Base_Cero_7607/Presupuesto_Base_Cero_74-07_19345/filtered_results.json",
      "final": "crData/Presupuesto_Base_Cero_7607/Presupuesto_Base_Cero_74-07_19345/final_results.json",
      "statistics": "crData/Presupuesto_Base_Cero_7607/Presupuesto_Base_Cero_74-07_19345/statistics_results.json"
    },
    "74-08": {
      "base_folder": "crData/Presupuesto_Base_Cero_7607/Presupuesto_Base_Cero_74-08_19370",
      "term_results_folder": "crData/Presupuesto_Base_Cero_7607/Presupuesto_Base_Cero_74-08_19370/term_results",
      "merged": "crData/Presupuesto_Base_Cero_7607/Presupuesto_Base_Cero_74-08_19370/merged_results.json",
      "filtered": "crData/Presupuesto_Base_Cero_7607/Presupuesto_Base_Cero_74-08_19370/filtered_results.json",
      "final": "crData/Presupuesto_Base_Cero_7607/Presupuesto_Base_Cero_74-08_19370/final_results.json",
      "statistics": "crData/Presupuesto_Base_Cero_7607/Presupuesto_Base_Cero_74-08_19370/statistics_results.json"
    },
    "74-09": {
      "base_folder": "crData/Presupuesto_Base_Cero_7607/Presupuesto_Base_Cero_74-09_19394",
      "term_results_folder": "crData/Presupuesto_Base_Cero_7607/Presupuesto_Base_Cero_74-09_19394/term_results",
      "merged": "crData/Presupuesto_Base_Cero_7607/Presupuesto_Base_Cero_74-09_19394/merged_results.json",
      "filtered": "crData/Presupuesto_Base_Cero_7607/Presupuesto_Base_Cero_74-09_19394/filtered_results.json",
      "final": "crData/Presupuesto_Base_Cero_7607/Presupuesto_Base_Cero_74-09_19394/final_results.json",
      "statistics": "crData/Presupuesto_Base_Cero_7607/Presupuesto_Base_Cero_74-09_19394/statistics_results.json"
    },
    "74-10": {
      "base_folder": "crData/Presupuesto_Base_Cero_7607/Presupuesto_Base_Cero_74-10_19419",
      "term_results_folder": "crData/Presupuesto_Base_Cero_7607/Presupuesto_Base_Cero_74-10_19419/term_results",
      "merged": "crData/Presupuesto_Base_Cero_7607/Presupuesto_Base_Cero_74-10_19419/merged_results.json",
      "filtered": "crData/Presupuesto_Base_Cero_7607/Presupuesto_Base_Cero_74-10_19419/filtered_results.json",
      "final": "crData/Presupuesto_Base_Cero_7607/Presupuesto_Base_Cero_74-10_19419/final_results.json",
      "statistics": "crData/Presupuesto_Base_Cero_7607/Presupuesto_Base_Cero_74-10_19419/statistics_results.json"
    },
    "74-11": {
      "base_folder": "crData/Presupuesto_Base_Cero_7607/Presupuesto_Base_Cero_74-11_19443",
      "term_results_folder": "crData/Presupuesto_Base_Cero_7607/Presupuesto_Base_Cero_74-11_19443/term_results",
      "merged": "crData/Presupuesto_Base_Cero_7607/Presupuesto_Base_Cero_74-11_19443/merged_results.json",
      "filtered": "crData/Presupuesto_Base_Cero_7607/Presupuesto_Base_Cero_74-11_19443/filtered_results.json",
      "final": "crData/Presupuesto_Base_Cero_7607/Presupuesto_Base_Cero_74-11_19443/final_results.json",
      "statistics": "crData/Presupuesto_Base_Cero_7607/Presupuesto_Base_Cero_74-11_19443/statistics_results.json"
    },
    "74-12": {
      "base_folder": "crData/Presupuesto_Base_Cero_7607/Presupuesto_Base_Cero_74-12_19467",
      "term_results_folder": "crData/Presupuesto_Base_Cero_7607/Presupuesto_Base_Cero_74-12_19467/term_results",
      "merged": "crData/Presupuesto_Base_Cero_7607/Presupuesto_Base_Cero_74-12_19467/merged_results.json",
      "filtered": "crData/Presupuesto_Base_Cero_7607/Presupuesto_Base_Cero_74-12_19467/filtered_results.json",
      "final": "crData/Presupuesto_Base_Cero_7607/Presupuesto_Base_Cero_74-12_19467/final_results.json",
      "statistics": "crData/Presupuesto_Base_Cero_7607/Presupuesto_Base_Cero_74-12_19467/statistics_results.json"
    }
  }
}