{
  "tool_name": "Presupuesto Base Cero",
  "year": "2016",
  "monthly_stats": {
    "16-01": {
      "tool_name": "Presupuesto Base Cero",
      "batch_id": "44472",
      "date": "16-01",
      "initial_count": 174,
      "filtered_count": 2,
      "final_count": 2,
      "duplicate_count": 0,
      "terms": {
        "Budgeting": 174
      },
      "file_paths": {
        "base_folder": "crData/Presupuesto_Base_Cero_7607/Presupuesto_Base_Cero_16-01_44472",
        "term_results_folder": "crData/Presupuesto_Base_Cero_7607/Presupuesto_Base_Cero_16-01_44472/term_results",
        "merged": "crData/Presupuesto_Base_Cero_7607/Presupuesto_Base_Cero_16-01_44472/merged_results.json",
        "filtered": "crData/Presupuesto_Base_Cero_7607/Presupuesto_Base_Cero_16-01_44472/filtered_results.json",
        "final": "crData/Presupuesto_Base_Cero_7607/Presupuesto_Base_Cero_16-01_44472/final_results.json",
        "statistics": "crData/Presupuesto_Base_Cero_7607/Presupuesto_Base_Cero_16-01_44472/statistics_results.json"
      },
      "processing_time": 1.6907932758331299,
      "total_crossref": 1319335,
      "crossref_percentage": 0.00015159152148620328
    },
    "16-02": {
      "tool_name": "Presupuesto Base Cero",
      "batch_id": "44504",
      "date": "16-02",
      "initial_count": 28,
      "filtered_count": 0,
      "final_count": 0,
      "duplicate_count": 0,
      "terms": {
        "Budgeting": 29
      },
      "file_paths": {
        "base_folder": "crData/Presupuesto_Base_Cero_7607/Presupuesto_Base_Cero_16-02_44504",
        "term_results_folder": "crData/Presupuesto_Base_Cero_7607/Presupuesto_Base_Cero_16-02_44504/term_results",
        "merged": "crData/Presupuesto_Base_Cero_7607/Presupuesto_Base_Cero_16-02_44504/merged_results.json",
        "filtered": "crData/Presupuesto_Base_Cero_7607/Presupuesto_Base_Cero_16-02_44504/filtered_results.json",
        "final": "crData/Presupuesto_Base_Cero_7607/Presupuesto_Base_Cero_16-02_44504/final_results.json",
        "statistics": "crData/Presupuesto_Base_Cero_7607/Presupuesto_Base_Cero_16-02_44504/statistics_results.json"
      },
      "processing_time": 1.5307261943817139,
      "total_crossref": 268399,
      "crossref_percentage": 0.0
    },
    "16-03": {
      "tool_name": "Presupuesto Base Cero",
      "batch_id": "44534",
      "date": "16-03",
      "initial_count": 38,
      "filtered_count": 0,
      "final_count": 0,
      "duplicate_count": 0,
      "terms": {
        "Budgeting": 40
      },
      "file_paths": {
        "base_folder": "crData/Presupuesto_Base_Cero_7607/Presupuesto_Base_Cero_16-03_44534",
        "term_results_folder": "crData/Presupuesto_Base_Cero_7607/Presupuesto_Base_Cero_16-03_44534/term_results",
        "merged": "crData/Presupuesto_Base_Cero_7607/Presupuesto_Base_Cero_16-03_44534/merged_results.json",
        "filtered": "crData/Presupuesto_Base_Cero_7607/Presupuesto_Base_Cero_16-03_44534/filtered_results.json",
        "final": "crData/Presupuesto_Base_Cero_7607/Presupuesto_Base_Cero_16-03_44534/final_results.json",
        "statistics": "crData/Presupuesto_Base_Cero_7607/Presupuesto_Base_Cero_16-03_44534/statistics_results.json"
      },
      "processing_time": 2.416308879852295,
      "total_crossref": 342703,
      "crossref_percentage": 0.0
    },
    "16-04": {
      "tool_name": "Presupuesto Base Cero",
      "batch_id": "44573",
      "date": "16-04",
      "initial_count": 52,
      "filtered_count": 0,
      "final_count": 0,
      "duplicate_count": 0,
      "terms": {
        "Budgeting": 52
      },
      "file_paths": {
        "base_folder": "crData/Presupuesto_Base_Cero_7607/Presupuesto_Base_Cero_16-04_44573",
        "term_results_folder": "crData/Presupuesto_Base_Cero_7607/Presupuesto_Base_Cero_16-04_44573/term_results",
        "merged": "crData/Presupuesto_Base_Cero_7607/Presupuesto_Base_Cero_16-04_44573/merged_results.json",
        "filtered": "crData/Presupuesto_Base_Cero_7607/Presupuesto_Base_Cero_16-04_44573/filtered_results.json",
        "final": "crData/Presupuesto_Base_Cero_7607/Presupuesto_Base_Cero_16-04_44573/final_results.json",
        "statistics": "crData/Presupuesto_Base_Cero_7607/Presupuesto_Base_Cero_16-04_44573/statistics_results.json"
      },
      "processing_time": 2.579939842224121,
      "total_crossref": 358037,
      "crossref_percentage": 0.0
    },
    "16-05": {
      "tool_name": "Presupuesto Base Cero",
      "batch_id": "45014",
      "date": "16-05",
      "initial_count": 12,
      "filtered_count": 0,
      "final_count": 0,
      "duplicate_count": 0,
      "terms": {
        "Budgeting": 13
      },
      "file_paths": {
        "base_folder": "crData/Presupuesto_Base_Cero_7607/Presupuesto_Base_Cero_16-05_45014",
        "term_results_folder": "crData/Presupuesto_Base_Cero_7607/Presupuesto_Base_Cero_16-05_45014/term_results",
        "merged": "crData/Presupuesto_Base_Cero_7607/Presupuesto_Base_Cero_16-05_45014/merged_results.json",
        "filtered": "crData/Presupuesto_Base_Cero_7607/Presupuesto_Base_Cero_16-05_45014/filtered_results.json",
        "final": "crData/Presupuesto_Base_Cero_7607/Presupuesto_Base_Cero_16-05_45014/final_results.json",
        "statistics": "crData/Presupuesto_Base_Cero_7607/Presupuesto_Base_Cero_16-05_45014/statistics_results.json"
      },
      "processing_time": 4.0453009605407715,
      "total_crossref": 313693,
      "crossref_percentage": 0.0
    },
    "16-06": {
      "tool_name": "Presupuesto Base Cero",
      "batch_id": "45070",
      "date": "16-06",
      "initial_count": 52,
      "filtered_count": 1,
      "final_count": 1,
      "duplicate_count": 0,
      "terms": {
        "Budgeting": 53
      },
      "file_paths": {
        "base_folder": "crData/Presupuesto_Base_Cero_7607/Presupuesto_Base_Cero_16-06_45070",
        "term_results_folder": "crData/Presupuesto_Base_Cero_7607/Presupuesto_Base_Cero_16-06_45070/term_results",
        "merged": "crData/Presupuesto_Base_Cero_7607/Presupuesto_Base_Cero_16-06_45070/merged_results.json",
        "filtered": "crData/Presupuesto_Base_Cero_7607/Presupuesto_Base_Cero_16-06_45070/filtered_results.json",
        "final": "crData/Presupuesto_Base_Cero_7607/Presupuesto_Base_Cero_16-06_45070/final_results.json",
        "statistics": "crData/Presupuesto_Base_Cero_7607/Presupuesto_Base_Cero_16-06_45070/statistics_results.json"
      },
      "processing_time": 1.6233856678009033,
      "total_crossref": 356770,
      "crossref_percentage": 0.00028029262550102307
    },
    "16-07": {
      "tool_name": "Presupuesto Base Cero",
      "batch_id": "45101",
      "date": "16-07",
      "initial_count": 43,
      "filtered_count": 0,
      "final_count": 0,
      "duplicate_count": 0,
      "terms": {
        "Budgeting": 43
      },
      "file_paths": {
        "base_folder": "crData/Presupuesto_Base_Cero_7607/Presupuesto_Base_Cero_16-07_45101",
        "term_results_folder": "crData/Presupuesto_Base_Cero_7607/Presupuesto_Base_Cero_16-07_45101/term_results",
        "merged": "crData/Presupuesto_Base_Cero_7607/Presupuesto_Base_Cero_16-07_45101/merged_results.json",
        "filtered": "crData/Presupuesto_Base_Cero_7607/Presupuesto_Base_Cero_16-07_45101/filtered_results.json",
        "final": "crData/Presupuesto_Base_Cero_7607/Presupuesto_Base_Cero_16-07_45101/final_results.json",
        "statistics": "crData/Presupuesto_Base_Cero_7607/Presupuesto_Base_Cero_16-07_45101/statistics_results.json"
      },
      "processing_time": 1.7335622310638428,
      "total_crossref": 319317,
      "crossref_percentage": 0.0
    },
    "16-08": {
      "tool_name": "Presupuesto Base Cero",
      "batch_id": "45134",
      "date": "16-08",
      "initial_count": 12,
      "filtered_count": 0,
      "final_count": 0,
      "duplicate_count": 0,
      "terms": {
        "Budgeting": 13
      },
      "file_paths": {
        "base_folder": "crData/Presupuesto_Base_Cero_7607/Presupuesto_Base_Cero_16-08_45134",
        "term_results_folder": "crData/Presupuesto_Base_Cero_7607/Presupuesto_Base_Cero_16-08_45134/term_results",
        "merged": "crData/Presupuesto_Base_Cero_7607/Presupuesto_Base_Cero_16-08_45134/merged_results.json",
        "filtered": "crData/Presupuesto_Base_Cero_7607/Presupuesto_Base_Cero_16-08_45134/filtered_results.json",
        "final": "crData/Presupuesto_Base_Cero_7607/Presupuesto_Base_Cero_16-08_45134/final_results.json",
        "statistics": "crData/Presupuesto_Base_Cero_7607/Presupuesto_Base_Cero_16-08_45134/statistics_results.json"
      },
      "processing_time": 1.4036071300506592,
      "total_crossref": 292218,
      "crossref_percentage": 0.0
    },
    "16-09": {
      "tool_name": "Presupuesto Base Cero",
      "batch_id": "45163",
      "date": "16-09",
      "initial_count": 25,
      "filtered_count": 0,
      "final_count": 0,
      "duplicate_count": 0,
      "terms": {
        "Budgeting": 26
      },
      "file_paths": {
        "base_folder": "crData/Presupuesto_Base_Cero_7607/Presupuesto_Base_Cero_16-09_45163",
        "term_results_folder": "crData/Presupuesto_Base_Cero_7607/Presupuesto_Base_Cero_16-09_45163/term_results",
        "merged": "crData/Presupuesto_Base_Cero_7607/Presupuesto_Base_Cero_16-09_45163/merged_results.json",
        "filtered": "crData/Presupuesto_Base_Cero_7607/Presupuesto_Base_Cero_16-09_45163/filtered_results.json",
        "final": "crData/Presupuesto_Base_Cero_7607/Presupuesto_Base_Cero_16-09_45163/final_results.json",
        "statistics": "crData/Presupuesto_Base_Cero_7607/Presupuesto_Base_Cero_16-09_45163/statistics_results.json"
      },
      "processing_time": 1.6494410037994385,
      "total_crossref": 374978,
      "crossref_percentage": 0.0
    },
    "16-10": {
      "tool_name": "Presupuesto Base Cero",
      "batch_id": "45194",
      "date": "16-10",
      "initial_count": 37,
      "filtered_count": 0,
      "final_count": 0,
      "duplicate_count": 0,
      "terms": {
        "Budgeting": 37
      },
      "file_paths": {
        "base_folder": "crData/Presupuesto_Base_Cero_7607/Presupuesto_Base_Cero_16-10_45194",
        "term_results_folder": "crData/Presupuesto_Base_Cero_7607/Presupuesto_Base_Cero_16-10_45194/term_results",
        "merged": "crData/Presupuesto_Base_Cero_7607/Presupuesto_Base_Cero_16-10_45194/merged_results.json",
        "filtered": "crData/Presupuesto_Base_Cero_7607/Presupuesto_Base_Cero_16-10_45194/filtered_results.json",
        "final": "crData/Presupuesto_Base_Cero_7607/Presupuesto_Base_Cero_16-10_45194/final_results.json",
        "statistics": "crData/Presupuesto_Base_Cero_7607/Presupuesto_Base_Cero_16-10_45194/statistics_results.json"
      },
      "processing_time": 1.5850021839141846,
      "total_crossref": 364465,
      "crossref_percentage": 0.0
    },
    "16-11": {
      "tool_name": "Presupuesto Base Cero",
      "batch_id": "45225",
      "date": "16-11",
      "initial_count": 41,
      "filtered_count": 0,
      "final_count": 0,
      "duplicate_count": 0,
      "terms": {
        "Budgeting": 41
      },
      "file_paths": {
        "base_folder": "crData/Presupuesto_Base_Cero_7607/Presupuesto_Base_Cero_16-11_45225",
        "term_results_folder": "crData/Presupuesto_Base_Cero_7607/Presupuesto_Base_Cero_16-11_45225/term_results",
        "merged": "crData/Presupuesto_Base_Cero_7607/Presupuesto_Base_Cero_16-11_45225/merged_results.json",
        "filtered": "crData/Presupuesto_Base_Cero_7607/Presupuesto_Base_Cero_16-11_45225/filtered_results.json",
        "final": "crData/Presupuesto_Base_Cero_7607/Presupuesto_Base_Cero_16-11_45225/final_results.json",
        "statistics": "crData/Presupuesto_Base_Cero_7607/Presupuesto_Base_Cero_16-11_45225/statistics_results.json"
      },
      "processing_time": 1.6636090278625488,
      "total_crossref": 326198,
      "crossref_percentage": 0.0
    },
    "16-12": {
      "tool_name": "Presupuesto Base Cero",
      "batch_id": "45257",
      "date": "16-12",
      "initial_count": 31,
      "filtered_count": 0,
      "final_count": 0,
      "duplicate_count": 0,
      "terms": {
        "Budgeting": 32
      },
      "file_paths": {
        "base_folder": "crData/Presupuesto_Base_Cero_7607/Presupuesto_Base_Cero_16-12_45257",
        "term_results_folder": "crData/Presupuesto_Base_Cero_7607/Presupuesto_Base_Cero_16-12_45257/term_results",
        "merged": "crData/Presupuesto_Base_Cero_7607/Presupuesto_Base_Cero_16-12_45257/merged_results.json",
        "filtered": "crData/Presupuesto_Base_Cero_7607/Presupuesto_Base_Cero_16-12_45257/filtered_results.json",
        "final": "crData/Presupuesto_Base_Cero_7607/Presupuesto_Base_Cero_16-12_45257/final_results.json",
        "statistics": "crData/Presupuesto_Base_Cero_7607/Presupuesto_Base_Cero_16-12_45257/statistics_results.json"
      },
      "processing_time": 1.8525011539459229,
      "total_crossref": 436948,
      "crossref_percentage": 0.0
    }
  },
  "total_duplicates": 0,
  "monthly_files": {
    "16-01": {
      "base_folder": "crData/Presupuesto_Base_Cero_7607/Presupuesto_Base_Cero_16-01_44472",
      "term_results_folder": "crData/Presupuesto_Base_Cero_7607/Presupuesto_Base_Cero_16-01_44472/term_results",
      "merged": "crData/Presupuesto_Base_Cero_7607/Presupuesto_Base_Cero_16-01_44472/merged_results.json",
      "filtered": "crData/Presupuesto_Base_Cero_7607/Presupuesto_Base_Cero_16-01_44472/filtered_results.json",
      "final": "crData/Presupuesto_Base_Cero_7607/Presupuesto_Base_Cero_16-01_44472/final_results.json",
      "statistics": "crData/Presupuesto_Base_Cero_7607/Presupuesto_Base_Cero_16-01_44472/statistics_results.json"
    },
    "16-02": {
      "base_folder": "crData/Presupuesto_Base_Cero_7607/Presupuesto_Base_Cero_16-02_44504",
      "term_results_folder": "crData/Presupuesto_Base_Cero_7607/Presupuesto_Base_Cero_16-02_44504/term_results",
      "merged": "crData/Presupuesto_Base_Cero_7607/Presupuesto_Base_Cero_16-02_44504/merged_results.json",
      "filtered": "crData/Presupuesto_Base_Cero_7607/Presupuesto_Base_Cero_16-02_44504/filtered_results.json",
      "final": "crData/Presupuesto_Base_Cero_7607/Presupuesto_Base_Cero_16-02_44504/final_results.json",
      "statistics": "crData/Presupuesto_Base_Cero_7607/Presupuesto_Base_Cero_16-02_44504/statistics_results.json"
    },
    "16-03": {
      "base_folder": "crData/Presupuesto_Base_Cero_7607/Presupuesto_Base_Cero_16-03_44534",
      "term_results_folder": "crData/Presupuesto_Base_Cero_7607/Presupuesto_Base_Cero_16-03_44534/term_results",
      "merged": "crData/Presupuesto_Base_Cero_7607/Presupuesto_Base_Cero_16-03_44534/merged_results.json",
      "filtered": "crData/Presupuesto_Base_Cero_7607/Presupuesto_Base_Cero_16-03_44534/filtered_results.json",
      "final": "crData/Presupuesto_Base_Cero_7607/Presupuesto_Base_Cero_16-03_44534/final_results.json",
      "statistics": "crData/Presupuesto_Base_Cero_7607/Presupuesto_Base_Cero_16-03_44534/statistics_results.json"
    },
    "16-04": {
      "base_folder": "crData/Presupuesto_Base_Cero_7607/Presupuesto_Base_Cero_16-04_44573",
      "term_results_folder": "crData/Presupuesto_Base_Cero_7607/Presupuesto_Base_Cero_16-04_44573/term_results",
      "merged": "crData/Presupuesto_Base_Cero_7607/Presupuesto_Base_Cero_16-04_44573/merged_results.json",
      "filtered": "crData/Presupuesto_Base_Cero_7607/Presupuesto_Base_Cero_16-04_44573/filtered_results.json",
      "final": "crData/Presupuesto_Base_Cero_7607/Presupuesto_Base_Cero_16-04_44573/final_results.json",
      "statistics": "crData/Presupuesto_Base_Cero_7607/Presupuesto_Base_Cero_16-04_44573/statistics_results.json"
    },
    "16-05": {
      "base_folder": "crData/Presupuesto_Base_Cero_7607/Presupuesto_Base_Cero_16-05_45014",
      "term_results_folder": "crData/Presupuesto_Base_Cero_7607/Presupuesto_Base_Cero_16-05_45014/term_results",
      "merged": "crData/Presupuesto_Base_Cero_7607/Presupuesto_Base_Cero_16-05_45014/merged_results.json",
      "filtered": "crData/Presupuesto_Base_Cero_7607/Presupuesto_Base_Cero_16-05_45014/filtered_results.json",
      "final": "crData/Presupuesto_Base_Cero_7607/Presupuesto_Base_Cero_16-05_45014/final_results.json",
      "statistics": "crData/Presupuesto_Base_Cero_7607/Presupuesto_Base_Cero_16-05_45014/statistics_results.json"
    },
    "16-06": {
      "base_folder": "crData/Presupuesto_Base_Cero_7607/Presupuesto_Base_Cero_16-06_45070",
      "term_results_folder": "crData/Presupuesto_Base_Cero_7607/Presupuesto_Base_Cero_16-06_45070/term_results",
      "merged": "crData/Presupuesto_Base_Cero_7607/Presupuesto_Base_Cero_16-06_45070/merged_results.json",
      "filtered": "crData/Presupuesto_Base_Cero_7607/Presupuesto_Base_Cero_16-06_45070/filtered_results.json",
      "final": "crData/Presupuesto_Base_Cero_7607/Presupuesto_Base_Cero_16-06_45070/final_results.json",
      "statistics": "crData/Presupuesto_Base_Cero_7607/Presupuesto_Base_Cero_16-06_45070/statistics_results.json"
    },
    "16-07": {
      "base_folder": "crData/Presupuesto_Base_Cero_7607/Presupuesto_Base_Cero_16-07_45101",
      "term_results_folder": "crData/Presupuesto_Base_Cero_7607/Presupuesto_Base_Cero_16-07_45101/term_results",
      "merged": "crData/Presupuesto_Base_Cero_7607/Presupuesto_Base_Cero_16-07_45101/merged_results.json",
      "filtered": "crData/Presupuesto_Base_Cero_7607/Presupuesto_Base_Cero_16-07_45101/filtered_results.json",
      "final": "crData/Presupuesto_Base_Cero_7607/Presupuesto_Base_Cero_16-07_45101/final_results.json",
      "statistics": "crData/Presupuesto_Base_Cero_7607/Presupuesto_Base_Cero_16-07_45101/statistics_results.json"
    },
    "16-08": {
      "base_folder": "crData/Presupuesto_Base_Cero_7607/Presupuesto_Base_Cero_16-08_45134",
      "term_results_folder": "crData/Presupuesto_Base_Cero_7607/Presupuesto_Base_Cero_16-08_45134/term_results",
      "merged": "crData/Presupuesto_Base_Cero_7607/Presupuesto_Base_Cero_16-08_45134/merged_results.json",
      "filtered": "crData/Presupuesto_Base_Cero_7607/Presupuesto_Base_Cero_16-08_45134/filtered_results.json",
      "final": "crData/Presupuesto_Base_Cero_7607/Presupuesto_Base_Cero_16-08_45134/final_results.json",
      "statistics": "crData/Presupuesto_Base_Cero_7607/Presupuesto_Base_Cero_16-08_45134/statistics_results.json"
    },
    "16-09": {
      "base_folder": "crData/Presupuesto_Base_Cero_7607/Presupuesto_Base_Cero_16-09_45163",
      "term_results_folder": "crData/Presupuesto_Base_Cero_7607/Presupuesto_Base_Cero_16-09_45163/term_results",
      "merged": "crData/Presupuesto_Base_Cero_7607/Presupuesto_Base_Cero_16-09_45163/merged_results.json",
      "filtered": "crData/Presupuesto_Base_Cero_7607/Presupuesto_Base_Cero_16-09_45163/filtered_results.json",
      "final": "crData/Presupuesto_Base_Cero_7607/Presupuesto_Base_Cero_16-09_45163/final_results.json",
      "statistics": "crData/Presupuesto_Base_Cero_7607/Presupuesto_Base_Cero_16-09_45163/statistics_results.json"
    },
    "16-10": {
      "base_folder": "crData/Presupuesto_Base_Cero_7607/Presupuesto_Base_Cero_16-10_45194",
      "term_results_folder": "crData/Presupuesto_Base_Cero_7607/Presupuesto_Base_Cero_16-10_45194/term_results",
      "merged": "crData/Presupuesto_Base_Cero_7607/Presupuesto_Base_Cero_16-10_45194/merged_results.json",
      "filtered": "crData/Presupuesto_Base_Cero_7607/Presupuesto_Base_Cero_16-10_45194/filtered_results.json",
      "final": "crData/Presupuesto_Base_Cero_7607/Presupuesto_Base_Cero_16-10_45194/final_results.json",
      "statistics": "crData/Presupuesto_Base_Cero_7607/Presupuesto_Base_Cero_16-10_45194/statistics_results.json"
    },
    "16-11": {
      "base_folder": "crData/Presupuesto_Base_Cero_7607/Presupuesto_Base_Cero_16-11_45225",
      "term_results_folder": "crData/Presupuesto_Base_Cero_7607/Presupuesto_Base_Cero_16-11_45225/term_results",
      "merged": "crData/Presupuesto_Base_Cero_7607/Presupuesto_Base_Cero_16-11_45225/merged_results.json",
      "filtered": "crData/Presupuesto_Base_Cero_7607/Presupuesto_Base_Cero_16-11_45225/filtered_results.json",
      "final": "crData/Presupuesto_Base_Cero_7607/Presupuesto_Base_Cero_16-11_45225/final_results.json",
      "statistics": "crData/Presupuesto_Base_Cero_7607/Presupuesto_Base_Cero_16-11_45225/statistics_results.json"
    },
    "16-12": {
      "base_folder": "crData/Presupuesto_Base_Cero_7607/Presupuesto_Base_Cero_16-12_45257",
      "term_results_folder": "crData/Presupuesto_Base_Cero_7607/Presupuesto_Base_Cero_16-12_45257/term_results",
      "merged": "crData/Presupuesto_Base_Cero_7607/Presupuesto_Base_Cero_16-12_45257/merged_results.json",
      "filtered": "crData/Presupuesto_Base_Cero_7607/Presupuesto_Base_Cero_16-12_45257/filtered_results.json",
      "final": "crData/Presupuesto_Base_Cero_7607/Presupuesto_Base_Cero_16-12_45257/final_results.json",
      "statistics": "crData/Presupuesto_Base_Cero_7607/Presupuesto_Base_Cero_16-12_45257/statistics_results.json"
    }
  }
}