{
  "tool_name": "Propósito y Visión",
  "year": "2005",
  "monthly_stats": {
    "05-01": {
      "tool_name": "Propósito y Visión",
      "batch_id": "59401",
      "date": "05-01",
      "initial_count": 2736,
      "filtered_count": 6,
      "final_count": 5,
      "duplicate_count": 0,
      "terms": {
        "Mission": 520,
        "Vision": 2219
      },
      "file_paths": {
        "base_folder": "crData/Propósito_y_Visión_6240/Propósito_y_Visión_05-01_59401",
        "term_results_folder": "crData/Propósito_y_Visión_6240/Propósito_y_Visión_05-01_59401/term_results",
        "merged": "crData/Propósito_y_Visión_6240/Propósito_y_Visión_05-01_59401/merged_results.json",
        "filtered": "crData/Propósito_y_Visión_6240/Propósito_y_Visión_05-01_59401/filtered_results.json",
        "final": "crData/Propósito_y_Visión_6240/Propósito_y_Visión_05-01_59401/final_results.json",
        "statistics": "crData/Propósito_y_Visión_6240/Propósito_y_Visión_05-01_59401/statistics_results.json"
      },
      "processing_time": 11.91126298904419,
      "total_crossref": 674423,
      "crossref_percentage": 0.0007413744786283979
    },
    "05-02": {
      "tool_name": "Propósito y Visión",
      "batch_id": "59535",
      "date": "05-02",
      "initial_count": 265,
      "filtered_count": 0,
      "final_count": 0,
      "duplicate_count": 0,
      "terms": {
        "Mission": 26,
        "Vision": 239
      },
      "file_paths": {
        "base_folder": "crData/Propósito_y_Visión_6240/Propósito_y_Visión_05-02_59535",
        "term_results_folder": "crData/Propósito_y_Visión_6240/Propósito_y_Visión_05-02_59535/term_results",
        "merged": "crData/Propósito_y_Visión_6240/Propósito_y_Visión_05-02_59535/merged_results.json",
        "filtered": "crData/Propósito_y_Visión_6240/Propósito_y_Visión_05-02_59535/filtered_results.json",
        "final": "crData/Propósito_y_Visión_6240/Propósito_y_Visión_05-02_59535/final_results.json",
        "statistics": "crData/Propósito_y_Visión_6240/Propósito_y_Visión_05-02_59535/statistics_results.json"
      },
      "processing_time": 3.7355799674987793,
      "total_crossref": 119040,
      "crossref_percentage": 0.0
    },
    "05-03": {
      "tool_name": "Propósito y Visión",
      "batch_id": "59588",
      "date": "05-03",
      "initial_count": 344,
      "filtered_count": 0,
      "final_count": 0,
      "duplicate_count": 0,
      "terms": {
        "Mission": 70,
        "Vision": 274
      },
      "file_paths": {
        "base_folder": "crData/Propósito_y_Visión_6240/Propósito_y_Visión_05-03_59588",
        "term_results_folder": "crData/Propósito_y_Visión_6240/Propósito_y_Visión_05-03_59588/term_results",
        "merged": "crData/Propósito_y_Visión_6240/Propósito_y_Visión_05-03_59588/merged_results.json",
        "filtered": "crData/Propósito_y_Visión_6240/Propósito_y_Visión_05-03_59588/filtered_results.json",
        "final": "crData/Propósito_y_Visión_6240/Propósito_y_Visión_05-03_59588/final_results.json",
        "statistics": "crData/Propósito_y_Visión_6240/Propósito_y_Visión_05-03_59588/statistics_results.json"
      },
      "processing_time": 9.149545907974243,
      "total_crossref": 153591,
      "crossref_percentage": 0.0
    },
    "05-04": {
      "tool_name": "Propósito y Visión",
      "batch_id": "00094",
      "date": "05-04",
      "initial_count": 319,
      "filtered_count": 1,
      "final_count": 1,
      "duplicate_count": 0,
      "terms": {
        "Mission": 90,
        "Vision": 230
      },
      "file_paths": {
        "base_folder": "crData/Propósito_y_Visión_6240/Propósito_y_Visión_05-04_00094",
        "term_results_folder": "crData/Propósito_y_Visión_6240/Propósito_y_Visión_05-04_00094/term_results",
        "merged": "crData/Propósito_y_Visión_6240/Propósito_y_Visión_05-04_00094/merged_results.json",
        "filtered": "crData/Propósito_y_Visión_6240/Propósito_y_Visión_05-04_00094/filtered_results.json",
        "final": "crData/Propósito_y_Visión_6240/Propósito_y_Visión_05-04_00094/final_results.json",
        "statistics": "crData/Propósito_y_Visión_6240/Propósito_y_Visión_05-04_00094/statistics_results.json"
      },
      "processing_time": 6.838099002838135,
      "total_crossref": 157446,
      "crossref_percentage": 0.0006351383966566315
    },
    "05-05": {
      "tool_name": "Propósito y Visión",
      "batch_id": "00178",
      "date": "05-05",
      "initial_count": 285,
      "filtered_count": 0,
      "final_count": 0,
      "duplicate_count": 0,
      "terms": {
        "Mission": 38,
        "Vision": 247
      },
      "file_paths": {
        "base_folder": "crData/Propósito_y_Visión_6240/Propósito_y_Visión_05-05_00178",
        "term_results_folder": "crData/Propósito_y_Visión_6240/Propósito_y_Visión_05-05_00178/term_results",
        "merged": "crData/Propósito_y_Visión_6240/Propósito_y_Visión_05-05_00178/merged_results.json",
        "filtered": "crData/Propósito_y_Visión_6240/Propósito_y_Visión_05-05_00178/filtered_results.json",
        "final": "crData/Propósito_y_Visión_6240/Propósito_y_Visión_05-05_00178/final_results.json",
        "statistics": "crData/Propósito_y_Visión_6240/Propósito_y_Visión_05-05_00178/statistics_results.json"
      },
      "processing_time": 5.195389986038208,
      "total_crossref": 140328,
      "crossref_percentage": 0.0
    },
    "05-06": {
      "tool_name": "Propósito y Visión",
      "batch_id": "00245",
      "date": "05-06",
      "initial_count": 508,
      "filtered_count": 1,
      "final_count": 1,
      "duplicate_count": 0,
      "terms": {
        "Mission": 96,
        "Vision": 412
      },
      "file_paths": {
        "base_folder": "crData/Propósito_y_Visión_6240/Propósito_y_Visión_05-06_00245",
        "term_results_folder": "crData/Propósito_y_Visión_6240/Propósito_y_Visión_05-06_00245/term_results",
        "merged": "crData/Propósito_y_Visión_6240/Propósito_y_Visión_05-06_00245/merged_results.json",
        "filtered": "crData/Propósito_y_Visión_6240/Propósito_y_Visión_05-06_00245/filtered_results.json",
        "final": "crData/Propósito_y_Visión_6240/Propósito_y_Visión_05-06_00245/final_results.json",
        "statistics": "crData/Propósito_y_Visión_6240/Propósito_y_Visión_05-06_00245/statistics_results.json"
      },
      "processing_time": 5.419758081436157,
      "total_crossref": 167804,
      "crossref_percentage": 0.000595933350814045
    },
    "05-07": {
      "tool_name": "Propósito y Visión",
      "batch_id": "00314",
      "date": "05-07",
      "initial_count": 326,
      "filtered_count": 0,
      "final_count": 0,
      "duplicate_count": 0,
      "terms": {
        "Mission": 92,
        "Vision": 235
      },
      "file_paths": {
        "base_folder": "crData/Propósito_y_Visión_6240/Propósito_y_Visión_05-07_00314",
        "term_results_folder": "crData/Propósito_y_Visión_6240/Propósito_y_Visión_05-07_00314/term_results",
        "merged": "crData/Propósito_y_Visión_6240/Propósito_y_Visión_05-07_00314/merged_results.json",
        "filtered": "crData/Propósito_y_Visión_6240/Propósito_y_Visión_05-07_00314/filtered_results.json",
        "final": "crData/Propósito_y_Visión_6240/Propósito_y_Visión_05-07_00314/final_results.json",
        "statistics": "crData/Propósito_y_Visión_6240/Propósito_y_Visión_05-07_00314/statistics_results.json"
      },
      "processing_time": 4.593065023422241,
      "total_crossref": 141619,
      "crossref_percentage": 0.0
    },
    "05-08": {
      "tool_name": "Propósito y Visión",
      "batch_id": "00375",
      "date": "05-08",
      "initial_count": 257,
      "filtered_count": 0,
      "final_count": 0,
      "duplicate_count": 0,
      "terms": {
        "Mission": 92,
        "Vision": 165
      },
      "file_paths": {
        "base_folder": "crData/Propósito_y_Visión_6240/Propósito_y_Visión_05-08_00375",
        "term_results_folder": "crData/Propósito_y_Visión_6240/Propósito_y_Visión_05-08_00375/term_results",
        "merged": "crData/Propósito_y_Visión_6240/Propósito_y_Visión_05-08_00375/merged_results.json",
        "filtered": "crData/Propósito_y_Visión_6240/Propósito_y_Visión_05-08_00375/filtered_results.json",
        "final": "crData/Propósito_y_Visión_6240/Propósito_y_Visión_05-08_00375/final_results.json",
        "statistics": "crData/Propósito_y_Visión_6240/Propósito_y_Visión_05-08_00375/statistics_results.json"
      },
      "processing_time": 4.676429986953735,
      "total_crossref": 133600,
      "crossref_percentage": 0.0
    },
    "05-09": {
      "tool_name": "Propósito y Visión",
      "batch_id": "00437",
      "date": "05-09",
      "initial_count": 765,
      "filtered_count": 0,
      "final_count": 0,
      "duplicate_count": 0,
      "terms": {
        "Mission": 72,
        "Vision": 694
      },
      "file_paths": {
        "base_folder": "crData/Propósito_y_Visión_6240/Propósito_y_Visión_05-09_00437",
        "term_results_folder": "crData/Propósito_y_Visión_6240/Propósito_y_Visión_05-09_00437/term_results",
        "merged": "crData/Propósito_y_Visión_6240/Propósito_y_Visión_05-09_00437/merged_results.json",
        "filtered": "crData/Propósito_y_Visión_6240/Propósito_y_Visión_05-09_00437/filtered_results.json",
        "final": "crData/Propósito_y_Visión_6240/Propósito_y_Visión_05-09_00437/final_results.json",
        "statistics": "crData/Propósito_y_Visión_6240/Propósito_y_Visión_05-09_00437/statistics_results.json"
      },
      "processing_time": 9.444377899169922,
      "total_crossref": 161981,
      "crossref_percentage": 0.0
    },
    "05-10": {
      "tool_name": "Propósito y Visión",
      "batch_id": "00547",
      "date": "05-10",
      "initial_count": 485,
      "filtered_count": 1,
      "final_count": 1,
      "duplicate_count": 0,
      "terms": {
        "Mission": 123,
        "Vision": 363
      },
      "file_paths": {
        "base_folder": "crData/Propósito_y_Visión_6240/Propósito_y_Visión_05-10_00547",
        "term_results_folder": "crData/Propósito_y_Visión_6240/Propósito_y_Visión_05-10_00547/term_results",
        "merged": "crData/Propósito_y_Visión_6240/Propósito_y_Visión_05-10_00547/merged_results.json",
        "filtered": "crData/Propósito_y_Visión_6240/Propósito_y_Visión_05-10_00547/filtered_results.json",
        "final": "crData/Propósito_y_Visión_6240/Propósito_y_Visión_05-10_00547/final_results.json",
        "statistics": "crData/Propósito_y_Visión_6240/Propósito_y_Visión_05-10_00547/statistics_results.json"
      },
      "processing_time": 5.34629225730896,
      "total_crossref": 152887,
      "crossref_percentage": 0.00065407784834551
    },
    "05-11": {
      "tool_name": "Propósito y Visión",
      "batch_id": "01016",
      "date": "05-11",
      "initial_count": 329,
      "filtered_count": 0,
      "final_count": 0,
      "duplicate_count": 0,
      "terms": {
        "Mission": 75,
        "Vision": 254
      },
      "file_paths": {
        "base_folder": "crData/Propósito_y_Visión_6240/Propósito_y_Visión_05-11_01016",
        "term_results_folder": "crData/Propósito_y_Visión_6240/Propósito_y_Visión_05-11_01016/term_results",
        "merged": "crData/Propósito_y_Visión_6240/Propósito_y_Visión_05-11_01016/merged_results.json",
        "filtered": "crData/Propósito_y_Visión_6240/Propósito_y_Visión_05-11_01016/filtered_results.json",
        "final": "crData/Propósito_y_Visión_6240/Propósito_y_Visión_05-11_01016/final_results.json",
        "statistics": "crData/Propósito_y_Visión_6240/Propósito_y_Visión_05-11_01016/statistics_results.json"
      },
      "processing_time": 6.377331018447876,
      "total_crossref": 139740,
      "crossref_percentage": 0.0
    },
    "05-12": {
      "tool_name": "Propósito y Visión",
      "batch_id": "01094",
      "date": "05-12",
      "initial_count": 520,
      "filtered_count": 0,
      "final_count": 0,
      "duplicate_count": 0,
      "terms": {
        "Mission": 87,
        "Vision": 433
      },
      "file_paths": {
        "base_folder": "crData/Propósito_y_Visión_6240/Propósito_y_Visión_05-12_01094",
        "term_results_folder": "crData/Propósito_y_Visión_6240/Propósito_y_Visión_05-12_01094/term_results",
        "merged": "crData/Propósito_y_Visión_6240/Propósito_y_Visión_05-12_01094/merged_results.json",
        "filtered": "crData/Propósito_y_Visión_6240/Propósito_y_Visión_05-12_01094/filtered_results.json",
        "final": "crData/Propósito_y_Visión_6240/Propósito_y_Visión_05-12_01094/final_results.json",
        "statistics": "crData/Propósito_y_Visión_6240/Propósito_y_Visión_05-12_01094/statistics_results.json"
      },
      "processing_time": 5.7340991497039795,
      "total_crossref": 196070,
      "crossref_percentage": 0.0
    }
  },
  "total_duplicates": 0,
  "monthly_files": {
    "05-01": {
      "base_folder": "crData/Propósito_y_Visión_6240/Propósito_y_Visión_05-01_59401",
      "term_results_folder": "crData/Propósito_y_Visión_6240/Propósito_y_Visión_05-01_59401/term_results",
      "merged": "crData/Propósito_y_Visión_6240/Propósito_y_Visión_05-01_59401/merged_results.json",
      "filtered": "crData/Propósito_y_Visión_6240/Propósito_y_Visión_05-01_59401/filtered_results.json",
      "final": "crData/Propósito_y_Visión_6240/Propósito_y_Visión_05-01_59401/final_results.json",
      "statistics": "crData/Propósito_y_Visión_6240/Propósito_y_Visión_05-01_59401/statistics_results.json"
    },
    "05-02": {
      "base_folder": "crData/Propósito_y_Visión_6240/Propósito_y_Visión_05-02_59535",
      "term_results_folder": "crData/Propósito_y_Visión_6240/Propósito_y_Visión_05-02_59535/term_results",
      "merged": "crData/Propósito_y_Visión_6240/Propósito_y_Visión_05-02_59535/merged_results.json",
      "filtered": "crData/Propósito_y_Visión_6240/Propósito_y_Visión_05-02_59535/filtered_results.json",
      "final": "crData/Propósito_y_Visión_6240/Propósito_y_Visión_05-02_59535/final_results.json",
      "statistics": "crData/Propósito_y_Visión_6240/Propósito_y_Visión_05-02_59535/statistics_results.json"
    },
    "05-03": {
      "base_folder": "crData/Propósito_y_Visión_6240/Propósito_y_Visión_05-03_59588",
      "term_results_folder": "crData/Propósito_y_Visión_6240/Propósito_y_Visión_05-03_59588/term_results",
      "merged": "crData/Propósito_y_Visión_6240/Propósito_y_Visión_05-03_59588/merged_results.json",
      "filtered": "crData/Propósito_y_Visión_6240/Propósito_y_Visión_05-03_59588/filtered_results.json",
      "final": "crData/Propósito_y_Visión_6240/Propósito_y_Visión_05-03_59588/final_results.json",
      "statistics": "crData/Propósito_y_Visión_6240/Propósito_y_Visión_05-03_59588/statistics_results.json"
    },
    "05-04": {
      "base_folder": "crData/Propósito_y_Visión_6240/Propósito_y_Visión_05-04_00094",
      "term_results_folder": "crData/Propósito_y_Visión_6240/Propósito_y_Visión_05-04_00094/term_results",
      "merged": "crData/Propósito_y_Visión_6240/Propósito_y_Visión_05-04_00094/merged_results.json",
      "filtered": "crData/Propósito_y_Visión_6240/Propósito_y_Visión_05-04_00094/filtered_results.json",
      "final": "crData/Propósito_y_Visión_6240/Propósito_y_Visión_05-04_00094/final_results.json",
      "statistics": "crData/Propósito_y_Visión_6240/Propósito_y_Visión_05-04_00094/statistics_results.json"
    },
    "05-05": {
      "base_folder": "crData/Propósito_y_Visión_6240/Propósito_y_Visión_05-05_00178",
      "term_results_folder": "crData/Propósito_y_Visión_6240/Propósito_y_Visión_05-05_00178/term_results",
      "merged": "crData/Propósito_y_Visión_6240/Propósito_y_Visión_05-05_00178/merged_results.json",
      "filtered": "crData/Propósito_y_Visión_6240/Propósito_y_Visión_05-05_00178/filtered_results.json",
      "final": "crData/Propósito_y_Visión_6240/Propósito_y_Visión_05-05_00178/final_results.json",
      "statistics": "crData/Propósito_y_Visión_6240/Propósito_y_Visión_05-05_00178/statistics_results.json"
    },
    "05-06": {
      "base_folder": "crData/Propósito_y_Visión_6240/Propósito_y_Visión_05-06_00245",
      "term_results_folder": "crData/Propósito_y_Visión_6240/Propósito_y_Visión_05-06_00245/term_results",
      "merged": "crData/Propósito_y_Visión_6240/Propósito_y_Visión_05-06_00245/merged_results.json",
      "filtered": "crData/Propósito_y_Visión_6240/Propósito_y_Visión_05-06_00245/filtered_results.json",
      "final": "crData/Propósito_y_Visión_6240/Propósito_y_Visión_05-06_00245/final_results.json",
      "statistics": "crData/Propósito_y_Visión_6240/Propósito_y_Visión_05-06_00245/statistics_results.json"
    },
    "05-07": {
      "base_folder": "crData/Propósito_y_Visión_6240/Propósito_y_Visión_05-07_00314",
      "term_results_folder": "crData/Propósito_y_Visión_6240/Propósito_y_Visión_05-07_00314/term_results",
      "merged": "crData/Propósito_y_Visión_6240/Propósito_y_Visión_05-07_00314/merged_results.json",
      "filtered": "crData/Propósito_y_Visión_6240/Propósito_y_Visión_05-07_00314/filtered_results.json",
      "final": "crData/Propósito_y_Visión_6240/Propósito_y_Visión_05-07_00314/final_results.json",
      "statistics": "crData/Propósito_y_Visión_6240/Propósito_y_Visión_05-07_00314/statistics_results.json"
    },
    "05-08": {
      "base_folder": "crData/Propósito_y_Visión_6240/Propósito_y_Visión_05-08_00375",
      "term_results_folder": "crData/Propósito_y_Visión_6240/Propósito_y_Visión_05-08_00375/term_results",
      "merged": "crData/Propósito_y_Visión_6240/Propósito_y_Visión_05-08_00375/merged_results.json",
      "filtered": "crData/Propósito_y_Visión_6240/Propósito_y_Visión_05-08_00375/filtered_results.json",
      "final": "crData/Propósito_y_Visión_6240/Propósito_y_Visión_05-08_00375/final_results.json",
      "statistics": "crData/Propósito_y_Visión_6240/Propósito_y_Visión_05-08_00375/statistics_results.json"
    },
    "05-09": {
      "base_folder": "crData/Propósito_y_Visión_6240/Propósito_y_Visión_05-09_00437",
      "term_results_folder": "crData/Propósito_y_Visión_6240/Propósito_y_Visión_05-09_00437/term_results",
      "merged": "crData/Propósito_y_Visión_6240/Propósito_y_Visión_05-09_00437/merged_results.json",
      "filtered": "crData/Propósito_y_Visión_6240/Propósito_y_Visión_05-09_00437/filtered_results.json",
      "final": "crData/Propósito_y_Visión_6240/Propósito_y_Visión_05-09_00437/final_results.json",
      "statistics": "crData/Propósito_y_Visión_6240/Propósito_y_Visión_05-09_00437/statistics_results.json"
    },
    "05-10": {
      "base_folder": "crData/Propósito_y_Visión_6240/Propósito_y_Visión_05-10_00547",
      "term_results_folder": "crData/Propósito_y_Visión_6240/Propósito_y_Visión_05-10_00547/term_results",
      "merged": "crData/Propósito_y_Visión_6240/Propósito_y_Visión_05-10_00547/merged_results.json",
      "filtered": "crData/Propósito_y_Visión_6240/Propósito_y_Visión_05-10_00547/filtered_results.json",
      "final": "crData/Propósito_y_Visión_6240/Propósito_y_Visión_05-10_00547/final_results.json",
      "statistics": "crData/Propósito_y_Visión_6240/Propósito_y_Visión_05-10_00547/statistics_results.json"
    },
    "05-11": {
      "base_folder": "crData/Propósito_y_Visión_6240/Propósito_y_Visión_05-11_01016",
      "term_results_folder": "crData/Propósito_y_Visión_6240/Propósito_y_Visión_05-11_01016/term_results",
      "merged": "crData/Propósito_y_Visión_6240/Propósito_y_Visión_05-11_01016/merged_results.json",
      "filtered": "crData/Propósito_y_Visión_6240/Propósito_y_Visión_05-11_01016/filtered_results.json",
      "final": "crData/Propósito_y_Visión_6240/Propósito_y_Visión_05-11_01016/final_results.json",
      "statistics": "crData/Propósito_y_Visión_6240/Propósito_y_Visión_05-11_01016/statistics_results.json"
    },
    "05-12": {
      "base_folder": "crData/Propósito_y_Visión_6240/Propósito_y_Visión_05-12_01094",
      "term_results_folder": "crData/Propósito_y_Visión_6240/Propósito_y_Visión_05-12_01094/term_results",
      "merged": "crData/Propósito_y_Visión_6240/Propósito_y_Visión_05-12_01094/merged_results.json",
      "filtered": "crData/Propósito_y_Visión_6240/Propósito_y_Visión_05-12_01094/filtered_results.json",
      "final": "crData/Propósito_y_Visión_6240/Propósito_y_Visión_05-12_01094/final_results.json",
      "statistics": "crData/Propósito_y_Visión_6240/Propósito_y_Visión_05-12_01094/statistics_results.json"
    }
  }
}