{
  "tool_name": "Propósito y Visión",
  "year": "1994",
  "monthly_stats": {
    "94-01": {
      "tool_name": "Propósito y Visión",
      "batch_id": "45533",
      "date": "94-01",
      "initial_count": 1518,
      "filtered_count": 1,
      "final_count": 1,
      "duplicate_count": 0,
      "terms": {
        "Mission": 243,
        "Vision": 1276
      },
      "file_paths": {
        "base_folder": "crData/Propósito_y_Visión_6240/Propósito_y_Visión_94-01_45533",
        "term_results_folder": "crData/Propósito_y_Visión_6240/Propósito_y_Visión_94-01_45533/term_results",
        "merged": "crData/Propósito_y_Visión_6240/Propósito_y_Visión_94-01_45533/merged_results.json",
        "filtered": "crData/Propósito_y_Visión_6240/Propósito_y_Visión_94-01_45533/filtered_results.json",
        "final": "crData/Propósito_y_Visión_6240/Propósito_y_Visión_94-01_45533/final_results.json",
        "statistics": "crData/Propósito_y_Visión_6240/Propósito_y_Visión_94-01_45533/statistics_results.json"
      },
      "processing_time": 6.344077825546265,
      "total_crossref": 443920,
      "crossref_percentage": 0.00022526581366011896
    },
    "94-02": {
      "tool_name": "Propósito y Visión",
      "batch_id": "46012",
      "date": "94-02",
      "initial_count": 132,
      "filtered_count": 2,
      "final_count": 1,
      "duplicate_count": 0,
      "terms": {
        "Mission": 21,
        "Vision": 111
      },
      "file_paths": {
        "base_folder": "crData/Propósito_y_Visión_6240/Propósito_y_Visión_94-02_46012",
        "term_results_folder": "crData/Propósito_y_Visión_6240/Propósito_y_Visión_94-02_46012/term_results",
        "merged": "crData/Propósito_y_Visión_6240/Propósito_y_Visión_94-02_46012/merged_results.json",
        "filtered": "crData/Propósito_y_Visión_6240/Propósito_y_Visión_94-02_46012/filtered_results.json",
        "final": "crData/Propósito_y_Visión_6240/Propósito_y_Visión_94-02_46012/final_results.json",
        "statistics": "crData/Propósito_y_Visión_6240/Propósito_y_Visión_94-02_46012/statistics_results.json"
      },
      "processing_time": 4.04241418838501,
      "total_crossref": 66177,
      "crossref_percentage": 0.0015110990223189324
    },
    "94-03": {
      "tool_name": "Propósito y Visión",
      "batch_id": "46067",
      "date": "94-03",
      "initial_count": 263,
      "filtered_count": 0,
      "final_count": 0,
      "duplicate_count": 0,
      "terms": {
        "Mission": 24,
        "Vision": 239
      },
      "file_paths": {
        "base_folder": "crData/Propósito_y_Visión_6240/Propósito_y_Visión_94-03_46067",
        "term_results_folder": "crData/Propósito_y_Visión_6240/Propósito_y_Visión_94-03_46067/term_results",
        "merged": "crData/Propósito_y_Visión_6240/Propósito_y_Visión_94-03_46067/merged_results.json",
        "filtered": "crData/Propósito_y_Visión_6240/Propósito_y_Visión_94-03_46067/filtered_results.json",
        "final": "crData/Propósito_y_Visión_6240/Propósito_y_Visión_94-03_46067/final_results.json",
        "statistics": "crData/Propósito_y_Visión_6240/Propósito_y_Visión_94-03_46067/statistics_results.json"
      },
      "processing_time": 3.4682910442352295,
      "total_crossref": 88219,
      "crossref_percentage": 0.0
    },
    "94-04": {
      "tool_name": "Propósito y Visión",
      "batch_id": "46117",
      "date": "94-04",
      "initial_count": 176,
      "filtered_count": 0,
      "final_count": 0,
      "duplicate_count": 0,
      "terms": {
        "Mission": 57,
        "Vision": 120
      },
      "file_paths": {
        "base_folder": "crData/Propósito_y_Visión_6240/Propósito_y_Visión_94-04_46117",
        "term_results_folder": "crData/Propósito_y_Visión_6240/Propósito_y_Visión_94-04_46117/term_results",
        "merged": "crData/Propósito_y_Visión_6240/Propósito_y_Visión_94-04_46117/merged_results.json",
        "filtered": "crData/Propósito_y_Visión_6240/Propósito_y_Visión_94-04_46117/filtered_results.json",
        "final": "crData/Propósito_y_Visión_6240/Propósito_y_Visión_94-04_46117/final_results.json",
        "statistics": "crData/Propósito_y_Visión_6240/Propósito_y_Visión_94-04_46117/statistics_results.json"
      },
      "processing_time": 4.011576175689697,
      "total_crossref": 76864,
      "crossref_percentage": 0.0
    },
    "94-05": {
      "tool_name": "Propósito y Visión",
      "batch_id": "46173",
      "date": "94-05",
      "initial_count": 185,
      "filtered_count": 2,
      "final_count": 2,
      "duplicate_count": 0,
      "terms": {
        "Mission": 29,
        "Vision": 156
      },
      "file_paths": {
        "base_folder": "crData/Propósito_y_Visión_6240/Propósito_y_Visión_94-05_46173",
        "term_results_folder": "crData/Propósito_y_Visión_6240/Propósito_y_Visión_94-05_46173/term_results",
        "merged": "crData/Propósito_y_Visión_6240/Propósito_y_Visión_94-05_46173/merged_results.json",
        "filtered": "crData/Propósito_y_Visión_6240/Propósito_y_Visión_94-05_46173/filtered_results.json",
        "final": "crData/Propósito_y_Visión_6240/Propósito_y_Visión_94-05_46173/final_results.json",
        "statistics": "crData/Propósito_y_Visión_6240/Propósito_y_Visión_94-05_46173/statistics_results.json"
      },
      "processing_time": 3.9160640239715576,
      "total_crossref": 78111,
      "crossref_percentage": 0.0025604588342230928
    },
    "94-06": {
      "tool_name": "Propósito y Visión",
      "batch_id": "46227",
      "date": "94-06",
      "initial_count": 204,
      "filtered_count": 1,
      "final_count": 1,
      "duplicate_count": 0,
      "terms": {
        "Mission": 54,
        "Vision": 150
      },
      "file_paths": {
        "base_folder": "crData/Propósito_y_Visión_6240/Propósito_y_Visión_94-06_46227",
        "term_results_folder": "crData/Propósito_y_Visión_6240/Propósito_y_Visión_94-06_46227/term_results",
        "merged": "crData/Propósito_y_Visión_6240/Propósito_y_Visión_94-06_46227/merged_results.json",
        "filtered": "crData/Propósito_y_Visión_6240/Propósito_y_Visión_94-06_46227/filtered_results.json",
        "final": "crData/Propósito_y_Visión_6240/Propósito_y_Visión_94-06_46227/final_results.json",
        "statistics": "crData/Propósito_y_Visión_6240/Propósito_y_Visión_94-06_46227/statistics_results.json"
      },
      "processing_time": 2.829097032546997,
      "total_crossref": 87984,
      "crossref_percentage": 0.0011365702855064557
    },
    "94-07": {
      "tool_name": "Propósito y Visión",
      "batch_id": "46271",
      "date": "94-07",
      "initial_count": 218,
      "filtered_count": 0,
      "final_count": 0,
      "duplicate_count": 0,
      "terms": {
        "Mission": 42,
        "Vision": 177
      },
      "file_paths": {
        "base_folder": "crData/Propósito_y_Visión_6240/Propósito_y_Visión_94-07_46271",
        "term_results_folder": "crData/Propósito_y_Visión_6240/Propósito_y_Visión_94-07_46271/term_results",
        "merged": "crData/Propósito_y_Visión_6240/Propósito_y_Visión_94-07_46271/merged_results.json",
        "filtered": "crData/Propósito_y_Visión_6240/Propósito_y_Visión_94-07_46271/filtered_results.json",
        "final": "crData/Propósito_y_Visión_6240/Propósito_y_Visión_94-07_46271/final_results.json",
        "statistics": "crData/Propósito_y_Visión_6240/Propósito_y_Visión_94-07_46271/statistics_results.json"
      },
      "processing_time": 3.3668038845062256,
      "total_crossref": 75458,
      "crossref_percentage": 0.0
    },
    "94-08": {
      "tool_name": "Propósito y Visión",
      "batch_id": "46320",
      "date": "94-08",
      "initial_count": 251,
      "filtered_count": 0,
      "final_count": 0,
      "duplicate_count": 0,
      "terms": {
        "Mission": 44,
        "Vision": 207
      },
      "file_paths": {
        "base_folder": "crData/Propósito_y_Visión_6240/Propósito_y_Visión_94-08_46320",
        "term_results_folder": "crData/Propósito_y_Visión_6240/Propósito_y_Visión_94-08_46320/term_results",
        "merged": "crData/Propósito_y_Visión_6240/Propósito_y_Visión_94-08_46320/merged_results.json",
        "filtered": "crData/Propósito_y_Visión_6240/Propósito_y_Visión_94-08_46320/filtered_results.json",
        "final": "crData/Propósito_y_Visión_6240/Propósito_y_Visión_94-08_46320/final_results.json",
        "statistics": "crData/Propósito_y_Visión_6240/Propósito_y_Visión_94-08_46320/statistics_results.json"
      },
      "processing_time": 2.9834001064300537,
      "total_crossref": 66116,
      "crossref_percentage": 0.0
    },
    "94-09": {
      "tool_name": "Propósito y Visión",
      "batch_id": "46365",
      "date": "94-09",
      "initial_count": 207,
      "filtered_count": 0,
      "final_count": 0,
      "duplicate_count": 0,
      "terms": {
        "Mission": 48,
        "Vision": 159
      },
      "file_paths": {
        "base_folder": "crData/Propósito_y_Visión_6240/Propósito_y_Visión_94-09_46365",
        "term_results_folder": "crData/Propósito_y_Visión_6240/Propósito_y_Visión_94-09_46365/term_results",
        "merged": "crData/Propósito_y_Visión_6240/Propósito_y_Visión_94-09_46365/merged_results.json",
        "filtered": "crData/Propósito_y_Visión_6240/Propósito_y_Visión_94-09_46365/filtered_results.json",
        "final": "crData/Propósito_y_Visión_6240/Propósito_y_Visión_94-09_46365/final_results.json",
        "statistics": "crData/Propósito_y_Visión_6240/Propósito_y_Visión_94-09_46365/statistics_results.json"
      },
      "processing_time": 2.545762062072754,
      "total_crossref": 93615,
      "crossref_percentage": 0.0
    },
    "94-10": {
      "tool_name": "Propósito y Visión",
      "batch_id": "46405",
      "date": "94-10",
      "initial_count": 332,
      "filtered_count": 1,
      "final_count": 1,
      "duplicate_count": 0,
      "terms": {
        "Mission": 64,
        "Vision": 269
      },
      "file_paths": {
        "base_folder": "crData/Propósito_y_Visión_6240/Propósito_y_Visión_94-10_46405",
        "term_results_folder": "crData/Propósito_y_Visión_6240/Propósito_y_Visión_94-10_46405/term_results",
        "merged": "crData/Propósito_y_Visión_6240/Propósito_y_Visión_94-10_46405/merged_results.json",
        "filtered": "crData/Propósito_y_Visión_6240/Propósito_y_Visión_94-10_46405/filtered_results.json",
        "final": "crData/Propósito_y_Visión_6240/Propósito_y_Visión_94-10_46405/final_results.json",
        "statistics": "crData/Propósito_y_Visión_6240/Propósito_y_Visión_94-10_46405/statistics_results.json"
      },
      "processing_time": 3.201831817626953,
      "total_crossref": 76045,
      "crossref_percentage": 0.001315010848839503
    },
    "94-11": {
      "tool_name": "Propósito y Visión",
      "batch_id": "46453",
      "date": "94-11",
      "initial_count": 186,
      "filtered_count": 0,
      "final_count": 0,
      "duplicate_count": 0,
      "terms": {
        "Mission": 24,
        "Vision": 162
      },
      "file_paths": {
        "base_folder": "crData/Propósito_y_Visión_6240/Propósito_y_Visión_94-11_46453",
        "term_results_folder": "crData/Propósito_y_Visión_6240/Propósito_y_Visión_94-11_46453/term_results",
        "merged": "crData/Propósito_y_Visión_6240/Propósito_y_Visión_94-11_46453/merged_results.json",
        "filtered": "crData/Propósito_y_Visión_6240/Propósito_y_Visión_94-11_46453/filtered_results.json",
        "final": "crData/Propósito_y_Visión_6240/Propósito_y_Visión_94-11_46453/final_results.json",
        "statistics": "crData/Propósito_y_Visión_6240/Propósito_y_Visión_94-11_46453/statistics_results.json"
      },
      "processing_time": 3.1952600479125977,
      "total_crossref": 73031,
      "crossref_percentage": 0.0
    },
    "94-12": {
      "tool_name": "Propósito y Visión",
      "batch_id": "46500",
      "date": "94-12",
      "initial_count": 644,
      "filtered_count": 0,
      "final_count": 0,
      "duplicate_count": 0,
      "terms": {
        "Mission": 82,
        "Vision": 562
      },
      "file_paths": {
        "base_folder": "crData/Propósito_y_Visión_6240/Propósito_y_Visión_94-12_46500",
        "term_results_folder": "crData/Propósito_y_Visión_6240/Propósito_y_Visión_94-12_46500/term_results",
        "merged": "crData/Propósito_y_Visión_6240/Propósito_y_Visión_94-12_46500/merged_results.json",
        "filtered": "crData/Propósito_y_Visión_6240/Propósito_y_Visión_94-12_46500/filtered_results.json",
        "final": "crData/Propósito_y_Visión_6240/Propósito_y_Visión_94-12_46500/final_results.json",
        "statistics": "crData/Propósito_y_Visión_6240/Propósito_y_Visión_94-12_46500/statistics_results.json"
      },
      "processing_time": 3.7303860187530518,
      "total_crossref": 110438,
      "crossref_percentage": 0.0
    }
  },
  "total_duplicates": 0,
  "monthly_files": {
    "94-01": {
      "base_folder": "crData/Propósito_y_Visión_6240/Propósito_y_Visión_94-01_45533",
      "term_results_folder": "crData/Propósito_y_Visión_6240/Propósito_y_Visión_94-01_45533/term_results",
      "merged": "crData/Propósito_y_Visión_6240/Propósito_y_Visión_94-01_45533/merged_results.json",
      "filtered": "crData/Propósito_y_Visión_6240/Propósito_y_Visión_94-01_45533/filtered_results.json",
      "final": "crData/Propósito_y_Visión_6240/Propósito_y_Visión_94-01_45533/final_results.json",
      "statistics": "crData/Propósito_y_Visión_6240/Propósito_y_Visión_94-01_45533/statistics_results.json"
    },
    "94-02": {
      "base_folder": "crData/Propósito_y_Visión_6240/Propósito_y_Visión_94-02_46012",
      "term_results_folder": "crData/Propósito_y_Visión_6240/Propósito_y_Visión_94-02_46012/term_results",
      "merged": "crData/Propósito_y_Visión_6240/Propósito_y_Visión_94-02_46012/merged_results.json",
      "filtered": "crData/Propósito_y_Visión_6240/Propósito_y_Visión_94-02_46012/filtered_results.json",
      "final": "crData/Propósito_y_Visión_6240/Propósito_y_Visión_94-02_46012/final_results.json",
      "statistics": "crData/Propósito_y_Visión_6240/Propósito_y_Visión_94-02_46012/statistics_results.json"
    },
    "94-03": {
      "base_folder": "crData/Propósito_y_Visión_6240/Propósito_y_Visión_94-03_46067",
      "term_results_folder": "crData/Propósito_y_Visión_6240/Propósito_y_Visión_94-03_46067/term_results",
      "merged": "crData/Propósito_y_Visión_6240/Propósito_y_Visión_94-03_46067/merged_results.json",
      "filtered": "crData/Propósito_y_Visión_6240/Propósito_y_Visión_94-03_46067/filtered_results.json",
      "final": "crData/Propósito_y_Visión_6240/Propósito_y_Visión_94-03_46067/final_results.json",
      "statistics": "crData/Propósito_y_Visión_6240/Propósito_y_Visión_94-03_46067/statistics_results.json"
    },
    "94-04": {
      "base_folder": "crData/Propósito_y_Visión_6240/Propósito_y_Visión_94-04_46117",
      "term_results_folder": "crData/Propósito_y_Visión_6240/Propósito_y_Visión_94-04_46117/term_results",
      "merged": "crData/Propósito_y_Visión_6240/Propósito_y_Visión_94-04_46117/merged_results.json",
      "filtered": "crData/Propósito_y_Visión_6240/Propósito_y_Visión_94-04_46117/filtered_results.json",
      "final": "crData/Propósito_y_Visión_6240/Propósito_y_Visión_94-04_46117/final_results.json",
      "statistics": "crData/Propósito_y_Visión_6240/Propósito_y_Visión_94-04_46117/statistics_results.json"
    },
    "94-05": {
      "base_folder": "crData/Propósito_y_Visión_6240/Propósito_y_Visión_94-05_46173",
      "term_results_folder": "crData/Propósito_y_Visión_6240/Propósito_y_Visión_94-05_46173/term_results",
      "merged": "crData/Propósito_y_Visión_6240/Propósito_y_Visión_94-05_46173/merged_results.json",
      "filtered": "crData/Propósito_y_Visión_6240/Propósito_y_Visión_94-05_46173/filtered_results.json",
      "final": "crData/Propósito_y_Visión_6240/Propósito_y_Visión_94-05_46173/final_results.json",
      "statistics": "crData/Propósito_y_Visión_6240/Propósito_y_Visión_94-05_46173/statistics_results.json"
    },
    "94-06": {
      "base_folder": "crData/Propósito_y_Visión_6240/Propósito_y_Visión_94-06_46227",
      "term_results_folder": "crData/Propósito_y_Visión_6240/Propósito_y_Visión_94-06_46227/term_results",
      "merged": "crData/Propósito_y_Visión_6240/Propósito_y_Visión_94-06_46227/merged_results.json",
      "filtered": "crData/Propósito_y_Visión_6240/Propósito_y_Visión_94-06_46227/filtered_results.json",
      "final": "crData/Propósito_y_Visión_6240/Propósito_y_Visión_94-06_46227/final_results.json",
      "statistics": "crData/Propósito_y_Visión_6240/Propósito_y_Visión_94-06_46227/statistics_results.json"
    },
    "94-07": {
      "base_folder": "crData/Propósito_y_Visión_6240/Propósito_y_Visión_94-07_46271",
      "term_results_folder": "crData/Propósito_y_Visión_6240/Propósito_y_Visión_94-07_46271/term_results",
      "merged": "crData/Propósito_y_Visión_6240/Propósito_y_Visión_94-07_46271/merged_results.json",
      "filtered": "crData/Propósito_y_Visión_6240/Propósito_y_Visión_94-07_46271/filtered_results.json",
      "final": "crData/Propósito_y_Visión_6240/Propósito_y_Visión_94-07_46271/final_results.json",
      "statistics": "crData/Propósito_y_Visión_6240/Propósito_y_Visión_94-07_46271/statistics_results.json"
    },
    "94-08": {
      "base_folder": "crData/Propósito_y_Visión_6240/Propósito_y_Visión_94-08_46320",
      "term_results_folder": "crData/Propósito_y_Visión_6240/Propósito_y_Visión_94-08_46320/term_results",
      "merged": "crData/Propósito_y_Visión_6240/Propósito_y_Visión_94-08_46320/merged_results.json",
      "filtered": "crData/Propósito_y_Visión_6240/Propósito_y_Visión_94-08_46320/filtered_results.json",
      "final": "crData/Propósito_y_Visión_6240/Propósito_y_Visión_94-08_46320/final_results.json",
      "statistics": "crData/Propósito_y_Visión_6240/Propósito_y_Visión_94-08_46320/statistics_results.json"
    },
    "94-09": {
      "base_folder": "crData/Propósito_y_Visión_6240/Propósito_y_Visión_94-09_46365",
      "term_results_folder": "crData/Propósito_y_Visión_6240/Propósito_y_Visión_94-09_46365/term_results",
      "merged": "crData/Propósito_y_Visión_6240/Propósito_y_Visión_94-09_46365/merged_results.json",
      "filtered": "crData/Propósito_y_Visión_6240/Propósito_y_Visión_94-09_46365/filtered_results.json",
      "final": "crData/Propósito_y_Visión_6240/Propósito_y_Visión_94-09_46365/final_results.json",
      "statistics": "crData/Propósito_y_Visión_6240/Propósito_y_Visión_94-09_46365/statistics_results.json"
    },
    "94-10": {
      "base_folder": "crData/Propósito_y_Visión_6240/Propósito_y_Visión_94-10_46405",
      "term_results_folder": "crData/Propósito_y_Visión_6240/Propósito_y_Visión_94-10_46405/term_results",
      "merged": "crData/Propósito_y_Visión_6240/Propósito_y_Visión_94-10_46405/merged_results.json",
      "filtered": "crData/Propósito_y_Visión_6240/Propósito_y_Visión_94-10_46405/filtered_results.json",
      "final": "crData/Propósito_y_Visión_6240/Propósito_y_Visión_94-10_46405/final_results.json",
      "statistics": "crData/Propósito_y_Visión_6240/Propósito_y_Visión_94-10_46405/statistics_results.json"
    },
    "94-11": {
      "base_folder": "crData/Propósito_y_Visión_6240/Propósito_y_Visión_94-11_46453",
      "term_results_folder": "crData/Propósito_y_Visión_6240/Propósito_y_Visión_94-11_46453/term_results",
      "merged": "crData/Propósito_y_Visión_6240/Propósito_y_Visión_94-11_46453/merged_results.json",
      "filtered": "crData/Propósito_y_Visión_6240/Propósito_y_Visión_94-11_46453/filtered_results.json",
      "final": "crData/Propósito_y_Visión_6240/Propósito_y_Visión_94-11_46453/final_results.json",
      "statistics": "crData/Propósito_y_Visión_6240/Propósito_y_Visión_94-11_46453/statistics_results.json"
    },
    "94-12": {
      "base_folder": "crData/Propósito_y_Visión_6240/Propósito_y_Visión_94-12_46500",
      "term_results_folder": "crData/Propósito_y_Visión_6240/Propósito_y_Visión_94-12_46500/term_results",
      "merged": "crData/Propósito_y_Visión_6240/Propósito_y_Visión_94-12_46500/merged_results.json",
      "filtered": "crData/Propósito_y_Visión_6240/Propósito_y_Visión_94-12_46500/filtered_results.json",
      "final": "crData/Propósito_y_Visión_6240/Propósito_y_Visión_94-12_46500/final_results.json",
      "statistics": "crData/Propósito_y_Visión_6240/Propósito_y_Visión_94-12_46500/statistics_results.json"
    }
  }
}