{
  "tool_name": "Propósito y Visión",
  "year": "1990",
  "monthly_stats": {
    "90-01": {
      "tool_name": "Propósito y Visión",
      "batch_id": "41028",
      "date": "90-01",
      "initial_count": 1189,
      "filtered_count": 1,
      "final_count": 1,
      "duplicate_count": 0,
      "terms": {
        "Mission": 232,
        "Vision": 958
      },
      "file_paths": {
        "base_folder": "crData/Propósito_y_Visión_6240/Propósito_y_Visión_90-01_41028",
        "term_results_folder": "crData/Propósito_y_Visión_6240/Propósito_y_Visión_90-01_41028/term_results",
        "merged": "crData/Propósito_y_Visión_6240/Propósito_y_Visión_90-01_41028/merged_results.json",
        "filtered": "crData/Propósito_y_Visión_6240/Propósito_y_Visión_90-01_41028/filtered_results.json",
        "final": "crData/Propósito_y_Visión_6240/Propósito_y_Visión_90-01_41028/final_results.json",
        "statistics": "crData/Propósito_y_Visión_6240/Propósito_y_Visión_90-01_41028/statistics_results.json"
      },
      "processing_time": 5.325177192687988,
      "total_crossref": 424981,
      "crossref_percentage": 0.0002353046371484843
    },
    "90-02": {
      "tool_name": "Propósito y Visión",
      "batch_id": "41097",
      "date": "90-02",
      "initial_count": 149,
      "filtered_count": 0,
      "final_count": 0,
      "duplicate_count": 0,
      "terms": {
        "Mission": 9,
        "Vision": 140
      },
      "file_paths": {
        "base_folder": "crData/Propósito_y_Visión_6240/Propósito_y_Visión_90-02_41097",
        "term_results_folder": "crData/Propósito_y_Visión_6240/Propósito_y_Visión_90-02_41097/term_results",
        "merged": "crData/Propósito_y_Visión_6240/Propósito_y_Visión_90-02_41097/merged_results.json",
        "filtered": "crData/Propósito_y_Visión_6240/Propósito_y_Visión_90-02_41097/filtered_results.json",
        "final": "crData/Propósito_y_Visión_6240/Propósito_y_Visión_90-02_41097/final_results.json",
        "statistics": "crData/Propósito_y_Visión_6240/Propósito_y_Visión_90-02_41097/statistics_results.json"
      },
      "processing_time": 2.921156167984009,
      "total_crossref": 55322,
      "crossref_percentage": 0.0
    },
    "90-03": {
      "tool_name": "Propósito y Visión",
      "batch_id": "41141",
      "date": "90-03",
      "initial_count": 233,
      "filtered_count": 0,
      "final_count": 0,
      "duplicate_count": 0,
      "terms": {
        "Mission": 18,
        "Vision": 215
      },
      "file_paths": {
        "base_folder": "crData/Propósito_y_Visión_6240/Propósito_y_Visión_90-03_41141",
        "term_results_folder": "crData/Propósito_y_Visión_6240/Propósito_y_Visión_90-03_41141/term_results",
        "merged": "crData/Propósito_y_Visión_6240/Propósito_y_Visión_90-03_41141/merged_results.json",
        "filtered": "crData/Propósito_y_Visión_6240/Propósito_y_Visión_90-03_41141/filtered_results.json",
        "final": "crData/Propósito_y_Visión_6240/Propósito_y_Visión_90-03_41141/final_results.json",
        "statistics": "crData/Propósito_y_Visión_6240/Propósito_y_Visión_90-03_41141/statistics_results.json"
      },
      "processing_time": 4.434138059616089,
      "total_crossref": 70498,
      "crossref_percentage": 0.0
    },
    "90-04": {
      "tool_name": "Propósito y Visión",
      "batch_id": "41201",
      "date": "90-04",
      "initial_count": 142,
      "filtered_count": 0,
      "final_count": 0,
      "duplicate_count": 0,
      "terms": {
        "Mission": 46,
        "Vision": 97
      },
      "file_paths": {
        "base_folder": "crData/Propósito_y_Visión_6240/Propósito_y_Visión_90-04_41201",
        "term_results_folder": "crData/Propósito_y_Visión_6240/Propósito_y_Visión_90-04_41201/term_results",
        "merged": "crData/Propósito_y_Visión_6240/Propósito_y_Visión_90-04_41201/merged_results.json",
        "filtered": "crData/Propósito_y_Visión_6240/Propósito_y_Visión_90-04_41201/filtered_results.json",
        "final": "crData/Propósito_y_Visión_6240/Propósito_y_Visión_90-04_41201/final_results.json",
        "statistics": "crData/Propósito_y_Visión_6240/Propósito_y_Visión_90-04_41201/statistics_results.json"
      },
      "processing_time": 3.0024750232696533,
      "total_crossref": 63751,
      "crossref_percentage": 0.0
    },
    "90-05": {
      "tool_name": "Propósito y Visión",
      "batch_id": "41246",
      "date": "90-05",
      "initial_count": 119,
      "filtered_count": 1,
      "final_count": 1,
      "duplicate_count": 0,
      "terms": {
        "Mission": 14,
        "Vision": 105
      },
      "file_paths": {
        "base_folder": "crData/Propósito_y_Visión_6240/Propósito_y_Visión_90-05_41246",
        "term_results_folder": "crData/Propósito_y_Visión_6240/Propósito_y_Visión_90-05_41246/term_results",
        "merged": "crData/Propósito_y_Visión_6240/Propósito_y_Visión_90-05_41246/merged_results.json",
        "filtered": "crData/Propósito_y_Visión_6240/Propósito_y_Visión_90-05_41246/filtered_results.json",
        "final": "crData/Propósito_y_Visión_6240/Propósito_y_Visión_90-05_41246/final_results.json",
        "statistics": "crData/Propósito_y_Visión_6240/Propósito_y_Visión_90-05_41246/statistics_results.json"
      },
      "processing_time": 2.6957359313964844,
      "total_crossref": 61465,
      "crossref_percentage": 0.0016269421622061337
    },
    "90-06": {
      "tool_name": "Propósito y Visión",
      "batch_id": "41288",
      "date": "90-06",
      "initial_count": 111,
      "filtered_count": 0,
      "final_count": 0,
      "duplicate_count": 0,
      "terms": {
        "Mission": 18,
        "Vision": 93
      },
      "file_paths": {
        "base_folder": "crData/Propósito_y_Visión_6240/Propósito_y_Visión_90-06_41288",
        "term_results_folder": "crData/Propósito_y_Visión_6240/Propósito_y_Visión_90-06_41288/term_results",
        "merged": "crData/Propósito_y_Visión_6240/Propósito_y_Visión_90-06_41288/merged_results.json",
        "filtered": "crData/Propósito_y_Visión_6240/Propósito_y_Visión_90-06_41288/filtered_results.json",
        "final": "crData/Propósito_y_Visión_6240/Propósito_y_Visión_90-06_41288/final_results.json",
        "statistics": "crData/Propósito_y_Visión_6240/Propósito_y_Visión_90-06_41288/statistics_results.json"
      },
      "processing_time": 3.7418322563171387,
      "total_crossref": 68373,
      "crossref_percentage": 0.0
    },
    "90-07": {
      "tool_name": "Propósito y Visión",
      "batch_id": "41340",
      "date": "90-07",
      "initial_count": 137,
      "filtered_count": 0,
      "final_count": 0,
      "duplicate_count": 0,
      "terms": {
        "Mission": 55,
        "Vision": 83
      },
      "file_paths": {
        "base_folder": "crData/Propósito_y_Visión_6240/Propósito_y_Visión_90-07_41340",
        "term_results_folder": "crData/Propósito_y_Visión_6240/Propósito_y_Visión_90-07_41340/term_results",
        "merged": "crData/Propósito_y_Visión_6240/Propósito_y_Visión_90-07_41340/merged_results.json",
        "filtered": "crData/Propósito_y_Visión_6240/Propósito_y_Visión_90-07_41340/filtered_results.json",
        "final": "crData/Propósito_y_Visión_6240/Propósito_y_Visión_90-07_41340/final_results.json",
        "statistics": "crData/Propósito_y_Visión_6240/Propósito_y_Visión_90-07_41340/statistics_results.json"
      },
      "processing_time": 5.614933013916016,
      "total_crossref": 66011,
      "crossref_percentage": 0.0
    },
    "90-08": {
      "tool_name": "Propósito y Visión",
      "batch_id": "41412",
      "date": "90-08",
      "initial_count": 321,
      "filtered_count": 0,
      "final_count": 0,
      "duplicate_count": 0,
      "terms": {
        "Mission": 33,
        "Vision": 288
      },
      "file_paths": {
        "base_folder": "crData/Propósito_y_Visión_6240/Propósito_y_Visión_90-08_41412",
        "term_results_folder": "crData/Propósito_y_Visión_6240/Propósito_y_Visión_90-08_41412/term_results",
        "merged": "crData/Propósito_y_Visión_6240/Propósito_y_Visión_90-08_41412/merged_results.json",
        "filtered": "crData/Propósito_y_Visión_6240/Propósito_y_Visión_90-08_41412/filtered_results.json",
        "final": "crData/Propósito_y_Visión_6240/Propósito_y_Visión_90-08_41412/final_results.json",
        "statistics": "crData/Propósito_y_Visión_6240/Propósito_y_Visión_90-08_41412/statistics_results.json"
      },
      "processing_time": 6.575502157211304,
      "total_crossref": 57559,
      "crossref_percentage": 0.0
    },
    "90-09": {
      "tool_name": "Propósito y Visión",
      "batch_id": "41493",
      "date": "90-09",
      "initial_count": 108,
      "filtered_count": 0,
      "final_count": 0,
      "duplicate_count": 0,
      "terms": {
        "Mission": 21,
        "Vision": 87
      },
      "file_paths": {
        "base_folder": "crData/Propósito_y_Visión_6240/Propósito_y_Visión_90-09_41493",
        "term_results_folder": "crData/Propósito_y_Visión_6240/Propósito_y_Visión_90-09_41493/term_results",
        "merged": "crData/Propósito_y_Visión_6240/Propósito_y_Visión_90-09_41493/merged_results.json",
        "filtered": "crData/Propósito_y_Visión_6240/Propósito_y_Visión_90-09_41493/filtered_results.json",
        "final": "crData/Propósito_y_Visión_6240/Propósito_y_Visión_90-09_41493/final_results.json",
        "statistics": "crData/Propósito_y_Visión_6240/Propósito_y_Visión_90-09_41493/statistics_results.json"
      },
      "processing_time": 2.5525801181793213,
      "total_crossref": 74052,
      "crossref_percentage": 0.0
    },
    "90-10": {
      "tool_name": "Propósito y Visión",
      "batch_id": "41534",
      "date": "90-10",
      "initial_count": 174,
      "filtered_count": 0,
      "final_count": 0,
      "duplicate_count": 0,
      "terms": {
        "Mission": 49,
        "Vision": 126
      },
      "file_paths": {
        "base_folder": "crData/Propósito_y_Visión_6240/Propósito_y_Visión_90-10_41534",
        "term_results_folder": "crData/Propósito_y_Visión_6240/Propósito_y_Visión_90-10_41534/term_results",
        "merged": "crData/Propósito_y_Visión_6240/Propósito_y_Visión_90-10_41534/merged_results.json",
        "filtered": "crData/Propósito_y_Visión_6240/Propósito_y_Visión_90-10_41534/filtered_results.json",
        "final": "crData/Propósito_y_Visión_6240/Propósito_y_Visión_90-10_41534/final_results.json",
        "statistics": "crData/Propósito_y_Visión_6240/Propósito_y_Visión_90-10_41534/statistics_results.json"
      },
      "processing_time": 3.655864953994751,
      "total_crossref": 64763,
      "crossref_percentage": 0.0
    },
    "90-11": {
      "tool_name": "Propósito y Visión",
      "batch_id": "41585",
      "date": "90-11",
      "initial_count": 91,
      "filtered_count": 0,
      "final_count": 0,
      "duplicate_count": 0,
      "terms": {
        "Mission": 14,
        "Vision": 77
      },
      "file_paths": {
        "base_folder": "crData/Propósito_y_Visión_6240/Propósito_y_Visión_90-11_41585",
        "term_results_folder": "crData/Propósito_y_Visión_6240/Propósito_y_Visión_90-11_41585/term_results",
        "merged": "crData/Propósito_y_Visión_6240/Propósito_y_Visión_90-11_41585/merged_results.json",
        "filtered": "crData/Propósito_y_Visión_6240/Propósito_y_Visión_90-11_41585/filtered_results.json",
        "final": "crData/Propósito_y_Visión_6240/Propósito_y_Visión_90-11_41585/final_results.json",
        "statistics": "crData/Propósito_y_Visión_6240/Propósito_y_Visión_90-11_41585/statistics_results.json"
      },
      "processing_time": 4.8990349769592285,
      "total_crossref": 57901,
      "crossref_percentage": 0.0
    },
    "90-12": {
      "tool_name": "Propósito y Visión",
      "batch_id": "42050",
      "date": "90-12",
      "initial_count": 132,
      "filtered_count": 0,
      "final_count": 0,
      "duplicate_count": 0,
      "terms": {
        "Mission": 17,
        "Vision": 115
      },
      "file_paths": {
        "base_folder": "crData/Propósito_y_Visión_6240/Propósito_y_Visión_90-12_42050",
        "term_results_folder": "crData/Propósito_y_Visión_6240/Propósito_y_Visión_90-12_42050/term_results",
        "merged": "crData/Propósito_y_Visión_6240/Propósito_y_Visión_90-12_42050/merged_results.json",
        "filtered": "crData/Propósito_y_Visión_6240/Propósito_y_Visión_90-12_42050/filtered_results.json",
        "final": "crData/Propósito_y_Visión_6240/Propósito_y_Visión_90-12_42050/final_results.json",
        "statistics": "crData/Propósito_y_Visión_6240/Propósito_y_Visión_90-12_42050/statistics_results.json"
      },
      "processing_time": 7.28179407119751,
      "total_crossref": 96628,
      "crossref_percentage": 0.0
    }
  },
  "total_duplicates": 0,
  "monthly_files": {
    "90-01": {
      "base_folder": "crData/Propósito_y_Visión_6240/Propósito_y_Visión_90-01_41028",
      "term_results_folder": "crData/Propósito_y_Visión_6240/Propósito_y_Visión_90-01_41028/term_results",
      "merged": "crData/Propósito_y_Visión_6240/Propósito_y_Visión_90-01_41028/merged_results.json",
      "filtered": "crData/Propósito_y_Visión_6240/Propósito_y_Visión_90-01_41028/filtered_results.json",
      "final": "crData/Propósito_y_Visión_6240/Propósito_y_Visión_90-01_41028/final_results.json",
      "statistics": "crData/Propósito_y_Visión_6240/Propósito_y_Visión_90-01_41028/statistics_results.json"
    },
    "90-02": {
      "base_folder": "crData/Propósito_y_Visión_6240/Propósito_y_Visión_90-02_41097",
      "term_results_folder": "crData/Propósito_y_Visión_6240/Propósito_y_Visión_90-02_41097/term_results",
      "merged": "crData/Propósito_y_Visión_6240/Propósito_y_Visión_90-02_41097/merged_results.json",
      "filtered": "crData/Propósito_y_Visión_6240/Propósito_y_Visión_90-02_41097/filtered_results.json",
      "final": "crData/Propósito_y_Visión_6240/Propósito_y_Visión_90-02_41097/final_results.json",
      "statistics": "crData/Propósito_y_Visión_6240/Propósito_y_Visión_90-02_41097/statistics_results.json"
    },
    "90-03": {
      "base_folder": "crData/Propósito_y_Visión_6240/Propósito_y_Visión_90-03_41141",
      "term_results_folder": "crData/Propósito_y_Visión_6240/Propósito_y_Visión_90-03_41141/term_results",
      "merged": "crData/Propósito_y_Visión_6240/Propósito_y_Visión_90-03_41141/merged_results.json",
      "filtered": "crData/Propósito_y_Visión_6240/Propósito_y_Visión_90-03_41141/filtered_results.json",
      "final": "crData/Propósito_y_Visión_6240/Propósito_y_Visión_90-03_41141/final_results.json",
      "statistics": "crData/Propósito_y_Visión_6240/Propósito_y_Visión_90-03_41141/statistics_results.json"
    },
    "90-04": {
      "base_folder": "crData/Propósito_y_Visión_6240/Propósito_y_Visión_90-04_41201",
      "term_results_folder": "crData/Propósito_y_Visión_6240/Propósito_y_Visión_90-04_41201/term_results",
      "merged": "crData/Propósito_y_Visión_6240/Propósito_y_Visión_90-04_41201/merged_results.json",
      "filtered": "crData/Propósito_y_Visión_6240/Propósito_y_Visión_90-04_41201/filtered_results.json",
      "final": "crData/Propósito_y_Visión_6240/Propósito_y_Visión_90-04_41201/final_results.json",
      "statistics": "crData/Propósito_y_Visión_6240/Propósito_y_Visión_90-04_41201/statistics_results.json"
    },
    "90-05": {
      "base_folder": "crData/Propósito_y_Visión_6240/Propósito_y_Visión_90-05_41246",
      "term_results_folder": "crData/Propósito_y_Visión_6240/Propósito_y_Visión_90-05_41246/term_results",
      "merged": "crData/Propósito_y_Visión_6240/Propósito_y_Visión_90-05_41246/merged_results.json",
      "filtered": "crData/Propósito_y_Visión_6240/Propósito_y_Visión_90-05_41246/filtered_results.json",
      "final": "crData/Propósito_y_Visión_6240/Propósito_y_Visión_90-05_41246/final_results.json",
      "statistics": "crData/Propósito_y_Visión_6240/Propósito_y_Visión_90-05_41246/statistics_results.json"
    },
    "90-06": {
      "base_folder": "crData/Propósito_y_Visión_6240/Propósito_y_Visión_90-06_41288",
      "term_results_folder": "crData/Propósito_y_Visión_6240/Propósito_y_Visión_90-06_41288/term_results",
      "merged": "crData/Propósito_y_Visión_6240/Propósito_y_Visión_90-06_41288/merged_results.json",
      "filtered": "crData/Propósito_y_Visión_6240/Propósito_y_Visión_90-06_41288/filtered_results.json",
      "final": "crData/Propósito_y_Visión_6240/Propósito_y_Visión_90-06_41288/final_results.json",
      "statistics": "crData/Propósito_y_Visión_6240/Propósito_y_Visión_90-06_41288/statistics_results.json"
    },
    "90-07": {
      "base_folder": "crData/Propósito_y_Visión_6240/Propósito_y_Visión_90-07_41340",
      "term_results_folder": "crData/Propósito_y_Visión_6240/Propósito_y_Visión_90-07_41340/term_results",
      "merged": "crData/Propósito_y_Visión_6240/Propósito_y_Visión_90-07_41340/merged_results.json",
      "filtered": "crData/Propósito_y_Visión_6240/Propósito_y_Visión_90-07_41340/filtered_results.json",
      "final": "crData/Propósito_y_Visión_6240/Propósito_y_Visión_90-07_41340/final_results.json",
      "statistics": "crData/Propósito_y_Visión_6240/Propósito_y_Visión_90-07_41340/statistics_results.json"
    },
    "90-08": {
      "base_folder": "crData/Propósito_y_Visión_6240/Propósito_y_Visión_90-08_41412",
      "term_results_folder": "crData/Propósito_y_Visión_6240/Propósito_y_Visión_90-08_41412/term_results",
      "merged": "crData/Propósito_y_Visión_6240/Propósito_y_Visión_90-08_41412/merged_results.json",
      "filtered": "crData/Propósito_y_Visión_6240/Propósito_y_Visión_90-08_41412/filtered_results.json",
      "final": "crData/Propósito_y_Visión_6240/Propósito_y_Visión_90-08_41412/final_results.json",
      "statistics": "crData/Propósito_y_Visión_6240/Propósito_y_Visión_90-08_41412/statistics_results.json"
    },
    "90-09": {
      "base_folder": "crData/Propósito_y_Visión_6240/Propósito_y_Visión_90-09_41493",
      "term_results_folder": "crData/Propósito_y_Visión_6240/Propósito_y_Visión_90-09_41493/term_results",
      "merged": "crData/Propósito_y_Visión_6240/Propósito_y_Visión_90-09_41493/merged_results.json",
      "filtered": "crData/Propósito_y_Visión_6240/Propósito_y_Visión_90-09_41493/filtered_results.json",
      "final": "crData/Propósito_y_Visión_6240/Propósito_y_Visión_90-09_41493/final_results.json",
      "statistics": "crData/Propósito_y_Visión_6240/Propósito_y_Visión_90-09_41493/statistics_results.json"
    },
    "90-10": {
      "base_folder": "crData/Propósito_y_Visión_6240/Propósito_y_Visión_90-10_41534",
      "term_results_folder": "crData/Propósito_y_Visión_6240/Propósito_y_Visión_90-10_41534/term_results",
      "merged": "crData/Propósito_y_Visión_6240/Propósito_y_Visión_90-10_41534/merged_results.json",
      "filtered": "crData/Propósito_y_Visión_6240/Propósito_y_Visión_90-10_41534/filtered_results.json",
      "final": "crData/Propósito_y_Visión_6240/Propósito_y_Visión_90-10_41534/final_results.json",
      "statistics": "crData/Propósito_y_Visión_6240/Propósito_y_Visión_90-10_41534/statistics_results.json"
    },
    "90-11": {
      "base_folder": "crData/Propósito_y_Visión_6240/Propósito_y_Visión_90-11_41585",
      "term_results_folder": "crData/Propósito_y_Visión_6240/Propósito_y_Visión_90-11_41585/term_results",
      "merged": "crData/Propósito_y_Visión_6240/Propósito_y_Visión_90-11_41585/merged_results.json",
      "filtered": "crData/Propósito_y_Visión_6240/Propósito_y_Visión_90-11_41585/filtered_results.json",
      "final": "crData/Propósito_y_Visión_6240/Propósito_y_Visión_90-11_41585/final_results.json",
      "statistics": "crData/Propósito_y_Visión_6240/Propósito_y_Visión_90-11_41585/statistics_results.json"
    },
    "90-12": {
      "base_folder": "crData/Propósito_y_Visión_6240/Propósito_y_Visión_90-12_42050",
      "term_results_folder": "crData/Propósito_y_Visión_6240/Propósito_y_Visión_90-12_42050/term_results",
      "merged": "crData/Propósito_y_Visión_6240/Propósito_y_Visión_90-12_42050/merged_results.json",
      "filtered": "crData/Propósito_y_Visión_6240/Propósito_y_Visión_90-12_42050/filtered_results.json",
      "final": "crData/Propósito_y_Visión_6240/Propósito_y_Visión_90-12_42050/final_results.json",
      "statistics": "crData/Propósito_y_Visión_6240/Propósito_y_Visión_90-12_42050/statistics_results.json"
    }
  }
}