{
  "tool_name": "Reingeniería de Procesos",
  "year": "1956",
  "monthly_stats": {
    "56-01": {
      "tool_name": "Reingeniería de Procesos",
      "batch_id": "28282",
      "date": "56-01",
      "initial_count": 0,
      "filtered_count": 0,
      "final_count": 0,
      "duplicate_count": 0,
      "terms": {
        "Reengineering": 0
      },
      "file_paths": {
        "base_folder": "crData/Reingeniería_de_Procesos_2318/Reingeniería_de_Procesos_56-01_28282",
        "term_results_folder": "crData/Reingeniería_de_Procesos_2318/Reingeniería_de_Procesos_56-01_28282/term_results",
        "merged": "crData/Reingeniería_de_Procesos_2318/Reingeniería_de_Procesos_56-01_28282/merged_results.json",
        "filtered": "crData/Reingeniería_de_Procesos_2318/Reingeniería_de_Procesos_56-01_28282/filtered_results.json",
        "final": "crData/Reingeniería_de_Procesos_2318/Reingeniería_de_Procesos_56-01_28282/final_results.json",
        "statistics": "crData/Reingeniería_de_Procesos_2318/Reingeniería_de_Procesos_56-01_28282/statistics_results.json"
      },
      "processing_time": 1.2547829151153564,
      "total_crossref": 66209,
      "crossref_percentage": 0.0
    },
    "56-02": {
      "tool_name": "Reingeniería de Procesos",
      "batch_id": "28310",
      "date": "56-02",
      "initial_count": 0,
      "filtered_count": 0,
      "final_count": 0,
      "duplicate_count": 0,
      "terms": {
        "Reengineering": 0
      },
      "file_paths": {
        "base_folder": "crData/Reingeniería_de_Procesos_2318/Reingeniería_de_Procesos_56-02_28310",
        "term_results_folder": "crData/Reingeniería_de_Procesos_2318/Reingeniería_de_Procesos_56-02_28310/term_results",
        "merged": "crData/Reingeniería_de_Procesos_2318/Reingeniería_de_Procesos_56-02_28310/merged_results.json",
        "filtered": "crData/Reingeniería_de_Procesos_2318/Reingeniería_de_Procesos_56-02_28310/filtered_results.json",
        "final": "crData/Reingeniería_de_Procesos_2318/Reingeniería_de_Procesos_56-02_28310/final_results.json",
        "statistics": "crData/Reingeniería_de_Procesos_2318/Reingeniería_de_Procesos_56-02_28310/statistics_results.json"
      },
      "processing_time": 0.8880369663238525,
      "total_crossref": 10477,
      "crossref_percentage": 0.0
    },
    "56-03": {
      "tool_name": "Reingeniería de Procesos",
      "batch_id": "28334",
      "date": "56-03",
      "initial_count": 0,
      "filtered_count": 0,
      "final_count": 0,
      "duplicate_count": 0,
      "terms": {
        "Reengineering": 0
      },
      "file_paths": {
        "base_folder": "crData/Reingeniería_de_Procesos_2318/Reingeniería_de_Procesos_56-03_28334",
        "term_results_folder": "crData/Reingeniería_de_Procesos_2318/Reingeniería_de_Procesos_56-03_28334/term_results",
        "merged": "crData/Reingeniería_de_Procesos_2318/Reingeniería_de_Procesos_56-03_28334/merged_results.json",
        "filtered": "crData/Reingeniería_de_Procesos_2318/Reingeniería_de_Procesos_56-03_28334/filtered_results.json",
        "final": "crData/Reingeniería_de_Procesos_2318/Reingeniería_de_Procesos_56-03_28334/final_results.json",
        "statistics": "crData/Reingeniería_de_Procesos_2318/Reingeniería_de_Procesos_56-03_28334/statistics_results.json"
      },
      "processing_time": 0.8200020790100098,
      "total_crossref": 13863,
      "crossref_percentage": 0.0
    },
    "56-04": {
      "tool_name": "Reingeniería de Procesos",
      "batch_id": "28357",
      "date": "56-04",
      "initial_count": 0,
      "filtered_count": 0,
      "final_count": 0,
      "duplicate_count": 0,
      "terms": {
        "Reengineering": 0
      },
      "file_paths": {
        "base_folder": "crData/Reingeniería_de_Procesos_2318/Reingeniería_de_Procesos_56-04_28357",
        "term_results_folder": "crData/Reingeniería_de_Procesos_2318/Reingeniería_de_Procesos_56-04_28357/term_results",
        "merged": "crData/Reingeniería_de_Procesos_2318/Reingeniería_de_Procesos_56-04_28357/merged_results.json",
        "filtered": "crData/Reingeniería_de_Procesos_2318/Reingeniería_de_Procesos_56-04_28357/filtered_results.json",
        "final": "crData/Reingeniería_de_Procesos_2318/Reingeniería_de_Procesos_56-04_28357/final_results.json",
        "statistics": "crData/Reingeniería_de_Procesos_2318/Reingeniería_de_Procesos_56-04_28357/statistics_results.json"
      },
      "processing_time": 1.175811767578125,
      "total_crossref": 13547,
      "crossref_percentage": 0.0
    },
    "56-05": {
      "tool_name": "Reingeniería de Procesos",
      "batch_id": "28384",
      "date": "56-05",
      "initial_count": 0,
      "filtered_count": 0,
      "final_count": 0,
      "duplicate_count": 0,
      "terms": {
        "Reengineering": 0
      },
      "file_paths": {
        "base_folder": "crData/Reingeniería_de_Procesos_2318/Reingeniería_de_Procesos_56-05_28384",
        "term_results_folder": "crData/Reingeniería_de_Procesos_2318/Reingeniería_de_Procesos_56-05_28384/term_results",
        "merged": "crData/Reingeniería_de_Procesos_2318/Reingeniería_de_Procesos_56-05_28384/merged_results.json",
        "filtered": "crData/Reingeniería_de_Procesos_2318/Reingeniería_de_Procesos_56-05_28384/filtered_results.json",
        "final": "crData/Reingeniería_de_Procesos_2318/Reingeniería_de_Procesos_56-05_28384/final_results.json",
        "statistics": "crData/Reingeniería_de_Procesos_2318/Reingeniería_de_Procesos_56-05_28384/statistics_results.json"
      },
      "processing_time": 0.8442478179931641,
      "total_crossref": 11565,
      "crossref_percentage": 0.0
    },
    "56-06": {
      "tool_name": "Reingeniería de Procesos",
      "batch_id": "28407",
      "date": "56-06",
      "initial_count": 0,
      "filtered_count": 0,
      "final_count": 0,
      "duplicate_count": 0,
      "terms": {
        "Reengineering": 0
      },
      "file_paths": {
        "base_folder": "crData/Reingeniería_de_Procesos_2318/Reingeniería_de_Procesos_56-06_28407",
        "term_results_folder": "crData/Reingeniería_de_Procesos_2318/Reingeniería_de_Procesos_56-06_28407/term_results",
        "merged": "crData/Reingeniería_de_Procesos_2318/Reingeniería_de_Procesos_56-06_28407/merged_results.json",
        "filtered": "crData/Reingeniería_de_Procesos_2318/Reingeniería_de_Procesos_56-06_28407/filtered_results.json",
        "final": "crData/Reingeniería_de_Procesos_2318/Reingeniería_de_Procesos_56-06_28407/final_results.json",
        "statistics": "crData/Reingeniería_de_Procesos_2318/Reingeniería_de_Procesos_56-06_28407/statistics_results.json"
      },
      "processing_time": 0.9000809192657471,
      "total_crossref": 12688,
      "crossref_percentage": 0.0
    },
    "56-07": {
      "tool_name": "Reingeniería de Procesos",
      "batch_id": "28431",
      "date": "56-07",
      "initial_count": 0,
      "filtered_count": 0,
      "final_count": 0,
      "duplicate_count": 0,
      "terms": {
        "Reengineering": 0
      },
      "file_paths": {
        "base_folder": "crData/Reingeniería_de_Procesos_2318/Reingeniería_de_Procesos_56-07_28431",
        "term_results_folder": "crData/Reingeniería_de_Procesos_2318/Reingeniería_de_Procesos_56-07_28431/term_results",
        "merged": "crData/Reingeniería_de_Procesos_2318/Reingeniería_de_Procesos_56-07_28431/merged_results.json",
        "filtered": "crData/Reingeniería_de_Procesos_2318/Reingeniería_de_Procesos_56-07_28431/filtered_results.json",
        "final": "crData/Reingeniería_de_Procesos_2318/Reingeniería_de_Procesos_56-07_28431/final_results.json",
        "statistics": "crData/Reingeniería_de_Procesos_2318/Reingeniería_de_Procesos_56-07_28431/statistics_results.json"
      },
      "processing_time": 1.0110530853271484,
      "total_crossref": 13324,
      "crossref_percentage": 0.0
    },
    "56-08": {
      "tool_name": "Reingeniería de Procesos",
      "batch_id": "28456",
      "date": "56-08",
      "initial_count": 0,
      "filtered_count": 0,
      "final_count": 0,
      "duplicate_count": 0,
      "terms": {
        "Reengineering": 0
      },
      "file_paths": {
        "base_folder": "crData/Reingeniería_de_Procesos_2318/Reingeniería_de_Procesos_56-08_28456",
        "term_results_folder": "crData/Reingeniería_de_Procesos_2318/Reingeniería_de_Procesos_56-08_28456/term_results",
        "merged": "crData/Reingeniería_de_Procesos_2318/Reingeniería_de_Procesos_56-08_28456/merged_results.json",
        "filtered": "crData/Reingeniería_de_Procesos_2318/Reingeniería_de_Procesos_56-08_28456/filtered_results.json",
        "final": "crData/Reingeniería_de_Procesos_2318/Reingeniería_de_Procesos_56-08_28456/final_results.json",
        "statistics": "crData/Reingeniería_de_Procesos_2318/Reingeniería_de_Procesos_56-08_28456/statistics_results.json"
      },
      "processing_time": 0.7067408561706543,
      "total_crossref": 9940,
      "crossref_percentage": 0.0
    },
    "56-09": {
      "tool_name": "Reingeniería de Procesos",
      "batch_id": "28479",
      "date": "56-09",
      "initial_count": 0,
      "filtered_count": 0,
      "final_count": 0,
      "duplicate_count": 0,
      "terms": {
        "Reengineering": 0
      },
      "file_paths": {
        "base_folder": "crData/Reingeniería_de_Procesos_2318/Reingeniería_de_Procesos_56-09_28479",
        "term_results_folder": "crData/Reingeniería_de_Procesos_2318/Reingeniería_de_Procesos_56-09_28479/term_results",
        "merged": "crData/Reingeniería_de_Procesos_2318/Reingeniería_de_Procesos_56-09_28479/merged_results.json",
        "filtered": "crData/Reingeniería_de_Procesos_2318/Reingeniería_de_Procesos_56-09_28479/filtered_results.json",
        "final": "crData/Reingeniería_de_Procesos_2318/Reingeniería_de_Procesos_56-09_28479/final_results.json",
        "statistics": "crData/Reingeniería_de_Procesos_2318/Reingeniería_de_Procesos_56-09_28479/statistics_results.json"
      },
      "processing_time": 0.823451042175293,
      "total_crossref": 12723,
      "crossref_percentage": 0.0
    },
    "56-10": {
      "tool_name": "Reingeniería de Procesos",
      "batch_id": "28502",
      "date": "56-10",
      "initial_count": 0,
      "filtered_count": 0,
      "final_count": 0,
      "duplicate_count": 0,
      "terms": {
        "Reengineering": 0
      },
      "file_paths": {
        "base_folder": "crData/Reingeniería_de_Procesos_2318/Reingeniería_de_Procesos_56-10_28502",
        "term_results_folder": "crData/Reingeniería_de_Procesos_2318/Reingeniería_de_Procesos_56-10_28502/term_results",
        "merged": "crData/Reingeniería_de_Procesos_2318/Reingeniería_de_Procesos_56-10_28502/merged_results.json",
        "filtered": "crData/Reingeniería_de_Procesos_2318/Reingeniería_de_Procesos_56-10_28502/filtered_results.json",
        "final": "crData/Reingeniería_de_Procesos_2318/Reingeniería_de_Procesos_56-10_28502/final_results.json",
        "statistics": "crData/Reingeniería_de_Procesos_2318/Reingeniería_de_Procesos_56-10_28502/statistics_results.json"
      },
      "processing_time": 0.8187310695648193,
      "total_crossref": 13613,
      "crossref_percentage": 0.0
    },
    "56-11": {
      "tool_name": "Reingeniería de Procesos",
      "batch_id": "28525",
      "date": "56-11",
      "initial_count": 0,
      "filtered_count": 0,
      "final_count": 0,
      "duplicate_count": 0,
      "terms": {
        "Reengineering": 0
      },
      "file_paths": {
        "base_folder": "crData/Reingeniería_de_Procesos_2318/Reingeniería_de_Procesos_56-11_28525",
        "term_results_folder": "crData/Reingeniería_de_Procesos_2318/Reingeniería_de_Procesos_56-11_28525/term_results",
        "merged": "crData/Reingeniería_de_Procesos_2318/Reingeniería_de_Procesos_56-11_28525/merged_results.json",
        "filtered": "crData/Reingeniería_de_Procesos_2318/Reingeniería_de_Procesos_56-11_28525/filtered_results.json",
        "final": "crData/Reingeniería_de_Procesos_2318/Reingeniería_de_Procesos_56-11_28525/final_results.json",
        "statistics": "crData/Reingeniería_de_Procesos_2318/Reingeniería_de_Procesos_56-11_28525/statistics_results.json"
      },
      "processing_time": 0.8969240188598633,
      "total_crossref": 11682,
      "crossref_percentage": 0.0
    },
    "56-12": {
      "tool_name": "Reingeniería de Procesos",
      "batch_id": "28549",
      "date": "56-12",
      "initial_count": 0,
      "filtered_count": 0,
      "final_count": 0,
      "duplicate_count": 0,
      "terms": {
        "Reengineering": 0
      },
      "file_paths": {
        "base_folder": "crData/Reingeniería_de_Procesos_2318/Reingeniería_de_Procesos_56-12_28549",
        "term_results_folder": "crData/Reingeniería_de_Procesos_2318/Reingeniería_de_Procesos_56-12_28549/term_results",
        "merged": "crData/Reingeniería_de_Procesos_2318/Reingeniería_de_Procesos_56-12_28549/merged_results.json",
        "filtered": "crData/Reingeniería_de_Procesos_2318/Reingeniería_de_Procesos_56-12_28549/filtered_results.json",
        "final": "crData/Reingeniería_de_Procesos_2318/Reingeniería_de_Procesos_56-12_28549/final_results.json",
        "statistics": "crData/Reingeniería_de_Procesos_2318/Reingeniería_de_Procesos_56-12_28549/statistics_results.json"
      },
      "processing_time": 0.7572617530822754,
      "total_crossref": 23299,
      "crossref_percentage": 0.0
    }
  },
  "total_duplicates": 0,
  "monthly_files": {
    "56-01": {
      "base_folder": "crData/Reingeniería_de_Procesos_2318/Reingeniería_de_Procesos_56-01_28282",
      "term_results_folder": "crData/Reingeniería_de_Procesos_2318/Reingeniería_de_Procesos_56-01_28282/term_results",
      "merged": "crData/Reingeniería_de_Procesos_2318/Reingeniería_de_Procesos_56-01_28282/merged_results.json",
      "filtered": "crData/Reingeniería_de_Procesos_2318/Reingeniería_de_Procesos_56-01_28282/filtered_results.json",
      "final": "crData/Reingeniería_de_Procesos_2318/Reingeniería_de_Procesos_56-01_28282/final_results.json",
      "statistics": "crData/Reingeniería_de_Procesos_2318/Reingeniería_de_Procesos_56-01_28282/statistics_results.json"
    },
    "56-02": {
      "base_folder": "crData/Reingeniería_de_Procesos_2318/Reingeniería_de_Procesos_56-02_28310",
      "term_results_folder": "crData/Reingeniería_de_Procesos_2318/Reingeniería_de_Procesos_56-02_28310/term_results",
      "merged": "crData/Reingeniería_de_Procesos_2318/Reingeniería_de_Procesos_56-02_28310/merged_results.json",
      "filtered": "crData/Reingeniería_de_Procesos_2318/Reingeniería_de_Procesos_56-02_28310/filtered_results.json",
      "final": "crData/Reingeniería_de_Procesos_2318/Reingeniería_de_Procesos_56-02_28310/final_results.json",
      "statistics": "crData/Reingeniería_de_Procesos_2318/Reingeniería_de_Procesos_56-02_28310/statistics_results.json"
    },
    "56-03": {
      "base_folder": "crData/Reingeniería_de_Procesos_2318/Reingeniería_de_Procesos_56-03_28334",
      "term_results_folder": "crData/Reingeniería_de_Procesos_2318/Reingeniería_de_Procesos_56-03_28334/term_results",
      "merged": "crData/Reingeniería_de_Procesos_2318/Reingeniería_de_Procesos_56-03_28334/merged_results.json",
      "filtered": "crData/Reingeniería_de_Procesos_2318/Reingeniería_de_Procesos_56-03_28334/filtered_results.json",
      "final": "crData/Reingeniería_de_Procesos_2318/Reingeniería_de_Procesos_56-03_28334/final_results.json",
      "statistics": "crData/Reingeniería_de_Procesos_2318/Reingeniería_de_Procesos_56-03_28334/statistics_results.json"
    },
    "56-04": {
      "base_folder": "crData/Reingeniería_de_Procesos_2318/Reingeniería_de_Procesos_56-04_28357",
      "term_results_folder": "crData/Reingeniería_de_Procesos_2318/Reingeniería_de_Procesos_56-04_28357/term_results",
      "merged": "crData/Reingeniería_de_Procesos_2318/Reingeniería_de_Procesos_56-04_28357/merged_results.json",
      "filtered": "crData/Reingeniería_de_Procesos_2318/Reingeniería_de_Procesos_56-04_28357/filtered_results.json",
      "final": "crData/Reingeniería_de_Procesos_2318/Reingeniería_de_Procesos_56-04_28357/final_results.json",
      "statistics": "crData/Reingeniería_de_Procesos_2318/Reingeniería_de_Procesos_56-04_28357/statistics_results.json"
    },
    "56-05": {
      "base_folder": "crData/Reingeniería_de_Procesos_2318/Reingeniería_de_Procesos_56-05_28384",
      "term_results_folder": "crData/Reingeniería_de_Procesos_2318/Reingeniería_de_Procesos_56-05_28384/term_results",
      "merged": "crData/Reingeniería_de_Procesos_2318/Reingeniería_de_Procesos_56-05_28384/merged_results.json",
      "filtered": "crData/Reingeniería_de_Procesos_2318/Reingeniería_de_Procesos_56-05_28384/filtered_results.json",
      "final": "crData/Reingeniería_de_Procesos_2318/Reingeniería_de_Procesos_56-05_28384/final_results.json",
      "statistics": "crData/Reingeniería_de_Procesos_2318/Reingeniería_de_Procesos_56-05_28384/statistics_results.json"
    },
    "56-06": {
      "base_folder": "crData/Reingeniería_de_Procesos_2318/Reingeniería_de_Procesos_56-06_28407",
      "term_results_folder": "crData/Reingeniería_de_Procesos_2318/Reingeniería_de_Procesos_56-06_28407/term_results",
      "merged": "crData/Reingeniería_de_Procesos_2318/Reingeniería_de_Procesos_56-06_28407/merged_results.json",
      "filtered": "crData/Reingeniería_de_Procesos_2318/Reingeniería_de_Procesos_56-06_28407/filtered_results.json",
      "final": "crData/Reingeniería_de_Procesos_2318/Reingeniería_de_Procesos_56-06_28407/final_results.json",
      "statistics": "crData/Reingeniería_de_Procesos_2318/Reingeniería_de_Procesos_56-06_28407/statistics_results.json"
    },
    "56-07": {
      "base_folder": "crData/Reingeniería_de_Procesos_2318/Reingeniería_de_Procesos_56-07_28431",
      "term_results_folder": "crData/Reingeniería_de_Procesos_2318/Reingeniería_de_Procesos_56-07_28431/term_results",
      "merged": "crData/Reingeniería_de_Procesos_2318/Reingeniería_de_Procesos_56-07_28431/merged_results.json",
      "filtered": "crData/Reingeniería_de_Procesos_2318/Reingeniería_de_Procesos_56-07_28431/filtered_results.json",
      "final": "crData/Reingeniería_de_Procesos_2318/Reingeniería_de_Procesos_56-07_28431/final_results.json",
      "statistics": "crData/Reingeniería_de_Procesos_2318/Reingeniería_de_Procesos_56-07_28431/statistics_results.json"
    },
    "56-08": {
      "base_folder": "crData/Reingeniería_de_Procesos_2318/Reingeniería_de_Procesos_56-08_28456",
      "term_results_folder": "crData/Reingeniería_de_Procesos_2318/Reingeniería_de_Procesos_56-08_28456/term_results",
      "merged": "crData/Reingeniería_de_Procesos_2318/Reingeniería_de_Procesos_56-08_28456/merged_results.json",
      "filtered": "crData/Reingeniería_de_Procesos_2318/Reingeniería_de_Procesos_56-08_28456/filtered_results.json",
      "final": "crData/Reingeniería_de_Procesos_2318/Reingeniería_de_Procesos_56-08_28456/final_results.json",
      "statistics": "crData/Reingeniería_de_Procesos_2318/Reingeniería_de_Procesos_56-08_28456/statistics_results.json"
    },
    "56-09": {
      "base_folder": "crData/Reingeniería_de_Procesos_2318/Reingeniería_de_Procesos_56-09_28479",
      "term_results_folder": "crData/Reingeniería_de_Procesos_2318/Reingeniería_de_Procesos_56-09_28479/term_results",
      "merged": "crData/Reingeniería_de_Procesos_2318/Reingeniería_de_Procesos_56-09_28479/merged_results.json",
      "filtered": "crData/Reingeniería_de_Procesos_2318/Reingeniería_de_Procesos_56-09_28479/filtered_results.json",
      "final": "crData/Reingeniería_de_Procesos_2318/Reingeniería_de_Procesos_56-09_28479/final_results.json",
      "statistics": "crData/Reingeniería_de_Procesos_2318/Reingeniería_de_Procesos_56-09_28479/statistics_results.json"
    },
    "56-10": {
      "base_folder": "crData/Reingeniería_de_Procesos_2318/Reingeniería_de_Procesos_56-10_28502",
      "term_results_folder": "crData/Reingeniería_de_Procesos_2318/Reingeniería_de_Procesos_56-10_28502/term_results",
      "merged": "crData/Reingeniería_de_Procesos_2318/Reingeniería_de_Procesos_56-10_28502/merged_results.json",
      "filtered": "crData/Reingeniería_de_Procesos_2318/Reingeniería_de_Procesos_56-10_28502/filtered_results.json",
      "final": "crData/Reingeniería_de_Procesos_2318/Reingeniería_de_Procesos_56-10_28502/final_results.json",
      "statistics": "crData/Reingeniería_de_Procesos_2318/Reingeniería_de_Procesos_56-10_28502/statistics_results.json"
    },
    "56-11": {
      "base_folder": "crData/Reingeniería_de_Procesos_2318/Reingeniería_de_Procesos_56-11_28525",
      "term_results_folder": "crData/Reingeniería_de_Procesos_2318/Reingeniería_de_Procesos_56-11_28525/term_results",
      "merged": "crData/Reingeniería_de_Procesos_2318/Reingeniería_de_Procesos_56-11_28525/merged_results.json",
      "filtered": "crData/Reingeniería_de_Procesos_2318/Reingeniería_de_Procesos_56-11_28525/filtered_results.json",
      "final": "crData/Reingeniería_de_Procesos_2318/Reingeniería_de_Procesos_56-11_28525/final_results.json",
      "statistics": "crData/Reingeniería_de_Procesos_2318/Reingeniería_de_Procesos_56-11_28525/statistics_results.json"
    },
    "56-12": {
      "base_folder": "crData/Reingeniería_de_Procesos_2318/Reingeniería_de_Procesos_56-12_28549",
      "term_results_folder": "crData/Reingeniería_de_Procesos_2318/Reingeniería_de_Procesos_56-12_28549/term_results",
      "merged": "crData/Reingeniería_de_Procesos_2318/Reingeniería_de_Procesos_56-12_28549/merged_results.json",
      "filtered": "crData/Reingeniería_de_Procesos_2318/Reingeniería_de_Procesos_56-12_28549/filtered_results.json",
      "final": "crData/Reingeniería_de_Procesos_2318/Reingeniería_de_Procesos_56-12_28549/final_results.json",
      "statistics": "crData/Reingeniería_de_Procesos_2318/Reingeniería_de_Procesos_56-12_28549/statistics_results.json"
    }
  }
}