{
  "tool_name": "Reingeniería de Procesos",
  "year": "1957",
  "monthly_stats": {
    "57-01": {
      "tool_name": "Reingeniería de Procesos",
      "batch_id": "29002",
      "date": "57-01",
      "initial_count": 0,
      "filtered_count": 0,
      "final_count": 0,
      "duplicate_count": 0,
      "terms": {
        "Reengineering": 0
      },
      "file_paths": {
        "base_folder": "crData/Reingeniería_de_Procesos_2318/Reingeniería_de_Procesos_57-01_29002",
        "term_results_folder": "crData/Reingeniería_de_Procesos_2318/Reingeniería_de_Procesos_57-01_29002/term_results",
        "merged": "crData/Reingeniería_de_Procesos_2318/Reingeniería_de_Procesos_57-01_29002/merged_results.json",
        "filtered": "crData/Reingeniería_de_Procesos_2318/Reingeniería_de_Procesos_57-01_29002/filtered_results.json",
        "final": "crData/Reingeniería_de_Procesos_2318/Reingeniería_de_Procesos_57-01_29002/final_results.json",
        "statistics": "crData/Reingeniería_de_Procesos_2318/Reingeniería_de_Procesos_57-01_29002/statistics_results.json"
      },
      "processing_time": 0.978391170501709,
      "total_crossref": 71880,
      "crossref_percentage": 0.0
    },
    "57-02": {
      "tool_name": "Reingeniería de Procesos",
      "batch_id": "29027",
      "date": "57-02",
      "initial_count": 0,
      "filtered_count": 0,
      "final_count": 0,
      "duplicate_count": 0,
      "terms": {
        "Reengineering": 0
      },
      "file_paths": {
        "base_folder": "crData/Reingeniería_de_Procesos_2318/Reingeniería_de_Procesos_57-02_29027",
        "term_results_folder": "crData/Reingeniería_de_Procesos_2318/Reingeniería_de_Procesos_57-02_29027/term_results",
        "merged": "crData/Reingeniería_de_Procesos_2318/Reingeniería_de_Procesos_57-02_29027/merged_results.json",
        "filtered": "crData/Reingeniería_de_Procesos_2318/Reingeniería_de_Procesos_57-02_29027/filtered_results.json",
        "final": "crData/Reingeniería_de_Procesos_2318/Reingeniería_de_Procesos_57-02_29027/final_results.json",
        "statistics": "crData/Reingeniería_de_Procesos_2318/Reingeniería_de_Procesos_57-02_29027/statistics_results.json"
      },
      "processing_time": 0.8821477890014648,
      "total_crossref": 10665,
      "crossref_percentage": 0.0
    },
    "57-03": {
      "tool_name": "Reingeniería de Procesos",
      "batch_id": "29051",
      "date": "57-03",
      "initial_count": 0,
      "filtered_count": 0,
      "final_count": 0,
      "duplicate_count": 0,
      "terms": {
        "Reengineering": 0
      },
      "file_paths": {
        "base_folder": "crData/Reingeniería_de_Procesos_2318/Reingeniería_de_Procesos_57-03_29051",
        "term_results_folder": "crData/Reingeniería_de_Procesos_2318/Reingeniería_de_Procesos_57-03_29051/term_results",
        "merged": "crData/Reingeniería_de_Procesos_2318/Reingeniería_de_Procesos_57-03_29051/merged_results.json",
        "filtered": "crData/Reingeniería_de_Procesos_2318/Reingeniería_de_Procesos_57-03_29051/filtered_results.json",
        "final": "crData/Reingeniería_de_Procesos_2318/Reingeniería_de_Procesos_57-03_29051/final_results.json",
        "statistics": "crData/Reingeniería_de_Procesos_2318/Reingeniería_de_Procesos_57-03_29051/statistics_results.json"
      },
      "processing_time": 0.8994970321655273,
      "total_crossref": 14980,
      "crossref_percentage": 0.0
    },
    "57-04": {
      "tool_name": "Reingeniería de Procesos",
      "batch_id": "29075",
      "date": "57-04",
      "initial_count": 0,
      "filtered_count": 0,
      "final_count": 0,
      "duplicate_count": 0,
      "terms": {
        "Reengineering": 0
      },
      "file_paths": {
        "base_folder": "crData/Reingeniería_de_Procesos_2318/Reingeniería_de_Procesos_57-04_29075",
        "term_results_folder": "crData/Reingeniería_de_Procesos_2318/Reingeniería_de_Procesos_57-04_29075/term_results",
        "merged": "crData/Reingeniería_de_Procesos_2318/Reingeniería_de_Procesos_57-04_29075/merged_results.json",
        "filtered": "crData/Reingeniería_de_Procesos_2318/Reingeniería_de_Procesos_57-04_29075/filtered_results.json",
        "final": "crData/Reingeniería_de_Procesos_2318/Reingeniería_de_Procesos_57-04_29075/final_results.json",
        "statistics": "crData/Reingeniería_de_Procesos_2318/Reingeniería_de_Procesos_57-04_29075/statistics_results.json"
      },
      "processing_time": 0.8809499740600586,
      "total_crossref": 14446,
      "crossref_percentage": 0.0
    },
    "57-05": {
      "tool_name": "Reingeniería de Procesos",
      "batch_id": "29098",
      "date": "57-05",
      "initial_count": 0,
      "filtered_count": 0,
      "final_count": 0,
      "duplicate_count": 0,
      "terms": {
        "Reengineering": 0
      },
      "file_paths": {
        "base_folder": "crData/Reingeniería_de_Procesos_2318/Reingeniería_de_Procesos_57-05_29098",
        "term_results_folder": "crData/Reingeniería_de_Procesos_2318/Reingeniería_de_Procesos_57-05_29098/term_results",
        "merged": "crData/Reingeniería_de_Procesos_2318/Reingeniería_de_Procesos_57-05_29098/merged_results.json",
        "filtered": "crData/Reingeniería_de_Procesos_2318/Reingeniería_de_Procesos_57-05_29098/filtered_results.json",
        "final": "crData/Reingeniería_de_Procesos_2318/Reingeniería_de_Procesos_57-05_29098/final_results.json",
        "statistics": "crData/Reingeniería_de_Procesos_2318/Reingeniería_de_Procesos_57-05_29098/statistics_results.json"
      },
      "processing_time": 1.0334770679473877,
      "total_crossref": 11554,
      "crossref_percentage": 0.0
    },
    "57-06": {
      "tool_name": "Reingeniería de Procesos",
      "batch_id": "29124",
      "date": "57-06",
      "initial_count": 0,
      "filtered_count": 0,
      "final_count": 0,
      "duplicate_count": 0,
      "terms": {
        "Reengineering": 0
      },
      "file_paths": {
        "base_folder": "crData/Reingeniería_de_Procesos_2318/Reingeniería_de_Procesos_57-06_29124",
        "term_results_folder": "crData/Reingeniería_de_Procesos_2318/Reingeniería_de_Procesos_57-06_29124/term_results",
        "merged": "crData/Reingeniería_de_Procesos_2318/Reingeniería_de_Procesos_57-06_29124/merged_results.json",
        "filtered": "crData/Reingeniería_de_Procesos_2318/Reingeniería_de_Procesos_57-06_29124/filtered_results.json",
        "final": "crData/Reingeniería_de_Procesos_2318/Reingeniería_de_Procesos_57-06_29124/final_results.json",
        "statistics": "crData/Reingeniería_de_Procesos_2318/Reingeniería_de_Procesos_57-06_29124/statistics_results.json"
      },
      "processing_time": 1.1194658279418945,
      "total_crossref": 13839,
      "crossref_percentage": 0.0
    },
    "57-07": {
      "tool_name": "Reingeniería de Procesos",
      "batch_id": "29150",
      "date": "57-07",
      "initial_count": 0,
      "filtered_count": 0,
      "final_count": 0,
      "duplicate_count": 0,
      "terms": {
        "Reengineering": 0
      },
      "file_paths": {
        "base_folder": "crData/Reingeniería_de_Procesos_2318/Reingeniería_de_Procesos_57-07_29150",
        "term_results_folder": "crData/Reingeniería_de_Procesos_2318/Reingeniería_de_Procesos_57-07_29150/term_results",
        "merged": "crData/Reingeniería_de_Procesos_2318/Reingeniería_de_Procesos_57-07_29150/merged_results.json",
        "filtered": "crData/Reingeniería_de_Procesos_2318/Reingeniería_de_Procesos_57-07_29150/filtered_results.json",
        "final": "crData/Reingeniería_de_Procesos_2318/Reingeniería_de_Procesos_57-07_29150/final_results.json",
        "statistics": "crData/Reingeniería_de_Procesos_2318/Reingeniería_de_Procesos_57-07_29150/statistics_results.json"
      },
      "processing_time": 0.8940949440002441,
      "total_crossref": 12444,
      "crossref_percentage": 0.0
    },
    "57-08": {
      "tool_name": "Reingeniería de Procesos",
      "batch_id": "29174",
      "date": "57-08",
      "initial_count": 0,
      "filtered_count": 0,
      "final_count": 0,
      "duplicate_count": 0,
      "terms": {
        "Reengineering": 0
      },
      "file_paths": {
        "base_folder": "crData/Reingeniería_de_Procesos_2318/Reingeniería_de_Procesos_57-08_29174",
        "term_results_folder": "crData/Reingeniería_de_Procesos_2318/Reingeniería_de_Procesos_57-08_29174/term_results",
        "merged": "crData/Reingeniería_de_Procesos_2318/Reingeniería_de_Procesos_57-08_29174/merged_results.json",
        "filtered": "crData/Reingeniería_de_Procesos_2318/Reingeniería_de_Procesos_57-08_29174/filtered_results.json",
        "final": "crData/Reingeniería_de_Procesos_2318/Reingeniería_de_Procesos_57-08_29174/final_results.json",
        "statistics": "crData/Reingeniería_de_Procesos_2318/Reingeniería_de_Procesos_57-08_29174/statistics_results.json"
      },
      "processing_time": 0.8254339694976807,
      "total_crossref": 10044,
      "crossref_percentage": 0.0
    },
    "57-09": {
      "tool_name": "Reingeniería de Procesos",
      "batch_id": "29197",
      "date": "57-09",
      "initial_count": 0,
      "filtered_count": 0,
      "final_count": 0,
      "duplicate_count": 0,
      "terms": {
        "Reengineering": 0
      },
      "file_paths": {
        "base_folder": "crData/Reingeniería_de_Procesos_2318/Reingeniería_de_Procesos_57-09_29197",
        "term_results_folder": "crData/Reingeniería_de_Procesos_2318/Reingeniería_de_Procesos_57-09_29197/term_results",
        "merged": "crData/Reingeniería_de_Procesos_2318/Reingeniería_de_Procesos_57-09_29197/merged_results.json",
        "filtered": "crData/Reingeniería_de_Procesos_2318/Reingeniería_de_Procesos_57-09_29197/filtered_results.json",
        "final": "crData/Reingeniería_de_Procesos_2318/Reingeniería_de_Procesos_57-09_29197/final_results.json",
        "statistics": "crData/Reingeniería_de_Procesos_2318/Reingeniería_de_Procesos_57-09_29197/statistics_results.json"
      },
      "processing_time": 0.9097929000854492,
      "total_crossref": 13287,
      "crossref_percentage": 0.0
    },
    "57-10": {
      "tool_name": "Reingeniería de Procesos",
      "batch_id": "29221",
      "date": "57-10",
      "initial_count": 0,
      "filtered_count": 0,
      "final_count": 0,
      "duplicate_count": 0,
      "terms": {
        "Reengineering": 0
      },
      "file_paths": {
        "base_folder": "crData/Reingeniería_de_Procesos_2318/Reingeniería_de_Procesos_57-10_29221",
        "term_results_folder": "crData/Reingeniería_de_Procesos_2318/Reingeniería_de_Procesos_57-10_29221/term_results",
        "merged": "crData/Reingeniería_de_Procesos_2318/Reingeniería_de_Procesos_57-10_29221/merged_results.json",
        "filtered": "crData/Reingeniería_de_Procesos_2318/Reingeniería_de_Procesos_57-10_29221/filtered_results.json",
        "final": "crData/Reingeniería_de_Procesos_2318/Reingeniería_de_Procesos_57-10_29221/final_results.json",
        "statistics": "crData/Reingeniería_de_Procesos_2318/Reingeniería_de_Procesos_57-10_29221/statistics_results.json"
      },
      "processing_time": 0.8318431377410889,
      "total_crossref": 13939,
      "crossref_percentage": 0.0
    },
    "57-11": {
      "tool_name": "Reingeniería de Procesos",
      "batch_id": "29245",
      "date": "57-11",
      "initial_count": 0,
      "filtered_count": 0,
      "final_count": 0,
      "duplicate_count": 0,
      "terms": {
        "Reengineering": 0
      },
      "file_paths": {
        "base_folder": "crData/Reingeniería_de_Procesos_2318/Reingeniería_de_Procesos_57-11_29245",
        "term_results_folder": "crData/Reingeniería_de_Procesos_2318/Reingeniería_de_Procesos_57-11_29245/term_results",
        "merged": "crData/Reingeniería_de_Procesos_2318/Reingeniería_de_Procesos_57-11_29245/merged_results.json",
        "filtered": "crData/Reingeniería_de_Procesos_2318/Reingeniería_de_Procesos_57-11_29245/filtered_results.json",
        "final": "crData/Reingeniería_de_Procesos_2318/Reingeniería_de_Procesos_57-11_29245/final_results.json",
        "statistics": "crData/Reingeniería_de_Procesos_2318/Reingeniería_de_Procesos_57-11_29245/statistics_results.json"
      },
      "processing_time": 0.8510627746582031,
      "total_crossref": 12105,
      "crossref_percentage": 0.0
    },
    "57-12": {
      "tool_name": "Reingeniería de Procesos",
      "batch_id": "29268",
      "date": "57-12",
      "initial_count": 0,
      "filtered_count": 0,
      "final_count": 0,
      "duplicate_count": 0,
      "terms": {
        "Reengineering": 0
      },
      "file_paths": {
        "base_folder": "crData/Reingeniería_de_Procesos_2318/Reingeniería_de_Procesos_57-12_29268",
        "term_results_folder": "crData/Reingeniería_de_Procesos_2318/Reingeniería_de_Procesos_57-12_29268/term_results",
        "merged": "crData/Reingeniería_de_Procesos_2318/Reingeniería_de_Procesos_57-12_29268/merged_results.json",
        "filtered": "crData/Reingeniería_de_Procesos_2318/Reingeniería_de_Procesos_57-12_29268/filtered_results.json",
        "final": "crData/Reingeniería_de_Procesos_2318/Reingeniería_de_Procesos_57-12_29268/final_results.json",
        "statistics": "crData/Reingeniería_de_Procesos_2318/Reingeniería_de_Procesos_57-12_29268/statistics_results.json"
      },
      "processing_time": 0.8189120292663574,
      "total_crossref": 24944,
      "crossref_percentage": 0.0
    }
  },
  "total_duplicates": 0,
  "monthly_files": {
    "57-01": {
      "base_folder": "crData/Reingeniería_de_Procesos_2318/Reingeniería_de_Procesos_57-01_29002",
      "term_results_folder": "crData/Reingeniería_de_Procesos_2318/Reingeniería_de_Procesos_57-01_29002/term_results",
      "merged": "crData/Reingeniería_de_Procesos_2318/Reingeniería_de_Procesos_57-01_29002/merged_results.json",
      "filtered": "crData/Reingeniería_de_Procesos_2318/Reingeniería_de_Procesos_57-01_29002/filtered_results.json",
      "final": "crData/Reingeniería_de_Procesos_2318/Reingeniería_de_Procesos_57-01_29002/final_results.json",
      "statistics": "crData/Reingeniería_de_Procesos_2318/Reingeniería_de_Procesos_57-01_29002/statistics_results.json"
    },
    "57-02": {
      "base_folder": "crData/Reingeniería_de_Procesos_2318/Reingeniería_de_Procesos_57-02_29027",
      "term_results_folder": "crData/Reingeniería_de_Procesos_2318/Reingeniería_de_Procesos_57-02_29027/term_results",
      "merged": "crData/Reingeniería_de_Procesos_2318/Reingeniería_de_Procesos_57-02_29027/merged_results.json",
      "filtered": "crData/Reingeniería_de_Procesos_2318/Reingeniería_de_Procesos_57-02_29027/filtered_results.json",
      "final": "crData/Reingeniería_de_Procesos_2318/Reingeniería_de_Procesos_57-02_29027/final_results.json",
      "statistics": "crData/Reingeniería_de_Procesos_2318/Reingeniería_de_Procesos_57-02_29027/statistics_results.json"
    },
    "57-03": {
      "base_folder": "crData/Reingeniería_de_Procesos_2318/Reingeniería_de_Procesos_57-03_29051",
      "term_results_folder": "crData/Reingeniería_de_Procesos_2318/Reingeniería_de_Procesos_57-03_29051/term_results",
      "merged": "crData/Reingeniería_de_Procesos_2318/Reingeniería_de_Procesos_57-03_29051/merged_results.json",
      "filtered": "crData/Reingeniería_de_Procesos_2318/Reingeniería_de_Procesos_57-03_29051/filtered_results.json",
      "final": "crData/Reingeniería_de_Procesos_2318/Reingeniería_de_Procesos_57-03_29051/final_results.json",
      "statistics": "crData/Reingeniería_de_Procesos_2318/Reingeniería_de_Procesos_57-03_29051/statistics_results.json"
    },
    "57-04": {
      "base_folder": "crData/Reingeniería_de_Procesos_2318/Reingeniería_de_Procesos_57-04_29075",
      "term_results_folder": "crData/Reingeniería_de_Procesos_2318/Reingeniería_de_Procesos_57-04_29075/term_results",
      "merged": "crData/Reingeniería_de_Procesos_2318/Reingeniería_de_Procesos_57-04_29075/merged_results.json",
      "filtered": "crData/Reingeniería_de_Procesos_2318/Reingeniería_de_Procesos_57-04_29075/filtered_results.json",
      "final": "crData/Reingeniería_de_Procesos_2318/Reingeniería_de_Procesos_57-04_29075/final_results.json",
      "statistics": "crData/Reingeniería_de_Procesos_2318/Reingeniería_de_Procesos_57-04_29075/statistics_results.json"
    },
    "57-05": {
      "base_folder": "crData/Reingeniería_de_Procesos_2318/Reingeniería_de_Procesos_57-05_29098",
      "term_results_folder": "crData/Reingeniería_de_Procesos_2318/Reingeniería_de_Procesos_57-05_29098/term_results",
      "merged": "crData/Reingeniería_de_Procesos_2318/Reingeniería_de_Procesos_57-05_29098/merged_results.json",
      "filtered": "crData/Reingeniería_de_Procesos_2318/Reingeniería_de_Procesos_57-05_29098/filtered_results.json",
      "final": "crData/Reingeniería_de_Procesos_2318/Reingeniería_de_Procesos_57-05_29098/final_results.json",
      "statistics": "crData/Reingeniería_de_Procesos_2318/Reingeniería_de_Procesos_57-05_29098/statistics_results.json"
    },
    "57-06": {
      "base_folder": "crData/Reingeniería_de_Procesos_2318/Reingeniería_de_Procesos_57-06_29124",
      "term_results_folder": "crData/Reingeniería_de_Procesos_2318/Reingeniería_de_Procesos_57-06_29124/term_results",
      "merged": "crData/Reingeniería_de_Procesos_2318/Reingeniería_de_Procesos_57-06_29124/merged_results.json",
      "filtered": "crData/Reingeniería_de_Procesos_2318/Reingeniería_de_Procesos_57-06_29124/filtered_results.json",
      "final": "crData/Reingeniería_de_Procesos_2318/Reingeniería_de_Procesos_57-06_29124/final_results.json",
      "statistics": "crData/Reingeniería_de_Procesos_2318/Reingeniería_de_Procesos_57-06_29124/statistics_results.json"
    },
    "57-07": {
      "base_folder": "crData/Reingeniería_de_Procesos_2318/Reingeniería_de_Procesos_57-07_29150",
      "term_results_folder": "crData/Reingeniería_de_Procesos_2318/Reingeniería_de_Procesos_57-07_29150/term_results",
      "merged": "crData/Reingeniería_de_Procesos_2318/Reingeniería_de_Procesos_57-07_29150/merged_results.json",
      "filtered": "crData/Reingeniería_de_Procesos_2318/Reingeniería_de_Procesos_57-07_29150/filtered_results.json",
      "final": "crData/Reingeniería_de_Procesos_2318/Reingeniería_de_Procesos_57-07_29150/final_results.json",
      "statistics": "crData/Reingeniería_de_Procesos_2318/Reingeniería_de_Procesos_57-07_29150/statistics_results.json"
    },
    "57-08": {
      "base_folder": "crData/Reingeniería_de_Procesos_2318/Reingeniería_de_Procesos_57-08_29174",
      "term_results_folder": "crData/Reingeniería_de_Procesos_2318/Reingeniería_de_Procesos_57-08_29174/term_results",
      "merged": "crData/Reingeniería_de_Procesos_2318/Reingeniería_de_Procesos_57-08_29174/merged_results.json",
      "filtered": "crData/Reingeniería_de_Procesos_2318/Reingeniería_de_Procesos_57-08_29174/filtered_results.json",
      "final": "crData/Reingeniería_de_Procesos_2318/Reingeniería_de_Procesos_57-08_29174/final_results.json",
      "statistics": "crData/Reingeniería_de_Procesos_2318/Reingeniería_de_Procesos_57-08_29174/statistics_results.json"
    },
    "57-09": {
      "base_folder": "crData/Reingeniería_de_Procesos_2318/Reingeniería_de_Procesos_57-09_29197",
      "term_results_folder": "crData/Reingeniería_de_Procesos_2318/Reingeniería_de_Procesos_57-09_29197/term_results",
      "merged": "crData/Reingeniería_de_Procesos_2318/Reingeniería_de_Procesos_57-09_29197/merged_results.json",
      "filtered": "crData/Reingeniería_de_Procesos_2318/Reingeniería_de_Procesos_57-09_29197/filtered_results.json",
      "final": "crData/Reingeniería_de_Procesos_2318/Reingeniería_de_Procesos_57-09_29197/final_results.json",
      "statistics": "crData/Reingeniería_de_Procesos_2318/Reingeniería_de_Procesos_57-09_29197/statistics_results.json"
    },
    "57-10": {
      "base_folder": "crData/Reingeniería_de_Procesos_2318/Reingeniería_de_Procesos_57-10_29221",
      "term_results_folder": "crData/Reingeniería_de_Procesos_2318/Reingeniería_de_Procesos_57-10_29221/term_results",
      "merged": "crData/Reingeniería_de_Procesos_2318/Reingeniería_de_Procesos_57-10_29221/merged_results.json",
      "filtered": "crData/Reingeniería_de_Procesos_2318/Reingeniería_de_Procesos_57-10_29221/filtered_results.json",
      "final": "crData/Reingeniería_de_Procesos_2318/Reingeniería_de_Procesos_57-10_29221/final_results.json",
      "statistics": "crData/Reingeniería_de_Procesos_2318/Reingeniería_de_Procesos_57-10_29221/statistics_results.json"
    },
    "57-11": {
      "base_folder": "crData/Reingeniería_de_Procesos_2318/Reingeniería_de_Procesos_57-11_29245",
      "term_results_folder": "crData/Reingeniería_de_Procesos_2318/Reingeniería_de_Procesos_57-11_29245/term_results",
      "merged": "crData/Reingeniería_de_Procesos_2318/Reingeniería_de_Procesos_57-11_29245/merged_results.json",
      "filtered": "crData/Reingeniería_de_Procesos_2318/Reingeniería_de_Procesos_57-11_29245/filtered_results.json",
      "final": "crData/Reingeniería_de_Procesos_2318/Reingeniería_de_Procesos_57-11_29245/final_results.json",
      "statistics": "crData/Reingeniería_de_Procesos_2318/Reingeniería_de_Procesos_57-11_29245/statistics_results.json"
    },
    "57-12": {
      "base_folder": "crData/Reingeniería_de_Procesos_2318/Reingeniería_de_Procesos_57-12_29268",
      "term_results_folder": "crData/Reingeniería_de_Procesos_2318/Reingeniería_de_Procesos_57-12_29268/term_results",
      "merged": "crData/Reingeniería_de_Procesos_2318/Reingeniería_de_Procesos_57-12_29268/merged_results.json",
      "filtered": "crData/Reingeniería_de_Procesos_2318/Reingeniería_de_Procesos_57-12_29268/filtered_results.json",
      "final": "crData/Reingeniería_de_Procesos_2318/Reingeniería_de_Procesos_57-12_29268/final_results.json",
      "statistics": "crData/Reingeniería_de_Procesos_2318/Reingeniería_de_Procesos_57-12_29268/statistics_results.json"
    }
  }
}