{
  "tool_name": "Reingeniería de Procesos",
  "year": "1961",
  "monthly_stats": {
    "61-01": {
      "tool_name": "Reingeniería de Procesos",
      "batch_id": "31165",
      "date": "61-01",
      "initial_count": 0,
      "filtered_count": 0,
      "final_count": 0,
      "duplicate_count": 0,
      "terms": {
        "Reengineering": 0
      },
      "file_paths": {
        "base_folder": "crData/Reingeniería_de_Procesos_2318/Reingeniería_de_Procesos_61-01_31165",
        "term_results_folder": "crData/Reingeniería_de_Procesos_2318/Reingeniería_de_Procesos_61-01_31165/term_results",
        "merged": "crData/Reingeniería_de_Procesos_2318/Reingeniería_de_Procesos_61-01_31165/merged_results.json",
        "filtered": "crData/Reingeniería_de_Procesos_2318/Reingeniería_de_Procesos_61-01_31165/filtered_results.json",
        "final": "crData/Reingeniería_de_Procesos_2318/Reingeniería_de_Procesos_61-01_31165/final_results.json",
        "statistics": "crData/Reingeniería_de_Procesos_2318/Reingeniería_de_Procesos_61-01_31165/statistics_results.json"
      },
      "processing_time": 0.8849661350250244,
      "total_crossref": 90958,
      "crossref_percentage": 0.0
    },
    "61-02": {
      "tool_name": "Reingeniería de Procesos",
      "batch_id": "31189",
      "date": "61-02",
      "initial_count": 0,
      "filtered_count": 0,
      "final_count": 0,
      "duplicate_count": 0,
      "terms": {
        "Reengineering": 0
      },
      "file_paths": {
        "base_folder": "crData/Reingeniería_de_Procesos_2318/Reingeniería_de_Procesos_61-02_31189",
        "term_results_folder": "crData/Reingeniería_de_Procesos_2318/Reingeniería_de_Procesos_61-02_31189/term_results",
        "merged": "crData/Reingeniería_de_Procesos_2318/Reingeniería_de_Procesos_61-02_31189/merged_results.json",
        "filtered": "crData/Reingeniería_de_Procesos_2318/Reingeniería_de_Procesos_61-02_31189/filtered_results.json",
        "final": "crData/Reingeniería_de_Procesos_2318/Reingeniería_de_Procesos_61-02_31189/final_results.json",
        "statistics": "crData/Reingeniería_de_Procesos_2318/Reingeniería_de_Procesos_61-02_31189/statistics_results.json"
      },
      "processing_time": 0.9519097805023193,
      "total_crossref": 13091,
      "crossref_percentage": 0.0
    },
    "61-03": {
      "tool_name": "Reingeniería de Procesos",
      "batch_id": "31214",
      "date": "61-03",
      "initial_count": 0,
      "filtered_count": 0,
      "final_count": 0,
      "duplicate_count": 0,
      "terms": {
        "Reengineering": 0
      },
      "file_paths": {
        "base_folder": "crData/Reingeniería_de_Procesos_2318/Reingeniería_de_Procesos_61-03_31214",
        "term_results_folder": "crData/Reingeniería_de_Procesos_2318/Reingeniería_de_Procesos_61-03_31214/term_results",
        "merged": "crData/Reingeniería_de_Procesos_2318/Reingeniería_de_Procesos_61-03_31214/merged_results.json",
        "filtered": "crData/Reingeniería_de_Procesos_2318/Reingeniería_de_Procesos_61-03_31214/filtered_results.json",
        "final": "crData/Reingeniería_de_Procesos_2318/Reingeniería_de_Procesos_61-03_31214/final_results.json",
        "statistics": "crData/Reingeniería_de_Procesos_2318/Reingeniería_de_Procesos_61-03_31214/statistics_results.json"
      },
      "processing_time": 0.9000029563903809,
      "total_crossref": 18874,
      "crossref_percentage": 0.0
    },
    "61-04": {
      "tool_name": "Reingeniería de Procesos",
      "batch_id": "31238",
      "date": "61-04",
      "initial_count": 0,
      "filtered_count": 0,
      "final_count": 0,
      "duplicate_count": 0,
      "terms": {
        "Reengineering": 0
      },
      "file_paths": {
        "base_folder": "crData/Reingeniería_de_Procesos_2318/Reingeniería_de_Procesos_61-04_31238",
        "term_results_folder": "crData/Reingeniería_de_Procesos_2318/Reingeniería_de_Procesos_61-04_31238/term_results",
        "merged": "crData/Reingeniería_de_Procesos_2318/Reingeniería_de_Procesos_61-04_31238/merged_results.json",
        "filtered": "crData/Reingeniería_de_Procesos_2318/Reingeniería_de_Procesos_61-04_31238/filtered_results.json",
        "final": "crData/Reingeniería_de_Procesos_2318/Reingeniería_de_Procesos_61-04_31238/final_results.json",
        "statistics": "crData/Reingeniería_de_Procesos_2318/Reingeniería_de_Procesos_61-04_31238/statistics_results.json"
      },
      "processing_time": 1.324441909790039,
      "total_crossref": 16988,
      "crossref_percentage": 0.0
    },
    "61-05": {
      "tool_name": "Reingeniería de Procesos",
      "batch_id": "31266",
      "date": "61-05",
      "initial_count": 0,
      "filtered_count": 0,
      "final_count": 0,
      "duplicate_count": 0,
      "terms": {
        "Reengineering": 0
      },
      "file_paths": {
        "base_folder": "crData/Reingeniería_de_Procesos_2318/Reingeniería_de_Procesos_61-05_31266",
        "term_results_folder": "crData/Reingeniería_de_Procesos_2318/Reingeniería_de_Procesos_61-05_31266/term_results",
        "merged": "crData/Reingeniería_de_Procesos_2318/Reingeniería_de_Procesos_61-05_31266/merged_results.json",
        "filtered": "crData/Reingeniería_de_Procesos_2318/Reingeniería_de_Procesos_61-05_31266/filtered_results.json",
        "final": "crData/Reingeniería_de_Procesos_2318/Reingeniería_de_Procesos_61-05_31266/final_results.json",
        "statistics": "crData/Reingeniería_de_Procesos_2318/Reingeniería_de_Procesos_61-05_31266/statistics_results.json"
      },
      "processing_time": 1.1113240718841553,
      "total_crossref": 14824,
      "crossref_percentage": 0.0
    },
    "61-06": {
      "tool_name": "Reingeniería de Procesos",
      "batch_id": "31292",
      "date": "61-06",
      "initial_count": 0,
      "filtered_count": 0,
      "final_count": 0,
      "duplicate_count": 0,
      "terms": {
        "Reengineering": 0
      },
      "file_paths": {
        "base_folder": "crData/Reingeniería_de_Procesos_2318/Reingeniería_de_Procesos_61-06_31292",
        "term_results_folder": "crData/Reingeniería_de_Procesos_2318/Reingeniería_de_Procesos_61-06_31292/term_results",
        "merged": "crData/Reingeniería_de_Procesos_2318/Reingeniería_de_Procesos_61-06_31292/merged_results.json",
        "filtered": "crData/Reingeniería_de_Procesos_2318/Reingeniería_de_Procesos_61-06_31292/filtered_results.json",
        "final": "crData/Reingeniería_de_Procesos_2318/Reingeniería_de_Procesos_61-06_31292/final_results.json",
        "statistics": "crData/Reingeniería_de_Procesos_2318/Reingeniería_de_Procesos_61-06_31292/statistics_results.json"
      },
      "processing_time": 1.1096701622009277,
      "total_crossref": 16301,
      "crossref_percentage": 0.0
    },
    "61-07": {
      "tool_name": "Reingeniería de Procesos",
      "batch_id": "31318",
      "date": "61-07",
      "initial_count": 0,
      "filtered_count": 0,
      "final_count": 0,
      "duplicate_count": 0,
      "terms": {
        "Reengineering": 0
      },
      "file_paths": {
        "base_folder": "crData/Reingeniería_de_Procesos_2318/Reingeniería_de_Procesos_61-07_31318",
        "term_results_folder": "crData/Reingeniería_de_Procesos_2318/Reingeniería_de_Procesos_61-07_31318/term_results",
        "merged": "crData/Reingeniería_de_Procesos_2318/Reingeniería_de_Procesos_61-07_31318/merged_results.json",
        "filtered": "crData/Reingeniería_de_Procesos_2318/Reingeniería_de_Procesos_61-07_31318/filtered_results.json",
        "final": "crData/Reingeniería_de_Procesos_2318/Reingeniería_de_Procesos_61-07_31318/final_results.json",
        "statistics": "crData/Reingeniería_de_Procesos_2318/Reingeniería_de_Procesos_61-07_31318/statistics_results.json"
      },
      "processing_time": 0.9514591693878174,
      "total_crossref": 16660,
      "crossref_percentage": 0.0
    },
    "61-08": {
      "tool_name": "Reingeniería de Procesos",
      "batch_id": "31343",
      "date": "61-08",
      "initial_count": 0,
      "filtered_count": 0,
      "final_count": 0,
      "duplicate_count": 0,
      "terms": {
        "Reengineering": 0
      },
      "file_paths": {
        "base_folder": "crData/Reingeniería_de_Procesos_2318/Reingeniería_de_Procesos_61-08_31343",
        "term_results_folder": "crData/Reingeniería_de_Procesos_2318/Reingeniería_de_Procesos_61-08_31343/term_results",
        "merged": "crData/Reingeniería_de_Procesos_2318/Reingeniería_de_Procesos_61-08_31343/merged_results.json",
        "filtered": "crData/Reingeniería_de_Procesos_2318/Reingeniería_de_Procesos_61-08_31343/filtered_results.json",
        "final": "crData/Reingeniería_de_Procesos_2318/Reingeniería_de_Procesos_61-08_31343/final_results.json",
        "statistics": "crData/Reingeniería_de_Procesos_2318/Reingeniería_de_Procesos_61-08_31343/statistics_results.json"
      },
      "processing_time": 0.8626818656921387,
      "total_crossref": 12762,
      "crossref_percentage": 0.0
    },
    "61-09": {
      "tool_name": "Reingeniería de Procesos",
      "batch_id": "31367",
      "date": "61-09",
      "initial_count": 0,
      "filtered_count": 0,
      "final_count": 0,
      "duplicate_count": 0,
      "terms": {
        "Reengineering": 0
      },
      "file_paths": {
        "base_folder": "crData/Reingeniería_de_Procesos_2318/Reingeniería_de_Procesos_61-09_31367",
        "term_results_folder": "crData/Reingeniería_de_Procesos_2318/Reingeniería_de_Procesos_61-09_31367/term_results",
        "merged": "crData/Reingeniería_de_Procesos_2318/Reingeniería_de_Procesos_61-09_31367/merged_results.json",
        "filtered": "crData/Reingeniería_de_Procesos_2318/Reingeniería_de_Procesos_61-09_31367/filtered_results.json",
        "final": "crData/Reingeniería_de_Procesos_2318/Reingeniería_de_Procesos_61-09_31367/final_results.json",
        "statistics": "crData/Reingeniería_de_Procesos_2318/Reingeniería_de_Procesos_61-09_31367/statistics_results.json"
      },
      "processing_time": 1.0031311511993408,
      "total_crossref": 17549,
      "crossref_percentage": 0.0
    },
    "61-10": {
      "tool_name": "Reingeniería de Procesos",
      "batch_id": "31392",
      "date": "61-10",
      "initial_count": 0,
      "filtered_count": 0,
      "final_count": 0,
      "duplicate_count": 0,
      "terms": {
        "Reengineering": 0
      },
      "file_paths": {
        "base_folder": "crData/Reingeniería_de_Procesos_2318/Reingeniería_de_Procesos_61-10_31392",
        "term_results_folder": "crData/Reingeniería_de_Procesos_2318/Reingeniería_de_Procesos_61-10_31392/term_results",
        "merged": "crData/Reingeniería_de_Procesos_2318/Reingeniería_de_Procesos_61-10_31392/merged_results.json",
        "filtered": "crData/Reingeniería_de_Procesos_2318/Reingeniería_de_Procesos_61-10_31392/filtered_results.json",
        "final": "crData/Reingeniería_de_Procesos_2318/Reingeniería_de_Procesos_61-10_31392/final_results.json",
        "statistics": "crData/Reingeniería_de_Procesos_2318/Reingeniería_de_Procesos_61-10_31392/statistics_results.json"
      },
      "processing_time": 1.1106059551239014,
      "total_crossref": 16506,
      "crossref_percentage": 0.0
    },
    "61-11": {
      "tool_name": "Reingeniería de Procesos",
      "batch_id": "31418",
      "date": "61-11",
      "initial_count": 0,
      "filtered_count": 0,
      "final_count": 0,
      "duplicate_count": 0,
      "terms": {
        "Reengineering": 0
      },
      "file_paths": {
        "base_folder": "crData/Reingeniería_de_Procesos_2318/Reingeniería_de_Procesos_61-11_31418",
        "term_results_folder": "crData/Reingeniería_de_Procesos_2318/Reingeniería_de_Procesos_61-11_31418/term_results",
        "merged": "crData/Reingeniería_de_Procesos_2318/Reingeniería_de_Procesos_61-11_31418/merged_results.json",
        "filtered": "crData/Reingeniería_de_Procesos_2318/Reingeniería_de_Procesos_61-11_31418/filtered_results.json",
        "final": "crData/Reingeniería_de_Procesos_2318/Reingeniería_de_Procesos_61-11_31418/final_results.json",
        "statistics": "crData/Reingeniería_de_Procesos_2318/Reingeniería_de_Procesos_61-11_31418/statistics_results.json"
      },
      "processing_time": 0.8851141929626465,
      "total_crossref": 15980,
      "crossref_percentage": 0.0
    },
    "61-12": {
      "tool_name": "Reingeniería de Procesos",
      "batch_id": "31442",
      "date": "61-12",
      "initial_count": 0,
      "filtered_count": 0,
      "final_count": 0,
      "duplicate_count": 0,
      "terms": {
        "Reengineering": 0
      },
      "file_paths": {
        "base_folder": "crData/Reingeniería_de_Procesos_2318/Reingeniería_de_Procesos_61-12_31442",
        "term_results_folder": "crData/Reingeniería_de_Procesos_2318/Reingeniería_de_Procesos_61-12_31442/term_results",
        "merged": "crData/Reingeniería_de_Procesos_2318/Reingeniería_de_Procesos_61-12_31442/merged_results.json",
        "filtered": "crData/Reingeniería_de_Procesos_2318/Reingeniería_de_Procesos_61-12_31442/filtered_results.json",
        "final": "crData/Reingeniería_de_Procesos_2318/Reingeniería_de_Procesos_61-12_31442/final_results.json",
        "statistics": "crData/Reingeniería_de_Procesos_2318/Reingeniería_de_Procesos_61-12_31442/statistics_results.json"
      },
      "processing_time": 0.9206380844116211,
      "total_crossref": 32227,
      "crossref_percentage": 0.0
    }
  },
  "total_duplicates": 0,
  "monthly_files": {
    "61-01": {
      "base_folder": "crData/Reingeniería_de_Procesos_2318/Reingeniería_de_Procesos_61-01_31165",
      "term_results_folder": "crData/Reingeniería_de_Procesos_2318/Reingeniería_de_Procesos_61-01_31165/term_results",
      "merged": "crData/Reingeniería_de_Procesos_2318/Reingeniería_de_Procesos_61-01_31165/merged_results.json",
      "filtered": "crData/Reingeniería_de_Procesos_2318/Reingeniería_de_Procesos_61-01_31165/filtered_results.json",
      "final": "crData/Reingeniería_de_Procesos_2318/Reingeniería_de_Procesos_61-01_31165/final_results.json",
      "statistics": "crData/Reingeniería_de_Procesos_2318/Reingeniería_de_Procesos_61-01_31165/statistics_results.json"
    },
    "61-02": {
      "base_folder": "crData/Reingeniería_de_Procesos_2318/Reingeniería_de_Procesos_61-02_31189",
      "term_results_folder": "crData/Reingeniería_de_Procesos_2318/Reingeniería_de_Procesos_61-02_31189/term_results",
      "merged": "crData/Reingeniería_de_Procesos_2318/Reingeniería_de_Procesos_61-02_31189/merged_results.json",
      "filtered": "crData/Reingeniería_de_Procesos_2318/Reingeniería_de_Procesos_61-02_31189/filtered_results.json",
      "final": "crData/Reingeniería_de_Procesos_2318/Reingeniería_de_Procesos_61-02_31189/final_results.json",
      "statistics": "crData/Reingeniería_de_Procesos_2318/Reingeniería_de_Procesos_61-02_31189/statistics_results.json"
    },
    "61-03": {
      "base_folder": "crData/Reingeniería_de_Procesos_2318/Reingeniería_de_Procesos_61-03_31214",
      "term_results_folder": "crData/Reingeniería_de_Procesos_2318/Reingeniería_de_Procesos_61-03_31214/term_results",
      "merged": "crData/Reingeniería_de_Procesos_2318/Reingeniería_de_Procesos_61-03_31214/merged_results.json",
      "filtered": "crData/Reingeniería_de_Procesos_2318/Reingeniería_de_Procesos_61-03_31214/filtered_results.json",
      "final": "crData/Reingeniería_de_Procesos_2318/Reingeniería_de_Procesos_61-03_31214/final_results.json",
      "statistics": "crData/Reingeniería_de_Procesos_2318/Reingeniería_de_Procesos_61-03_31214/statistics_results.json"
    },
    "61-04": {
      "base_folder": "crData/Reingeniería_de_Procesos_2318/Reingeniería_de_Procesos_61-04_31238",
      "term_results_folder": "crData/Reingeniería_de_Procesos_2318/Reingeniería_de_Procesos_61-04_31238/term_results",
      "merged": "crData/Reingeniería_de_Procesos_2318/Reingeniería_de_Procesos_61-04_31238/merged_results.json",
      "filtered": "crData/Reingeniería_de_Procesos_2318/Reingeniería_de_Procesos_61-04_31238/filtered_results.json",
      "final": "crData/Reingeniería_de_Procesos_2318/Reingeniería_de_Procesos_61-04_31238/final_results.json",
      "statistics": "crData/Reingeniería_de_Procesos_2318/Reingeniería_de_Procesos_61-04_31238/statistics_results.json"
    },
    "61-05": {
      "base_folder": "crData/Reingeniería_de_Procesos_2318/Reingeniería_de_Procesos_61-05_31266",
      "term_results_folder": "crData/Reingeniería_de_Procesos_2318/Reingeniería_de_Procesos_61-05_31266/term_results",
      "merged": "crData/Reingeniería_de_Procesos_2318/Reingeniería_de_Procesos_61-05_31266/merged_results.json",
      "filtered": "crData/Reingeniería_de_Procesos_2318/Reingeniería_de_Procesos_61-05_31266/filtered_results.json",
      "final": "crData/Reingeniería_de_Procesos_2318/Reingeniería_de_Procesos_61-05_31266/final_results.json",
      "statistics": "crData/Reingeniería_de_Procesos_2318/Reingeniería_de_Procesos_61-05_31266/statistics_results.json"
    },
    "61-06": {
      "base_folder": "crData/Reingeniería_de_Procesos_2318/Reingeniería_de_Procesos_61-06_31292",
      "term_results_folder": "crData/Reingeniería_de_Procesos_2318/Reingeniería_de_Procesos_61-06_31292/term_results",
      "merged": "crData/Reingeniería_de_Procesos_2318/Reingeniería_de_Procesos_61-06_31292/merged_results.json",
      "filtered": "crData/Reingeniería_de_Procesos_2318/Reingeniería_de_Procesos_61-06_31292/filtered_results.json",
      "final": "crData/Reingeniería_de_Procesos_2318/Reingeniería_de_Procesos_61-06_31292/final_results.json",
      "statistics": "crData/Reingeniería_de_Procesos_2318/Reingeniería_de_Procesos_61-06_31292/statistics_results.json"
    },
    "61-07": {
      "base_folder": "crData/Reingeniería_de_Procesos_2318/Reingeniería_de_Procesos_61-07_31318",
      "term_results_folder": "crData/Reingeniería_de_Procesos_2318/Reingeniería_de_Procesos_61-07_31318/term_results",
      "merged": "crData/Reingeniería_de_Procesos_2318/Reingeniería_de_Procesos_61-07_31318/merged_results.json",
      "filtered": "crData/Reingeniería_de_Procesos_2318/Reingeniería_de_Procesos_61-07_31318/filtered_results.json",
      "final": "crData/Reingeniería_de_Procesos_2318/Reingeniería_de_Procesos_61-07_31318/final_results.json",
      "statistics": "crData/Reingeniería_de_Procesos_2318/Reingeniería_de_Procesos_61-07_31318/statistics_results.json"
    },
    "61-08": {
      "base_folder": "crData/Reingeniería_de_Procesos_2318/Reingeniería_de_Procesos_61-08_31343",
      "term_results_folder": "crData/Reingeniería_de_Procesos_2318/Reingeniería_de_Procesos_61-08_31343/term_results",
      "merged": "crData/Reingeniería_de_Procesos_2318/Reingeniería_de_Procesos_61-08_31343/merged_results.json",
      "filtered": "crData/Reingeniería_de_Procesos_2318/Reingeniería_de_Procesos_61-08_31343/filtered_results.json",
      "final": "crData/Reingeniería_de_Procesos_2318/Reingeniería_de_Procesos_61-08_31343/final_results.json",
      "statistics": "crData/Reingeniería_de_Procesos_2318/Reingeniería_de_Procesos_61-08_31343/statistics_results.json"
    },
    "61-09": {
      "base_folder": "crData/Reingeniería_de_Procesos_2318/Reingeniería_de_Procesos_61-09_31367",
      "term_results_folder": "crData/Reingeniería_de_Procesos_2318/Reingeniería_de_Procesos_61-09_31367/term_results",
      "merged": "crData/Reingeniería_de_Procesos_2318/Reingeniería_de_Procesos_61-09_31367/merged_results.json",
      "filtered": "crData/Reingeniería_de_Procesos_2318/Reingeniería_de_Procesos_61-09_31367/filtered_results.json",
      "final": "crData/Reingeniería_de_Procesos_2318/Reingeniería_de_Procesos_61-09_31367/final_results.json",
      "statistics": "crData/Reingeniería_de_Procesos_2318/Reingeniería_de_Procesos_61-09_31367/statistics_results.json"
    },
    "61-10": {
      "base_folder": "crData/Reingeniería_de_Procesos_2318/Reingeniería_de_Procesos_61-10_31392",
      "term_results_folder": "crData/Reingeniería_de_Procesos_2318/Reingeniería_de_Procesos_61-10_31392/term_results",
      "merged": "crData/Reingeniería_de_Procesos_2318/Reingeniería_de_Procesos_61-10_31392/merged_results.json",
      "filtered": "crData/Reingeniería_de_Procesos_2318/Reingeniería_de_Procesos_61-10_31392/filtered_results.json",
      "final": "crData/Reingeniería_de_Procesos_2318/Reingeniería_de_Procesos_61-10_31392/final_results.json",
      "statistics": "crData/Reingeniería_de_Procesos_2318/Reingeniería_de_Procesos_61-10_31392/statistics_results.json"
    },
    "61-11": {
      "base_folder": "crData/Reingeniería_de_Procesos_2318/Reingeniería_de_Procesos_61-11_31418",
      "term_results_folder": "crData/Reingeniería_de_Procesos_2318/Reingeniería_de_Procesos_61-11_31418/term_results",
      "merged": "crData/Reingeniería_de_Procesos_2318/Reingeniería_de_Procesos_61-11_31418/merged_results.json",
      "filtered": "crData/Reingeniería_de_Procesos_2318/Reingeniería_de_Procesos_61-11_31418/filtered_results.json",
      "final": "crData/Reingeniería_de_Procesos_2318/Reingeniería_de_Procesos_61-11_31418/final_results.json",
      "statistics": "crData/Reingeniería_de_Procesos_2318/Reingeniería_de_Procesos_61-11_31418/statistics_results.json"
    },
    "61-12": {
      "base_folder": "crData/Reingeniería_de_Procesos_2318/Reingeniería_de_Procesos_61-12_31442",
      "term_results_folder": "crData/Reingeniería_de_Procesos_2318/Reingeniería_de_Procesos_61-12_31442/term_results",
      "merged": "crData/Reingeniería_de_Procesos_2318/Reingeniería_de_Procesos_61-12_31442/merged_results.json",
      "filtered": "crData/Reingeniería_de_Procesos_2318/Reingeniería_de_Procesos_61-12_31442/filtered_results.json",
      "final": "crData/Reingeniería_de_Procesos_2318/Reingeniería_de_Procesos_61-12_31442/final_results.json",
      "statistics": "crData/Reingeniería_de_Procesos_2318/Reingeniería_de_Procesos_61-12_31442/statistics_results.json"
    }
  }
}