{
  "tool_name": "Reingeniería de Procesos",
  "year": "1968",
  "monthly_stats": {
    "68-01": {
      "tool_name": "Reingeniería de Procesos",
      "batch_id": "35074",
      "date": "68-01",
      "initial_count": 0,
      "filtered_count": 0,
      "final_count": 0,
      "duplicate_count": 0,
      "terms": {
        "Reengineering": 0
      },
      "file_paths": {
        "base_folder": "crData/Reingeniería_de_Procesos_2318/Reingeniería_de_Procesos_68-01_35074",
        "term_results_folder": "crData/Reingeniería_de_Procesos_2318/Reingeniería_de_Procesos_68-01_35074/term_results",
        "merged": "crData/Reingeniería_de_Procesos_2318/Reingeniería_de_Procesos_68-01_35074/merged_results.json",
        "filtered": "crData/Reingeniería_de_Procesos_2318/Reingeniería_de_Procesos_68-01_35074/filtered_results.json",
        "final": "crData/Reingeniería_de_Procesos_2318/Reingeniería_de_Procesos_68-01_35074/final_results.json",
        "statistics": "crData/Reingeniería_de_Procesos_2318/Reingeniería_de_Procesos_68-01_35074/statistics_results.json"
      },
      "processing_time": 0.7022190093994141,
      "total_crossref": 138224,
      "crossref_percentage": 0.0
    },
    "68-02": {
      "tool_name": "Reingeniería de Procesos",
      "batch_id": "35096",
      "date": "68-02",
      "initial_count": 0,
      "filtered_count": 0,
      "final_count": 0,
      "duplicate_count": 0,
      "terms": {
        "Reengineering": 0
      },
      "file_paths": {
        "base_folder": "crData/Reingeniería_de_Procesos_2318/Reingeniería_de_Procesos_68-02_35096",
        "term_results_folder": "crData/Reingeniería_de_Procesos_2318/Reingeniería_de_Procesos_68-02_35096/term_results",
        "merged": "crData/Reingeniería_de_Procesos_2318/Reingeniería_de_Procesos_68-02_35096/merged_results.json",
        "filtered": "crData/Reingeniería_de_Procesos_2318/Reingeniería_de_Procesos_68-02_35096/filtered_results.json",
        "final": "crData/Reingeniería_de_Procesos_2318/Reingeniería_de_Procesos_68-02_35096/final_results.json",
        "statistics": "crData/Reingeniería_de_Procesos_2318/Reingeniería_de_Procesos_68-02_35096/statistics_results.json"
      },
      "processing_time": 0.6030628681182861,
      "total_crossref": 22147,
      "crossref_percentage": 0.0
    },
    "68-03": {
      "tool_name": "Reingeniería de Procesos",
      "batch_id": "35118",
      "date": "68-03",
      "initial_count": 0,
      "filtered_count": 0,
      "final_count": 0,
      "duplicate_count": 0,
      "terms": {
        "Reengineering": 0
      },
      "file_paths": {
        "base_folder": "crData/Reingeniería_de_Procesos_2318/Reingeniería_de_Procesos_68-03_35118",
        "term_results_folder": "crData/Reingeniería_de_Procesos_2318/Reingeniería_de_Procesos_68-03_35118/term_results",
        "merged": "crData/Reingeniería_de_Procesos_2318/Reingeniería_de_Procesos_68-03_35118/merged_results.json",
        "filtered": "crData/Reingeniería_de_Procesos_2318/Reingeniería_de_Procesos_68-03_35118/filtered_results.json",
        "final": "crData/Reingeniería_de_Procesos_2318/Reingeniería_de_Procesos_68-03_35118/final_results.json",
        "statistics": "crData/Reingeniería_de_Procesos_2318/Reingeniería_de_Procesos_68-03_35118/statistics_results.json"
      },
      "processing_time": 0.8925437927246094,
      "total_crossref": 27973,
      "crossref_percentage": 0.0
    },
    "68-04": {
      "tool_name": "Reingeniería de Procesos",
      "batch_id": "35142",
      "date": "68-04",
      "initial_count": 0,
      "filtered_count": 0,
      "final_count": 0,
      "duplicate_count": 0,
      "terms": {
        "Reengineering": 0
      },
      "file_paths": {
        "base_folder": "crData/Reingeniería_de_Procesos_2318/Reingeniería_de_Procesos_68-04_35142",
        "term_results_folder": "crData/Reingeniería_de_Procesos_2318/Reingeniería_de_Procesos_68-04_35142/term_results",
        "merged": "crData/Reingeniería_de_Procesos_2318/Reingeniería_de_Procesos_68-04_35142/merged_results.json",
        "filtered": "crData/Reingeniería_de_Procesos_2318/Reingeniería_de_Procesos_68-04_35142/filtered_results.json",
        "final": "crData/Reingeniería_de_Procesos_2318/Reingeniería_de_Procesos_68-04_35142/final_results.json",
        "statistics": "crData/Reingeniería_de_Procesos_2318/Reingeniería_de_Procesos_68-04_35142/statistics_results.json"
      },
      "processing_time": 1.2392756938934326,
      "total_crossref": 25563,
      "crossref_percentage": 0.0
    },
    "68-05": {
      "tool_name": "Reingeniería de Procesos",
      "batch_id": "35169",
      "date": "68-05",
      "initial_count": 0,
      "filtered_count": 0,
      "final_count": 0,
      "duplicate_count": 0,
      "terms": {
        "Reengineering": 0
      },
      "file_paths": {
        "base_folder": "crData/Reingeniería_de_Procesos_2318/Reingeniería_de_Procesos_68-05_35169",
        "term_results_folder": "crData/Reingeniería_de_Procesos_2318/Reingeniería_de_Procesos_68-05_35169/term_results",
        "merged": "crData/Reingeniería_de_Procesos_2318/Reingeniería_de_Procesos_68-05_35169/merged_results.json",
        "filtered": "crData/Reingeniería_de_Procesos_2318/Reingeniería_de_Procesos_68-05_35169/filtered_results.json",
        "final": "crData/Reingeniería_de_Procesos_2318/Reingeniería_de_Procesos_68-05_35169/final_results.json",
        "statistics": "crData/Reingeniería_de_Procesos_2318/Reingeniería_de_Procesos_68-05_35169/statistics_results.json"
      },
      "processing_time": 1.1397011280059814,
      "total_crossref": 23978,
      "crossref_percentage": 0.0
    },
    "68-06": {
      "tool_name": "Reingeniería de Procesos",
      "batch_id": "35196",
      "date": "68-06",
      "initial_count": 0,
      "filtered_count": 0,
      "final_count": 0,
      "duplicate_count": 0,
      "terms": {
        "Reengineering": 0
      },
      "file_paths": {
        "base_folder": "crData/Reingeniería_de_Procesos_2318/Reingeniería_de_Procesos_68-06_35196",
        "term_results_folder": "crData/Reingeniería_de_Procesos_2318/Reingeniería_de_Procesos_68-06_35196/term_results",
        "merged": "crData/Reingeniería_de_Procesos_2318/Reingeniería_de_Procesos_68-06_35196/merged_results.json",
        "filtered": "crData/Reingeniería_de_Procesos_2318/Reingeniería_de_Procesos_68-06_35196/filtered_results.json",
        "final": "crData/Reingeniería_de_Procesos_2318/Reingeniería_de_Procesos_68-06_35196/final_results.json",
        "statistics": "crData/Reingeniería_de_Procesos_2318/Reingeniería_de_Procesos_68-06_35196/statistics_results.json"
      },
      "processing_time": 0.9603769779205322,
      "total_crossref": 26739,
      "crossref_percentage": 0.0
    },
    "68-07": {
      "tool_name": "Reingeniería de Procesos",
      "batch_id": "35220",
      "date": "68-07",
      "initial_count": 0,
      "filtered_count": 0,
      "final_count": 0,
      "duplicate_count": 0,
      "terms": {
        "Reengineering": 0
      },
      "file_paths": {
        "base_folder": "crData/Reingeniería_de_Procesos_2318/Reingeniería_de_Procesos_68-07_35220",
        "term_results_folder": "crData/Reingeniería_de_Procesos_2318/Reingeniería_de_Procesos_68-07_35220/term_results",
        "merged": "crData/Reingeniería_de_Procesos_2318/Reingeniería_de_Procesos_68-07_35220/merged_results.json",
        "filtered": "crData/Reingeniería_de_Procesos_2318/Reingeniería_de_Procesos_68-07_35220/filtered_results.json",
        "final": "crData/Reingeniería_de_Procesos_2318/Reingeniería_de_Procesos_68-07_35220/final_results.json",
        "statistics": "crData/Reingeniería_de_Procesos_2318/Reingeniería_de_Procesos_68-07_35220/statistics_results.json"
      },
      "processing_time": 1.0922520160675049,
      "total_crossref": 24078,
      "crossref_percentage": 0.0
    },
    "68-08": {
      "tool_name": "Reingeniería de Procesos",
      "batch_id": "35246",
      "date": "68-08",
      "initial_count": 0,
      "filtered_count": 0,
      "final_count": 0,
      "duplicate_count": 0,
      "terms": {
        "Reengineering": 0
      },
      "file_paths": {
        "base_folder": "crData/Reingeniería_de_Procesos_2318/Reingeniería_de_Procesos_68-08_35246",
        "term_results_folder": "crData/Reingeniería_de_Procesos_2318/Reingeniería_de_Procesos_68-08_35246/term_results",
        "merged": "crData/Reingeniería_de_Procesos_2318/Reingeniería_de_Procesos_68-08_35246/merged_results.json",
        "filtered": "crData/Reingeniería_de_Procesos_2318/Reingeniería_de_Procesos_68-08_35246/filtered_results.json",
        "final": "crData/Reingeniería_de_Procesos_2318/Reingeniería_de_Procesos_68-08_35246/final_results.json",
        "statistics": "crData/Reingeniería_de_Procesos_2318/Reingeniería_de_Procesos_68-08_35246/statistics_results.json"
      },
      "processing_time": 1.0957157611846924,
      "total_crossref": 20874,
      "crossref_percentage": 0.0
    },
    "68-09": {
      "tool_name": "Reingeniería de Procesos",
      "batch_id": "35272",
      "date": "68-09",
      "initial_count": 0,
      "filtered_count": 0,
      "final_count": 0,
      "duplicate_count": 0,
      "terms": {
        "Reengineering": 0
      },
      "file_paths": {
        "base_folder": "crData/Reingeniería_de_Procesos_2318/Reingeniería_de_Procesos_68-09_35272",
        "term_results_folder": "crData/Reingeniería_de_Procesos_2318/Reingeniería_de_Procesos_68-09_35272/term_results",
        "merged": "crData/Reingeniería_de_Procesos_2318/Reingeniería_de_Procesos_68-09_35272/merged_results.json",
        "filtered": "crData/Reingeniería_de_Procesos_2318/Reingeniería_de_Procesos_68-09_35272/filtered_results.json",
        "final": "crData/Reingeniería_de_Procesos_2318/Reingeniería_de_Procesos_68-09_35272/final_results.json",
        "statistics": "crData/Reingeniería_de_Procesos_2318/Reingeniería_de_Procesos_68-09_35272/statistics_results.json"
      },
      "processing_time": 1.1607639789581299,
      "total_crossref": 26467,
      "crossref_percentage": 0.0
    },
    "68-10": {
      "tool_name": "Reingeniería de Procesos",
      "batch_id": "35299",
      "date": "68-10",
      "initial_count": 0,
      "filtered_count": 0,
      "final_count": 0,
      "duplicate_count": 0,
      "terms": {
        "Reengineering": 0
      },
      "file_paths": {
        "base_folder": "crData/Reingeniería_de_Procesos_2318/Reingeniería_de_Procesos_68-10_35299",
        "term_results_folder": "crData/Reingeniería_de_Procesos_2318/Reingeniería_de_Procesos_68-10_35299/term_results",
        "merged": "crData/Reingeniería_de_Procesos_2318/Reingeniería_de_Procesos_68-10_35299/merged_results.json",
        "filtered": "crData/Reingeniería_de_Procesos_2318/Reingeniería_de_Procesos_68-10_35299/filtered_results.json",
        "final": "crData/Reingeniería_de_Procesos_2318/Reingeniería_de_Procesos_68-10_35299/final_results.json",
        "statistics": "crData/Reingeniería_de_Procesos_2318/Reingeniería_de_Procesos_68-10_35299/statistics_results.json"
      },
      "processing_time": 1.0640361309051514,
      "total_crossref": 25925,
      "crossref_percentage": 0.0
    },
    "68-11": {
      "tool_name": "Reingeniería de Procesos",
      "batch_id": "35325",
      "date": "68-11",
      "initial_count": 0,
      "filtered_count": 0,
      "final_count": 0,
      "duplicate_count": 0,
      "terms": {
        "Reengineering": 0
      },
      "file_paths": {
        "base_folder": "crData/Reingeniería_de_Procesos_2318/Reingeniería_de_Procesos_68-11_35325",
        "term_results_folder": "crData/Reingeniería_de_Procesos_2318/Reingeniería_de_Procesos_68-11_35325/term_results",
        "merged": "crData/Reingeniería_de_Procesos_2318/Reingeniería_de_Procesos_68-11_35325/merged_results.json",
        "filtered": "crData/Reingeniería_de_Procesos_2318/Reingeniería_de_Procesos_68-11_35325/filtered_results.json",
        "final": "crData/Reingeniería_de_Procesos_2318/Reingeniería_de_Procesos_68-11_35325/final_results.json",
        "statistics": "crData/Reingeniería_de_Procesos_2318/Reingeniería_de_Procesos_68-11_35325/statistics_results.json"
      },
      "processing_time": 1.1624038219451904,
      "total_crossref": 23502,
      "crossref_percentage": 0.0
    },
    "68-12": {
      "tool_name": "Reingeniería de Procesos",
      "batch_id": "35352",
      "date": "68-12",
      "initial_count": 0,
      "filtered_count": 0,
      "final_count": 0,
      "duplicate_count": 0,
      "terms": {
        "Reengineering": 0
      },
      "file_paths": {
        "base_folder": "crData/Reingeniería_de_Procesos_2318/Reingeniería_de_Procesos_68-12_35352",
        "term_results_folder": "crData/Reingeniería_de_Procesos_2318/Reingeniería_de_Procesos_68-12_35352/term_results",
        "merged": "crData/Reingeniería_de_Procesos_2318/Reingeniería_de_Procesos_68-12_35352/merged_results.json",
        "filtered": "crData/Reingeniería_de_Procesos_2318/Reingeniería_de_Procesos_68-12_35352/filtered_results.json",
        "final": "crData/Reingeniería_de_Procesos_2318/Reingeniería_de_Procesos_68-12_35352/final_results.json",
        "statistics": "crData/Reingeniería_de_Procesos_2318/Reingeniería_de_Procesos_68-12_35352/statistics_results.json"
      },
      "processing_time": 0.7174999713897705,
      "total_crossref": 47810,
      "crossref_percentage": 0.0
    }
  },
  "total_duplicates": 0,
  "monthly_files": {
    "68-01": {
      "base_folder": "crData/Reingeniería_de_Procesos_2318/Reingeniería_de_Procesos_68-01_35074",
      "term_results_folder": "crData/Reingeniería_de_Procesos_2318/Reingeniería_de_Procesos_68-01_35074/term_results",
      "merged": "crData/Reingeniería_de_Procesos_2318/Reingeniería_de_Procesos_68-01_35074/merged_results.json",
      "filtered": "crData/Reingeniería_de_Procesos_2318/Reingeniería_de_Procesos_68-01_35074/filtered_results.json",
      "final": "crData/Reingeniería_de_Procesos_2318/Reingeniería_de_Procesos_68-01_35074/final_results.json",
      "statistics": "crData/Reingeniería_de_Procesos_2318/Reingeniería_de_Procesos_68-01_35074/statistics_results.json"
    },
    "68-02": {
      "base_folder": "crData/Reingeniería_de_Procesos_2318/Reingeniería_de_Procesos_68-02_35096",
      "term_results_folder": "crData/Reingeniería_de_Procesos_2318/Reingeniería_de_Procesos_68-02_35096/term_results",
      "merged": "crData/Reingeniería_de_Procesos_2318/Reingeniería_de_Procesos_68-02_35096/merged_results.json",
      "filtered": "crData/Reingeniería_de_Procesos_2318/Reingeniería_de_Procesos_68-02_35096/filtered_results.json",
      "final": "crData/Reingeniería_de_Procesos_2318/Reingeniería_de_Procesos_68-02_35096/final_results.json",
      "statistics": "crData/Reingeniería_de_Procesos_2318/Reingeniería_de_Procesos_68-02_35096/statistics_results.json"
    },
    "68-03": {
      "base_folder": "crData/Reingeniería_de_Procesos_2318/Reingeniería_de_Procesos_68-03_35118",
      "term_results_folder": "crData/Reingeniería_de_Procesos_2318/Reingeniería_de_Procesos_68-03_35118/term_results",
      "merged": "crData/Reingeniería_de_Procesos_2318/Reingeniería_de_Procesos_68-03_35118/merged_results.json",
      "filtered": "crData/Reingeniería_de_Procesos_2318/Reingeniería_de_Procesos_68-03_35118/filtered_results.json",
      "final": "crData/Reingeniería_de_Procesos_2318/Reingeniería_de_Procesos_68-03_35118/final_results.json",
      "statistics": "crData/Reingeniería_de_Procesos_2318/Reingeniería_de_Procesos_68-03_35118/statistics_results.json"
    },
    "68-04": {
      "base_folder": "crData/Reingeniería_de_Procesos_2318/Reingeniería_de_Procesos_68-04_35142",
      "term_results_folder": "crData/Reingeniería_de_Procesos_2318/Reingeniería_de_Procesos_68-04_35142/term_results",
      "merged": "crData/Reingeniería_de_Procesos_2318/Reingeniería_de_Procesos_68-04_35142/merged_results.json",
      "filtered": "crData/Reingeniería_de_Procesos_2318/Reingeniería_de_Procesos_68-04_35142/filtered_results.json",
      "final": "crData/Reingeniería_de_Procesos_2318/Reingeniería_de_Procesos_68-04_35142/final_results.json",
      "statistics": "crData/Reingeniería_de_Procesos_2318/Reingeniería_de_Procesos_68-04_35142/statistics_results.json"
    },
    "68-05": {
      "base_folder": "crData/Reingeniería_de_Procesos_2318/Reingeniería_de_Procesos_68-05_35169",
      "term_results_folder": "crData/Reingeniería_de_Procesos_2318/Reingeniería_de_Procesos_68-05_35169/term_results",
      "merged": "crData/Reingeniería_de_Procesos_2318/Reingeniería_de_Procesos_68-05_35169/merged_results.json",
      "filtered": "crData/Reingeniería_de_Procesos_2318/Reingeniería_de_Procesos_68-05_35169/filtered_results.json",
      "final": "crData/Reingeniería_de_Procesos_2318/Reingeniería_de_Procesos_68-05_35169/final_results.json",
      "statistics": "crData/Reingeniería_de_Procesos_2318/Reingeniería_de_Procesos_68-05_35169/statistics_results.json"
    },
    "68-06": {
      "base_folder": "crData/Reingeniería_de_Procesos_2318/Reingeniería_de_Procesos_68-06_35196",
      "term_results_folder": "crData/Reingeniería_de_Procesos_2318/Reingeniería_de_Procesos_68-06_35196/term_results",
      "merged": "crData/Reingeniería_de_Procesos_2318/Reingeniería_de_Procesos_68-06_35196/merged_results.json",
      "filtered": "crData/Reingeniería_de_Procesos_2318/Reingeniería_de_Procesos_68-06_35196/filtered_results.json",
      "final": "crData/Reingeniería_de_Procesos_2318/Reingeniería_de_Procesos_68-06_35196/final_results.json",
      "statistics": "crData/Reingeniería_de_Procesos_2318/Reingeniería_de_Procesos_68-06_35196/statistics_results.json"
    },
    "68-07": {
      "base_folder": "crData/Reingeniería_de_Procesos_2318/Reingeniería_de_Procesos_68-07_35220",
      "term_results_folder": "crData/Reingeniería_de_Procesos_2318/Reingeniería_de_Procesos_68-07_35220/term_results",
      "merged": "crData/Reingeniería_de_Procesos_2318/Reingeniería_de_Procesos_68-07_35220/merged_results.json",
      "filtered": "crData/Reingeniería_de_Procesos_2318/Reingeniería_de_Procesos_68-07_35220/filtered_results.json",
      "final": "crData/Reingeniería_de_Procesos_2318/Reingeniería_de_Procesos_68-07_35220/final_results.json",
      "statistics": "crData/Reingeniería_de_Procesos_2318/Reingeniería_de_Procesos_68-07_35220/statistics_results.json"
    },
    "68-08": {
      "base_folder": "crData/Reingeniería_de_Procesos_2318/Reingeniería_de_Procesos_68-08_35246",
      "term_results_folder": "crData/Reingeniería_de_Procesos_2318/Reingeniería_de_Procesos_68-08_35246/term_results",
      "merged": "crData/Reingeniería_de_Procesos_2318/Reingeniería_de_Procesos_68-08_35246/merged_results.json",
      "filtered": "crData/Reingeniería_de_Procesos_2318/Reingeniería_de_Procesos_68-08_35246/filtered_results.json",
      "final": "crData/Reingeniería_de_Procesos_2318/Reingeniería_de_Procesos_68-08_35246/final_results.json",
      "statistics": "crData/Reingeniería_de_Procesos_2318/Reingeniería_de_Procesos_68-08_35246/statistics_results.json"
    },
    "68-09": {
      "base_folder": "crData/Reingeniería_de_Procesos_2318/Reingeniería_de_Procesos_68-09_35272",
      "term_results_folder": "crData/Reingeniería_de_Procesos_2318/Reingeniería_de_Procesos_68-09_35272/term_results",
      "merged": "crData/Reingeniería_de_Procesos_2318/Reingeniería_de_Procesos_68-09_35272/merged_results.json",
      "filtered": "crData/Reingeniería_de_Procesos_2318/Reingeniería_de_Procesos_68-09_35272/filtered_results.json",
      "final": "crData/Reingeniería_de_Procesos_2318/Reingeniería_de_Procesos_68-09_35272/final_results.json",
      "statistics": "crData/Reingeniería_de_Procesos_2318/Reingeniería_de_Procesos_68-09_35272/statistics_results.json"
    },
    "68-10": {
      "base_folder": "crData/Reingeniería_de_Procesos_2318/Reingeniería_de_Procesos_68-10_35299",
      "term_results_folder": "crData/Reingeniería_de_Procesos_2318/Reingeniería_de_Procesos_68-10_35299/term_results",
      "merged": "crData/Reingeniería_de_Procesos_2318/Reingeniería_de_Procesos_68-10_35299/merged_results.json",
      "filtered": "crData/Reingeniería_de_Procesos_2318/Reingeniería_de_Procesos_68-10_35299/filtered_results.json",
      "final": "crData/Reingeniería_de_Procesos_2318/Reingeniería_de_Procesos_68-10_35299/final_results.json",
      "statistics": "crData/Reingeniería_de_Procesos_2318/Reingeniería_de_Procesos_68-10_35299/statistics_results.json"
    },
    "68-11": {
      "base_folder": "crData/Reingeniería_de_Procesos_2318/Reingeniería_de_Procesos_68-11_35325",
      "term_results_folder": "crData/Reingeniería_de_Procesos_2318/Reingeniería_de_Procesos_68-11_35325/term_results",
      "merged": "crData/Reingeniería_de_Procesos_2318/Reingeniería_de_Procesos_68-11_35325/merged_results.json",
      "filtered": "crData/Reingeniería_de_Procesos_2318/Reingeniería_de_Procesos_68-11_35325/filtered_results.json",
      "final": "crData/Reingeniería_de_Procesos_2318/Reingeniería_de_Procesos_68-11_35325/final_results.json",
      "statistics": "crData/Reingeniería_de_Procesos_2318/Reingeniería_de_Procesos_68-11_35325/statistics_results.json"
    },
    "68-12": {
      "base_folder": "crData/Reingeniería_de_Procesos_2318/Reingeniería_de_Procesos_68-12_35352",
      "term_results_folder": "crData/Reingeniería_de_Procesos_2318/Reingeniería_de_Procesos_68-12_35352/term_results",
      "merged": "crData/Reingeniería_de_Procesos_2318/Reingeniería_de_Procesos_68-12_35352/merged_results.json",
      "filtered": "crData/Reingeniería_de_Procesos_2318/Reingeniería_de_Procesos_68-12_35352/filtered_results.json",
      "final": "crData/Reingeniería_de_Procesos_2318/Reingeniería_de_Procesos_68-12_35352/final_results.json",
      "statistics": "crData/Reingeniería_de_Procesos_2318/Reingeniería_de_Procesos_68-12_35352/statistics_results.json"
    }
  }
}