{
  "tool_name": "Segmentación de Clientes",
  "year": "1991",
  "monthly_stats": {
    "91-01": {
      "tool_name": "Segmentación de Clientes",
      "batch_id": "26506",
      "date": "91-01",
      "initial_count": 109,
      "filtered_count": 6,
      "final_count": 6,
      "duplicate_count": 0,
      "terms": {
        "Segmentation": 109
      },
      "file_paths": {
        "base_folder": "crData/Segmentación_de_Clientes_8135/Segmentación_de_Clientes_91-01_26506",
        "term_results_folder": "crData/Segmentación_de_Clientes_8135/Segmentación_de_Clientes_91-01_26506/term_results",
        "merged": "crData/Segmentación_de_Clientes_8135/Segmentación_de_Clientes_91-01_26506/merged_results.json",
        "filtered": "crData/Segmentación_de_Clientes_8135/Segmentación_de_Clientes_91-01_26506/filtered_results.json",
        "final": "crData/Segmentación_de_Clientes_8135/Segmentación_de_Clientes_91-01_26506/final_results.json",
        "statistics": "crData/Segmentación_de_Clientes_8135/Segmentación_de_Clientes_91-01_26506/statistics_results.json"
      },
      "processing_time": 3.6136929988861084,
      "total_crossref": 437078,
      "crossref_percentage": 0.0013727526894513108
    },
    "91-02": {
      "tool_name": "Segmentación de Clientes",
      "batch_id": "26558",
      "date": "91-02",
      "initial_count": 21,
      "filtered_count": 0,
      "final_count": 0,
      "duplicate_count": 0,
      "terms": {
        "Segmentation": 21
      },
      "file_paths": {
        "base_folder": "crData/Segmentación_de_Clientes_8135/Segmentación_de_Clientes_91-02_26558",
        "term_results_folder": "crData/Segmentación_de_Clientes_8135/Segmentación_de_Clientes_91-02_26558/term_results",
        "merged": "crData/Segmentación_de_Clientes_8135/Segmentación_de_Clientes_91-02_26558/merged_results.json",
        "filtered": "crData/Segmentación_de_Clientes_8135/Segmentación_de_Clientes_91-02_26558/filtered_results.json",
        "final": "crData/Segmentación_de_Clientes_8135/Segmentación_de_Clientes_91-02_26558/final_results.json",
        "statistics": "crData/Segmentación_de_Clientes_8135/Segmentación_de_Clientes_91-02_26558/statistics_results.json"
      },
      "processing_time": 1.9361231327056885,
      "total_crossref": 58617,
      "crossref_percentage": 0.0
    },
    "91-03": {
      "tool_name": "Segmentación de Clientes",
      "batch_id": "26592",
      "date": "91-03",
      "initial_count": 17,
      "filtered_count": 1,
      "final_count": 1,
      "duplicate_count": 0,
      "terms": {
        "Segmentation": 17
      },
      "file_paths": {
        "base_folder": "crData/Segmentación_de_Clientes_8135/Segmentación_de_Clientes_91-03_26592",
        "term_results_folder": "crData/Segmentación_de_Clientes_8135/Segmentación_de_Clientes_91-03_26592/term_results",
        "merged": "crData/Segmentación_de_Clientes_8135/Segmentación_de_Clientes_91-03_26592/merged_results.json",
        "filtered": "crData/Segmentación_de_Clientes_8135/Segmentación_de_Clientes_91-03_26592/filtered_results.json",
        "final": "crData/Segmentación_de_Clientes_8135/Segmentación_de_Clientes_91-03_26592/final_results.json",
        "statistics": "crData/Segmentación_de_Clientes_8135/Segmentación_de_Clientes_91-03_26592/statistics_results.json"
      },
      "processing_time": 3.1955349445343018,
      "total_crossref": 73866,
      "crossref_percentage": 0.001353802832155525
    },
    "91-04": {
      "tool_name": "Segmentación de Clientes",
      "batch_id": "27039",
      "date": "91-04",
      "initial_count": 15,
      "filtered_count": 1,
      "final_count": 1,
      "duplicate_count": 0,
      "terms": {
        "Segmentation": 15
      },
      "file_paths": {
        "base_folder": "crData/Segmentación_de_Clientes_8135/Segmentación_de_Clientes_91-04_27039",
        "term_results_folder": "crData/Segmentación_de_Clientes_8135/Segmentación_de_Clientes_91-04_27039/term_results",
        "merged": "crData/Segmentación_de_Clientes_8135/Segmentación_de_Clientes_91-04_27039/merged_results.json",
        "filtered": "crData/Segmentación_de_Clientes_8135/Segmentación_de_Clientes_91-04_27039/filtered_results.json",
        "final": "crData/Segmentación_de_Clientes_8135/Segmentación_de_Clientes_91-04_27039/final_results.json",
        "statistics": "crData/Segmentación_de_Clientes_8135/Segmentación_de_Clientes_91-04_27039/statistics_results.json"
      },
      "processing_time": 3.449079990386963,
      "total_crossref": 67953,
      "crossref_percentage": 0.001471605374302827
    },
    "91-05": {
      "tool_name": "Segmentación de Clientes",
      "batch_id": "27089",
      "date": "91-05",
      "initial_count": 9,
      "filtered_count": 1,
      "final_count": 1,
      "duplicate_count": 0,
      "terms": {
        "Segmentation": 9
      },
      "file_paths": {
        "base_folder": "crData/Segmentación_de_Clientes_8135/Segmentación_de_Clientes_91-05_27089",
        "term_results_folder": "crData/Segmentación_de_Clientes_8135/Segmentación_de_Clientes_91-05_27089/term_results",
        "merged": "crData/Segmentación_de_Clientes_8135/Segmentación_de_Clientes_91-05_27089/merged_results.json",
        "filtered": "crData/Segmentación_de_Clientes_8135/Segmentación_de_Clientes_91-05_27089/filtered_results.json",
        "final": "crData/Segmentación_de_Clientes_8135/Segmentación_de_Clientes_91-05_27089/final_results.json",
        "statistics": "crData/Segmentación_de_Clientes_8135/Segmentación_de_Clientes_91-05_27089/statistics_results.json"
      },
      "processing_time": 3.333930015563965,
      "total_crossref": 63473,
      "crossref_percentage": 0.0015754730357789928
    },
    "91-06": {
      "tool_name": "Segmentación de Clientes",
      "batch_id": "27137",
      "date": "91-06",
      "initial_count": 20,
      "filtered_count": 0,
      "final_count": 0,
      "duplicate_count": 0,
      "terms": {
        "Segmentation": 20
      },
      "file_paths": {
        "base_folder": "crData/Segmentación_de_Clientes_8135/Segmentación_de_Clientes_91-06_27137",
        "term_results_folder": "crData/Segmentación_de_Clientes_8135/Segmentación_de_Clientes_91-06_27137/term_results",
        "merged": "crData/Segmentación_de_Clientes_8135/Segmentación_de_Clientes_91-06_27137/merged_results.json",
        "filtered": "crData/Segmentación_de_Clientes_8135/Segmentación_de_Clientes_91-06_27137/filtered_results.json",
        "final": "crData/Segmentación_de_Clientes_8135/Segmentación_de_Clientes_91-06_27137/final_results.json",
        "statistics": "crData/Segmentación_de_Clientes_8135/Segmentación_de_Clientes_91-06_27137/statistics_results.json"
      },
      "processing_time": 1.5041961669921875,
      "total_crossref": 71812,
      "crossref_percentage": 0.0
    },
    "91-07": {
      "tool_name": "Segmentación de Clientes",
      "batch_id": "27167",
      "date": "91-07",
      "initial_count": 18,
      "filtered_count": 1,
      "final_count": 1,
      "duplicate_count": 0,
      "terms": {
        "Segmentation": 18
      },
      "file_paths": {
        "base_folder": "crData/Segmentación_de_Clientes_8135/Segmentación_de_Clientes_91-07_27167",
        "term_results_folder": "crData/Segmentación_de_Clientes_8135/Segmentación_de_Clientes_91-07_27167/term_results",
        "merged": "crData/Segmentación_de_Clientes_8135/Segmentación_de_Clientes_91-07_27167/merged_results.json",
        "filtered": "crData/Segmentación_de_Clientes_8135/Segmentación_de_Clientes_91-07_27167/filtered_results.json",
        "final": "crData/Segmentación_de_Clientes_8135/Segmentación_de_Clientes_91-07_27167/final_results.json",
        "statistics": "crData/Segmentación_de_Clientes_8135/Segmentación_de_Clientes_91-07_27167/statistics_results.json"
      },
      "processing_time": 2.1733810901641846,
      "total_crossref": 68185,
      "crossref_percentage": 0.0014665982254161473
    },
    "91-08": {
      "tool_name": "Segmentación de Clientes",
      "batch_id": "27204",
      "date": "91-08",
      "initial_count": 13,
      "filtered_count": 0,
      "final_count": 0,
      "duplicate_count": 0,
      "terms": {
        "Segmentation": 13
      },
      "file_paths": {
        "base_folder": "crData/Segmentación_de_Clientes_8135/Segmentación_de_Clientes_91-08_27204",
        "term_results_folder": "crData/Segmentación_de_Clientes_8135/Segmentación_de_Clientes_91-08_27204/term_results",
        "merged": "crData/Segmentación_de_Clientes_8135/Segmentación_de_Clientes_91-08_27204/merged_results.json",
        "filtered": "crData/Segmentación_de_Clientes_8135/Segmentación_de_Clientes_91-08_27204/filtered_results.json",
        "final": "crData/Segmentación_de_Clientes_8135/Segmentación_de_Clientes_91-08_27204/final_results.json",
        "statistics": "crData/Segmentación_de_Clientes_8135/Segmentación_de_Clientes_91-08_27204/statistics_results.json"
      },
      "processing_time": 1.7671358585357666,
      "total_crossref": 56951,
      "crossref_percentage": 0.0
    },
    "91-09": {
      "tool_name": "Segmentación de Clientes",
      "batch_id": "27237",
      "date": "91-09",
      "initial_count": 24,
      "filtered_count": 3,
      "final_count": 3,
      "duplicate_count": 0,
      "terms": {
        "Segmentation": 24
      },
      "file_paths": {
        "base_folder": "crData/Segmentación_de_Clientes_8135/Segmentación_de_Clientes_91-09_27237",
        "term_results_folder": "crData/Segmentación_de_Clientes_8135/Segmentación_de_Clientes_91-09_27237/term_results",
        "merged": "crData/Segmentación_de_Clientes_8135/Segmentación_de_Clientes_91-09_27237/merged_results.json",
        "filtered": "crData/Segmentación_de_Clientes_8135/Segmentación_de_Clientes_91-09_27237/filtered_results.json",
        "final": "crData/Segmentación_de_Clientes_8135/Segmentación_de_Clientes_91-09_27237/final_results.json",
        "statistics": "crData/Segmentación_de_Clientes_8135/Segmentación_de_Clientes_91-09_27237/statistics_results.json"
      },
      "processing_time": 1.6996879577636719,
      "total_crossref": 75554,
      "crossref_percentage": 0.003970669984382031
    },
    "91-10": {
      "tool_name": "Segmentación de Clientes",
      "batch_id": "27269",
      "date": "91-10",
      "initial_count": 11,
      "filtered_count": 1,
      "final_count": 1,
      "duplicate_count": 0,
      "terms": {
        "Segmentation": 11
      },
      "file_paths": {
        "base_folder": "crData/Segmentación_de_Clientes_8135/Segmentación_de_Clientes_91-10_27269",
        "term_results_folder": "crData/Segmentación_de_Clientes_8135/Segmentación_de_Clientes_91-10_27269/term_results",
        "merged": "crData/Segmentación_de_Clientes_8135/Segmentación_de_Clientes_91-10_27269/merged_results.json",
        "filtered": "crData/Segmentación_de_Clientes_8135/Segmentación_de_Clientes_91-10_27269/filtered_results.json",
        "final": "crData/Segmentación_de_Clientes_8135/Segmentación_de_Clientes_91-10_27269/final_results.json",
        "statistics": "crData/Segmentación_de_Clientes_8135/Segmentación_de_Clientes_91-10_27269/statistics_results.json"
      },
      "processing_time": 1.5074241161346436,
      "total_crossref": 68726,
      "crossref_percentage": 0.0014550534004597968
    },
    "91-11": {
      "tool_name": "Segmentación de Clientes",
      "batch_id": "27299",
      "date": "91-11",
      "initial_count": 15,
      "filtered_count": 2,
      "final_count": 2,
      "duplicate_count": 0,
      "terms": {
        "Segmentation": 15
      },
      "file_paths": {
        "base_folder": "crData/Segmentación_de_Clientes_8135/Segmentación_de_Clientes_91-11_27299",
        "term_results_folder": "crData/Segmentación_de_Clientes_8135/Segmentación_de_Clientes_91-11_27299/term_results",
        "merged": "crData/Segmentación_de_Clientes_8135/Segmentación_de_Clientes_91-11_27299/merged_results.json",
        "filtered": "crData/Segmentación_de_Clientes_8135/Segmentación_de_Clientes_91-11_27299/filtered_results.json",
        "final": "crData/Segmentación_de_Clientes_8135/Segmentación_de_Clientes_91-11_27299/final_results.json",
        "statistics": "crData/Segmentación_de_Clientes_8135/Segmentación_de_Clientes_91-11_27299/statistics_results.json"
      },
      "processing_time": 1.8845860958099365,
      "total_crossref": 61985,
      "crossref_percentage": 0.003226587077518755
    },
    "91-12": {
      "tool_name": "Segmentación de Clientes",
      "batch_id": "27333",
      "date": "91-12",
      "initial_count": 11,
      "filtered_count": 1,
      "final_count": 1,
      "duplicate_count": 0,
      "terms": {
        "Segmentation": 11
      },
      "file_paths": {
        "base_folder": "crData/Segmentación_de_Clientes_8135/Segmentación_de_Clientes_91-12_27333",
        "term_results_folder": "crData/Segmentación_de_Clientes_8135/Segmentación_de_Clientes_91-12_27333/term_results",
        "merged": "crData/Segmentación_de_Clientes_8135/Segmentación_de_Clientes_91-12_27333/merged_results.json",
        "filtered": "crData/Segmentación_de_Clientes_8135/Segmentación_de_Clientes_91-12_27333/filtered_results.json",
        "final": "crData/Segmentación_de_Clientes_8135/Segmentación_de_Clientes_91-12_27333/final_results.json",
        "statistics": "crData/Segmentación_de_Clientes_8135/Segmentación_de_Clientes_91-12_27333/statistics_results.json"
      },
      "processing_time": 2.4754998683929443,
      "total_crossref": 99309,
      "crossref_percentage": 0.0010069580803351156
    }
  },
  "total_duplicates": 0,
  "monthly_files": {
    "91-01": {
      "base_folder": "crData/Segmentación_de_Clientes_8135/Segmentación_de_Clientes_91-01_26506",
      "term_results_folder": "crData/Segmentación_de_Clientes_8135/Segmentación_de_Clientes_91-01_26506/term_results",
      "merged": "crData/Segmentación_de_Clientes_8135/Segmentación_de_Clientes_91-01_26506/merged_results.json",
      "filtered": "crData/Segmentación_de_Clientes_8135/Segmentación_de_Clientes_91-01_26506/filtered_results.json",
      "final": "crData/Segmentación_de_Clientes_8135/Segmentación_de_Clientes_91-01_26506/final_results.json",
      "statistics": "crData/Segmentación_de_Clientes_8135/Segmentación_de_Clientes_91-01_26506/statistics_results.json"
    },
    "91-02": {
      "base_folder": "crData/Segmentación_de_Clientes_8135/Segmentación_de_Clientes_91-02_26558",
      "term_results_folder": "crData/Segmentación_de_Clientes_8135/Segmentación_de_Clientes_91-02_26558/term_results",
      "merged": "crData/Segmentación_de_Clientes_8135/Segmentación_de_Clientes_91-02_26558/merged_results.json",
      "filtered": "crData/Segmentación_de_Clientes_8135/Segmentación_de_Clientes_91-02_26558/filtered_results.json",
      "final": "crData/Segmentación_de_Clientes_8135/Segmentación_de_Clientes_91-02_26558/final_results.json",
      "statistics": "crData/Segmentación_de_Clientes_8135/Segmentación_de_Clientes_91-02_26558/statistics_results.json"
    },
    "91-03": {
      "base_folder": "crData/Segmentación_de_Clientes_8135/Segmentación_de_Clientes_91-03_26592",
      "term_results_folder": "crData/Segmentación_de_Clientes_8135/Segmentación_de_Clientes_91-03_26592/term_results",
      "merged": "crData/Segmentación_de_Clientes_8135/Segmentación_de_Clientes_91-03_26592/merged_results.json",
      "filtered": "crData/Segmentación_de_Clientes_8135/Segmentación_de_Clientes_91-03_26592/filtered_results.json",
      "final": "crData/Segmentación_de_Clientes_8135/Segmentación_de_Clientes_91-03_26592/final_results.json",
      "statistics": "crData/Segmentación_de_Clientes_8135/Segmentación_de_Clientes_91-03_26592/statistics_results.json"
    },
    "91-04": {
      "base_folder": "crData/Segmentación_de_Clientes_8135/Segmentación_de_Clientes_91-04_27039",
      "term_results_folder": "crData/Segmentación_de_Clientes_8135/Segmentación_de_Clientes_91-04_27039/term_results",
      "merged": "crData/Segmentación_de_Clientes_8135/Segmentación_de_Clientes_91-04_27039/merged_results.json",
      "filtered": "crData/Segmentación_de_Clientes_8135/Segmentación_de_Clientes_91-04_27039/filtered_results.json",
      "final": "crData/Segmentación_de_Clientes_8135/Segmentación_de_Clientes_91-04_27039/final_results.json",
      "statistics": "crData/Segmentación_de_Clientes_8135/Segmentación_de_Clientes_91-04_27039/statistics_results.json"
    },
    "91-05": {
      "base_folder": "crData/Segmentación_de_Clientes_8135/Segmentación_de_Clientes_91-05_27089",
      "term_results_folder": "crData/Segmentación_de_Clientes_8135/Segmentación_de_Clientes_91-05_27089/term_results",
      "merged": "crData/Segmentación_de_Clientes_8135/Segmentación_de_Clientes_91-05_27089/merged_results.json",
      "filtered": "crData/Segmentación_de_Clientes_8135/Segmentación_de_Clientes_91-05_27089/filtered_results.json",
      "final": "crData/Segmentación_de_Clientes_8135/Segmentación_de_Clientes_91-05_27089/final_results.json",
      "statistics": "crData/Segmentación_de_Clientes_8135/Segmentación_de_Clientes_91-05_27089/statistics_results.json"
    },
    "91-06": {
      "base_folder": "crData/Segmentación_de_Clientes_8135/Segmentación_de_Clientes_91-06_27137",
      "term_results_folder": "crData/Segmentación_de_Clientes_8135/Segmentación_de_Clientes_91-06_27137/term_results",
      "merged": "crData/Segmentación_de_Clientes_8135/Segmentación_de_Clientes_91-06_27137/merged_results.json",
      "filtered": "crData/Segmentación_de_Clientes_8135/Segmentación_de_Clientes_91-06_27137/filtered_results.json",
      "final": "crData/Segmentación_de_Clientes_8135/Segmentación_de_Clientes_91-06_27137/final_results.json",
      "statistics": "crData/Segmentación_de_Clientes_8135/Segmentación_de_Clientes_91-06_27137/statistics_results.json"
    },
    "91-07": {
      "base_folder": "crData/Segmentación_de_Clientes_8135/Segmentación_de_Clientes_91-07_27167",
      "term_results_folder": "crData/Segmentación_de_Clientes_8135/Segmentación_de_Clientes_91-07_27167/term_results",
      "merged": "crData/Segmentación_de_Clientes_8135/Segmentación_de_Clientes_91-07_27167/merged_results.json",
      "filtered": "crData/Segmentación_de_Clientes_8135/Segmentación_de_Clientes_91-07_27167/filtered_results.json",
      "final": "crData/Segmentación_de_Clientes_8135/Segmentación_de_Clientes_91-07_27167/final_results.json",
      "statistics": "crData/Segmentación_de_Clientes_8135/Segmentación_de_Clientes_91-07_27167/statistics_results.json"
    },
    "91-08": {
      "base_folder": "crData/Segmentación_de_Clientes_8135/Segmentación_de_Clientes_91-08_27204",
      "term_results_folder": "crData/Segmentación_de_Clientes_8135/Segmentación_de_Clientes_91-08_27204/term_results",
      "merged": "crData/Segmentación_de_Clientes_8135/Segmentación_de_Clientes_91-08_27204/merged_results.json",
      "filtered": "crData/Segmentación_de_Clientes_8135/Segmentación_de_Clientes_91-08_27204/filtered_results.json",
      "final": "crData/Segmentación_de_Clientes_8135/Segmentación_de_Clientes_91-08_27204/final_results.json",
      "statistics": "crData/Segmentación_de_Clientes_8135/Segmentación_de_Clientes_91-08_27204/statistics_results.json"
    },
    "91-09": {
      "base_folder": "crData/Segmentación_de_Clientes_8135/Segmentación_de_Clientes_91-09_27237",
      "term_results_folder": "crData/Segmentación_de_Clientes_8135/Segmentación_de_Clientes_91-09_27237/term_results",
      "merged": "crData/Segmentación_de_Clientes_8135/Segmentación_de_Clientes_91-09_27237/merged_results.json",
      "filtered": "crData/Segmentación_de_Clientes_8135/Segmentación_de_Clientes_91-09_27237/filtered_results.json",
      "final": "crData/Segmentación_de_Clientes_8135/Segmentación_de_Clientes_91-09_27237/final_results.json",
      "statistics": "crData/Segmentación_de_Clientes_8135/Segmentación_de_Clientes_91-09_27237/statistics_results.json"
    },
    "91-10": {
      "base_folder": "crData/Segmentación_de_Clientes_8135/Segmentación_de_Clientes_91-10_27269",
      "term_results_folder": "crData/Segmentación_de_Clientes_8135/Segmentación_de_Clientes_91-10_27269/term_results",
      "merged": "crData/Segmentación_de_Clientes_8135/Segmentación_de_Clientes_91-10_27269/merged_results.json",
      "filtered": "crData/Segmentación_de_Clientes_8135/Segmentación_de_Clientes_91-10_27269/filtered_results.json",
      "final": "crData/Segmentación_de_Clientes_8135/Segmentación_de_Clientes_91-10_27269/final_results.json",
      "statistics": "crData/Segmentación_de_Clientes_8135/Segmentación_de_Clientes_91-10_27269/statistics_results.json"
    },
    "91-11": {
      "base_folder": "crData/Segmentación_de_Clientes_8135/Segmentación_de_Clientes_91-11_27299",
      "term_results_folder": "crData/Segmentación_de_Clientes_8135/Segmentación_de_Clientes_91-11_27299/term_results",
      "merged": "crData/Segmentación_de_Clientes_8135/Segmentación_de_Clientes_91-11_27299/merged_results.json",
      "filtered": "crData/Segmentación_de_Clientes_8135/Segmentación_de_Clientes_91-11_27299/filtered_results.json",
      "final": "crData/Segmentación_de_Clientes_8135/Segmentación_de_Clientes_91-11_27299/final_results.json",
      "statistics": "crData/Segmentación_de_Clientes_8135/Segmentación_de_Clientes_91-11_27299/statistics_results.json"
    },
    "91-12": {
      "base_folder": "crData/Segmentación_de_Clientes_8135/Segmentación_de_Clientes_91-12_27333",
      "term_results_folder": "crData/Segmentación_de_Clientes_8135/Segmentación_de_Clientes_91-12_27333/term_results",
      "merged": "crData/Segmentación_de_Clientes_8135/Segmentación_de_Clientes_91-12_27333/merged_results.json",
      "filtered": "crData/Segmentación_de_Clientes_8135/Segmentación_de_Clientes_91-12_27333/filtered_results.json",
      "final": "crData/Segmentación_de_Clientes_8135/Segmentación_de_Clientes_91-12_27333/final_results.json",
      "statistics": "crData/Segmentación_de_Clientes_8135/Segmentación_de_Clientes_91-12_27333/statistics_results.json"
    }
  }
}