{
  "tool_name": "Segmentación de Clientes",
  "year": "1961",
  "monthly_stats": {
    "61-01": {
      "tool_name": "Segmentación de Clientes",
      "batch_id": "08279",
      "date": "61-01",
      "initial_count": 4,
      "filtered_count": 2,
      "final_count": 2,
      "duplicate_count": 0,
      "terms": {
        "Segmentation": 4
      },
      "file_paths": {
        "base_folder": "crData/Segmentación_de_Clientes_8135/Segmentación_de_Clientes_61-01_08279",
        "term_results_folder": "crData/Segmentación_de_Clientes_8135/Segmentación_de_Clientes_61-01_08279/term_results",
        "merged": "crData/Segmentación_de_Clientes_8135/Segmentación_de_Clientes_61-01_08279/merged_results.json",
        "filtered": "crData/Segmentación_de_Clientes_8135/Segmentación_de_Clientes_61-01_08279/filtered_results.json",
        "final": "crData/Segmentación_de_Clientes_8135/Segmentación_de_Clientes_61-01_08279/final_results.json",
        "statistics": "crData/Segmentación_de_Clientes_8135/Segmentación_de_Clientes_61-01_08279/statistics_results.json"
      },
      "processing_time": 1.2532269954681396,
      "total_crossref": 90958,
      "crossref_percentage": 0.0021988170364343985
    },
    "61-02": {
      "tool_name": "Segmentación de Clientes",
      "batch_id": "08306",
      "date": "61-02",
      "initial_count": 1,
      "filtered_count": 0,
      "final_count": 0,
      "duplicate_count": 0,
      "terms": {
        "Segmentation": 1
      },
      "file_paths": {
        "base_folder": "crData/Segmentación_de_Clientes_8135/Segmentación_de_Clientes_61-02_08306",
        "term_results_folder": "crData/Segmentación_de_Clientes_8135/Segmentación_de_Clientes_61-02_08306/term_results",
        "merged": "crData/Segmentación_de_Clientes_8135/Segmentación_de_Clientes_61-02_08306/merged_results.json",
        "filtered": "crData/Segmentación_de_Clientes_8135/Segmentación_de_Clientes_61-02_08306/filtered_results.json",
        "final": "crData/Segmentación_de_Clientes_8135/Segmentación_de_Clientes_61-02_08306/final_results.json",
        "statistics": "crData/Segmentación_de_Clientes_8135/Segmentación_de_Clientes_61-02_08306/statistics_results.json"
      },
      "processing_time": 1.1379859447479248,
      "total_crossref": 13091,
      "crossref_percentage": 0.0
    },
    "61-03": {
      "tool_name": "Segmentación de Clientes",
      "batch_id": "08333",
      "date": "61-03",
      "initial_count": 1,
      "filtered_count": 0,
      "final_count": 0,
      "duplicate_count": 0,
      "terms": {
        "Segmentation": 1
      },
      "file_paths": {
        "base_folder": "crData/Segmentación_de_Clientes_8135/Segmentación_de_Clientes_61-03_08333",
        "term_results_folder": "crData/Segmentación_de_Clientes_8135/Segmentación_de_Clientes_61-03_08333/term_results",
        "merged": "crData/Segmentación_de_Clientes_8135/Segmentación_de_Clientes_61-03_08333/merged_results.json",
        "filtered": "crData/Segmentación_de_Clientes_8135/Segmentación_de_Clientes_61-03_08333/filtered_results.json",
        "final": "crData/Segmentación_de_Clientes_8135/Segmentación_de_Clientes_61-03_08333/final_results.json",
        "statistics": "crData/Segmentación_de_Clientes_8135/Segmentación_de_Clientes_61-03_08333/statistics_results.json"
      },
      "processing_time": 1.0895678997039795,
      "total_crossref": 18874,
      "crossref_percentage": 0.0
    },
    "61-04": {
      "tool_name": "Segmentación de Clientes",
      "batch_id": "08359",
      "date": "61-04",
      "initial_count": 0,
      "filtered_count": 0,
      "final_count": 0,
      "duplicate_count": 0,
      "terms": {
        "Segmentation": 0
      },
      "file_paths": {
        "base_folder": "crData/Segmentación_de_Clientes_8135/Segmentación_de_Clientes_61-04_08359",
        "term_results_folder": "crData/Segmentación_de_Clientes_8135/Segmentación_de_Clientes_61-04_08359/term_results",
        "merged": "crData/Segmentación_de_Clientes_8135/Segmentación_de_Clientes_61-04_08359/merged_results.json",
        "filtered": "crData/Segmentación_de_Clientes_8135/Segmentación_de_Clientes_61-04_08359/filtered_results.json",
        "final": "crData/Segmentación_de_Clientes_8135/Segmentación_de_Clientes_61-04_08359/final_results.json",
        "statistics": "crData/Segmentación_de_Clientes_8135/Segmentación_de_Clientes_61-04_08359/statistics_results.json"
      },
      "processing_time": 1.1150200366973877,
      "total_crossref": 16988,
      "crossref_percentage": 0.0
    },
    "61-05": {
      "tool_name": "Segmentación de Clientes",
      "batch_id": "08385",
      "date": "61-05",
      "initial_count": 0,
      "filtered_count": 0,
      "final_count": 0,
      "duplicate_count": 0,
      "terms": {
        "Segmentation": 0
      },
      "file_paths": {
        "base_folder": "crData/Segmentación_de_Clientes_8135/Segmentación_de_Clientes_61-05_08385",
        "term_results_folder": "crData/Segmentación_de_Clientes_8135/Segmentación_de_Clientes_61-05_08385/term_results",
        "merged": "crData/Segmentación_de_Clientes_8135/Segmentación_de_Clientes_61-05_08385/merged_results.json",
        "filtered": "crData/Segmentación_de_Clientes_8135/Segmentación_de_Clientes_61-05_08385/filtered_results.json",
        "final": "crData/Segmentación_de_Clientes_8135/Segmentación_de_Clientes_61-05_08385/final_results.json",
        "statistics": "crData/Segmentación_de_Clientes_8135/Segmentación_de_Clientes_61-05_08385/statistics_results.json"
      },
      "processing_time": 1.2414731979370117,
      "total_crossref": 14824,
      "crossref_percentage": 0.0
    },
    "61-06": {
      "tool_name": "Segmentación de Clientes",
      "batch_id": "08412",
      "date": "61-06",
      "initial_count": 0,
      "filtered_count": 0,
      "final_count": 0,
      "duplicate_count": 0,
      "terms": {
        "Segmentation": 0
      },
      "file_paths": {
        "base_folder": "crData/Segmentación_de_Clientes_8135/Segmentación_de_Clientes_61-06_08412",
        "term_results_folder": "crData/Segmentación_de_Clientes_8135/Segmentación_de_Clientes_61-06_08412/term_results",
        "merged": "crData/Segmentación_de_Clientes_8135/Segmentación_de_Clientes_61-06_08412/merged_results.json",
        "filtered": "crData/Segmentación_de_Clientes_8135/Segmentación_de_Clientes_61-06_08412/filtered_results.json",
        "final": "crData/Segmentación_de_Clientes_8135/Segmentación_de_Clientes_61-06_08412/final_results.json",
        "statistics": "crData/Segmentación_de_Clientes_8135/Segmentación_de_Clientes_61-06_08412/statistics_results.json"
      },
      "processing_time": 1.3377280235290527,
      "total_crossref": 16301,
      "crossref_percentage": 0.0
    },
    "61-07": {
      "tool_name": "Segmentación de Clientes",
      "batch_id": "08441",
      "date": "61-07",
      "initial_count": 0,
      "filtered_count": 0,
      "final_count": 0,
      "duplicate_count": 0,
      "terms": {
        "Segmentation": 0
      },
      "file_paths": {
        "base_folder": "crData/Segmentación_de_Clientes_8135/Segmentación_de_Clientes_61-07_08441",
        "term_results_folder": "crData/Segmentación_de_Clientes_8135/Segmentación_de_Clientes_61-07_08441/term_results",
        "merged": "crData/Segmentación_de_Clientes_8135/Segmentación_de_Clientes_61-07_08441/merged_results.json",
        "filtered": "crData/Segmentación_de_Clientes_8135/Segmentación_de_Clientes_61-07_08441/filtered_results.json",
        "final": "crData/Segmentación_de_Clientes_8135/Segmentación_de_Clientes_61-07_08441/final_results.json",
        "statistics": "crData/Segmentación_de_Clientes_8135/Segmentación_de_Clientes_61-07_08441/statistics_results.json"
      },
      "processing_time": 0.9202651977539062,
      "total_crossref": 16660,
      "crossref_percentage": 0.0
    },
    "61-08": {
      "tool_name": "Segmentación de Clientes",
      "batch_id": "08465",
      "date": "61-08",
      "initial_count": 0,
      "filtered_count": 0,
      "final_count": 0,
      "duplicate_count": 0,
      "terms": {
        "Segmentation": 0
      },
      "file_paths": {
        "base_folder": "crData/Segmentación_de_Clientes_8135/Segmentación_de_Clientes_61-08_08465",
        "term_results_folder": "crData/Segmentación_de_Clientes_8135/Segmentación_de_Clientes_61-08_08465/term_results",
        "merged": "crData/Segmentación_de_Clientes_8135/Segmentación_de_Clientes_61-08_08465/merged_results.json",
        "filtered": "crData/Segmentación_de_Clientes_8135/Segmentación_de_Clientes_61-08_08465/filtered_results.json",
        "final": "crData/Segmentación_de_Clientes_8135/Segmentación_de_Clientes_61-08_08465/final_results.json",
        "statistics": "crData/Segmentación_de_Clientes_8135/Segmentación_de_Clientes_61-08_08465/statistics_results.json"
      },
      "processing_time": 0.9647600650787354,
      "total_crossref": 12762,
      "crossref_percentage": 0.0
    },
    "61-09": {
      "tool_name": "Segmentación de Clientes",
      "batch_id": "08490",
      "date": "61-09",
      "initial_count": 0,
      "filtered_count": 0,
      "final_count": 0,
      "duplicate_count": 0,
      "terms": {
        "Segmentation": 0
      },
      "file_paths": {
        "base_folder": "crData/Segmentación_de_Clientes_8135/Segmentación_de_Clientes_61-09_08490",
        "term_results_folder": "crData/Segmentación_de_Clientes_8135/Segmentación_de_Clientes_61-09_08490/term_results",
        "merged": "crData/Segmentación_de_Clientes_8135/Segmentación_de_Clientes_61-09_08490/merged_results.json",
        "filtered": "crData/Segmentación_de_Clientes_8135/Segmentación_de_Clientes_61-09_08490/filtered_results.json",
        "final": "crData/Segmentación_de_Clientes_8135/Segmentación_de_Clientes_61-09_08490/final_results.json",
        "statistics": "crData/Segmentación_de_Clientes_8135/Segmentación_de_Clientes_61-09_08490/statistics_results.json"
      },
      "processing_time": 1.1031630039215088,
      "total_crossref": 17549,
      "crossref_percentage": 0.0
    },
    "61-10": {
      "tool_name": "Segmentación de Clientes",
      "batch_id": "08516",
      "date": "61-10",
      "initial_count": 1,
      "filtered_count": 0,
      "final_count": 0,
      "duplicate_count": 0,
      "terms": {
        "Segmentation": 1
      },
      "file_paths": {
        "base_folder": "crData/Segmentación_de_Clientes_8135/Segmentación_de_Clientes_61-10_08516",
        "term_results_folder": "crData/Segmentación_de_Clientes_8135/Segmentación_de_Clientes_61-10_08516/term_results",
        "merged": "crData/Segmentación_de_Clientes_8135/Segmentación_de_Clientes_61-10_08516/merged_results.json",
        "filtered": "crData/Segmentación_de_Clientes_8135/Segmentación_de_Clientes_61-10_08516/filtered_results.json",
        "final": "crData/Segmentación_de_Clientes_8135/Segmentación_de_Clientes_61-10_08516/final_results.json",
        "statistics": "crData/Segmentación_de_Clientes_8135/Segmentación_de_Clientes_61-10_08516/statistics_results.json"
      },
      "processing_time": 1.1896898746490479,
      "total_crossref": 16506,
      "crossref_percentage": 0.0
    },
    "61-11": {
      "tool_name": "Segmentación de Clientes",
      "batch_id": "08543",
      "date": "61-11",
      "initial_count": 0,
      "filtered_count": 0,
      "final_count": 0,
      "duplicate_count": 0,
      "terms": {
        "Segmentation": 0
      },
      "file_paths": {
        "base_folder": "crData/Segmentación_de_Clientes_8135/Segmentación_de_Clientes_61-11_08543",
        "term_results_folder": "crData/Segmentación_de_Clientes_8135/Segmentación_de_Clientes_61-11_08543/term_results",
        "merged": "crData/Segmentación_de_Clientes_8135/Segmentación_de_Clientes_61-11_08543/merged_results.json",
        "filtered": "crData/Segmentación_de_Clientes_8135/Segmentación_de_Clientes_61-11_08543/filtered_results.json",
        "final": "crData/Segmentación_de_Clientes_8135/Segmentación_de_Clientes_61-11_08543/final_results.json",
        "statistics": "crData/Segmentación_de_Clientes_8135/Segmentación_de_Clientes_61-11_08543/statistics_results.json"
      },
      "processing_time": 1.1140339374542236,
      "total_crossref": 15980,
      "crossref_percentage": 0.0
    },
    "61-12": {
      "tool_name": "Segmentación de Clientes",
      "batch_id": "08569",
      "date": "61-12",
      "initial_count": 0,
      "filtered_count": 0,
      "final_count": 0,
      "duplicate_count": 0,
      "terms": {
        "Segmentation": 0
      },
      "file_paths": {
        "base_folder": "crData/Segmentación_de_Clientes_8135/Segmentación_de_Clientes_61-12_08569",
        "term_results_folder": "crData/Segmentación_de_Clientes_8135/Segmentación_de_Clientes_61-12_08569/term_results",
        "merged": "crData/Segmentación_de_Clientes_8135/Segmentación_de_Clientes_61-12_08569/merged_results.json",
        "filtered": "crData/Segmentación_de_Clientes_8135/Segmentación_de_Clientes_61-12_08569/filtered_results.json",
        "final": "crData/Segmentación_de_Clientes_8135/Segmentación_de_Clientes_61-12_08569/final_results.json",
        "statistics": "crData/Segmentación_de_Clientes_8135/Segmentación_de_Clientes_61-12_08569/statistics_results.json"
      },
      "processing_time": 1.1387970447540283,
      "total_crossref": 32227,
      "crossref_percentage": 0.0
    }
  },
  "total_duplicates": 0,
  "monthly_files": {
    "61-01": {
      "base_folder": "crData/Segmentación_de_Clientes_8135/Segmentación_de_Clientes_61-01_08279",
      "term_results_folder": "crData/Segmentación_de_Clientes_8135/Segmentación_de_Clientes_61-01_08279/term_results",
      "merged": "crData/Segmentación_de_Clientes_8135/Segmentación_de_Clientes_61-01_08279/merged_results.json",
      "filtered": "crData/Segmentación_de_Clientes_8135/Segmentación_de_Clientes_61-01_08279/filtered_results.json",
      "final": "crData/Segmentación_de_Clientes_8135/Segmentación_de_Clientes_61-01_08279/final_results.json",
      "statistics": "crData/Segmentación_de_Clientes_8135/Segmentación_de_Clientes_61-01_08279/statistics_results.json"
    },
    "61-02": {
      "base_folder": "crData/Segmentación_de_Clientes_8135/Segmentación_de_Clientes_61-02_08306",
      "term_results_folder": "crData/Segmentación_de_Clientes_8135/Segmentación_de_Clientes_61-02_08306/term_results",
      "merged": "crData/Segmentación_de_Clientes_8135/Segmentación_de_Clientes_61-02_08306/merged_results.json",
      "filtered": "crData/Segmentación_de_Clientes_8135/Segmentación_de_Clientes_61-02_08306/filtered_results.json",
      "final": "crData/Segmentación_de_Clientes_8135/Segmentación_de_Clientes_61-02_08306/final_results.json",
      "statistics": "crData/Segmentación_de_Clientes_8135/Segmentación_de_Clientes_61-02_08306/statistics_results.json"
    },
    "61-03": {
      "base_folder": "crData/Segmentación_de_Clientes_8135/Segmentación_de_Clientes_61-03_08333",
      "term_results_folder": "crData/Segmentación_de_Clientes_8135/Segmentación_de_Clientes_61-03_08333/term_results",
      "merged": "crData/Segmentación_de_Clientes_8135/Segmentación_de_Clientes_61-03_08333/merged_results.json",
      "filtered": "crData/Segmentación_de_Clientes_8135/Segmentación_de_Clientes_61-03_08333/filtered_results.json",
      "final": "crData/Segmentación_de_Clientes_8135/Segmentación_de_Clientes_61-03_08333/final_results.json",
      "statistics": "crData/Segmentación_de_Clientes_8135/Segmentación_de_Clientes_61-03_08333/statistics_results.json"
    },
    "61-04": {
      "base_folder": "crData/Segmentación_de_Clientes_8135/Segmentación_de_Clientes_61-04_08359",
      "term_results_folder": "crData/Segmentación_de_Clientes_8135/Segmentación_de_Clientes_61-04_08359/term_results",
      "merged": "crData/Segmentación_de_Clientes_8135/Segmentación_de_Clientes_61-04_08359/merged_results.json",
      "filtered": "crData/Segmentación_de_Clientes_8135/Segmentación_de_Clientes_61-04_08359/filtered_results.json",
      "final": "crData/Segmentación_de_Clientes_8135/Segmentación_de_Clientes_61-04_08359/final_results.json",
      "statistics": "crData/Segmentación_de_Clientes_8135/Segmentación_de_Clientes_61-04_08359/statistics_results.json"
    },
    "61-05": {
      "base_folder": "crData/Segmentación_de_Clientes_8135/Segmentación_de_Clientes_61-05_08385",
      "term_results_folder": "crData/Segmentación_de_Clientes_8135/Segmentación_de_Clientes_61-05_08385/term_results",
      "merged": "crData/Segmentación_de_Clientes_8135/Segmentación_de_Clientes_61-05_08385/merged_results.json",
      "filtered": "crData/Segmentación_de_Clientes_8135/Segmentación_de_Clientes_61-05_08385/filtered_results.json",
      "final": "crData/Segmentación_de_Clientes_8135/Segmentación_de_Clientes_61-05_08385/final_results.json",
      "statistics": "crData/Segmentación_de_Clientes_8135/Segmentación_de_Clientes_61-05_08385/statistics_results.json"
    },
    "61-06": {
      "base_folder": "crData/Segmentación_de_Clientes_8135/Segmentación_de_Clientes_61-06_08412",
      "term_results_folder": "crData/Segmentación_de_Clientes_8135/Segmentación_de_Clientes_61-06_08412/term_results",
      "merged": "crData/Segmentación_de_Clientes_8135/Segmentación_de_Clientes_61-06_08412/merged_results.json",
      "filtered": "crData/Segmentación_de_Clientes_8135/Segmentación_de_Clientes_61-06_08412/filtered_results.json",
      "final": "crData/Segmentación_de_Clientes_8135/Segmentación_de_Clientes_61-06_08412/final_results.json",
      "statistics": "crData/Segmentación_de_Clientes_8135/Segmentación_de_Clientes_61-06_08412/statistics_results.json"
    },
    "61-07": {
      "base_folder": "crData/Segmentación_de_Clientes_8135/Segmentación_de_Clientes_61-07_08441",
      "term_results_folder": "crData/Segmentación_de_Clientes_8135/Segmentación_de_Clientes_61-07_08441/term_results",
      "merged": "crData/Segmentación_de_Clientes_8135/Segmentación_de_Clientes_61-07_08441/merged_results.json",
      "filtered": "crData/Segmentación_de_Clientes_8135/Segmentación_de_Clientes_61-07_08441/filtered_results.json",
      "final": "crData/Segmentación_de_Clientes_8135/Segmentación_de_Clientes_61-07_08441/final_results.json",
      "statistics": "crData/Segmentación_de_Clientes_8135/Segmentación_de_Clientes_61-07_08441/statistics_results.json"
    },
    "61-08": {
      "base_folder": "crData/Segmentación_de_Clientes_8135/Segmentación_de_Clientes_61-08_08465",
      "term_results_folder": "crData/Segmentación_de_Clientes_8135/Segmentación_de_Clientes_61-08_08465/term_results",
      "merged": "crData/Segmentación_de_Clientes_8135/Segmentación_de_Clientes_61-08_08465/merged_results.json",
      "filtered": "crData/Segmentación_de_Clientes_8135/Segmentación_de_Clientes_61-08_08465/filtered_results.json",
      "final": "crData/Segmentación_de_Clientes_8135/Segmentación_de_Clientes_61-08_08465/final_results.json",
      "statistics": "crData/Segmentación_de_Clientes_8135/Segmentación_de_Clientes_61-08_08465/statistics_results.json"
    },
    "61-09": {
      "base_folder": "crData/Segmentación_de_Clientes_8135/Segmentación_de_Clientes_61-09_08490",
      "term_results_folder": "crData/Segmentación_de_Clientes_8135/Segmentación_de_Clientes_61-09_08490/term_results",
      "merged": "crData/Segmentación_de_Clientes_8135/Segmentación_de_Clientes_61-09_08490/merged_results.json",
      "filtered": "crData/Segmentación_de_Clientes_8135/Segmentación_de_Clientes_61-09_08490/filtered_results.json",
      "final": "crData/Segmentación_de_Clientes_8135/Segmentación_de_Clientes_61-09_08490/final_results.json",
      "statistics": "crData/Segmentación_de_Clientes_8135/Segmentación_de_Clientes_61-09_08490/statistics_results.json"
    },
    "61-10": {
      "base_folder": "crData/Segmentación_de_Clientes_8135/Segmentación_de_Clientes_61-10_08516",
      "term_results_folder": "crData/Segmentación_de_Clientes_8135/Segmentación_de_Clientes_61-10_08516/term_results",
      "merged": "crData/Segmentación_de_Clientes_8135/Segmentación_de_Clientes_61-10_08516/merged_results.json",
      "filtered": "crData/Segmentación_de_Clientes_8135/Segmentación_de_Clientes_61-10_08516/filtered_results.json",
      "final": "crData/Segmentación_de_Clientes_8135/Segmentación_de_Clientes_61-10_08516/final_results.json",
      "statistics": "crData/Segmentación_de_Clientes_8135/Segmentación_de_Clientes_61-10_08516/statistics_results.json"
    },
    "61-11": {
      "base_folder": "crData/Segmentación_de_Clientes_8135/Segmentación_de_Clientes_61-11_08543",
      "term_results_folder": "crData/Segmentación_de_Clientes_8135/Segmentación_de_Clientes_61-11_08543/term_results",
      "merged": "crData/Segmentación_de_Clientes_8135/Segmentación_de_Clientes_61-11_08543/merged_results.json",
      "filtered": "crData/Segmentación_de_Clientes_8135/Segmentación_de_Clientes_61-11_08543/filtered_results.json",
      "final": "crData/Segmentación_de_Clientes_8135/Segmentación_de_Clientes_61-11_08543/final_results.json",
      "statistics": "crData/Segmentación_de_Clientes_8135/Segmentación_de_Clientes_61-11_08543/statistics_results.json"
    },
    "61-12": {
      "base_folder": "crData/Segmentación_de_Clientes_8135/Segmentación_de_Clientes_61-12_08569",
      "term_results_folder": "crData/Segmentación_de_Clientes_8135/Segmentación_de_Clientes_61-12_08569/term_results",
      "merged": "crData/Segmentación_de_Clientes_8135/Segmentación_de_Clientes_61-12_08569/merged_results.json",
      "filtered": "crData/Segmentación_de_Clientes_8135/Segmentación_de_Clientes_61-12_08569/filtered_results.json",
      "final": "crData/Segmentación_de_Clientes_8135/Segmentación_de_Clientes_61-12_08569/final_results.json",
      "statistics": "crData/Segmentación_de_Clientes_8135/Segmentación_de_Clientes_61-12_08569/statistics_results.json"
    }
  }
}