{
  "tool_name": "Segmentación de Clientes",
  "year": "1998",
  "monthly_stats": {
    "98-01": {
      "tool_name": "Segmentación de Clientes",
      "batch_id": "32334",
      "date": "98-01",
      "initial_count": 250,
      "filtered_count": 11,
      "final_count": 11,
      "duplicate_count": 0,
      "terms": {
        "Segmentation": 250
      },
      "file_paths": {
        "base_folder": "crData/Segmentación_de_Clientes_8135/Segmentación_de_Clientes_98-01_32334",
        "term_results_folder": "crData/Segmentación_de_Clientes_8135/Segmentación_de_Clientes_98-01_32334/term_results",
        "merged": "crData/Segmentación_de_Clientes_8135/Segmentación_de_Clientes_98-01_32334/merged_results.json",
        "filtered": "crData/Segmentación_de_Clientes_8135/Segmentación_de_Clientes_98-01_32334/filtered_results.json",
        "final": "crData/Segmentación_de_Clientes_8135/Segmentación_de_Clientes_98-01_32334/final_results.json",
        "statistics": "crData/Segmentación_de_Clientes_8135/Segmentación_de_Clientes_98-01_32334/statistics_results.json"
      },
      "processing_time": 3.18208384513855,
      "total_crossref": 513010,
      "crossref_percentage": 0.0021442077152492153
    },
    "98-02": {
      "tool_name": "Segmentación de Clientes",
      "batch_id": "32381",
      "date": "98-02",
      "initial_count": 24,
      "filtered_count": 1,
      "final_count": 1,
      "duplicate_count": 0,
      "terms": {
        "Segmentation": 24
      },
      "file_paths": {
        "base_folder": "crData/Segmentación_de_Clientes_8135/Segmentación_de_Clientes_98-02_32381",
        "term_results_folder": "crData/Segmentación_de_Clientes_8135/Segmentación_de_Clientes_98-02_32381/term_results",
        "merged": "crData/Segmentación_de_Clientes_8135/Segmentación_de_Clientes_98-02_32381/merged_results.json",
        "filtered": "crData/Segmentación_de_Clientes_8135/Segmentación_de_Clientes_98-02_32381/filtered_results.json",
        "final": "crData/Segmentación_de_Clientes_8135/Segmentación_de_Clientes_98-02_32381/final_results.json",
        "statistics": "crData/Segmentación_de_Clientes_8135/Segmentación_de_Clientes_98-02_32381/statistics_results.json"
      },
      "processing_time": 2.2890899181365967,
      "total_crossref": 81903,
      "crossref_percentage": 0.0012209564973200005
    },
    "98-03": {
      "tool_name": "Segmentación de Clientes",
      "batch_id": "32419",
      "date": "98-03",
      "initial_count": 33,
      "filtered_count": 3,
      "final_count": 3,
      "duplicate_count": 0,
      "terms": {
        "Segmentation": 33
      },
      "file_paths": {
        "base_folder": "crData/Segmentación_de_Clientes_8135/Segmentación_de_Clientes_98-03_32419",
        "term_results_folder": "crData/Segmentación_de_Clientes_8135/Segmentación_de_Clientes_98-03_32419/term_results",
        "merged": "crData/Segmentación_de_Clientes_8135/Segmentación_de_Clientes_98-03_32419/merged_results.json",
        "filtered": "crData/Segmentación_de_Clientes_8135/Segmentación_de_Clientes_98-03_32419/filtered_results.json",
        "final": "crData/Segmentación_de_Clientes_8135/Segmentación_de_Clientes_98-03_32419/final_results.json",
        "statistics": "crData/Segmentación_de_Clientes_8135/Segmentación_de_Clientes_98-03_32419/statistics_results.json"
      },
      "processing_time": 2.0330958366394043,
      "total_crossref": 101546,
      "crossref_percentage": 0.0029543261182124357
    },
    "98-04": {
      "tool_name": "Segmentación de Clientes",
      "batch_id": "32454",
      "date": "98-04",
      "initial_count": 50,
      "filtered_count": 2,
      "final_count": 2,
      "duplicate_count": 0,
      "terms": {
        "Segmentation": 50
      },
      "file_paths": {
        "base_folder": "crData/Segmentación_de_Clientes_8135/Segmentación_de_Clientes_98-04_32454",
        "term_results_folder": "crData/Segmentación_de_Clientes_8135/Segmentación_de_Clientes_98-04_32454/term_results",
        "merged": "crData/Segmentación_de_Clientes_8135/Segmentación_de_Clientes_98-04_32454/merged_results.json",
        "filtered": "crData/Segmentación_de_Clientes_8135/Segmentación_de_Clientes_98-04_32454/filtered_results.json",
        "final": "crData/Segmentación_de_Clientes_8135/Segmentación_de_Clientes_98-04_32454/final_results.json",
        "statistics": "crData/Segmentación_de_Clientes_8135/Segmentación_de_Clientes_98-04_32454/statistics_results.json"
      },
      "processing_time": 2.1864349842071533,
      "total_crossref": 101503,
      "crossref_percentage": 0.0019703851117700956
    },
    "98-05": {
      "tool_name": "Segmentación de Clientes",
      "batch_id": "32491",
      "date": "98-05",
      "initial_count": 40,
      "filtered_count": 0,
      "final_count": 0,
      "duplicate_count": 0,
      "terms": {
        "Segmentation": 40
      },
      "file_paths": {
        "base_folder": "crData/Segmentación_de_Clientes_8135/Segmentación_de_Clientes_98-05_32491",
        "term_results_folder": "crData/Segmentación_de_Clientes_8135/Segmentación_de_Clientes_98-05_32491/term_results",
        "merged": "crData/Segmentación_de_Clientes_8135/Segmentación_de_Clientes_98-05_32491/merged_results.json",
        "filtered": "crData/Segmentación_de_Clientes_8135/Segmentación_de_Clientes_98-05_32491/filtered_results.json",
        "final": "crData/Segmentación_de_Clientes_8135/Segmentación_de_Clientes_98-05_32491/final_results.json",
        "statistics": "crData/Segmentación_de_Clientes_8135/Segmentación_de_Clientes_98-05_32491/statistics_results.json"
      },
      "processing_time": 2.278662919998169,
      "total_crossref": 93809,
      "crossref_percentage": 0.0
    },
    "98-06": {
      "tool_name": "Segmentación de Clientes",
      "batch_id": "32529",
      "date": "98-06",
      "initial_count": 55,
      "filtered_count": 2,
      "final_count": 2,
      "duplicate_count": 0,
      "terms": {
        "Segmentation": 55
      },
      "file_paths": {
        "base_folder": "crData/Segmentación_de_Clientes_8135/Segmentación_de_Clientes_98-06_32529",
        "term_results_folder": "crData/Segmentación_de_Clientes_8135/Segmentación_de_Clientes_98-06_32529/term_results",
        "merged": "crData/Segmentación_de_Clientes_8135/Segmentación_de_Clientes_98-06_32529/merged_results.json",
        "filtered": "crData/Segmentación_de_Clientes_8135/Segmentación_de_Clientes_98-06_32529/filtered_results.json",
        "final": "crData/Segmentación_de_Clientes_8135/Segmentación_de_Clientes_98-06_32529/final_results.json",
        "statistics": "crData/Segmentación_de_Clientes_8135/Segmentación_de_Clientes_98-06_32529/statistics_results.json"
      },
      "processing_time": 2.627131938934326,
      "total_crossref": 104312,
      "crossref_percentage": 0.0019173249482322262
    },
    "98-07": {
      "tool_name": "Segmentación de Clientes",
      "batch_id": "32570",
      "date": "98-07",
      "initial_count": 29,
      "filtered_count": 1,
      "final_count": 1,
      "duplicate_count": 0,
      "terms": {
        "Segmentation": 29
      },
      "file_paths": {
        "base_folder": "crData/Segmentación_de_Clientes_8135/Segmentación_de_Clientes_98-07_32570",
        "term_results_folder": "crData/Segmentación_de_Clientes_8135/Segmentación_de_Clientes_98-07_32570/term_results",
        "merged": "crData/Segmentación_de_Clientes_8135/Segmentación_de_Clientes_98-07_32570/merged_results.json",
        "filtered": "crData/Segmentación_de_Clientes_8135/Segmentación_de_Clientes_98-07_32570/filtered_results.json",
        "final": "crData/Segmentación_de_Clientes_8135/Segmentación_de_Clientes_98-07_32570/final_results.json",
        "statistics": "crData/Segmentación_de_Clientes_8135/Segmentación_de_Clientes_98-07_32570/statistics_results.json"
      },
      "processing_time": 1.556555986404419,
      "total_crossref": 93158,
      "crossref_percentage": 0.0010734451147512826
    },
    "98-08": {
      "tool_name": "Segmentación de Clientes",
      "batch_id": "33001",
      "date": "98-08",
      "initial_count": 27,
      "filtered_count": 2,
      "final_count": 2,
      "duplicate_count": 0,
      "terms": {
        "Segmentation": 27
      },
      "file_paths": {
        "base_folder": "crData/Segmentación_de_Clientes_8135/Segmentación_de_Clientes_98-08_33001",
        "term_results_folder": "crData/Segmentación_de_Clientes_8135/Segmentación_de_Clientes_98-08_33001/term_results",
        "merged": "crData/Segmentación_de_Clientes_8135/Segmentación_de_Clientes_98-08_33001/merged_results.json",
        "filtered": "crData/Segmentación_de_Clientes_8135/Segmentación_de_Clientes_98-08_33001/filtered_results.json",
        "final": "crData/Segmentación_de_Clientes_8135/Segmentación_de_Clientes_98-08_33001/final_results.json",
        "statistics": "crData/Segmentación_de_Clientes_8135/Segmentación_de_Clientes_98-08_33001/statistics_results.json"
      },
      "processing_time": 2.988960027694702,
      "total_crossref": 82262,
      "crossref_percentage": 0.0024312562300940897
    },
    "98-09": {
      "tool_name": "Segmentación de Clientes",
      "batch_id": "33046",
      "date": "98-09",
      "initial_count": 36,
      "filtered_count": 2,
      "final_count": 2,
      "duplicate_count": 0,
      "terms": {
        "Segmentation": 36
      },
      "file_paths": {
        "base_folder": "crData/Segmentación_de_Clientes_8135/Segmentación_de_Clientes_98-09_33046",
        "term_results_folder": "crData/Segmentación_de_Clientes_8135/Segmentación_de_Clientes_98-09_33046/term_results",
        "merged": "crData/Segmentación_de_Clientes_8135/Segmentación_de_Clientes_98-09_33046/merged_results.json",
        "filtered": "crData/Segmentación_de_Clientes_8135/Segmentación_de_Clientes_98-09_33046/filtered_results.json",
        "final": "crData/Segmentación_de_Clientes_8135/Segmentación_de_Clientes_98-09_33046/final_results.json",
        "statistics": "crData/Segmentación_de_Clientes_8135/Segmentación_de_Clientes_98-09_33046/statistics_results.json"
      },
      "processing_time": 2.994070053100586,
      "total_crossref": 108578,
      "crossref_percentage": 0.0018419937740610437
    },
    "98-10": {
      "tool_name": "Segmentación de Clientes",
      "batch_id": "33091",
      "date": "98-10",
      "initial_count": 26,
      "filtered_count": 1,
      "final_count": 1,
      "duplicate_count": 0,
      "terms": {
        "Segmentation": 26
      },
      "file_paths": {
        "base_folder": "crData/Segmentación_de_Clientes_8135/Segmentación_de_Clientes_98-10_33091",
        "term_results_folder": "crData/Segmentación_de_Clientes_8135/Segmentación_de_Clientes_98-10_33091/term_results",
        "merged": "crData/Segmentación_de_Clientes_8135/Segmentación_de_Clientes_98-10_33091/merged_results.json",
        "filtered": "crData/Segmentación_de_Clientes_8135/Segmentación_de_Clientes_98-10_33091/filtered_results.json",
        "final": "crData/Segmentación_de_Clientes_8135/Segmentación_de_Clientes_98-10_33091/final_results.json",
        "statistics": "crData/Segmentación_de_Clientes_8135/Segmentación_de_Clientes_98-10_33091/statistics_results.json"
      },
      "processing_time": 2.6561360359191895,
      "total_crossref": 90506,
      "crossref_percentage": 0.0011048991227100965
    },
    "98-11": {
      "tool_name": "Segmentación de Clientes",
      "batch_id": "33133",
      "date": "98-11",
      "initial_count": 39,
      "filtered_count": 0,
      "final_count": 0,
      "duplicate_count": 0,
      "terms": {
        "Segmentation": 39
      },
      "file_paths": {
        "base_folder": "crData/Segmentación_de_Clientes_8135/Segmentación_de_Clientes_98-11_33133",
        "term_results_folder": "crData/Segmentación_de_Clientes_8135/Segmentación_de_Clientes_98-11_33133/term_results",
        "merged": "crData/Segmentación_de_Clientes_8135/Segmentación_de_Clientes_98-11_33133/merged_results.json",
        "filtered": "crData/Segmentación_de_Clientes_8135/Segmentación_de_Clientes_98-11_33133/filtered_results.json",
        "final": "crData/Segmentación_de_Clientes_8135/Segmentación_de_Clientes_98-11_33133/final_results.json",
        "statistics": "crData/Segmentación_de_Clientes_8135/Segmentación_de_Clientes_98-11_33133/statistics_results.json"
      },
      "processing_time": 2.2297818660736084,
      "total_crossref": 86980,
      "crossref_percentage": 0.0
    },
    "98-12": {
      "tool_name": "Segmentación de Clientes",
      "batch_id": "33170",
      "date": "98-12",
      "initial_count": 55,
      "filtered_count": 4,
      "final_count": 4,
      "duplicate_count": 0,
      "terms": {
        "Segmentation": 55
      },
      "file_paths": {
        "base_folder": "crData/Segmentación_de_Clientes_8135/Segmentación_de_Clientes_98-12_33170",
        "term_results_folder": "crData/Segmentación_de_Clientes_8135/Segmentación_de_Clientes_98-12_33170/term_results",
        "merged": "crData/Segmentación_de_Clientes_8135/Segmentación_de_Clientes_98-12_33170/merged_results.json",
        "filtered": "crData/Segmentación_de_Clientes_8135/Segmentación_de_Clientes_98-12_33170/filtered_results.json",
        "final": "crData/Segmentación_de_Clientes_8135/Segmentación_de_Clientes_98-12_33170/final_results.json",
        "statistics": "crData/Segmentación_de_Clientes_8135/Segmentación_de_Clientes_98-12_33170/statistics_results.json"
      },
      "processing_time": 3.1672801971435547,
      "total_crossref": 130304,
      "crossref_percentage": 0.0030697445972495086
    }
  },
  "total_duplicates": 0,
  "monthly_files": {
    "98-01": {
      "base_folder": "crData/Segmentación_de_Clientes_8135/Segmentación_de_Clientes_98-01_32334",
      "term_results_folder": "crData/Segmentación_de_Clientes_8135/Segmentación_de_Clientes_98-01_32334/term_results",
      "merged": "crData/Segmentación_de_Clientes_8135/Segmentación_de_Clientes_98-01_32334/merged_results.json",
      "filtered": "crData/Segmentación_de_Clientes_8135/Segmentación_de_Clientes_98-01_32334/filtered_results.json",
      "final": "crData/Segmentación_de_Clientes_8135/Segmentación_de_Clientes_98-01_32334/final_results.json",
      "statistics": "crData/Segmentación_de_Clientes_8135/Segmentación_de_Clientes_98-01_32334/statistics_results.json"
    },
    "98-02": {
      "base_folder": "crData/Segmentación_de_Clientes_8135/Segmentación_de_Clientes_98-02_32381",
      "term_results_folder": "crData/Segmentación_de_Clientes_8135/Segmentación_de_Clientes_98-02_32381/term_results",
      "merged": "crData/Segmentación_de_Clientes_8135/Segmentación_de_Clientes_98-02_32381/merged_results.json",
      "filtered": "crData/Segmentación_de_Clientes_8135/Segmentación_de_Clientes_98-02_32381/filtered_results.json",
      "final": "crData/Segmentación_de_Clientes_8135/Segmentación_de_Clientes_98-02_32381/final_results.json",
      "statistics": "crData/Segmentación_de_Clientes_8135/Segmentación_de_Clientes_98-02_32381/statistics_results.json"
    },
    "98-03": {
      "base_folder": "crData/Segmentación_de_Clientes_8135/Segmentación_de_Clientes_98-03_32419",
      "term_results_folder": "crData/Segmentación_de_Clientes_8135/Segmentación_de_Clientes_98-03_32419/term_results",
      "merged": "crData/Segmentación_de_Clientes_8135/Segmentación_de_Clientes_98-03_32419/merged_results.json",
      "filtered": "crData/Segmentación_de_Clientes_8135/Segmentación_de_Clientes_98-03_32419/filtered_results.json",
      "final": "crData/Segmentación_de_Clientes_8135/Segmentación_de_Clientes_98-03_32419/final_results.json",
      "statistics": "crData/Segmentación_de_Clientes_8135/Segmentación_de_Clientes_98-03_32419/statistics_results.json"
    },
    "98-04": {
      "base_folder": "crData/Segmentación_de_Clientes_8135/Segmentación_de_Clientes_98-04_32454",
      "term_results_folder": "crData/Segmentación_de_Clientes_8135/Segmentación_de_Clientes_98-04_32454/term_results",
      "merged": "crData/Segmentación_de_Clientes_8135/Segmentación_de_Clientes_98-04_32454/merged_results.json",
      "filtered": "crData/Segmentación_de_Clientes_8135/Segmentación_de_Clientes_98-04_32454/filtered_results.json",
      "final": "crData/Segmentación_de_Clientes_8135/Segmentación_de_Clientes_98-04_32454/final_results.json",
      "statistics": "crData/Segmentación_de_Clientes_8135/Segmentación_de_Clientes_98-04_32454/statistics_results.json"
    },
    "98-05": {
      "base_folder": "crData/Segmentación_de_Clientes_8135/Segmentación_de_Clientes_98-05_32491",
      "term_results_folder": "crData/Segmentación_de_Clientes_8135/Segmentación_de_Clientes_98-05_32491/term_results",
      "merged": "crData/Segmentación_de_Clientes_8135/Segmentación_de_Clientes_98-05_32491/merged_results.json",
      "filtered": "crData/Segmentación_de_Clientes_8135/Segmentación_de_Clientes_98-05_32491/filtered_results.json",
      "final": "crData/Segmentación_de_Clientes_8135/Segmentación_de_Clientes_98-05_32491/final_results.json",
      "statistics": "crData/Segmentación_de_Clientes_8135/Segmentación_de_Clientes_98-05_32491/statistics_results.json"
    },
    "98-06": {
      "base_folder": "crData/Segmentación_de_Clientes_8135/Segmentación_de_Clientes_98-06_32529",
      "term_results_folder": "crData/Segmentación_de_Clientes_8135/Segmentación_de_Clientes_98-06_32529/term_results",
      "merged": "crData/Segmentación_de_Clientes_8135/Segmentación_de_Clientes_98-06_32529/merged_results.json",
      "filtered": "crData/Segmentación_de_Clientes_8135/Segmentación_de_Clientes_98-06_32529/filtered_results.json",
      "final": "crData/Segmentación_de_Clientes_8135/Segmentación_de_Clientes_98-06_32529/final_results.json",
      "statistics": "crData/Segmentación_de_Clientes_8135/Segmentación_de_Clientes_98-06_32529/statistics_results.json"
    },
    "98-07": {
      "base_folder": "crData/Segmentación_de_Clientes_8135/Segmentación_de_Clientes_98-07_32570",
      "term_results_folder": "crData/Segmentación_de_Clientes_8135/Segmentación_de_Clientes_98-07_32570/term_results",
      "merged": "crData/Segmentación_de_Clientes_8135/Segmentación_de_Clientes_98-07_32570/merged_results.json",
      "filtered": "crData/Segmentación_de_Clientes_8135/Segmentación_de_Clientes_98-07_32570/filtered_results.json",
      "final": "crData/Segmentación_de_Clientes_8135/Segmentación_de_Clientes_98-07_32570/final_results.json",
      "statistics": "crData/Segmentación_de_Clientes_8135/Segmentación_de_Clientes_98-07_32570/statistics_results.json"
    },
    "98-08": {
      "base_folder": "crData/Segmentación_de_Clientes_8135/Segmentación_de_Clientes_98-08_33001",
      "term_results_folder": "crData/Segmentación_de_Clientes_8135/Segmentación_de_Clientes_98-08_33001/term_results",
      "merged": "crData/Segmentación_de_Clientes_8135/Segmentación_de_Clientes_98-08_33001/merged_results.json",
      "filtered": "crData/Segmentación_de_Clientes_8135/Segmentación_de_Clientes_98-08_33001/filtered_results.json",
      "final": "crData/Segmentación_de_Clientes_8135/Segmentación_de_Clientes_98-08_33001/final_results.json",
      "statistics": "crData/Segmentación_de_Clientes_8135/Segmentación_de_Clientes_98-08_33001/statistics_results.json"
    },
    "98-09": {
      "base_folder": "crData/Segmentación_de_Clientes_8135/Segmentación_de_Clientes_98-09_33046",
      "term_results_folder": "crData/Segmentación_de_Clientes_8135/Segmentación_de_Clientes_98-09_33046/term_results",
      "merged": "crData/Segmentación_de_Clientes_8135/Segmentación_de_Clientes_98-09_33046/merged_results.json",
      "filtered": "crData/Segmentación_de_Clientes_8135/Segmentación_de_Clientes_98-09_33046/filtered_results.json",
      "final": "crData/Segmentación_de_Clientes_8135/Segmentación_de_Clientes_98-09_33046/final_results.json",
      "statistics": "crData/Segmentación_de_Clientes_8135/Segmentación_de_Clientes_98-09_33046/statistics_results.json"
    },
    "98-10": {
      "base_folder": "crData/Segmentación_de_Clientes_8135/Segmentación_de_Clientes_98-10_33091",
      "term_results_folder": "crData/Segmentación_de_Clientes_8135/Segmentación_de_Clientes_98-10_33091/term_results",
      "merged": "crData/Segmentación_de_Clientes_8135/Segmentación_de_Clientes_98-10_33091/merged_results.json",
      "filtered": "crData/Segmentación_de_Clientes_8135/Segmentación_de_Clientes_98-10_33091/filtered_results.json",
      "final": "crData/Segmentación_de_Clientes_8135/Segmentación_de_Clientes_98-10_33091/final_results.json",
      "statistics": "crData/Segmentación_de_Clientes_8135/Segmentación_de_Clientes_98-10_33091/statistics_results.json"
    },
    "98-11": {
      "base_folder": "crData/Segmentación_de_Clientes_8135/Segmentación_de_Clientes_98-11_33133",
      "term_results_folder": "crData/Segmentación_de_Clientes_8135/Segmentación_de_Clientes_98-11_33133/term_results",
      "merged": "crData/Segmentación_de_Clientes_8135/Segmentación_de_Clientes_98-11_33133/merged_results.json",
      "filtered": "crData/Segmentación_de_Clientes_8135/Segmentación_de_Clientes_98-11_33133/filtered_results.json",
      "final": "crData/Segmentación_de_Clientes_8135/Segmentación_de_Clientes_98-11_33133/final_results.json",
      "statistics": "crData/Segmentación_de_Clientes_8135/Segmentación_de_Clientes_98-11_33133/statistics_results.json"
    },
    "98-12": {
      "base_folder": "crData/Segmentación_de_Clientes_8135/Segmentación_de_Clientes_98-12_33170",
      "term_results_folder": "crData/Segmentación_de_Clientes_8135/Segmentación_de_Clientes_98-12_33170/term_results",
      "merged": "crData/Segmentación_de_Clientes_8135/Segmentación_de_Clientes_98-12_33170/merged_results.json",
      "filtered": "crData/Segmentación_de_Clientes_8135/Segmentación_de_Clientes_98-12_33170/filtered_results.json",
      "final": "crData/Segmentación_de_Clientes_8135/Segmentación_de_Clientes_98-12_33170/final_results.json",
      "statistics": "crData/Segmentación_de_Clientes_8135/Segmentación_de_Clientes_98-12_33170/statistics_results.json"
    }
  }
}