{
  "tool_name": "Segmentación de Clientes",
  "year": "1966",
  "monthly_stats": {
    "66-01": {
      "tool_name": "Segmentación de Clientes",
      "batch_id": "11258",
      "date": "66-01",
      "initial_count": 1,
      "filtered_count": 0,
      "final_count": 0,
      "duplicate_count": 0,
      "terms": {
        "Segmentation": 1
      },
      "file_paths": {
        "base_folder": "crData/Segmentación_de_Clientes_8135/Segmentación_de_Clientes_66-01_11258",
        "term_results_folder": "crData/Segmentación_de_Clientes_8135/Segmentación_de_Clientes_66-01_11258/term_results",
        "merged": "crData/Segmentación_de_Clientes_8135/Segmentación_de_Clientes_66-01_11258/merged_results.json",
        "filtered": "crData/Segmentación_de_Clientes_8135/Segmentación_de_Clientes_66-01_11258/filtered_results.json",
        "final": "crData/Segmentación_de_Clientes_8135/Segmentación_de_Clientes_66-01_11258/final_results.json",
        "statistics": "crData/Segmentación_de_Clientes_8135/Segmentación_de_Clientes_66-01_11258/statistics_results.json"
      },
      "processing_time": 1.0155739784240723,
      "total_crossref": 125720,
      "crossref_percentage": 0.0
    },
    "66-02": {
      "tool_name": "Segmentación de Clientes",
      "batch_id": "11284",
      "date": "66-02",
      "initial_count": 0,
      "filtered_count": 0,
      "final_count": 0,
      "duplicate_count": 0,
      "terms": {
        "Segmentation": 0
      },
      "file_paths": {
        "base_folder": "crData/Segmentación_de_Clientes_8135/Segmentación_de_Clientes_66-02_11284",
        "term_results_folder": "crData/Segmentación_de_Clientes_8135/Segmentación_de_Clientes_66-02_11284/term_results",
        "merged": "crData/Segmentación_de_Clientes_8135/Segmentación_de_Clientes_66-02_11284/merged_results.json",
        "filtered": "crData/Segmentación_de_Clientes_8135/Segmentación_de_Clientes_66-02_11284/filtered_results.json",
        "final": "crData/Segmentación_de_Clientes_8135/Segmentación_de_Clientes_66-02_11284/final_results.json",
        "statistics": "crData/Segmentación_de_Clientes_8135/Segmentación_de_Clientes_66-02_11284/statistics_results.json"
      },
      "processing_time": 1.1876978874206543,
      "total_crossref": 19549,
      "crossref_percentage": 0.0
    },
    "66-03": {
      "tool_name": "Segmentación de Clientes",
      "batch_id": "11311",
      "date": "66-03",
      "initial_count": 0,
      "filtered_count": 0,
      "final_count": 0,
      "duplicate_count": 0,
      "terms": {
        "Segmentation": 0
      },
      "file_paths": {
        "base_folder": "crData/Segmentación_de_Clientes_8135/Segmentación_de_Clientes_66-03_11311",
        "term_results_folder": "crData/Segmentación_de_Clientes_8135/Segmentación_de_Clientes_66-03_11311/term_results",
        "merged": "crData/Segmentación_de_Clientes_8135/Segmentación_de_Clientes_66-03_11311/merged_results.json",
        "filtered": "crData/Segmentación_de_Clientes_8135/Segmentación_de_Clientes_66-03_11311/filtered_results.json",
        "final": "crData/Segmentación_de_Clientes_8135/Segmentación_de_Clientes_66-03_11311/final_results.json",
        "statistics": "crData/Segmentación_de_Clientes_8135/Segmentación_de_Clientes_66-03_11311/statistics_results.json"
      },
      "processing_time": 1.253767967224121,
      "total_crossref": 24836,
      "crossref_percentage": 0.0
    },
    "66-04": {
      "tool_name": "Segmentación de Clientes",
      "batch_id": "11338",
      "date": "66-04",
      "initial_count": 0,
      "filtered_count": 0,
      "final_count": 0,
      "duplicate_count": 0,
      "terms": {
        "Segmentation": 0
      },
      "file_paths": {
        "base_folder": "crData/Segmentación_de_Clientes_8135/Segmentación_de_Clientes_66-04_11338",
        "term_results_folder": "crData/Segmentación_de_Clientes_8135/Segmentación_de_Clientes_66-04_11338/term_results",
        "merged": "crData/Segmentación_de_Clientes_8135/Segmentación_de_Clientes_66-04_11338/merged_results.json",
        "filtered": "crData/Segmentación_de_Clientes_8135/Segmentación_de_Clientes_66-04_11338/filtered_results.json",
        "final": "crData/Segmentación_de_Clientes_8135/Segmentación_de_Clientes_66-04_11338/final_results.json",
        "statistics": "crData/Segmentación_de_Clientes_8135/Segmentación_de_Clientes_66-04_11338/statistics_results.json"
      },
      "processing_time": 0.9738738536834717,
      "total_crossref": 23114,
      "crossref_percentage": 0.0
    },
    "66-05": {
      "tool_name": "Segmentación de Clientes",
      "batch_id": "11363",
      "date": "66-05",
      "initial_count": 0,
      "filtered_count": 0,
      "final_count": 0,
      "duplicate_count": 0,
      "terms": {
        "Segmentation": 0
      },
      "file_paths": {
        "base_folder": "crData/Segmentación_de_Clientes_8135/Segmentación_de_Clientes_66-05_11363",
        "term_results_folder": "crData/Segmentación_de_Clientes_8135/Segmentación_de_Clientes_66-05_11363/term_results",
        "merged": "crData/Segmentación_de_Clientes_8135/Segmentación_de_Clientes_66-05_11363/merged_results.json",
        "filtered": "crData/Segmentación_de_Clientes_8135/Segmentación_de_Clientes_66-05_11363/filtered_results.json",
        "final": "crData/Segmentación_de_Clientes_8135/Segmentación_de_Clientes_66-05_11363/final_results.json",
        "statistics": "crData/Segmentación_de_Clientes_8135/Segmentación_de_Clientes_66-05_11363/statistics_results.json"
      },
      "processing_time": 1.122746229171753,
      "total_crossref": 20756,
      "crossref_percentage": 0.0
    },
    "66-06": {
      "tool_name": "Segmentación de Clientes",
      "batch_id": "11389",
      "date": "66-06",
      "initial_count": 2,
      "filtered_count": 0,
      "final_count": 0,
      "duplicate_count": 0,
      "terms": {
        "Segmentation": 2
      },
      "file_paths": {
        "base_folder": "crData/Segmentación_de_Clientes_8135/Segmentación_de_Clientes_66-06_11389",
        "term_results_folder": "crData/Segmentación_de_Clientes_8135/Segmentación_de_Clientes_66-06_11389/term_results",
        "merged": "crData/Segmentación_de_Clientes_8135/Segmentación_de_Clientes_66-06_11389/merged_results.json",
        "filtered": "crData/Segmentación_de_Clientes_8135/Segmentación_de_Clientes_66-06_11389/filtered_results.json",
        "final": "crData/Segmentación_de_Clientes_8135/Segmentación_de_Clientes_66-06_11389/final_results.json",
        "statistics": "crData/Segmentación_de_Clientes_8135/Segmentación_de_Clientes_66-06_11389/statistics_results.json"
      },
      "processing_time": 1.184324026107788,
      "total_crossref": 23623,
      "crossref_percentage": 0.0
    },
    "66-07": {
      "tool_name": "Segmentación de Clientes",
      "batch_id": "11416",
      "date": "66-07",
      "initial_count": 0,
      "filtered_count": 0,
      "final_count": 0,
      "duplicate_count": 0,
      "terms": {
        "Segmentation": 0
      },
      "file_paths": {
        "base_folder": "crData/Segmentación_de_Clientes_8135/Segmentación_de_Clientes_66-07_11416",
        "term_results_folder": "crData/Segmentación_de_Clientes_8135/Segmentación_de_Clientes_66-07_11416/term_results",
        "merged": "crData/Segmentación_de_Clientes_8135/Segmentación_de_Clientes_66-07_11416/merged_results.json",
        "filtered": "crData/Segmentación_de_Clientes_8135/Segmentación_de_Clientes_66-07_11416/filtered_results.json",
        "final": "crData/Segmentación_de_Clientes_8135/Segmentación_de_Clientes_66-07_11416/final_results.json",
        "statistics": "crData/Segmentación_de_Clientes_8135/Segmentación_de_Clientes_66-07_11416/statistics_results.json"
      },
      "processing_time": 1.012103796005249,
      "total_crossref": 23120,
      "crossref_percentage": 0.0
    },
    "66-08": {
      "tool_name": "Segmentación de Clientes",
      "batch_id": "11441",
      "date": "66-08",
      "initial_count": 1,
      "filtered_count": 0,
      "final_count": 0,
      "duplicate_count": 0,
      "terms": {
        "Segmentation": 1
      },
      "file_paths": {
        "base_folder": "crData/Segmentación_de_Clientes_8135/Segmentación_de_Clientes_66-08_11441",
        "term_results_folder": "crData/Segmentación_de_Clientes_8135/Segmentación_de_Clientes_66-08_11441/term_results",
        "merged": "crData/Segmentación_de_Clientes_8135/Segmentación_de_Clientes_66-08_11441/merged_results.json",
        "filtered": "crData/Segmentación_de_Clientes_8135/Segmentación_de_Clientes_66-08_11441/filtered_results.json",
        "final": "crData/Segmentación_de_Clientes_8135/Segmentación_de_Clientes_66-08_11441/final_results.json",
        "statistics": "crData/Segmentación_de_Clientes_8135/Segmentación_de_Clientes_66-08_11441/statistics_results.json"
      },
      "processing_time": 1.4046869277954102,
      "total_crossref": 17926,
      "crossref_percentage": 0.0
    },
    "66-09": {
      "tool_name": "Segmentación de Clientes",
      "batch_id": "11470",
      "date": "66-09",
      "initial_count": 0,
      "filtered_count": 0,
      "final_count": 0,
      "duplicate_count": 0,
      "terms": {
        "Segmentation": 0
      },
      "file_paths": {
        "base_folder": "crData/Segmentación_de_Clientes_8135/Segmentación_de_Clientes_66-09_11470",
        "term_results_folder": "crData/Segmentación_de_Clientes_8135/Segmentación_de_Clientes_66-09_11470/term_results",
        "merged": "crData/Segmentación_de_Clientes_8135/Segmentación_de_Clientes_66-09_11470/merged_results.json",
        "filtered": "crData/Segmentación_de_Clientes_8135/Segmentación_de_Clientes_66-09_11470/filtered_results.json",
        "final": "crData/Segmentación_de_Clientes_8135/Segmentación_de_Clientes_66-09_11470/final_results.json",
        "statistics": "crData/Segmentación_de_Clientes_8135/Segmentación_de_Clientes_66-09_11470/statistics_results.json"
      },
      "processing_time": 0.9882678985595703,
      "total_crossref": 23590,
      "crossref_percentage": 0.0
    },
    "66-10": {
      "tool_name": "Segmentación de Clientes",
      "batch_id": "11495",
      "date": "66-10",
      "initial_count": 2,
      "filtered_count": 0,
      "final_count": 0,
      "duplicate_count": 0,
      "terms": {
        "Segmentation": 2
      },
      "file_paths": {
        "base_folder": "crData/Segmentación_de_Clientes_8135/Segmentación_de_Clientes_66-10_11495",
        "term_results_folder": "crData/Segmentación_de_Clientes_8135/Segmentación_de_Clientes_66-10_11495/term_results",
        "merged": "crData/Segmentación_de_Clientes_8135/Segmentación_de_Clientes_66-10_11495/merged_results.json",
        "filtered": "crData/Segmentación_de_Clientes_8135/Segmentación_de_Clientes_66-10_11495/filtered_results.json",
        "final": "crData/Segmentación_de_Clientes_8135/Segmentación_de_Clientes_66-10_11495/final_results.json",
        "statistics": "crData/Segmentación_de_Clientes_8135/Segmentación_de_Clientes_66-10_11495/statistics_results.json"
      },
      "processing_time": 0.9043200016021729,
      "total_crossref": 23459,
      "crossref_percentage": 0.0
    },
    "66-11": {
      "tool_name": "Segmentación de Clientes",
      "batch_id": "11519",
      "date": "66-11",
      "initial_count": 2,
      "filtered_count": 2,
      "final_count": 2,
      "duplicate_count": 0,
      "terms": {
        "Segmentation": 2
      },
      "file_paths": {
        "base_folder": "crData/Segmentación_de_Clientes_8135/Segmentación_de_Clientes_66-11_11519",
        "term_results_folder": "crData/Segmentación_de_Clientes_8135/Segmentación_de_Clientes_66-11_11519/term_results",
        "merged": "crData/Segmentación_de_Clientes_8135/Segmentación_de_Clientes_66-11_11519/merged_results.json",
        "filtered": "crData/Segmentación_de_Clientes_8135/Segmentación_de_Clientes_66-11_11519/filtered_results.json",
        "final": "crData/Segmentación_de_Clientes_8135/Segmentación_de_Clientes_66-11_11519/final_results.json",
        "statistics": "crData/Segmentación_de_Clientes_8135/Segmentación_de_Clientes_66-11_11519/statistics_results.json"
      },
      "processing_time": 1.116055965423584,
      "total_crossref": 20989,
      "crossref_percentage": 0.009528800800419268
    },
    "66-12": {
      "tool_name": "Segmentación de Clientes",
      "batch_id": "11546",
      "date": "66-12",
      "initial_count": 0,
      "filtered_count": 0,
      "final_count": 0,
      "duplicate_count": 0,
      "terms": {
        "Segmentation": 0
      },
      "file_paths": {
        "base_folder": "crData/Segmentación_de_Clientes_8135/Segmentación_de_Clientes_66-12_11546",
        "term_results_folder": "crData/Segmentación_de_Clientes_8135/Segmentación_de_Clientes_66-12_11546/term_results",
        "merged": "crData/Segmentación_de_Clientes_8135/Segmentación_de_Clientes_66-12_11546/merged_results.json",
        "filtered": "crData/Segmentación_de_Clientes_8135/Segmentación_de_Clientes_66-12_11546/filtered_results.json",
        "final": "crData/Segmentación_de_Clientes_8135/Segmentación_de_Clientes_66-12_11546/final_results.json",
        "statistics": "crData/Segmentación_de_Clientes_8135/Segmentación_de_Clientes_66-12_11546/statistics_results.json"
      },
      "processing_time": 1.6309430599212646,
      "total_crossref": 39505,
      "crossref_percentage": 0.0
    }
  },
  "total_duplicates": 0,
  "monthly_files": {
    "66-01": {
      "base_folder": "crData/Segmentación_de_Clientes_8135/Segmentación_de_Clientes_66-01_11258",
      "term_results_folder": "crData/Segmentación_de_Clientes_8135/Segmentación_de_Clientes_66-01_11258/term_results",
      "merged": "crData/Segmentación_de_Clientes_8135/Segmentación_de_Clientes_66-01_11258/merged_results.json",
      "filtered": "crData/Segmentación_de_Clientes_8135/Segmentación_de_Clientes_66-01_11258/filtered_results.json",
      "final": "crData/Segmentación_de_Clientes_8135/Segmentación_de_Clientes_66-01_11258/final_results.json",
      "statistics": "crData/Segmentación_de_Clientes_8135/Segmentación_de_Clientes_66-01_11258/statistics_results.json"
    },
    "66-02": {
      "base_folder": "crData/Segmentación_de_Clientes_8135/Segmentación_de_Clientes_66-02_11284",
      "term_results_folder": "crData/Segmentación_de_Clientes_8135/Segmentación_de_Clientes_66-02_11284/term_results",
      "merged": "crData/Segmentación_de_Clientes_8135/Segmentación_de_Clientes_66-02_11284/merged_results.json",
      "filtered": "crData/Segmentación_de_Clientes_8135/Segmentación_de_Clientes_66-02_11284/filtered_results.json",
      "final": "crData/Segmentación_de_Clientes_8135/Segmentación_de_Clientes_66-02_11284/final_results.json",
      "statistics": "crData/Segmentación_de_Clientes_8135/Segmentación_de_Clientes_66-02_11284/statistics_results.json"
    },
    "66-03": {
      "base_folder": "crData/Segmentación_de_Clientes_8135/Segmentación_de_Clientes_66-03_11311",
      "term_results_folder": "crData/Segmentación_de_Clientes_8135/Segmentación_de_Clientes_66-03_11311/term_results",
      "merged": "crData/Segmentación_de_Clientes_8135/Segmentación_de_Clientes_66-03_11311/merged_results.json",
      "filtered": "crData/Segmentación_de_Clientes_8135/Segmentación_de_Clientes_66-03_11311/filtered_results.json",
      "final": "crData/Segmentación_de_Clientes_8135/Segmentación_de_Clientes_66-03_11311/final_results.json",
      "statistics": "crData/Segmentación_de_Clientes_8135/Segmentación_de_Clientes_66-03_11311/statistics_results.json"
    },
    "66-04": {
      "base_folder": "crData/Segmentación_de_Clientes_8135/Segmentación_de_Clientes_66-04_11338",
      "term_results_folder": "crData/Segmentación_de_Clientes_8135/Segmentación_de_Clientes_66-04_11338/term_results",
      "merged": "crData/Segmentación_de_Clientes_8135/Segmentación_de_Clientes_66-04_11338/merged_results.json",
      "filtered": "crData/Segmentación_de_Clientes_8135/Segmentación_de_Clientes_66-04_11338/filtered_results.json",
      "final": "crData/Segmentación_de_Clientes_8135/Segmentación_de_Clientes_66-04_11338/final_results.json",
      "statistics": "crData/Segmentación_de_Clientes_8135/Segmentación_de_Clientes_66-04_11338/statistics_results.json"
    },
    "66-05": {
      "base_folder": "crData/Segmentación_de_Clientes_8135/Segmentación_de_Clientes_66-05_11363",
      "term_results_folder": "crData/Segmentación_de_Clientes_8135/Segmentación_de_Clientes_66-05_11363/term_results",
      "merged": "crData/Segmentación_de_Clientes_8135/Segmentación_de_Clientes_66-05_11363/merged_results.json",
      "filtered": "crData/Segmentación_de_Clientes_8135/Segmentación_de_Clientes_66-05_11363/filtered_results.json",
      "final": "crData/Segmentación_de_Clientes_8135/Segmentación_de_Clientes_66-05_11363/final_results.json",
      "statistics": "crData/Segmentación_de_Clientes_8135/Segmentación_de_Clientes_66-05_11363/statistics_results.json"
    },
    "66-06": {
      "base_folder": "crData/Segmentación_de_Clientes_8135/Segmentación_de_Clientes_66-06_11389",
      "term_results_folder": "crData/Segmentación_de_Clientes_8135/Segmentación_de_Clientes_66-06_11389/term_results",
      "merged": "crData/Segmentación_de_Clientes_8135/Segmentación_de_Clientes_66-06_11389/merged_results.json",
      "filtered": "crData/Segmentación_de_Clientes_8135/Segmentación_de_Clientes_66-06_11389/filtered_results.json",
      "final": "crData/Segmentación_de_Clientes_8135/Segmentación_de_Clientes_66-06_11389/final_results.json",
      "statistics": "crData/Segmentación_de_Clientes_8135/Segmentación_de_Clientes_66-06_11389/statistics_results.json"
    },
    "66-07": {
      "base_folder": "crData/Segmentación_de_Clientes_8135/Segmentación_de_Clientes_66-07_11416",
      "term_results_folder": "crData/Segmentación_de_Clientes_8135/Segmentación_de_Clientes_66-07_11416/term_results",
      "merged": "crData/Segmentación_de_Clientes_8135/Segmentación_de_Clientes_66-07_11416/merged_results.json",
      "filtered": "crData/Segmentación_de_Clientes_8135/Segmentación_de_Clientes_66-07_11416/filtered_results.json",
      "final": "crData/Segmentación_de_Clientes_8135/Segmentación_de_Clientes_66-07_11416/final_results.json",
      "statistics": "crData/Segmentación_de_Clientes_8135/Segmentación_de_Clientes_66-07_11416/statistics_results.json"
    },
    "66-08": {
      "base_folder": "crData/Segmentación_de_Clientes_8135/Segmentación_de_Clientes_66-08_11441",
      "term_results_folder": "crData/Segmentación_de_Clientes_8135/Segmentación_de_Clientes_66-08_11441/term_results",
      "merged": "crData/Segmentación_de_Clientes_8135/Segmentación_de_Clientes_66-08_11441/merged_results.json",
      "filtered": "crData/Segmentación_de_Clientes_8135/Segmentación_de_Clientes_66-08_11441/filtered_results.json",
      "final": "crData/Segmentación_de_Clientes_8135/Segmentación_de_Clientes_66-08_11441/final_results.json",
      "statistics": "crData/Segmentación_de_Clientes_8135/Segmentación_de_Clientes_66-08_11441/statistics_results.json"
    },
    "66-09": {
      "base_folder": "crData/Segmentación_de_Clientes_8135/Segmentación_de_Clientes_66-09_11470",
      "term_results_folder": "crData/Segmentación_de_Clientes_8135/Segmentación_de_Clientes_66-09_11470/term_results",
      "merged": "crData/Segmentación_de_Clientes_8135/Segmentación_de_Clientes_66-09_11470/merged_results.json",
      "filtered": "crData/Segmentación_de_Clientes_8135/Segmentación_de_Clientes_66-09_11470/filtered_results.json",
      "final": "crData/Segmentación_de_Clientes_8135/Segmentación_de_Clientes_66-09_11470/final_results.json",
      "statistics": "crData/Segmentación_de_Clientes_8135/Segmentación_de_Clientes_66-09_11470/statistics_results.json"
    },
    "66-10": {
      "base_folder": "crData/Segmentación_de_Clientes_8135/Segmentación_de_Clientes_66-10_11495",
      "term_results_folder": "crData/Segmentación_de_Clientes_8135/Segmentación_de_Clientes_66-10_11495/term_results",
      "merged": "crData/Segmentación_de_Clientes_8135/Segmentación_de_Clientes_66-10_11495/merged_results.json",
      "filtered": "crData/Segmentación_de_Clientes_8135/Segmentación_de_Clientes_66-10_11495/filtered_results.json",
      "final": "crData/Segmentación_de_Clientes_8135/Segmentación_de_Clientes_66-10_11495/final_results.json",
      "statistics": "crData/Segmentación_de_Clientes_8135/Segmentación_de_Clientes_66-10_11495/statistics_results.json"
    },
    "66-11": {
      "base_folder": "crData/Segmentación_de_Clientes_8135/Segmentación_de_Clientes_66-11_11519",
      "term_results_folder": "crData/Segmentación_de_Clientes_8135/Segmentación_de_Clientes_66-11_11519/term_results",
      "merged": "crData/Segmentación_de_Clientes_8135/Segmentación_de_Clientes_66-11_11519/merged_results.json",
      "filtered": "crData/Segmentación_de_Clientes_8135/Segmentación_de_Clientes_66-11_11519/filtered_results.json",
      "final": "crData/Segmentación_de_Clientes_8135/Segmentación_de_Clientes_66-11_11519/final_results.json",
      "statistics": "crData/Segmentación_de_Clientes_8135/Segmentación_de_Clientes_66-11_11519/statistics_results.json"
    },
    "66-12": {
      "base_folder": "crData/Segmentación_de_Clientes_8135/Segmentación_de_Clientes_66-12_11546",
      "term_results_folder": "crData/Segmentación_de_Clientes_8135/Segmentación_de_Clientes_66-12_11546/term_results",
      "merged": "crData/Segmentación_de_Clientes_8135/Segmentación_de_Clientes_66-12_11546/merged_results.json",
      "filtered": "crData/Segmentación_de_Clientes_8135/Segmentación_de_Clientes_66-12_11546/filtered_results.json",
      "final": "crData/Segmentación_de_Clientes_8135/Segmentación_de_Clientes_66-12_11546/final_results.json",
      "statistics": "crData/Segmentación_de_Clientes_8135/Segmentación_de_Clientes_66-12_11546/statistics_results.json"
    }
  }
}