{
  "tool_name": "Segmentación de Clientes",
  "year": "2005",
  "monthly_stats": {
    "05-01": {
      "tool_name": "Segmentación de Clientes",
      "batch_id": "38429",
      "date": "05-01",
      "initial_count": 767,
      "filtered_count": 16,
      "final_count": 16,
      "duplicate_count": 0,
      "terms": {
        "Segmentation": 767
      },
      "file_paths": {
        "base_folder": "crData/Segmentación_de_Clientes_8135/Segmentación_de_Clientes_05-01_38429",
        "term_results_folder": "crData/Segmentación_de_Clientes_8135/Segmentación_de_Clientes_05-01_38429/term_results",
        "merged": "crData/Segmentación_de_Clientes_8135/Segmentación_de_Clientes_05-01_38429/merged_results.json",
        "filtered": "crData/Segmentación_de_Clientes_8135/Segmentación_de_Clientes_05-01_38429/filtered_results.json",
        "final": "crData/Segmentación_de_Clientes_8135/Segmentación_de_Clientes_05-01_38429/final_results.json",
        "statistics": "crData/Segmentación_de_Clientes_8135/Segmentación_de_Clientes_05-01_38429/statistics_results.json"
      },
      "processing_time": 3.8340871334075928,
      "total_crossref": 674440,
      "crossref_percentage": 0.0023723385327086175
    },
    "05-02": {
      "tool_name": "Segmentación de Clientes",
      "batch_id": "38483",
      "date": "05-02",
      "initial_count": 45,
      "filtered_count": 1,
      "final_count": 1,
      "duplicate_count": 0,
      "terms": {
        "Segmentation": 45
      },
      "file_paths": {
        "base_folder": "crData/Segmentación_de_Clientes_8135/Segmentación_de_Clientes_05-02_38483",
        "term_results_folder": "crData/Segmentación_de_Clientes_8135/Segmentación_de_Clientes_05-02_38483/term_results",
        "merged": "crData/Segmentación_de_Clientes_8135/Segmentación_de_Clientes_05-02_38483/merged_results.json",
        "filtered": "crData/Segmentación_de_Clientes_8135/Segmentación_de_Clientes_05-02_38483/filtered_results.json",
        "final": "crData/Segmentación_de_Clientes_8135/Segmentación_de_Clientes_05-02_38483/final_results.json",
        "statistics": "crData/Segmentación_de_Clientes_8135/Segmentación_de_Clientes_05-02_38483/statistics_results.json"
      },
      "processing_time": 2.267241954803467,
      "total_crossref": 119020,
      "crossref_percentage": 0.0008401949252226517
    },
    "05-03": {
      "tool_name": "Segmentación de Clientes",
      "batch_id": "38520",
      "date": "05-03",
      "initial_count": 50,
      "filtered_count": 4,
      "final_count": 4,
      "duplicate_count": 0,
      "terms": {
        "Segmentation": 50
      },
      "file_paths": {
        "base_folder": "crData/Segmentación_de_Clientes_8135/Segmentación_de_Clientes_05-03_38520",
        "term_results_folder": "crData/Segmentación_de_Clientes_8135/Segmentación_de_Clientes_05-03_38520/term_results",
        "merged": "crData/Segmentación_de_Clientes_8135/Segmentación_de_Clientes_05-03_38520/merged_results.json",
        "filtered": "crData/Segmentación_de_Clientes_8135/Segmentación_de_Clientes_05-03_38520/filtered_results.json",
        "final": "crData/Segmentación_de_Clientes_8135/Segmentación_de_Clientes_05-03_38520/final_results.json",
        "statistics": "crData/Segmentación_de_Clientes_8135/Segmentación_de_Clientes_05-03_38520/statistics_results.json"
      },
      "processing_time": 2.0839650630950928,
      "total_crossref": 153587,
      "crossref_percentage": 0.0026043870900531946
    },
    "05-04": {
      "tool_name": "Segmentación de Clientes",
      "batch_id": "38556",
      "date": "05-04",
      "initial_count": 97,
      "filtered_count": 3,
      "final_count": 3,
      "duplicate_count": 0,
      "terms": {
        "Segmentation": 97
      },
      "file_paths": {
        "base_folder": "crData/Segmentación_de_Clientes_8135/Segmentación_de_Clientes_05-04_38556",
        "term_results_folder": "crData/Segmentación_de_Clientes_8135/Segmentación_de_Clientes_05-04_38556/term_results",
        "merged": "crData/Segmentación_de_Clientes_8135/Segmentación_de_Clientes_05-04_38556/merged_results.json",
        "filtered": "crData/Segmentación_de_Clientes_8135/Segmentación_de_Clientes_05-04_38556/filtered_results.json",
        "final": "crData/Segmentación_de_Clientes_8135/Segmentación_de_Clientes_05-04_38556/final_results.json",
        "statistics": "crData/Segmentación_de_Clientes_8135/Segmentación_de_Clientes_05-04_38556/statistics_results.json"
      },
      "processing_time": 2.225970983505249,
      "total_crossref": 157402,
      "crossref_percentage": 0.0019059478278547922
    },
    "05-05": {
      "tool_name": "Segmentación de Clientes",
      "batch_id": "38593",
      "date": "05-05",
      "initial_count": 66,
      "filtered_count": 0,
      "final_count": 0,
      "duplicate_count": 0,
      "terms": {
        "Segmentation": 66
      },
      "file_paths": {
        "base_folder": "crData/Segmentación_de_Clientes_8135/Segmentación_de_Clientes_05-05_38593",
        "term_results_folder": "crData/Segmentación_de_Clientes_8135/Segmentación_de_Clientes_05-05_38593/term_results",
        "merged": "crData/Segmentación_de_Clientes_8135/Segmentación_de_Clientes_05-05_38593/merged_results.json",
        "filtered": "crData/Segmentación_de_Clientes_8135/Segmentación_de_Clientes_05-05_38593/filtered_results.json",
        "final": "crData/Segmentación_de_Clientes_8135/Segmentación_de_Clientes_05-05_38593/final_results.json",
        "statistics": "crData/Segmentación_de_Clientes_8135/Segmentación_de_Clientes_05-05_38593/statistics_results.json"
      },
      "processing_time": 2.265481948852539,
      "total_crossref": 140328,
      "crossref_percentage": 0.0
    },
    "05-06": {
      "tool_name": "Segmentación de Clientes",
      "batch_id": "39031",
      "date": "05-06",
      "initial_count": 53,
      "filtered_count": 4,
      "final_count": 4,
      "duplicate_count": 0,
      "terms": {
        "Segmentation": 53
      },
      "file_paths": {
        "base_folder": "crData/Segmentación_de_Clientes_8135/Segmentación_de_Clientes_05-06_39031",
        "term_results_folder": "crData/Segmentación_de_Clientes_8135/Segmentación_de_Clientes_05-06_39031/term_results",
        "merged": "crData/Segmentación_de_Clientes_8135/Segmentación_de_Clientes_05-06_39031/merged_results.json",
        "filtered": "crData/Segmentación_de_Clientes_8135/Segmentación_de_Clientes_05-06_39031/filtered_results.json",
        "final": "crData/Segmentación_de_Clientes_8135/Segmentación_de_Clientes_05-06_39031/final_results.json",
        "statistics": "crData/Segmentación_de_Clientes_8135/Segmentación_de_Clientes_05-06_39031/statistics_results.json"
      },
      "processing_time": 3.502912998199463,
      "total_crossref": 167769,
      "crossref_percentage": 0.002384230698162354
    },
    "05-07": {
      "tool_name": "Segmentación de Clientes",
      "batch_id": "39081",
      "date": "05-07",
      "initial_count": 67,
      "filtered_count": 7,
      "final_count": 7,
      "duplicate_count": 0,
      "terms": {
        "Segmentation": 67
      },
      "file_paths": {
        "base_folder": "crData/Segmentación_de_Clientes_8135/Segmentación_de_Clientes_05-07_39081",
        "term_results_folder": "crData/Segmentación_de_Clientes_8135/Segmentación_de_Clientes_05-07_39081/term_results",
        "merged": "crData/Segmentación_de_Clientes_8135/Segmentación_de_Clientes_05-07_39081/merged_results.json",
        "filtered": "crData/Segmentación_de_Clientes_8135/Segmentación_de_Clientes_05-07_39081/filtered_results.json",
        "final": "crData/Segmentación_de_Clientes_8135/Segmentación_de_Clientes_05-07_39081/final_results.json",
        "statistics": "crData/Segmentación_de_Clientes_8135/Segmentación_de_Clientes_05-07_39081/statistics_results.json"
      },
      "processing_time": 2.391252040863037,
      "total_crossref": 141604,
      "crossref_percentage": 0.004943363181831022
    },
    "05-08": {
      "tool_name": "Segmentación de Clientes",
      "batch_id": "39120",
      "date": "05-08",
      "initial_count": 62,
      "filtered_count": 3,
      "final_count": 3,
      "duplicate_count": 0,
      "terms": {
        "Segmentation": 62
      },
      "file_paths": {
        "base_folder": "crData/Segmentación_de_Clientes_8135/Segmentación_de_Clientes_05-08_39120",
        "term_results_folder": "crData/Segmentación_de_Clientes_8135/Segmentación_de_Clientes_05-08_39120/term_results",
        "merged": "crData/Segmentación_de_Clientes_8135/Segmentación_de_Clientes_05-08_39120/merged_results.json",
        "filtered": "crData/Segmentación_de_Clientes_8135/Segmentación_de_Clientes_05-08_39120/filtered_results.json",
        "final": "crData/Segmentación_de_Clientes_8135/Segmentación_de_Clientes_05-08_39120/final_results.json",
        "statistics": "crData/Segmentación_de_Clientes_8135/Segmentación_de_Clientes_05-08_39120/statistics_results.json"
      },
      "processing_time": 2.1723039150238037,
      "total_crossref": 133591,
      "crossref_percentage": 0.002245660261544565
    },
    "05-09": {
      "tool_name": "Segmentación de Clientes",
      "batch_id": "39157",
      "date": "05-09",
      "initial_count": 84,
      "filtered_count": 1,
      "final_count": 1,
      "duplicate_count": 0,
      "terms": {
        "Segmentation": 84
      },
      "file_paths": {
        "base_folder": "crData/Segmentación_de_Clientes_8135/Segmentación_de_Clientes_05-09_39157",
        "term_results_folder": "crData/Segmentación_de_Clientes_8135/Segmentación_de_Clientes_05-09_39157/term_results",
        "merged": "crData/Segmentación_de_Clientes_8135/Segmentación_de_Clientes_05-09_39157/merged_results.json",
        "filtered": "crData/Segmentación_de_Clientes_8135/Segmentación_de_Clientes_05-09_39157/filtered_results.json",
        "final": "crData/Segmentación_de_Clientes_8135/Segmentación_de_Clientes_05-09_39157/final_results.json",
        "statistics": "crData/Segmentación_de_Clientes_8135/Segmentación_de_Clientes_05-09_39157/statistics_results.json"
      },
      "processing_time": 2.0423169136047363,
      "total_crossref": 161967,
      "crossref_percentage": 0.0006174097192638006
    },
    "05-10": {
      "tool_name": "Segmentación de Clientes",
      "batch_id": "39193",
      "date": "05-10",
      "initial_count": 94,
      "filtered_count": 1,
      "final_count": 1,
      "duplicate_count": 0,
      "terms": {
        "Segmentation": 94
      },
      "file_paths": {
        "base_folder": "crData/Segmentación_de_Clientes_8135/Segmentación_de_Clientes_05-10_39193",
        "term_results_folder": "crData/Segmentación_de_Clientes_8135/Segmentación_de_Clientes_05-10_39193/term_results",
        "merged": "crData/Segmentación_de_Clientes_8135/Segmentación_de_Clientes_05-10_39193/merged_results.json",
        "filtered": "crData/Segmentación_de_Clientes_8135/Segmentación_de_Clientes_05-10_39193/filtered_results.json",
        "final": "crData/Segmentación_de_Clientes_8135/Segmentación_de_Clientes_05-10_39193/final_results.json",
        "statistics": "crData/Segmentación_de_Clientes_8135/Segmentación_de_Clientes_05-10_39193/statistics_results.json"
      },
      "processing_time": 2.693535804748535,
      "total_crossref": 152887,
      "crossref_percentage": 0.00065407784834551
    },
    "05-11": {
      "tool_name": "Segmentación de Clientes",
      "batch_id": "39235",
      "date": "05-11",
      "initial_count": 59,
      "filtered_count": 4,
      "final_count": 4,
      "duplicate_count": 0,
      "terms": {
        "Segmentation": 59
      },
      "file_paths": {
        "base_folder": "crData/Segmentación_de_Clientes_8135/Segmentación_de_Clientes_05-11_39235",
        "term_results_folder": "crData/Segmentación_de_Clientes_8135/Segmentación_de_Clientes_05-11_39235/term_results",
        "merged": "crData/Segmentación_de_Clientes_8135/Segmentación_de_Clientes_05-11_39235/merged_results.json",
        "filtered": "crData/Segmentación_de_Clientes_8135/Segmentación_de_Clientes_05-11_39235/filtered_results.json",
        "final": "crData/Segmentación_de_Clientes_8135/Segmentación_de_Clientes_05-11_39235/final_results.json",
        "statistics": "crData/Segmentación_de_Clientes_8135/Segmentación_de_Clientes_05-11_39235/statistics_results.json"
      },
      "processing_time": 1.873197078704834,
      "total_crossref": 139722,
      "crossref_percentage": 0.002862827614835173
    },
    "05-12": {
      "tool_name": "Segmentación de Clientes",
      "batch_id": "39268",
      "date": "05-12",
      "initial_count": 75,
      "filtered_count": 0,
      "final_count": 0,
      "duplicate_count": 0,
      "terms": {
        "Segmentation": 75
      },
      "file_paths": {
        "base_folder": "crData/Segmentación_de_Clientes_8135/Segmentación_de_Clientes_05-12_39268",
        "term_results_folder": "crData/Segmentación_de_Clientes_8135/Segmentación_de_Clientes_05-12_39268/term_results",
        "merged": "crData/Segmentación_de_Clientes_8135/Segmentación_de_Clientes_05-12_39268/merged_results.json",
        "filtered": "crData/Segmentación_de_Clientes_8135/Segmentación_de_Clientes_05-12_39268/filtered_results.json",
        "final": "crData/Segmentación_de_Clientes_8135/Segmentación_de_Clientes_05-12_39268/final_results.json",
        "statistics": "crData/Segmentación_de_Clientes_8135/Segmentación_de_Clientes_05-12_39268/statistics_results.json"
      },
      "processing_time": 3.0132369995117188,
      "total_crossref": 195765,
      "crossref_percentage": 0.0
    }
  },
  "total_duplicates": 0,
  "monthly_files": {
    "05-01": {
      "base_folder": "crData/Segmentación_de_Clientes_8135/Segmentación_de_Clientes_05-01_38429",
      "term_results_folder": "crData/Segmentación_de_Clientes_8135/Segmentación_de_Clientes_05-01_38429/term_results",
      "merged": "crData/Segmentación_de_Clientes_8135/Segmentación_de_Clientes_05-01_38429/merged_results.json",
      "filtered": "crData/Segmentación_de_Clientes_8135/Segmentación_de_Clientes_05-01_38429/filtered_results.json",
      "final": "crData/Segmentación_de_Clientes_8135/Segmentación_de_Clientes_05-01_38429/final_results.json",
      "statistics": "crData/Segmentación_de_Clientes_8135/Segmentación_de_Clientes_05-01_38429/statistics_results.json"
    },
    "05-02": {
      "base_folder": "crData/Segmentación_de_Clientes_8135/Segmentación_de_Clientes_05-02_38483",
      "term_results_folder": "crData/Segmentación_de_Clientes_8135/Segmentación_de_Clientes_05-02_38483/term_results",
      "merged": "crData/Segmentación_de_Clientes_8135/Segmentación_de_Clientes_05-02_38483/merged_results.json",
      "filtered": "crData/Segmentación_de_Clientes_8135/Segmentación_de_Clientes_05-02_38483/filtered_results.json",
      "final": "crData/Segmentación_de_Clientes_8135/Segmentación_de_Clientes_05-02_38483/final_results.json",
      "statistics": "crData/Segmentación_de_Clientes_8135/Segmentación_de_Clientes_05-02_38483/statistics_results.json"
    },
    "05-03": {
      "base_folder": "crData/Segmentación_de_Clientes_8135/Segmentación_de_Clientes_05-03_38520",
      "term_results_folder": "crData/Segmentación_de_Clientes_8135/Segmentación_de_Clientes_05-03_38520/term_results",
      "merged": "crData/Segmentación_de_Clientes_8135/Segmentación_de_Clientes_05-03_38520/merged_results.json",
      "filtered": "crData/Segmentación_de_Clientes_8135/Segmentación_de_Clientes_05-03_38520/filtered_results.json",
      "final": "crData/Segmentación_de_Clientes_8135/Segmentación_de_Clientes_05-03_38520/final_results.json",
      "statistics": "crData/Segmentación_de_Clientes_8135/Segmentación_de_Clientes_05-03_38520/statistics_results.json"
    },
    "05-04": {
      "base_folder": "crData/Segmentación_de_Clientes_8135/Segmentación_de_Clientes_05-04_38556",
      "term_results_folder": "crData/Segmentación_de_Clientes_8135/Segmentación_de_Clientes_05-04_38556/term_results",
      "merged": "crData/Segmentación_de_Clientes_8135/Segmentación_de_Clientes_05-04_38556/merged_results.json",
      "filtered": "crData/Segmentación_de_Clientes_8135/Segmentación_de_Clientes_05-04_38556/filtered_results.json",
      "final": "crData/Segmentación_de_Clientes_8135/Segmentación_de_Clientes_05-04_38556/final_results.json",
      "statistics": "crData/Segmentación_de_Clientes_8135/Segmentación_de_Clientes_05-04_38556/statistics_results.json"
    },
    "05-05": {
      "base_folder": "crData/Segmentación_de_Clientes_8135/Segmentación_de_Clientes_05-05_38593",
      "term_results_folder": "crData/Segmentación_de_Clientes_8135/Segmentación_de_Clientes_05-05_38593/term_results",
      "merged": "crData/Segmentación_de_Clientes_8135/Segmentación_de_Clientes_05-05_38593/merged_results.json",
      "filtered": "crData/Segmentación_de_Clientes_8135/Segmentación_de_Clientes_05-05_38593/filtered_results.json",
      "final": "crData/Segmentación_de_Clientes_8135/Segmentación_de_Clientes_05-05_38593/final_results.json",
      "statistics": "crData/Segmentación_de_Clientes_8135/Segmentación_de_Clientes_05-05_38593/statistics_results.json"
    },
    "05-06": {
      "base_folder": "crData/Segmentación_de_Clientes_8135/Segmentación_de_Clientes_05-06_39031",
      "term_results_folder": "crData/Segmentación_de_Clientes_8135/Segmentación_de_Clientes_05-06_39031/term_results",
      "merged": "crData/Segmentación_de_Clientes_8135/Segmentación_de_Clientes_05-06_39031/merged_results.json",
      "filtered": "crData/Segmentación_de_Clientes_8135/Segmentación_de_Clientes_05-06_39031/filtered_results.json",
      "final": "crData/Segmentación_de_Clientes_8135/Segmentación_de_Clientes_05-06_39031/final_results.json",
      "statistics": "crData/Segmentación_de_Clientes_8135/Segmentación_de_Clientes_05-06_39031/statistics_results.json"
    },
    "05-07": {
      "base_folder": "crData/Segmentación_de_Clientes_8135/Segmentación_de_Clientes_05-07_39081",
      "term_results_folder": "crData/Segmentación_de_Clientes_8135/Segmentación_de_Clientes_05-07_39081/term_results",
      "merged": "crData/Segmentación_de_Clientes_8135/Segmentación_de_Clientes_05-07_39081/merged_results.json",
      "filtered": "crData/Segmentación_de_Clientes_8135/Segmentación_de_Clientes_05-07_39081/filtered_results.json",
      "final": "crData/Segmentación_de_Clientes_8135/Segmentación_de_Clientes_05-07_39081/final_results.json",
      "statistics": "crData/Segmentación_de_Clientes_8135/Segmentación_de_Clientes_05-07_39081/statistics_results.json"
    },
    "05-08": {
      "base_folder": "crData/Segmentación_de_Clientes_8135/Segmentación_de_Clientes_05-08_39120",
      "term_results_folder": "crData/Segmentación_de_Clientes_8135/Segmentación_de_Clientes_05-08_39120/term_results",
      "merged": "crData/Segmentación_de_Clientes_8135/Segmentación_de_Clientes_05-08_39120/merged_results.json",
      "filtered": "crData/Segmentación_de_Clientes_8135/Segmentación_de_Clientes_05-08_39120/filtered_results.json",
      "final": "crData/Segmentación_de_Clientes_8135/Segmentación_de_Clientes_05-08_39120/final_results.json",
      "statistics": "crData/Segmentación_de_Clientes_8135/Segmentación_de_Clientes_05-08_39120/statistics_results.json"
    },
    "05-09": {
      "base_folder": "crData/Segmentación_de_Clientes_8135/Segmentación_de_Clientes_05-09_39157",
      "term_results_folder": "crData/Segmentación_de_Clientes_8135/Segmentación_de_Clientes_05-09_39157/term_results",
      "merged": "crData/Segmentación_de_Clientes_8135/Segmentación_de_Clientes_05-09_39157/merged_results.json",
      "filtered": "crData/Segmentación_de_Clientes_8135/Segmentación_de_Clientes_05-09_39157/filtered_results.json",
      "final": "crData/Segmentación_de_Clientes_8135/Segmentación_de_Clientes_05-09_39157/final_results.json",
      "statistics": "crData/Segmentación_de_Clientes_8135/Segmentación_de_Clientes_05-09_39157/statistics_results.json"
    },
    "05-10": {
      "base_folder": "crData/Segmentación_de_Clientes_8135/Segmentación_de_Clientes_05-10_39193",
      "term_results_folder": "crData/Segmentación_de_Clientes_8135/Segmentación_de_Clientes_05-10_39193/term_results",
      "merged": "crData/Segmentación_de_Clientes_8135/Segmentación_de_Clientes_05-10_39193/merged_results.json",
      "filtered": "crData/Segmentación_de_Clientes_8135/Segmentación_de_Clientes_05-10_39193/filtered_results.json",
      "final": "crData/Segmentación_de_Clientes_8135/Segmentación_de_Clientes_05-10_39193/final_results.json",
      "statistics": "crData/Segmentación_de_Clientes_8135/Segmentación_de_Clientes_05-10_39193/statistics_results.json"
    },
    "05-11": {
      "base_folder": "crData/Segmentación_de_Clientes_8135/Segmentación_de_Clientes_05-11_39235",
      "term_results_folder": "crData/Segmentación_de_Clientes_8135/Segmentación_de_Clientes_05-11_39235/term_results",
      "merged": "crData/Segmentación_de_Clientes_8135/Segmentación_de_Clientes_05-11_39235/merged_results.json",
      "filtered": "crData/Segmentación_de_Clientes_8135/Segmentación_de_Clientes_05-11_39235/filtered_results.json",
      "final": "crData/Segmentación_de_Clientes_8135/Segmentación_de_Clientes_05-11_39235/final_results.json",
      "statistics": "crData/Segmentación_de_Clientes_8135/Segmentación_de_Clientes_05-11_39235/statistics_results.json"
    },
    "05-12": {
      "base_folder": "crData/Segmentación_de_Clientes_8135/Segmentación_de_Clientes_05-12_39268",
      "term_results_folder": "crData/Segmentación_de_Clientes_8135/Segmentación_de_Clientes_05-12_39268/term_results",
      "merged": "crData/Segmentación_de_Clientes_8135/Segmentación_de_Clientes_05-12_39268/merged_results.json",
      "filtered": "crData/Segmentación_de_Clientes_8135/Segmentación_de_Clientes_05-12_39268/filtered_results.json",
      "final": "crData/Segmentación_de_Clientes_8135/Segmentación_de_Clientes_05-12_39268/final_results.json",
      "statistics": "crData/Segmentación_de_Clientes_8135/Segmentación_de_Clientes_05-12_39268/statistics_results.json"
    }
  }
}