{
  "tool_name": "Talento y Compromiso",
  "year": "2011",
  "monthly_stats": {
    "11-01": {
      "tool_name": "Talento y Compromiso",
      "batch_id": "30263",
      "date": "11-01",
      "initial_count": 2817,
      "filtered_count": 0,
      "final_count": 0,
      "duplicate_count": 0,
      "terms": {
        "Employee": 370,
        "Corporate": 2451
      },
      "file_paths": {
        "base_folder": "crData/Talento_y_Compromiso_1391/Talento_y_Compromiso_11-01_30263",
        "term_results_folder": "crData/Talento_y_Compromiso_1391/Talento_y_Compromiso_11-01_30263/term_results",
        "merged": "crData/Talento_y_Compromiso_1391/Talento_y_Compromiso_11-01_30263/merged_results.json",
        "filtered": "crData/Talento_y_Compromiso_1391/Talento_y_Compromiso_11-01_30263/filtered_results.json",
        "final": "crData/Talento_y_Compromiso_1391/Talento_y_Compromiso_11-01_30263/final_results.json",
        "statistics": "crData/Talento_y_Compromiso_1391/Talento_y_Compromiso_11-01_30263/statistics_results.json"
      },
      "processing_time": 12.109729051589966,
      "total_crossref": 978694,
      "crossref_percentage": 0.0
    },
    "11-02": {
      "tool_name": "Talento y Compromiso",
      "batch_id": "30399",
      "date": "11-02",
      "initial_count": 331,
      "filtered_count": 0,
      "final_count": 0,
      "duplicate_count": 0,
      "terms": {
        "Employee": 55,
        "Corporate": 278
      },
      "file_paths": {
        "base_folder": "crData/Talento_y_Compromiso_1391/Talento_y_Compromiso_11-02_30399",
        "term_results_folder": "crData/Talento_y_Compromiso_1391/Talento_y_Compromiso_11-02_30399/term_results",
        "merged": "crData/Talento_y_Compromiso_1391/Talento_y_Compromiso_11-02_30399/merged_results.json",
        "filtered": "crData/Talento_y_Compromiso_1391/Talento_y_Compromiso_11-02_30399/filtered_results.json",
        "final": "crData/Talento_y_Compromiso_1391/Talento_y_Compromiso_11-02_30399/final_results.json",
        "statistics": "crData/Talento_y_Compromiso_1391/Talento_y_Compromiso_11-02_30399/statistics_results.json"
      },
      "processing_time": 4.371150970458984,
      "total_crossref": 196819,
      "crossref_percentage": 0.0
    },
    "11-03": {
      "tool_name": "Talento y Compromiso",
      "batch_id": "30458",
      "date": "11-03",
      "initial_count": 346,
      "filtered_count": 0,
      "final_count": 0,
      "duplicate_count": 0,
      "terms": {
        "Employee": 52,
        "Corporate": 304
      },
      "file_paths": {
        "base_folder": "crData/Talento_y_Compromiso_1391/Talento_y_Compromiso_11-03_30458",
        "term_results_folder": "crData/Talento_y_Compromiso_1391/Talento_y_Compromiso_11-03_30458/term_results",
        "merged": "crData/Talento_y_Compromiso_1391/Talento_y_Compromiso_11-03_30458/merged_results.json",
        "filtered": "crData/Talento_y_Compromiso_1391/Talento_y_Compromiso_11-03_30458/filtered_results.json",
        "final": "crData/Talento_y_Compromiso_1391/Talento_y_Compromiso_11-03_30458/final_results.json",
        "statistics": "crData/Talento_y_Compromiso_1391/Talento_y_Compromiso_11-03_30458/statistics_results.json"
      },
      "processing_time": 3.633877754211426,
      "total_crossref": 244035,
      "crossref_percentage": 0.0
    },
    "11-04": {
      "tool_name": "Talento y Compromiso",
      "batch_id": "30510",
      "date": "11-04",
      "initial_count": 441,
      "filtered_count": 0,
      "final_count": 0,
      "duplicate_count": 0,
      "terms": {
        "Employee": 79,
        "Corporate": 363
      },
      "file_paths": {
        "base_folder": "crData/Talento_y_Compromiso_1391/Talento_y_Compromiso_11-04_30510",
        "term_results_folder": "crData/Talento_y_Compromiso_1391/Talento_y_Compromiso_11-04_30510/term_results",
        "merged": "crData/Talento_y_Compromiso_1391/Talento_y_Compromiso_11-04_30510/merged_results.json",
        "filtered": "crData/Talento_y_Compromiso_1391/Talento_y_Compromiso_11-04_30510/filtered_results.json",
        "final": "crData/Talento_y_Compromiso_1391/Talento_y_Compromiso_11-04_30510/final_results.json",
        "statistics": "crData/Talento_y_Compromiso_1391/Talento_y_Compromiso_11-04_30510/statistics_results.json"
      },
      "processing_time": 4.905625820159912,
      "total_crossref": 235046,
      "crossref_percentage": 0.0
    },
    "11-05": {
      "tool_name": "Talento y Compromiso",
      "batch_id": "30574",
      "date": "11-05",
      "initial_count": 372,
      "filtered_count": 0,
      "final_count": 0,
      "duplicate_count": 0,
      "terms": {
        "Employee": 65,
        "Corporate": 312
      },
      "file_paths": {
        "base_folder": "crData/Talento_y_Compromiso_1391/Talento_y_Compromiso_11-05_30574",
        "term_results_folder": "crData/Talento_y_Compromiso_1391/Talento_y_Compromiso_11-05_30574/term_results",
        "merged": "crData/Talento_y_Compromiso_1391/Talento_y_Compromiso_11-05_30574/merged_results.json",
        "filtered": "crData/Talento_y_Compromiso_1391/Talento_y_Compromiso_11-05_30574/filtered_results.json",
        "final": "crData/Talento_y_Compromiso_1391/Talento_y_Compromiso_11-05_30574/final_results.json",
        "statistics": "crData/Talento_y_Compromiso_1391/Talento_y_Compromiso_11-05_30574/statistics_results.json"
      },
      "processing_time": 5.599900245666504,
      "total_crossref": 245780,
      "crossref_percentage": 0.0
    },
    "11-06": {
      "tool_name": "Talento y Compromiso",
      "batch_id": "31045",
      "date": "11-06",
      "initial_count": 501,
      "filtered_count": 0,
      "final_count": 0,
      "duplicate_count": 0,
      "terms": {
        "Employee": 86,
        "Corporate": 417
      },
      "file_paths": {
        "base_folder": "crData/Talento_y_Compromiso_1391/Talento_y_Compromiso_11-06_31045",
        "term_results_folder": "crData/Talento_y_Compromiso_1391/Talento_y_Compromiso_11-06_31045/term_results",
        "merged": "crData/Talento_y_Compromiso_1391/Talento_y_Compromiso_11-06_31045/merged_results.json",
        "filtered": "crData/Talento_y_Compromiso_1391/Talento_y_Compromiso_11-06_31045/filtered_results.json",
        "final": "crData/Talento_y_Compromiso_1391/Talento_y_Compromiso_11-06_31045/final_results.json",
        "statistics": "crData/Talento_y_Compromiso_1391/Talento_y_Compromiso_11-06_31045/statistics_results.json"
      },
      "processing_time": 6.008219003677368,
      "total_crossref": 268161,
      "crossref_percentage": 0.0
    },
    "11-07": {
      "tool_name": "Talento y Compromiso",
      "batch_id": "31120",
      "date": "11-07",
      "initial_count": 302,
      "filtered_count": 0,
      "final_count": 0,
      "duplicate_count": 0,
      "terms": {
        "Employee": 47,
        "Corporate": 259
      },
      "file_paths": {
        "base_folder": "crData/Talento_y_Compromiso_1391/Talento_y_Compromiso_11-07_31120",
        "term_results_folder": "crData/Talento_y_Compromiso_1391/Talento_y_Compromiso_11-07_31120/term_results",
        "merged": "crData/Talento_y_Compromiso_1391/Talento_y_Compromiso_11-07_31120/merged_results.json",
        "filtered": "crData/Talento_y_Compromiso_1391/Talento_y_Compromiso_11-07_31120/filtered_results.json",
        "final": "crData/Talento_y_Compromiso_1391/Talento_y_Compromiso_11-07_31120/final_results.json",
        "statistics": "crData/Talento_y_Compromiso_1391/Talento_y_Compromiso_11-07_31120/statistics_results.json"
      },
      "processing_time": 3.5535879135131836,
      "total_crossref": 225145,
      "crossref_percentage": 0.0
    },
    "11-08": {
      "tool_name": "Talento y Compromiso",
      "batch_id": "31171",
      "date": "11-08",
      "initial_count": 440,
      "filtered_count": 0,
      "final_count": 0,
      "duplicate_count": 0,
      "terms": {
        "Employee": 72,
        "Corporate": 370
      },
      "file_paths": {
        "base_folder": "crData/Talento_y_Compromiso_1391/Talento_y_Compromiso_11-08_31171",
        "term_results_folder": "crData/Talento_y_Compromiso_1391/Talento_y_Compromiso_11-08_31171/term_results",
        "merged": "crData/Talento_y_Compromiso_1391/Talento_y_Compromiso_11-08_31171/merged_results.json",
        "filtered": "crData/Talento_y_Compromiso_1391/Talento_y_Compromiso_11-08_31171/filtered_results.json",
        "final": "crData/Talento_y_Compromiso_1391/Talento_y_Compromiso_11-08_31171/final_results.json",
        "statistics": "crData/Talento_y_Compromiso_1391/Talento_y_Compromiso_11-08_31171/statistics_results.json"
      },
      "processing_time": 4.79187798500061,
      "total_crossref": 221166,
      "crossref_percentage": 0.0
    },
    "11-09": {
      "tool_name": "Talento y Compromiso",
      "batch_id": "31234",
      "date": "11-09",
      "initial_count": 464,
      "filtered_count": 0,
      "final_count": 0,
      "duplicate_count": 0,
      "terms": {
        "Employee": 67,
        "Corporate": 403
      },
      "file_paths": {
        "base_folder": "crData/Talento_y_Compromiso_1391/Talento_y_Compromiso_11-09_31234",
        "term_results_folder": "crData/Talento_y_Compromiso_1391/Talento_y_Compromiso_11-09_31234/term_results",
        "merged": "crData/Talento_y_Compromiso_1391/Talento_y_Compromiso_11-09_31234/merged_results.json",
        "filtered": "crData/Talento_y_Compromiso_1391/Talento_y_Compromiso_11-09_31234/filtered_results.json",
        "final": "crData/Talento_y_Compromiso_1391/Talento_y_Compromiso_11-09_31234/final_results.json",
        "statistics": "crData/Talento_y_Compromiso_1391/Talento_y_Compromiso_11-09_31234/statistics_results.json"
      },
      "processing_time": 4.058872938156128,
      "total_crossref": 277605,
      "crossref_percentage": 0.0
    },
    "11-10": {
      "tool_name": "Talento y Compromiso",
      "batch_id": "31289",
      "date": "11-10",
      "initial_count": 443,
      "filtered_count": 0,
      "final_count": 0,
      "duplicate_count": 0,
      "terms": {
        "Employee": 102,
        "Corporate": 342
      },
      "file_paths": {
        "base_folder": "crData/Talento_y_Compromiso_1391/Talento_y_Compromiso_11-10_31289",
        "term_results_folder": "crData/Talento_y_Compromiso_1391/Talento_y_Compromiso_11-10_31289/term_results",
        "merged": "crData/Talento_y_Compromiso_1391/Talento_y_Compromiso_11-10_31289/merged_results.json",
        "filtered": "crData/Talento_y_Compromiso_1391/Talento_y_Compromiso_11-10_31289/filtered_results.json",
        "final": "crData/Talento_y_Compromiso_1391/Talento_y_Compromiso_11-10_31289/final_results.json",
        "statistics": "crData/Talento_y_Compromiso_1391/Talento_y_Compromiso_11-10_31289/statistics_results.json"
      },
      "processing_time": 4.222808122634888,
      "total_crossref": 424538,
      "crossref_percentage": 0.0
    },
    "11-11": {
      "tool_name": "Talento y Compromiso",
      "batch_id": "31346",
      "date": "11-11",
      "initial_count": 349,
      "filtered_count": 0,
      "final_count": 0,
      "duplicate_count": 0,
      "terms": {
        "Employee": 65,
        "Corporate": 289
      },
      "file_paths": {
        "base_folder": "crData/Talento_y_Compromiso_1391/Talento_y_Compromiso_11-11_31346",
        "term_results_folder": "crData/Talento_y_Compromiso_1391/Talento_y_Compromiso_11-11_31346/term_results",
        "merged": "crData/Talento_y_Compromiso_1391/Talento_y_Compromiso_11-11_31346/merged_results.json",
        "filtered": "crData/Talento_y_Compromiso_1391/Talento_y_Compromiso_11-11_31346/filtered_results.json",
        "final": "crData/Talento_y_Compromiso_1391/Talento_y_Compromiso_11-11_31346/final_results.json",
        "statistics": "crData/Talento_y_Compromiso_1391/Talento_y_Compromiso_11-11_31346/statistics_results.json"
      },
      "processing_time": 3.7224950790405273,
      "total_crossref": 242357,
      "crossref_percentage": 0.0
    },
    "11-12": {
      "tool_name": "Talento y Compromiso",
      "batch_id": "31399",
      "date": "11-12",
      "initial_count": 561,
      "filtered_count": 0,
      "final_count": 0,
      "duplicate_count": 0,
      "terms": {
        "Employee": 77,
        "Corporate": 486
      },
      "file_paths": {
        "base_folder": "crData/Talento_y_Compromiso_1391/Talento_y_Compromiso_11-12_31399",
        "term_results_folder": "crData/Talento_y_Compromiso_1391/Talento_y_Compromiso_11-12_31399/term_results",
        "merged": "crData/Talento_y_Compromiso_1391/Talento_y_Compromiso_11-12_31399/merged_results.json",
        "filtered": "crData/Talento_y_Compromiso_1391/Talento_y_Compromiso_11-12_31399/filtered_results.json",
        "final": "crData/Talento_y_Compromiso_1391/Talento_y_Compromiso_11-12_31399/final_results.json",
        "statistics": "crData/Talento_y_Compromiso_1391/Talento_y_Compromiso_11-12_31399/statistics_results.json"
      },
      "processing_time": 4.002256870269775,
      "total_crossref": 319832,
      "crossref_percentage": 0.0
    }
  },
  "total_duplicates": 0,
  "monthly_files": {
    "11-01": {
      "base_folder": "crData/Talento_y_Compromiso_1391/Talento_y_Compromiso_11-01_30263",
      "term_results_folder": "crData/Talento_y_Compromiso_1391/Talento_y_Compromiso_11-01_30263/term_results",
      "merged": "crData/Talento_y_Compromiso_1391/Talento_y_Compromiso_11-01_30263/merged_results.json",
      "filtered": "crData/Talento_y_Compromiso_1391/Talento_y_Compromiso_11-01_30263/filtered_results.json",
      "final": "crData/Talento_y_Compromiso_1391/Talento_y_Compromiso_11-01_30263/final_results.json",
      "statistics": "crData/Talento_y_Compromiso_1391/Talento_y_Compromiso_11-01_30263/statistics_results.json"
    },
    "11-02": {
      "base_folder": "crData/Talento_y_Compromiso_1391/Talento_y_Compromiso_11-02_30399",
      "term_results_folder": "crData/Talento_y_Compromiso_1391/Talento_y_Compromiso_11-02_30399/term_results",
      "merged": "crData/Talento_y_Compromiso_1391/Talento_y_Compromiso_11-02_30399/merged_results.json",
      "filtered": "crData/Talento_y_Compromiso_1391/Talento_y_Compromiso_11-02_30399/filtered_results.json",
      "final": "crData/Talento_y_Compromiso_1391/Talento_y_Compromiso_11-02_30399/final_results.json",
      "statistics": "crData/Talento_y_Compromiso_1391/Talento_y_Compromiso_11-02_30399/statistics_results.json"
    },
    "11-03": {
      "base_folder": "crData/Talento_y_Compromiso_1391/Talento_y_Compromiso_11-03_30458",
      "term_results_folder": "crData/Talento_y_Compromiso_1391/Talento_y_Compromiso_11-03_30458/term_results",
      "merged": "crData/Talento_y_Compromiso_1391/Talento_y_Compromiso_11-03_30458/merged_results.json",
      "filtered": "crData/Talento_y_Compromiso_1391/Talento_y_Compromiso_11-03_30458/filtered_results.json",
      "final": "crData/Talento_y_Compromiso_1391/Talento_y_Compromiso_11-03_30458/final_results.json",
      "statistics": "crData/Talento_y_Compromiso_1391/Talento_y_Compromiso_11-03_30458/statistics_results.json"
    },
    "11-04": {
      "base_folder": "crData/Talento_y_Compromiso_1391/Talento_y_Compromiso_11-04_30510",
      "term_results_folder": "crData/Talento_y_Compromiso_1391/Talento_y_Compromiso_11-04_30510/term_results",
      "merged": "crData/Talento_y_Compromiso_1391/Talento_y_Compromiso_11-04_30510/merged_results.json",
      "filtered": "crData/Talento_y_Compromiso_1391/Talento_y_Compromiso_11-04_30510/filtered_results.json",
      "final": "crData/Talento_y_Compromiso_1391/Talento_y_Compromiso_11-04_30510/final_results.json",
      "statistics": "crData/Talento_y_Compromiso_1391/Talento_y_Compromiso_11-04_30510/statistics_results.json"
    },
    "11-05": {
      "base_folder": "crData/Talento_y_Compromiso_1391/Talento_y_Compromiso_11-05_30574",
      "term_results_folder": "crData/Talento_y_Compromiso_1391/Talento_y_Compromiso_11-05_30574/term_results",
      "merged": "crData/Talento_y_Compromiso_1391/Talento_y_Compromiso_11-05_30574/merged_results.json",
      "filtered": "crData/Talento_y_Compromiso_1391/Talento_y_Compromiso_11-05_30574/filtered_results.json",
      "final": "crData/Talento_y_Compromiso_1391/Talento_y_Compromiso_11-05_30574/final_results.json",
      "statistics": "crData/Talento_y_Compromiso_1391/Talento_y_Compromiso_11-05_30574/statistics_results.json"
    },
    "11-06": {
      "base_folder": "crData/Talento_y_Compromiso_1391/Talento_y_Compromiso_11-06_31045",
      "term_results_folder": "crData/Talento_y_Compromiso_1391/Talento_y_Compromiso_11-06_31045/term_results",
      "merged": "crData/Talento_y_Compromiso_1391/Talento_y_Compromiso_11-06_31045/merged_results.json",
      "filtered": "crData/Talento_y_Compromiso_1391/Talento_y_Compromiso_11-06_31045/filtered_results.json",
      "final": "crData/Talento_y_Compromiso_1391/Talento_y_Compromiso_11-06_31045/final_results.json",
      "statistics": "crData/Talento_y_Compromiso_1391/Talento_y_Compromiso_11-06_31045/statistics_results.json"
    },
    "11-07": {
      "base_folder": "crData/Talento_y_Compromiso_1391/Talento_y_Compromiso_11-07_31120",
      "term_results_folder": "crData/Talento_y_Compromiso_1391/Talento_y_Compromiso_11-07_31120/term_results",
      "merged": "crData/Talento_y_Compromiso_1391/Talento_y_Compromiso_11-07_31120/merged_results.json",
      "filtered": "crData/Talento_y_Compromiso_1391/Talento_y_Compromiso_11-07_31120/filtered_results.json",
      "final": "crData/Talento_y_Compromiso_1391/Talento_y_Compromiso_11-07_31120/final_results.json",
      "statistics": "crData/Talento_y_Compromiso_1391/Talento_y_Compromiso_11-07_31120/statistics_results.json"
    },
    "11-08": {
      "base_folder": "crData/Talento_y_Compromiso_1391/Talento_y_Compromiso_11-08_31171",
      "term_results_folder": "crData/Talento_y_Compromiso_1391/Talento_y_Compromiso_11-08_31171/term_results",
      "merged": "crData/Talento_y_Compromiso_1391/Talento_y_Compromiso_11-08_31171/merged_results.json",
      "filtered": "crData/Talento_y_Compromiso_1391/Talento_y_Compromiso_11-08_31171/filtered_results.json",
      "final": "crData/Talento_y_Compromiso_1391/Talento_y_Compromiso_11-08_31171/final_results.json",
      "statistics": "crData/Talento_y_Compromiso_1391/Talento_y_Compromiso_11-08_31171/statistics_results.json"
    },
    "11-09": {
      "base_folder": "crData/Talento_y_Compromiso_1391/Talento_y_Compromiso_11-09_31234",
      "term_results_folder": "crData/Talento_y_Compromiso_1391/Talento_y_Compromiso_11-09_31234/term_results",
      "merged": "crData/Talento_y_Compromiso_1391/Talento_y_Compromiso_11-09_31234/merged_results.json",
      "filtered": "crData/Talento_y_Compromiso_1391/Talento_y_Compromiso_11-09_31234/filtered_results.json",
      "final": "crData/Talento_y_Compromiso_1391/Talento_y_Compromiso_11-09_31234/final_results.json",
      "statistics": "crData/Talento_y_Compromiso_1391/Talento_y_Compromiso_11-09_31234/statistics_results.json"
    },
    "11-10": {
      "base_folder": "crData/Talento_y_Compromiso_1391/Talento_y_Compromiso_11-10_31289",
      "term_results_folder": "crData/Talento_y_Compromiso_1391/Talento_y_Compromiso_11-10_31289/term_results",
      "merged": "crData/Talento_y_Compromiso_1391/Talento_y_Compromiso_11-10_31289/merged_results.json",
      "filtered": "crData/Talento_y_Compromiso_1391/Talento_y_Compromiso_11-10_31289/filtered_results.json",
      "final": "crData/Talento_y_Compromiso_1391/Talento_y_Compromiso_11-10_31289/final_results.json",
      "statistics": "crData/Talento_y_Compromiso_1391/Talento_y_Compromiso_11-10_31289/statistics_results.json"
    },
    "11-11": {
      "base_folder": "crData/Talento_y_Compromiso_1391/Talento_y_Compromiso_11-11_31346",
      "term_results_folder": "crData/Talento_y_Compromiso_1391/Talento_y_Compromiso_11-11_31346/term_results",
      "merged": "crData/Talento_y_Compromiso_1391/Talento_y_Compromiso_11-11_31346/merged_results.json",
      "filtered": "crData/Talento_y_Compromiso_1391/Talento_y_Compromiso_11-11_31346/filtered_results.json",
      "final": "crData/Talento_y_Compromiso_1391/Talento_y_Compromiso_11-11_31346/final_results.json",
      "statistics": "crData/Talento_y_Compromiso_1391/Talento_y_Compromiso_11-11_31346/statistics_results.json"
    },
    "11-12": {
      "base_folder": "crData/Talento_y_Compromiso_1391/Talento_y_Compromiso_11-12_31399",
      "term_results_folder": "crData/Talento_y_Compromiso_1391/Talento_y_Compromiso_11-12_31399/term_results",
      "merged": "crData/Talento_y_Compromiso_1391/Talento_y_Compromiso_11-12_31399/merged_results.json",
      "filtered": "crData/Talento_y_Compromiso_1391/Talento_y_Compromiso_11-12_31399/filtered_results.json",
      "final": "crData/Talento_y_Compromiso_1391/Talento_y_Compromiso_11-12_31399/final_results.json",
      "statistics": "crData/Talento_y_Compromiso_1391/Talento_y_Compromiso_11-12_31399/statistics_results.json"
    }
  }
}