{
  "tool_name": "Talento y Compromiso",
  "year": "1985",
  "monthly_stats": {
    "85-01": {
      "tool_name": "Talento y Compromiso",
      "batch_id": "03483",
      "date": "85-01",
      "initial_count": 165,
      "filtered_count": 0,
      "final_count": 0,
      "duplicate_count": 0,
      "terms": {
        "Employee": 47,
        "Corporate": 118
      },
      "file_paths": {
        "base_folder": "crData/Talento_y_Compromiso_1391/Talento_y_Compromiso_85-01_03483",
        "term_results_folder": "crData/Talento_y_Compromiso_1391/Talento_y_Compromiso_85-01_03483/term_results",
        "merged": "crData/Talento_y_Compromiso_1391/Talento_y_Compromiso_85-01_03483/merged_results.json",
        "filtered": "crData/Talento_y_Compromiso_1391/Talento_y_Compromiso_85-01_03483/filtered_results.json",
        "final": "crData/Talento_y_Compromiso_1391/Talento_y_Compromiso_85-01_03483/final_results.json",
        "statistics": "crData/Talento_y_Compromiso_1391/Talento_y_Compromiso_85-01_03483/statistics_results.json"
      },
      "processing_time": 2.1503758430480957,
      "total_crossref": 318801,
      "crossref_percentage": 0.0
    },
    "85-02": {
      "tool_name": "Talento y Compromiso",
      "batch_id": "03519",
      "date": "85-02",
      "initial_count": 26,
      "filtered_count": 0,
      "final_count": 0,
      "duplicate_count": 0,
      "terms": {
        "Employee": 9,
        "Corporate": 17
      },
      "file_paths": {
        "base_folder": "crData/Talento_y_Compromiso_1391/Talento_y_Compromiso_85-02_03519",
        "term_results_folder": "crData/Talento_y_Compromiso_1391/Talento_y_Compromiso_85-02_03519/term_results",
        "merged": "crData/Talento_y_Compromiso_1391/Talento_y_Compromiso_85-02_03519/merged_results.json",
        "filtered": "crData/Talento_y_Compromiso_1391/Talento_y_Compromiso_85-02_03519/filtered_results.json",
        "final": "crData/Talento_y_Compromiso_1391/Talento_y_Compromiso_85-02_03519/final_results.json",
        "statistics": "crData/Talento_y_Compromiso_1391/Talento_y_Compromiso_85-02_03519/statistics_results.json"
      },
      "processing_time": 2.066795825958252,
      "total_crossref": 43149,
      "crossref_percentage": 0.0
    },
    "85-03": {
      "tool_name": "Talento y Compromiso",
      "batch_id": "03555",
      "date": "85-03",
      "initial_count": 51,
      "filtered_count": 0,
      "final_count": 0,
      "duplicate_count": 0,
      "terms": {
        "Employee": 18,
        "Corporate": 33
      },
      "file_paths": {
        "base_folder": "crData/Talento_y_Compromiso_1391/Talento_y_Compromiso_85-03_03555",
        "term_results_folder": "crData/Talento_y_Compromiso_1391/Talento_y_Compromiso_85-03_03555/term_results",
        "merged": "crData/Talento_y_Compromiso_1391/Talento_y_Compromiso_85-03_03555/merged_results.json",
        "filtered": "crData/Talento_y_Compromiso_1391/Talento_y_Compromiso_85-03_03555/filtered_results.json",
        "final": "crData/Talento_y_Compromiso_1391/Talento_y_Compromiso_85-03_03555/final_results.json",
        "statistics": "crData/Talento_y_Compromiso_1391/Talento_y_Compromiso_85-03_03555/statistics_results.json"
      },
      "processing_time": 1.7104511260986328,
      "total_crossref": 54688,
      "crossref_percentage": 0.0
    },
    "85-04": {
      "tool_name": "Talento y Compromiso",
      "batch_id": "03587",
      "date": "85-04",
      "initial_count": 39,
      "filtered_count": 0,
      "final_count": 0,
      "duplicate_count": 0,
      "terms": {
        "Employee": 12,
        "Corporate": 27
      },
      "file_paths": {
        "base_folder": "crData/Talento_y_Compromiso_1391/Talento_y_Compromiso_85-04_03587",
        "term_results_folder": "crData/Talento_y_Compromiso_1391/Talento_y_Compromiso_85-04_03587/term_results",
        "merged": "crData/Talento_y_Compromiso_1391/Talento_y_Compromiso_85-04_03587/merged_results.json",
        "filtered": "crData/Talento_y_Compromiso_1391/Talento_y_Compromiso_85-04_03587/filtered_results.json",
        "final": "crData/Talento_y_Compromiso_1391/Talento_y_Compromiso_85-04_03587/final_results.json",
        "statistics": "crData/Talento_y_Compromiso_1391/Talento_y_Compromiso_85-04_03587/statistics_results.json"
      },
      "processing_time": 1.8489282131195068,
      "total_crossref": 52101,
      "crossref_percentage": 0.0
    },
    "85-05": {
      "tool_name": "Talento y Compromiso",
      "batch_id": "04021",
      "date": "85-05",
      "initial_count": 29,
      "filtered_count": 0,
      "final_count": 0,
      "duplicate_count": 0,
      "terms": {
        "Employee": 14,
        "Corporate": 15
      },
      "file_paths": {
        "base_folder": "crData/Talento_y_Compromiso_1391/Talento_y_Compromiso_85-05_04021",
        "term_results_folder": "crData/Talento_y_Compromiso_1391/Talento_y_Compromiso_85-05_04021/term_results",
        "merged": "crData/Talento_y_Compromiso_1391/Talento_y_Compromiso_85-05_04021/merged_results.json",
        "filtered": "crData/Talento_y_Compromiso_1391/Talento_y_Compromiso_85-05_04021/filtered_results.json",
        "final": "crData/Talento_y_Compromiso_1391/Talento_y_Compromiso_85-05_04021/final_results.json",
        "statistics": "crData/Talento_y_Compromiso_1391/Talento_y_Compromiso_85-05_04021/statistics_results.json"
      },
      "processing_time": 3.7068400382995605,
      "total_crossref": 46493,
      "crossref_percentage": 0.0
    },
    "85-06": {
      "tool_name": "Talento y Compromiso",
      "batch_id": "04073",
      "date": "85-06",
      "initial_count": 73,
      "filtered_count": 0,
      "final_count": 0,
      "duplicate_count": 0,
      "terms": {
        "Employee": 23,
        "Corporate": 50
      },
      "file_paths": {
        "base_folder": "crData/Talento_y_Compromiso_1391/Talento_y_Compromiso_85-06_04073",
        "term_results_folder": "crData/Talento_y_Compromiso_1391/Talento_y_Compromiso_85-06_04073/term_results",
        "merged": "crData/Talento_y_Compromiso_1391/Talento_y_Compromiso_85-06_04073/merged_results.json",
        "filtered": "crData/Talento_y_Compromiso_1391/Talento_y_Compromiso_85-06_04073/filtered_results.json",
        "final": "crData/Talento_y_Compromiso_1391/Talento_y_Compromiso_85-06_04073/final_results.json",
        "statistics": "crData/Talento_y_Compromiso_1391/Talento_y_Compromiso_85-06_04073/statistics_results.json"
      },
      "processing_time": 2.5439560413360596,
      "total_crossref": 53497,
      "crossref_percentage": 0.0
    },
    "85-07": {
      "tool_name": "Talento y Compromiso",
      "batch_id": "04114",
      "date": "85-07",
      "initial_count": 39,
      "filtered_count": 0,
      "final_count": 0,
      "duplicate_count": 0,
      "terms": {
        "Employee": 14,
        "Corporate": 25
      },
      "file_paths": {
        "base_folder": "crData/Talento_y_Compromiso_1391/Talento_y_Compromiso_85-07_04114",
        "term_results_folder": "crData/Talento_y_Compromiso_1391/Talento_y_Compromiso_85-07_04114/term_results",
        "merged": "crData/Talento_y_Compromiso_1391/Talento_y_Compromiso_85-07_04114/merged_results.json",
        "filtered": "crData/Talento_y_Compromiso_1391/Talento_y_Compromiso_85-07_04114/filtered_results.json",
        "final": "crData/Talento_y_Compromiso_1391/Talento_y_Compromiso_85-07_04114/final_results.json",
        "statistics": "crData/Talento_y_Compromiso_1391/Talento_y_Compromiso_85-07_04114/statistics_results.json"
      },
      "processing_time": 2.022534132003784,
      "total_crossref": 50178,
      "crossref_percentage": 0.0
    },
    "85-08": {
      "tool_name": "Talento y Compromiso",
      "batch_id": "04149",
      "date": "85-08",
      "initial_count": 36,
      "filtered_count": 0,
      "final_count": 0,
      "duplicate_count": 0,
      "terms": {
        "Employee": 9,
        "Corporate": 27
      },
      "file_paths": {
        "base_folder": "crData/Talento_y_Compromiso_1391/Talento_y_Compromiso_85-08_04149",
        "term_results_folder": "crData/Talento_y_Compromiso_1391/Talento_y_Compromiso_85-08_04149/term_results",
        "merged": "crData/Talento_y_Compromiso_1391/Talento_y_Compromiso_85-08_04149/merged_results.json",
        "filtered": "crData/Talento_y_Compromiso_1391/Talento_y_Compromiso_85-08_04149/filtered_results.json",
        "final": "crData/Talento_y_Compromiso_1391/Talento_y_Compromiso_85-08_04149/final_results.json",
        "statistics": "crData/Talento_y_Compromiso_1391/Talento_y_Compromiso_85-08_04149/statistics_results.json"
      },
      "processing_time": 1.797029972076416,
      "total_crossref": 42107,
      "crossref_percentage": 0.0
    },
    "85-09": {
      "tool_name": "Talento y Compromiso",
      "batch_id": "04182",
      "date": "85-09",
      "initial_count": 54,
      "filtered_count": 0,
      "final_count": 0,
      "duplicate_count": 0,
      "terms": {
        "Employee": 15,
        "Corporate": 39
      },
      "file_paths": {
        "base_folder": "crData/Talento_y_Compromiso_1391/Talento_y_Compromiso_85-09_04182",
        "term_results_folder": "crData/Talento_y_Compromiso_1391/Talento_y_Compromiso_85-09_04182/term_results",
        "merged": "crData/Talento_y_Compromiso_1391/Talento_y_Compromiso_85-09_04182/merged_results.json",
        "filtered": "crData/Talento_y_Compromiso_1391/Talento_y_Compromiso_85-09_04182/filtered_results.json",
        "final": "crData/Talento_y_Compromiso_1391/Talento_y_Compromiso_85-09_04182/final_results.json",
        "statistics": "crData/Talento_y_Compromiso_1391/Talento_y_Compromiso_85-09_04182/statistics_results.json"
      },
      "processing_time": 3.439936876296997,
      "total_crossref": 56208,
      "crossref_percentage": 0.0
    },
    "85-10": {
      "tool_name": "Talento y Compromiso",
      "batch_id": "04232",
      "date": "85-10",
      "initial_count": 48,
      "filtered_count": 0,
      "final_count": 0,
      "duplicate_count": 0,
      "terms": {
        "Employee": 22,
        "Corporate": 26
      },
      "file_paths": {
        "base_folder": "crData/Talento_y_Compromiso_1391/Talento_y_Compromiso_85-10_04232",
        "term_results_folder": "crData/Talento_y_Compromiso_1391/Talento_y_Compromiso_85-10_04232/term_results",
        "merged": "crData/Talento_y_Compromiso_1391/Talento_y_Compromiso_85-10_04232/merged_results.json",
        "filtered": "crData/Talento_y_Compromiso_1391/Talento_y_Compromiso_85-10_04232/filtered_results.json",
        "final": "crData/Talento_y_Compromiso_1391/Talento_y_Compromiso_85-10_04232/final_results.json",
        "statistics": "crData/Talento_y_Compromiso_1391/Talento_y_Compromiso_85-10_04232/statistics_results.json"
      },
      "processing_time": 2.0343642234802246,
      "total_crossref": 51615,
      "crossref_percentage": 0.0
    },
    "85-11": {
      "tool_name": "Talento y Compromiso",
      "batch_id": "04267",
      "date": "85-11",
      "initial_count": 20,
      "filtered_count": 0,
      "final_count": 0,
      "duplicate_count": 0,
      "terms": {
        "Employee": 6,
        "Corporate": 14
      },
      "file_paths": {
        "base_folder": "crData/Talento_y_Compromiso_1391/Talento_y_Compromiso_85-11_04267",
        "term_results_folder": "crData/Talento_y_Compromiso_1391/Talento_y_Compromiso_85-11_04267/term_results",
        "merged": "crData/Talento_y_Compromiso_1391/Talento_y_Compromiso_85-11_04267/merged_results.json",
        "filtered": "crData/Talento_y_Compromiso_1391/Talento_y_Compromiso_85-11_04267/filtered_results.json",
        "final": "crData/Talento_y_Compromiso_1391/Talento_y_Compromiso_85-11_04267/final_results.json",
        "statistics": "crData/Talento_y_Compromiso_1391/Talento_y_Compromiso_85-11_04267/statistics_results.json"
      },
      "processing_time": 1.7874889373779297,
      "total_crossref": 46271,
      "crossref_percentage": 0.0
    },
    "85-12": {
      "tool_name": "Talento y Compromiso",
      "batch_id": "04300",
      "date": "85-12",
      "initial_count": 67,
      "filtered_count": 0,
      "final_count": 0,
      "duplicate_count": 0,
      "terms": {
        "Employee": 14,
        "Corporate": 53
      },
      "file_paths": {
        "base_folder": "crData/Talento_y_Compromiso_1391/Talento_y_Compromiso_85-12_04300",
        "term_results_folder": "crData/Talento_y_Compromiso_1391/Talento_y_Compromiso_85-12_04300/term_results",
        "merged": "crData/Talento_y_Compromiso_1391/Talento_y_Compromiso_85-12_04300/merged_results.json",
        "filtered": "crData/Talento_y_Compromiso_1391/Talento_y_Compromiso_85-12_04300/filtered_results.json",
        "final": "crData/Talento_y_Compromiso_1391/Talento_y_Compromiso_85-12_04300/final_results.json",
        "statistics": "crData/Talento_y_Compromiso_1391/Talento_y_Compromiso_85-12_04300/statistics_results.json"
      },
      "processing_time": 2.088918924331665,
      "total_crossref": 81399,
      "crossref_percentage": 0.0
    }
  },
  "total_duplicates": 0,
  "monthly_files": {
    "85-01": {
      "base_folder": "crData/Talento_y_Compromiso_1391/Talento_y_Compromiso_85-01_03483",
      "term_results_folder": "crData/Talento_y_Compromiso_1391/Talento_y_Compromiso_85-01_03483/term_results",
      "merged": "crData/Talento_y_Compromiso_1391/Talento_y_Compromiso_85-01_03483/merged_results.json",
      "filtered": "crData/Talento_y_Compromiso_1391/Talento_y_Compromiso_85-01_03483/filtered_results.json",
      "final": "crData/Talento_y_Compromiso_1391/Talento_y_Compromiso_85-01_03483/final_results.json",
      "statistics": "crData/Talento_y_Compromiso_1391/Talento_y_Compromiso_85-01_03483/statistics_results.json"
    },
    "85-02": {
      "base_folder": "crData/Talento_y_Compromiso_1391/Talento_y_Compromiso_85-02_03519",
      "term_results_folder": "crData/Talento_y_Compromiso_1391/Talento_y_Compromiso_85-02_03519/term_results",
      "merged": "crData/Talento_y_Compromiso_1391/Talento_y_Compromiso_85-02_03519/merged_results.json",
      "filtered": "crData/Talento_y_Compromiso_1391/Talento_y_Compromiso_85-02_03519/filtered_results.json",
      "final": "crData/Talento_y_Compromiso_1391/Talento_y_Compromiso_85-02_03519/final_results.json",
      "statistics": "crData/Talento_y_Compromiso_1391/Talento_y_Compromiso_85-02_03519/statistics_results.json"
    },
    "85-03": {
      "base_folder": "crData/Talento_y_Compromiso_1391/Talento_y_Compromiso_85-03_03555",
      "term_results_folder": "crData/Talento_y_Compromiso_1391/Talento_y_Compromiso_85-03_03555/term_results",
      "merged": "crData/Talento_y_Compromiso_1391/Talento_y_Compromiso_85-03_03555/merged_results.json",
      "filtered": "crData/Talento_y_Compromiso_1391/Talento_y_Compromiso_85-03_03555/filtered_results.json",
      "final": "crData/Talento_y_Compromiso_1391/Talento_y_Compromiso_85-03_03555/final_results.json",
      "statistics": "crData/Talento_y_Compromiso_1391/Talento_y_Compromiso_85-03_03555/statistics_results.json"
    },
    "85-04": {
      "base_folder": "crData/Talento_y_Compromiso_1391/Talento_y_Compromiso_85-04_03587",
      "term_results_folder": "crData/Talento_y_Compromiso_1391/Talento_y_Compromiso_85-04_03587/term_results",
      "merged": "crData/Talento_y_Compromiso_1391/Talento_y_Compromiso_85-04_03587/merged_results.json",
      "filtered": "crData/Talento_y_Compromiso_1391/Talento_y_Compromiso_85-04_03587/filtered_results.json",
      "final": "crData/Talento_y_Compromiso_1391/Talento_y_Compromiso_85-04_03587/final_results.json",
      "statistics": "crData/Talento_y_Compromiso_1391/Talento_y_Compromiso_85-04_03587/statistics_results.json"
    },
    "85-05": {
      "base_folder": "crData/Talento_y_Compromiso_1391/Talento_y_Compromiso_85-05_04021",
      "term_results_folder": "crData/Talento_y_Compromiso_1391/Talento_y_Compromiso_85-05_04021/term_results",
      "merged": "crData/Talento_y_Compromiso_1391/Talento_y_Compromiso_85-05_04021/merged_results.json",
      "filtered": "crData/Talento_y_Compromiso_1391/Talento_y_Compromiso_85-05_04021/filtered_results.json",
      "final": "crData/Talento_y_Compromiso_1391/Talento_y_Compromiso_85-05_04021/final_results.json",
      "statistics": "crData/Talento_y_Compromiso_1391/Talento_y_Compromiso_85-05_04021/statistics_results.json"
    },
    "85-06": {
      "base_folder": "crData/Talento_y_Compromiso_1391/Talento_y_Compromiso_85-06_04073",
      "term_results_folder": "crData/Talento_y_Compromiso_1391/Talento_y_Compromiso_85-06_04073/term_results",
      "merged": "crData/Talento_y_Compromiso_1391/Talento_y_Compromiso_85-06_04073/merged_results.json",
      "filtered": "crData/Talento_y_Compromiso_1391/Talento_y_Compromiso_85-06_04073/filtered_results.json",
      "final": "crData/Talento_y_Compromiso_1391/Talento_y_Compromiso_85-06_04073/final_results.json",
      "statistics": "crData/Talento_y_Compromiso_1391/Talento_y_Compromiso_85-06_04073/statistics_results.json"
    },
    "85-07": {
      "base_folder": "crData/Talento_y_Compromiso_1391/Talento_y_Compromiso_85-07_04114",
      "term_results_folder": "crData/Talento_y_Compromiso_1391/Talento_y_Compromiso_85-07_04114/term_results",
      "merged": "crData/Talento_y_Compromiso_1391/Talento_y_Compromiso_85-07_04114/merged_results.json",
      "filtered": "crData/Talento_y_Compromiso_1391/Talento_y_Compromiso_85-07_04114/filtered_results.json",
      "final": "crData/Talento_y_Compromiso_1391/Talento_y_Compromiso_85-07_04114/final_results.json",
      "statistics": "crData/Talento_y_Compromiso_1391/Talento_y_Compromiso_85-07_04114/statistics_results.json"
    },
    "85-08": {
      "base_folder": "crData/Talento_y_Compromiso_1391/Talento_y_Compromiso_85-08_04149",
      "term_results_folder": "crData/Talento_y_Compromiso_1391/Talento_y_Compromiso_85-08_04149/term_results",
      "merged": "crData/Talento_y_Compromiso_1391/Talento_y_Compromiso_85-08_04149/merged_results.json",
      "filtered": "crData/Talento_y_Compromiso_1391/Talento_y_Compromiso_85-08_04149/filtered_results.json",
      "final": "crData/Talento_y_Compromiso_1391/Talento_y_Compromiso_85-08_04149/final_results.json",
      "statistics": "crData/Talento_y_Compromiso_1391/Talento_y_Compromiso_85-08_04149/statistics_results.json"
    },
    "85-09": {
      "base_folder": "crData/Talento_y_Compromiso_1391/Talento_y_Compromiso_85-09_04182",
      "term_results_folder": "crData/Talento_y_Compromiso_1391/Talento_y_Compromiso_85-09_04182/term_results",
      "merged": "crData/Talento_y_Compromiso_1391/Talento_y_Compromiso_85-09_04182/merged_results.json",
      "filtered": "crData/Talento_y_Compromiso_1391/Talento_y_Compromiso_85-09_04182/filtered_results.json",
      "final": "crData/Talento_y_Compromiso_1391/Talento_y_Compromiso_85-09_04182/final_results.json",
      "statistics": "crData/Talento_y_Compromiso_1391/Talento_y_Compromiso_85-09_04182/statistics_results.json"
    },
    "85-10": {
      "base_folder": "crData/Talento_y_Compromiso_1391/Talento_y_Compromiso_85-10_04232",
      "term_results_folder": "crData/Talento_y_Compromiso_1391/Talento_y_Compromiso_85-10_04232/term_results",
      "merged": "crData/Talento_y_Compromiso_1391/Talento_y_Compromiso_85-10_04232/merged_results.json",
      "filtered": "crData/Talento_y_Compromiso_1391/Talento_y_Compromiso_85-10_04232/filtered_results.json",
      "final": "crData/Talento_y_Compromiso_1391/Talento_y_Compromiso_85-10_04232/final_results.json",
      "statistics": "crData/Talento_y_Compromiso_1391/Talento_y_Compromiso_85-10_04232/statistics_results.json"
    },
    "85-11": {
      "base_folder": "crData/Talento_y_Compromiso_1391/Talento_y_Compromiso_85-11_04267",
      "term_results_folder": "crData/Talento_y_Compromiso_1391/Talento_y_Compromiso_85-11_04267/term_results",
      "merged": "crData/Talento_y_Compromiso_1391/Talento_y_Compromiso_85-11_04267/merged_results.json",
      "filtered": "crData/Talento_y_Compromiso_1391/Talento_y_Compromiso_85-11_04267/filtered_results.json",
      "final": "crData/Talento_y_Compromiso_1391/Talento_y_Compromiso_85-11_04267/final_results.json",
      "statistics": "crData/Talento_y_Compromiso_1391/Talento_y_Compromiso_85-11_04267/statistics_results.json"
    },
    "85-12": {
      "base_folder": "crData/Talento_y_Compromiso_1391/Talento_y_Compromiso_85-12_04300",
      "term_results_folder": "crData/Talento_y_Compromiso_1391/Talento_y_Compromiso_85-12_04300/term_results",
      "merged": "crData/Talento_y_Compromiso_1391/Talento_y_Compromiso_85-12_04300/merged_results.json",
      "filtered": "crData/Talento_y_Compromiso_1391/Talento_y_Compromiso_85-12_04300/filtered_results.json",
      "final": "crData/Talento_y_Compromiso_1391/Talento_y_Compromiso_85-12_04300/final_results.json",
      "statistics": "crData/Talento_y_Compromiso_1391/Talento_y_Compromiso_85-12_04300/statistics_results.json"
    }
  }
}