{
  "tool_name": "Talento y Compromiso",
  "year": "1981",
  "monthly_stats": {
    "81-01": {
      "tool_name": "Talento y Compromiso",
      "batch_id": "00325",
      "date": "81-01",
      "initial_count": 120,
      "filtered_count": 0,
      "final_count": 0,
      "duplicate_count": 0,
      "terms": {
        "Employee": 24,
        "Corporate": 96
      },
      "file_paths": {
        "base_folder": "crData/Talento_y_Compromiso_1391/Talento_y_Compromiso_81-01_00325",
        "term_results_folder": "crData/Talento_y_Compromiso_1391/Talento_y_Compromiso_81-01_00325/term_results",
        "merged": "crData/Talento_y_Compromiso_1391/Talento_y_Compromiso_81-01_00325/merged_results.json",
        "filtered": "crData/Talento_y_Compromiso_1391/Talento_y_Compromiso_81-01_00325/filtered_results.json",
        "final": "crData/Talento_y_Compromiso_1391/Talento_y_Compromiso_81-01_00325/final_results.json",
        "statistics": "crData/Talento_y_Compromiso_1391/Talento_y_Compromiso_81-01_00325/statistics_results.json"
      },
      "processing_time": 4.744126319885254,
      "total_crossref": 265289,
      "crossref_percentage": 0.0
    },
    "81-02": {
      "tool_name": "Talento y Compromiso",
      "batch_id": "00387",
      "date": "81-02",
      "initial_count": 33,
      "filtered_count": 0,
      "final_count": 0,
      "duplicate_count": 0,
      "terms": {
        "Employee": 11,
        "Corporate": 22
      },
      "file_paths": {
        "base_folder": "crData/Talento_y_Compromiso_1391/Talento_y_Compromiso_81-02_00387",
        "term_results_folder": "crData/Talento_y_Compromiso_1391/Talento_y_Compromiso_81-02_00387/term_results",
        "merged": "crData/Talento_y_Compromiso_1391/Talento_y_Compromiso_81-02_00387/merged_results.json",
        "filtered": "crData/Talento_y_Compromiso_1391/Talento_y_Compromiso_81-02_00387/filtered_results.json",
        "final": "crData/Talento_y_Compromiso_1391/Talento_y_Compromiso_81-02_00387/final_results.json",
        "statistics": "crData/Talento_y_Compromiso_1391/Talento_y_Compromiso_81-02_00387/statistics_results.json"
      },
      "processing_time": 2.494666814804077,
      "total_crossref": 38011,
      "crossref_percentage": 0.0
    },
    "81-03": {
      "tool_name": "Talento y Compromiso",
      "batch_id": "00427",
      "date": "81-03",
      "initial_count": 39,
      "filtered_count": 0,
      "final_count": 0,
      "duplicate_count": 0,
      "terms": {
        "Employee": 15,
        "Corporate": 24
      },
      "file_paths": {
        "base_folder": "crData/Talento_y_Compromiso_1391/Talento_y_Compromiso_81-03_00427",
        "term_results_folder": "crData/Talento_y_Compromiso_1391/Talento_y_Compromiso_81-03_00427/term_results",
        "merged": "crData/Talento_y_Compromiso_1391/Talento_y_Compromiso_81-03_00427/merged_results.json",
        "filtered": "crData/Talento_y_Compromiso_1391/Talento_y_Compromiso_81-03_00427/filtered_results.json",
        "final": "crData/Talento_y_Compromiso_1391/Talento_y_Compromiso_81-03_00427/final_results.json",
        "statistics": "crData/Talento_y_Compromiso_1391/Talento_y_Compromiso_81-03_00427/statistics_results.json"
      },
      "processing_time": 1.9515190124511719,
      "total_crossref": 49667,
      "crossref_percentage": 0.0
    },
    "81-04": {
      "tool_name": "Talento y Compromiso",
      "batch_id": "00462",
      "date": "81-04",
      "initial_count": 43,
      "filtered_count": 0,
      "final_count": 0,
      "duplicate_count": 0,
      "terms": {
        "Employee": 16,
        "Corporate": 27
      },
      "file_paths": {
        "base_folder": "crData/Talento_y_Compromiso_1391/Talento_y_Compromiso_81-04_00462",
        "term_results_folder": "crData/Talento_y_Compromiso_1391/Talento_y_Compromiso_81-04_00462/term_results",
        "merged": "crData/Talento_y_Compromiso_1391/Talento_y_Compromiso_81-04_00462/merged_results.json",
        "filtered": "crData/Talento_y_Compromiso_1391/Talento_y_Compromiso_81-04_00462/filtered_results.json",
        "final": "crData/Talento_y_Compromiso_1391/Talento_y_Compromiso_81-04_00462/final_results.json",
        "statistics": "crData/Talento_y_Compromiso_1391/Talento_y_Compromiso_81-04_00462/statistics_results.json"
      },
      "processing_time": 1.7623138427734375,
      "total_crossref": 46669,
      "crossref_percentage": 0.0
    },
    "81-05": {
      "tool_name": "Talento y Compromiso",
      "batch_id": "00495",
      "date": "81-05",
      "initial_count": 18,
      "filtered_count": 0,
      "final_count": 0,
      "duplicate_count": 0,
      "terms": {
        "Employee": 9,
        "Corporate": 9
      },
      "file_paths": {
        "base_folder": "crData/Talento_y_Compromiso_1391/Talento_y_Compromiso_81-05_00495",
        "term_results_folder": "crData/Talento_y_Compromiso_1391/Talento_y_Compromiso_81-05_00495/term_results",
        "merged": "crData/Talento_y_Compromiso_1391/Talento_y_Compromiso_81-05_00495/merged_results.json",
        "filtered": "crData/Talento_y_Compromiso_1391/Talento_y_Compromiso_81-05_00495/filtered_results.json",
        "final": "crData/Talento_y_Compromiso_1391/Talento_y_Compromiso_81-05_00495/final_results.json",
        "statistics": "crData/Talento_y_Compromiso_1391/Talento_y_Compromiso_81-05_00495/statistics_results.json"
      },
      "processing_time": 1.8427610397338867,
      "total_crossref": 39140,
      "crossref_percentage": 0.0
    },
    "81-06": {
      "tool_name": "Talento y Compromiso",
      "batch_id": "00528",
      "date": "81-06",
      "initial_count": 54,
      "filtered_count": 0,
      "final_count": 0,
      "duplicate_count": 0,
      "terms": {
        "Employee": 15,
        "Corporate": 39
      },
      "file_paths": {
        "base_folder": "crData/Talento_y_Compromiso_1391/Talento_y_Compromiso_81-06_00528",
        "term_results_folder": "crData/Talento_y_Compromiso_1391/Talento_y_Compromiso_81-06_00528/term_results",
        "merged": "crData/Talento_y_Compromiso_1391/Talento_y_Compromiso_81-06_00528/merged_results.json",
        "filtered": "crData/Talento_y_Compromiso_1391/Talento_y_Compromiso_81-06_00528/filtered_results.json",
        "final": "crData/Talento_y_Compromiso_1391/Talento_y_Compromiso_81-06_00528/final_results.json",
        "statistics": "crData/Talento_y_Compromiso_1391/Talento_y_Compromiso_81-06_00528/statistics_results.json"
      },
      "processing_time": 1.8405859470367432,
      "total_crossref": 45830,
      "crossref_percentage": 0.0
    },
    "81-07": {
      "tool_name": "Talento y Compromiso",
      "batch_id": "00562",
      "date": "81-07",
      "initial_count": 28,
      "filtered_count": 0,
      "final_count": 0,
      "duplicate_count": 0,
      "terms": {
        "Employee": 8,
        "Corporate": 20
      },
      "file_paths": {
        "base_folder": "crData/Talento_y_Compromiso_1391/Talento_y_Compromiso_81-07_00562",
        "term_results_folder": "crData/Talento_y_Compromiso_1391/Talento_y_Compromiso_81-07_00562/term_results",
        "merged": "crData/Talento_y_Compromiso_1391/Talento_y_Compromiso_81-07_00562/merged_results.json",
        "filtered": "crData/Talento_y_Compromiso_1391/Talento_y_Compromiso_81-07_00562/filtered_results.json",
        "final": "crData/Talento_y_Compromiso_1391/Talento_y_Compromiso_81-07_00562/final_results.json",
        "statistics": "crData/Talento_y_Compromiso_1391/Talento_y_Compromiso_81-07_00562/statistics_results.json"
      },
      "processing_time": 1.9662551879882812,
      "total_crossref": 41981,
      "crossref_percentage": 0.0
    },
    "81-08": {
      "tool_name": "Talento y Compromiso",
      "batch_id": "00596",
      "date": "81-08",
      "initial_count": 20,
      "filtered_count": 0,
      "final_count": 0,
      "duplicate_count": 0,
      "terms": {
        "Employee": 10,
        "Corporate": 10
      },
      "file_paths": {
        "base_folder": "crData/Talento_y_Compromiso_1391/Talento_y_Compromiso_81-08_00596",
        "term_results_folder": "crData/Talento_y_Compromiso_1391/Talento_y_Compromiso_81-08_00596/term_results",
        "merged": "crData/Talento_y_Compromiso_1391/Talento_y_Compromiso_81-08_00596/merged_results.json",
        "filtered": "crData/Talento_y_Compromiso_1391/Talento_y_Compromiso_81-08_00596/filtered_results.json",
        "final": "crData/Talento_y_Compromiso_1391/Talento_y_Compromiso_81-08_00596/final_results.json",
        "statistics": "crData/Talento_y_Compromiso_1391/Talento_y_Compromiso_81-08_00596/statistics_results.json"
      },
      "processing_time": 2.8129239082336426,
      "total_crossref": 37860,
      "crossref_percentage": 0.0
    },
    "81-09": {
      "tool_name": "Talento y Compromiso",
      "batch_id": "01040",
      "date": "81-09",
      "initial_count": 29,
      "filtered_count": 0,
      "final_count": 0,
      "duplicate_count": 0,
      "terms": {
        "Employee": 9,
        "Corporate": 20
      },
      "file_paths": {
        "base_folder": "crData/Talento_y_Compromiso_1391/Talento_y_Compromiso_81-09_01040",
        "term_results_folder": "crData/Talento_y_Compromiso_1391/Talento_y_Compromiso_81-09_01040/term_results",
        "merged": "crData/Talento_y_Compromiso_1391/Talento_y_Compromiso_81-09_01040/merged_results.json",
        "filtered": "crData/Talento_y_Compromiso_1391/Talento_y_Compromiso_81-09_01040/filtered_results.json",
        "final": "crData/Talento_y_Compromiso_1391/Talento_y_Compromiso_81-09_01040/final_results.json",
        "statistics": "crData/Talento_y_Compromiso_1391/Talento_y_Compromiso_81-09_01040/statistics_results.json"
      },
      "processing_time": 3.5459299087524414,
      "total_crossref": 47044,
      "crossref_percentage": 0.0
    },
    "81-10": {
      "tool_name": "Talento y Compromiso",
      "batch_id": "01090",
      "date": "81-10",
      "initial_count": 38,
      "filtered_count": 0,
      "final_count": 0,
      "duplicate_count": 0,
      "terms": {
        "Employee": 14,
        "Corporate": 24
      },
      "file_paths": {
        "base_folder": "crData/Talento_y_Compromiso_1391/Talento_y_Compromiso_81-10_01090",
        "term_results_folder": "crData/Talento_y_Compromiso_1391/Talento_y_Compromiso_81-10_01090/term_results",
        "merged": "crData/Talento_y_Compromiso_1391/Talento_y_Compromiso_81-10_01090/merged_results.json",
        "filtered": "crData/Talento_y_Compromiso_1391/Talento_y_Compromiso_81-10_01090/filtered_results.json",
        "final": "crData/Talento_y_Compromiso_1391/Talento_y_Compromiso_81-10_01090/final_results.json",
        "statistics": "crData/Talento_y_Compromiso_1391/Talento_y_Compromiso_81-10_01090/statistics_results.json"
      },
      "processing_time": 2.3947629928588867,
      "total_crossref": 45754,
      "crossref_percentage": 0.0
    },
    "81-11": {
      "tool_name": "Talento y Compromiso",
      "batch_id": "01129",
      "date": "81-11",
      "initial_count": 16,
      "filtered_count": 0,
      "final_count": 0,
      "duplicate_count": 0,
      "terms": {
        "Employee": 3,
        "Corporate": 13
      },
      "file_paths": {
        "base_folder": "crData/Talento_y_Compromiso_1391/Talento_y_Compromiso_81-11_01129",
        "term_results_folder": "crData/Talento_y_Compromiso_1391/Talento_y_Compromiso_81-11_01129/term_results",
        "merged": "crData/Talento_y_Compromiso_1391/Talento_y_Compromiso_81-11_01129/merged_results.json",
        "filtered": "crData/Talento_y_Compromiso_1391/Talento_y_Compromiso_81-11_01129/filtered_results.json",
        "final": "crData/Talento_y_Compromiso_1391/Talento_y_Compromiso_81-11_01129/final_results.json",
        "statistics": "crData/Talento_y_Compromiso_1391/Talento_y_Compromiso_81-11_01129/statistics_results.json"
      },
      "processing_time": 1.541214942932129,
      "total_crossref": 39722,
      "crossref_percentage": 0.0
    },
    "81-12": {
      "tool_name": "Talento y Compromiso",
      "batch_id": "01160",
      "date": "81-12",
      "initial_count": 43,
      "filtered_count": 0,
      "final_count": 0,
      "duplicate_count": 0,
      "terms": {
        "Employee": 11,
        "Corporate": 32
      },
      "file_paths": {
        "base_folder": "crData/Talento_y_Compromiso_1391/Talento_y_Compromiso_81-12_01160",
        "term_results_folder": "crData/Talento_y_Compromiso_1391/Talento_y_Compromiso_81-12_01160/term_results",
        "merged": "crData/Talento_y_Compromiso_1391/Talento_y_Compromiso_81-12_01160/merged_results.json",
        "filtered": "crData/Talento_y_Compromiso_1391/Talento_y_Compromiso_81-12_01160/filtered_results.json",
        "final": "crData/Talento_y_Compromiso_1391/Talento_y_Compromiso_81-12_01160/final_results.json",
        "statistics": "crData/Talento_y_Compromiso_1391/Talento_y_Compromiso_81-12_01160/statistics_results.json"
      },
      "processing_time": 1.7659327983856201,
      "total_crossref": 72513,
      "crossref_percentage": 0.0
    }
  },
  "total_duplicates": 0,
  "monthly_files": {
    "81-01": {
      "base_folder": "crData/Talento_y_Compromiso_1391/Talento_y_Compromiso_81-01_00325",
      "term_results_folder": "crData/Talento_y_Compromiso_1391/Talento_y_Compromiso_81-01_00325/term_results",
      "merged": "crData/Talento_y_Compromiso_1391/Talento_y_Compromiso_81-01_00325/merged_results.json",
      "filtered": "crData/Talento_y_Compromiso_1391/Talento_y_Compromiso_81-01_00325/filtered_results.json",
      "final": "crData/Talento_y_Compromiso_1391/Talento_y_Compromiso_81-01_00325/final_results.json",
      "statistics": "crData/Talento_y_Compromiso_1391/Talento_y_Compromiso_81-01_00325/statistics_results.json"
    },
    "81-02": {
      "base_folder": "crData/Talento_y_Compromiso_1391/Talento_y_Compromiso_81-02_00387",
      "term_results_folder": "crData/Talento_y_Compromiso_1391/Talento_y_Compromiso_81-02_00387/term_results",
      "merged": "crData/Talento_y_Compromiso_1391/Talento_y_Compromiso_81-02_00387/merged_results.json",
      "filtered": "crData/Talento_y_Compromiso_1391/Talento_y_Compromiso_81-02_00387/filtered_results.json",
      "final": "crData/Talento_y_Compromiso_1391/Talento_y_Compromiso_81-02_00387/final_results.json",
      "statistics": "crData/Talento_y_Compromiso_1391/Talento_y_Compromiso_81-02_00387/statistics_results.json"
    },
    "81-03": {
      "base_folder": "crData/Talento_y_Compromiso_1391/Talento_y_Compromiso_81-03_00427",
      "term_results_folder": "crData/Talento_y_Compromiso_1391/Talento_y_Compromiso_81-03_00427/term_results",
      "merged": "crData/Talento_y_Compromiso_1391/Talento_y_Compromiso_81-03_00427/merged_results.json",
      "filtered": "crData/Talento_y_Compromiso_1391/Talento_y_Compromiso_81-03_00427/filtered_results.json",
      "final": "crData/Talento_y_Compromiso_1391/Talento_y_Compromiso_81-03_00427/final_results.json",
      "statistics": "crData/Talento_y_Compromiso_1391/Talento_y_Compromiso_81-03_00427/statistics_results.json"
    },
    "81-04": {
      "base_folder": "crData/Talento_y_Compromiso_1391/Talento_y_Compromiso_81-04_00462",
      "term_results_folder": "crData/Talento_y_Compromiso_1391/Talento_y_Compromiso_81-04_00462/term_results",
      "merged": "crData/Talento_y_Compromiso_1391/Talento_y_Compromiso_81-04_00462/merged_results.json",
      "filtered": "crData/Talento_y_Compromiso_1391/Talento_y_Compromiso_81-04_00462/filtered_results.json",
      "final": "crData/Talento_y_Compromiso_1391/Talento_y_Compromiso_81-04_00462/final_results.json",
      "statistics": "crData/Talento_y_Compromiso_1391/Talento_y_Compromiso_81-04_00462/statistics_results.json"
    },
    "81-05": {
      "base_folder": "crData/Talento_y_Compromiso_1391/Talento_y_Compromiso_81-05_00495",
      "term_results_folder": "crData/Talento_y_Compromiso_1391/Talento_y_Compromiso_81-05_00495/term_results",
      "merged": "crData/Talento_y_Compromiso_1391/Talento_y_Compromiso_81-05_00495/merged_results.json",
      "filtered": "crData/Talento_y_Compromiso_1391/Talento_y_Compromiso_81-05_00495/filtered_results.json",
      "final": "crData/Talento_y_Compromiso_1391/Talento_y_Compromiso_81-05_00495/final_results.json",
      "statistics": "crData/Talento_y_Compromiso_1391/Talento_y_Compromiso_81-05_00495/statistics_results.json"
    },
    "81-06": {
      "base_folder": "crData/Talento_y_Compromiso_1391/Talento_y_Compromiso_81-06_00528",
      "term_results_folder": "crData/Talento_y_Compromiso_1391/Talento_y_Compromiso_81-06_00528/term_results",
      "merged": "crData/Talento_y_Compromiso_1391/Talento_y_Compromiso_81-06_00528/merged_results.json",
      "filtered": "crData/Talento_y_Compromiso_1391/Talento_y_Compromiso_81-06_00528/filtered_results.json",
      "final": "crData/Talento_y_Compromiso_1391/Talento_y_Compromiso_81-06_00528/final_results.json",
      "statistics": "crData/Talento_y_Compromiso_1391/Talento_y_Compromiso_81-06_00528/statistics_results.json"
    },
    "81-07": {
      "base_folder": "crData/Talento_y_Compromiso_1391/Talento_y_Compromiso_81-07_00562",
      "term_results_folder": "crData/Talento_y_Compromiso_1391/Talento_y_Compromiso_81-07_00562/term_results",
      "merged": "crData/Talento_y_Compromiso_1391/Talento_y_Compromiso_81-07_00562/merged_results.json",
      "filtered": "crData/Talento_y_Compromiso_1391/Talento_y_Compromiso_81-07_00562/filtered_results.json",
      "final": "crData/Talento_y_Compromiso_1391/Talento_y_Compromiso_81-07_00562/final_results.json",
      "statistics": "crData/Talento_y_Compromiso_1391/Talento_y_Compromiso_81-07_00562/statistics_results.json"
    },
    "81-08": {
      "base_folder": "crData/Talento_y_Compromiso_1391/Talento_y_Compromiso_81-08_00596",
      "term_results_folder": "crData/Talento_y_Compromiso_1391/Talento_y_Compromiso_81-08_00596/term_results",
      "merged": "crData/Talento_y_Compromiso_1391/Talento_y_Compromiso_81-08_00596/merged_results.json",
      "filtered": "crData/Talento_y_Compromiso_1391/Talento_y_Compromiso_81-08_00596/filtered_results.json",
      "final": "crData/Talento_y_Compromiso_1391/Talento_y_Compromiso_81-08_00596/final_results.json",
      "statistics": "crData/Talento_y_Compromiso_1391/Talento_y_Compromiso_81-08_00596/statistics_results.json"
    },
    "81-09": {
      "base_folder": "crData/Talento_y_Compromiso_1391/Talento_y_Compromiso_81-09_01040",
      "term_results_folder": "crData/Talento_y_Compromiso_1391/Talento_y_Compromiso_81-09_01040/term_results",
      "merged": "crData/Talento_y_Compromiso_1391/Talento_y_Compromiso_81-09_01040/merged_results.json",
      "filtered": "crData/Talento_y_Compromiso_1391/Talento_y_Compromiso_81-09_01040/filtered_results.json",
      "final": "crData/Talento_y_Compromiso_1391/Talento_y_Compromiso_81-09_01040/final_results.json",
      "statistics": "crData/Talento_y_Compromiso_1391/Talento_y_Compromiso_81-09_01040/statistics_results.json"
    },
    "81-10": {
      "base_folder": "crData/Talento_y_Compromiso_1391/Talento_y_Compromiso_81-10_01090",
      "term_results_folder": "crData/Talento_y_Compromiso_1391/Talento_y_Compromiso_81-10_01090/term_results",
      "merged": "crData/Talento_y_Compromiso_1391/Talento_y_Compromiso_81-10_01090/merged_results.json",
      "filtered": "crData/Talento_y_Compromiso_1391/Talento_y_Compromiso_81-10_01090/filtered_results.json",
      "final": "crData/Talento_y_Compromiso_1391/Talento_y_Compromiso_81-10_01090/final_results.json",
      "statistics": "crData/Talento_y_Compromiso_1391/Talento_y_Compromiso_81-10_01090/statistics_results.json"
    },
    "81-11": {
      "base_folder": "crData/Talento_y_Compromiso_1391/Talento_y_Compromiso_81-11_01129",
      "term_results_folder": "crData/Talento_y_Compromiso_1391/Talento_y_Compromiso_81-11_01129/term_results",
      "merged": "crData/Talento_y_Compromiso_1391/Talento_y_Compromiso_81-11_01129/merged_results.json",
      "filtered": "crData/Talento_y_Compromiso_1391/Talento_y_Compromiso_81-11_01129/filtered_results.json",
      "final": "crData/Talento_y_Compromiso_1391/Talento_y_Compromiso_81-11_01129/final_results.json",
      "statistics": "crData/Talento_y_Compromiso_1391/Talento_y_Compromiso_81-11_01129/statistics_results.json"
    },
    "81-12": {
      "base_folder": "crData/Talento_y_Compromiso_1391/Talento_y_Compromiso_81-12_01160",
      "term_results_folder": "crData/Talento_y_Compromiso_1391/Talento_y_Compromiso_81-12_01160/term_results",
      "merged": "crData/Talento_y_Compromiso_1391/Talento_y_Compromiso_81-12_01160/merged_results.json",
      "filtered": "crData/Talento_y_Compromiso_1391/Talento_y_Compromiso_81-12_01160/filtered_results.json",
      "final": "crData/Talento_y_Compromiso_1391/Talento_y_Compromiso_81-12_01160/final_results.json",
      "statistics": "crData/Talento_y_Compromiso_1391/Talento_y_Compromiso_81-12_01160/statistics_results.json"
    }
  }
}