{
  "tool_name": "Talento y Compromiso",
  "year": "2024",
  "monthly_stats": {
    "24-01": {
      "tool_name": "Talento y Compromiso",
      "batch_id": "51401",
      "date": "24-01",
      "initial_count": 8770,
      "filtered_count": 0,
      "final_count": 0,
      "duplicate_count": 0,
      "terms": {
        "Employee": 2323,
        "Corporate": 6467
      },
      "file_paths": {
        "base_folder": "crData/Talento_y_Compromiso_1391/Talento_y_Compromiso_24-01_51401",
        "term_results_folder": "crData/Talento_y_Compromiso_1391/Talento_y_Compromiso_24-01_51401/term_results",
        "merged": "crData/Talento_y_Compromiso_1391/Talento_y_Compromiso_24-01_51401/merged_results.json",
        "filtered": "crData/Talento_y_Compromiso_1391/Talento_y_Compromiso_24-01_51401/filtered_results.json",
        "final": "crData/Talento_y_Compromiso_1391/Talento_y_Compromiso_24-01_51401/final_results.json",
        "statistics": "crData/Talento_y_Compromiso_1391/Talento_y_Compromiso_24-01_51401/statistics_results.json"
      },
      "processing_time": 28.191169023513794,
      "total_crossref": 1924619,
      "crossref_percentage": 0.0
    },
    "24-02": {
      "tool_name": "Talento y Compromiso",
      "batch_id": "52098",
      "date": "24-02",
      "initial_count": 1757,
      "filtered_count": 0,
      "final_count": 0,
      "duplicate_count": 0,
      "terms": {
        "Employee": 638,
        "Corporate": 1120
      },
      "file_paths": {
        "base_folder": "crData/Talento_y_Compromiso_1391/Talento_y_Compromiso_24-02_52098",
        "term_results_folder": "crData/Talento_y_Compromiso_1391/Talento_y_Compromiso_24-02_52098/term_results",
        "merged": "crData/Talento_y_Compromiso_1391/Talento_y_Compromiso_24-02_52098/merged_results.json",
        "filtered": "crData/Talento_y_Compromiso_1391/Talento_y_Compromiso_24-02_52098/filtered_results.json",
        "final": "crData/Talento_y_Compromiso_1391/Talento_y_Compromiso_24-02_52098/final_results.json",
        "statistics": "crData/Talento_y_Compromiso_1391/Talento_y_Compromiso_24-02_52098/statistics_results.json"
      },
      "processing_time": 6.684736967086792,
      "total_crossref": 482762,
      "crossref_percentage": 0.0
    },
    "24-03": {
      "tool_name": "Talento y Compromiso",
      "batch_id": "52180",
      "date": "24-03",
      "initial_count": 2039,
      "filtered_count": 0,
      "final_count": 0,
      "duplicate_count": 0,
      "terms": {
        "Employee": 742,
        "Corporate": 1302
      },
      "file_paths": {
        "base_folder": "crData/Talento_y_Compromiso_1391/Talento_y_Compromiso_24-03_52180",
        "term_results_folder": "crData/Talento_y_Compromiso_1391/Talento_y_Compromiso_24-03_52180/term_results",
        "merged": "crData/Talento_y_Compromiso_1391/Talento_y_Compromiso_24-03_52180/merged_results.json",
        "filtered": "crData/Talento_y_Compromiso_1391/Talento_y_Compromiso_24-03_52180/filtered_results.json",
        "final": "crData/Talento_y_Compromiso_1391/Talento_y_Compromiso_24-03_52180/final_results.json",
        "statistics": "crData/Talento_y_Compromiso_1391/Talento_y_Compromiso_24-03_52180/statistics_results.json"
      },
      "processing_time": 8.178017139434814,
      "total_crossref": 562315,
      "crossref_percentage": 0.0
    },
    "24-04": {
      "tool_name": "Talento y Compromiso",
      "batch_id": "52277",
      "date": "24-04",
      "initial_count": 1851,
      "filtered_count": 0,
      "final_count": 0,
      "duplicate_count": 0,
      "terms": {
        "Employee": 648,
        "Corporate": 1209
      },
      "file_paths": {
        "base_folder": "crData/Talento_y_Compromiso_1391/Talento_y_Compromiso_24-04_52277",
        "term_results_folder": "crData/Talento_y_Compromiso_1391/Talento_y_Compromiso_24-04_52277/term_results",
        "merged": "crData/Talento_y_Compromiso_1391/Talento_y_Compromiso_24-04_52277/merged_results.json",
        "filtered": "crData/Talento_y_Compromiso_1391/Talento_y_Compromiso_24-04_52277/filtered_results.json",
        "final": "crData/Talento_y_Compromiso_1391/Talento_y_Compromiso_24-04_52277/final_results.json",
        "statistics": "crData/Talento_y_Compromiso_1391/Talento_y_Compromiso_24-04_52277/statistics_results.json"
      },
      "processing_time": 10.301314115524292,
      "total_crossref": 563300,
      "crossref_percentage": 0.0
    },
    "24-05": {
      "tool_name": "Talento y Compromiso",
      "batch_id": "52395",
      "date": "24-05",
      "initial_count": 2028,
      "filtered_count": 0,
      "final_count": 0,
      "duplicate_count": 0,
      "terms": {
        "Employee": 743,
        "Corporate": 1288
      },
      "file_paths": {
        "base_folder": "crData/Talento_y_Compromiso_1391/Talento_y_Compromiso_24-05_52395",
        "term_results_folder": "crData/Talento_y_Compromiso_1391/Talento_y_Compromiso_24-05_52395/term_results",
        "merged": "crData/Talento_y_Compromiso_1391/Talento_y_Compromiso_24-05_52395/merged_results.json",
        "filtered": "crData/Talento_y_Compromiso_1391/Talento_y_Compromiso_24-05_52395/filtered_results.json",
        "final": "crData/Talento_y_Compromiso_1391/Talento_y_Compromiso_24-05_52395/final_results.json",
        "statistics": "crData/Talento_y_Compromiso_1391/Talento_y_Compromiso_24-05_52395/statistics_results.json"
      },
      "processing_time": 9.042999982833862,
      "total_crossref": 574083,
      "crossref_percentage": 0.0
    },
    "24-06": {
      "tool_name": "Talento y Compromiso",
      "batch_id": "52500",
      "date": "24-06",
      "initial_count": 2344,
      "filtered_count": 0,
      "final_count": 0,
      "duplicate_count": 0,
      "terms": {
        "Employee": 848,
        "Corporate": 1500
      },
      "file_paths": {
        "base_folder": "crData/Talento_y_Compromiso_1391/Talento_y_Compromiso_24-06_52500",
        "term_results_folder": "crData/Talento_y_Compromiso_1391/Talento_y_Compromiso_24-06_52500/term_results",
        "merged": "crData/Talento_y_Compromiso_1391/Talento_y_Compromiso_24-06_52500/merged_results.json",
        "filtered": "crData/Talento_y_Compromiso_1391/Talento_y_Compromiso_24-06_52500/filtered_results.json",
        "final": "crData/Talento_y_Compromiso_1391/Talento_y_Compromiso_24-06_52500/final_results.json",
        "statistics": "crData/Talento_y_Compromiso_1391/Talento_y_Compromiso_24-06_52500/statistics_results.json"
      },
      "processing_time": 7.695543050765991,
      "total_crossref": 644243,
      "crossref_percentage": 0.0
    },
    "24-07": {
      "tool_name": "Talento y Compromiso",
      "batch_id": "52592",
      "date": "24-07",
      "initial_count": 2109,
      "filtered_count": 0,
      "final_count": 0,
      "duplicate_count": 0,
      "terms": {
        "Employee": 792,
        "Corporate": 1322
      },
      "file_paths": {
        "base_folder": "crData/Talento_y_Compromiso_1391/Talento_y_Compromiso_24-07_52592",
        "term_results_folder": "crData/Talento_y_Compromiso_1391/Talento_y_Compromiso_24-07_52592/term_results",
        "merged": "crData/Talento_y_Compromiso_1391/Talento_y_Compromiso_24-07_52592/merged_results.json",
        "filtered": "crData/Talento_y_Compromiso_1391/Talento_y_Compromiso_24-07_52592/filtered_results.json",
        "final": "crData/Talento_y_Compromiso_1391/Talento_y_Compromiso_24-07_52592/final_results.json",
        "statistics": "crData/Talento_y_Compromiso_1391/Talento_y_Compromiso_24-07_52592/statistics_results.json"
      },
      "processing_time": 9.20358681678772,
      "total_crossref": 582719,
      "crossref_percentage": 0.0
    },
    "24-08": {
      "tool_name": "Talento y Compromiso",
      "batch_id": "53100",
      "date": "24-08",
      "initial_count": 2379,
      "filtered_count": 0,
      "final_count": 0,
      "duplicate_count": 0,
      "terms": {
        "Employee": 995,
        "Corporate": 1389
      },
      "file_paths": {
        "base_folder": "crData/Talento_y_Compromiso_1391/Talento_y_Compromiso_24-08_53100",
        "term_results_folder": "crData/Talento_y_Compromiso_1391/Talento_y_Compromiso_24-08_53100/term_results",
        "merged": "crData/Talento_y_Compromiso_1391/Talento_y_Compromiso_24-08_53100/merged_results.json",
        "filtered": "crData/Talento_y_Compromiso_1391/Talento_y_Compromiso_24-08_53100/filtered_results.json",
        "final": "crData/Talento_y_Compromiso_1391/Talento_y_Compromiso_24-08_53100/final_results.json",
        "statistics": "crData/Talento_y_Compromiso_1391/Talento_y_Compromiso_24-08_53100/statistics_results.json"
      },
      "processing_time": 8.140311002731323,
      "total_crossref": 520896,
      "crossref_percentage": 0.0
    },
    "24-09": {
      "tool_name": "Talento y Compromiso",
      "batch_id": "53196",
      "date": "24-09",
      "initial_count": 2112,
      "filtered_count": 0,
      "final_count": 0,
      "duplicate_count": 0,
      "terms": {
        "Employee": 791,
        "Corporate": 1326
      },
      "file_paths": {
        "base_folder": "crData/Talento_y_Compromiso_1391/Talento_y_Compromiso_24-09_53196",
        "term_results_folder": "crData/Talento_y_Compromiso_1391/Talento_y_Compromiso_24-09_53196/term_results",
        "merged": "crData/Talento_y_Compromiso_1391/Talento_y_Compromiso_24-09_53196/merged_results.json",
        "filtered": "crData/Talento_y_Compromiso_1391/Talento_y_Compromiso_24-09_53196/filtered_results.json",
        "final": "crData/Talento_y_Compromiso_1391/Talento_y_Compromiso_24-09_53196/final_results.json",
        "statistics": "crData/Talento_y_Compromiso_1391/Talento_y_Compromiso_24-09_53196/statistics_results.json"
      },
      "processing_time": 7.0998382568359375,
      "total_crossref": 599471,
      "crossref_percentage": 0.0
    },
    "24-10": {
      "tool_name": "Talento y Compromiso",
      "batch_id": "53282",
      "date": "24-10",
      "initial_count": 2245,
      "filtered_count": 0,
      "final_count": 0,
      "duplicate_count": 0,
      "terms": {
        "Employee": 767,
        "Corporate": 1481
      },
      "file_paths": {
        "base_folder": "crData/Talento_y_Compromiso_1391/Talento_y_Compromiso_24-10_53282",
        "term_results_folder": "crData/Talento_y_Compromiso_1391/Talento_y_Compromiso_24-10_53282/term_results",
        "merged": "crData/Talento_y_Compromiso_1391/Talento_y_Compromiso_24-10_53282/merged_results.json",
        "filtered": "crData/Talento_y_Compromiso_1391/Talento_y_Compromiso_24-10_53282/filtered_results.json",
        "final": "crData/Talento_y_Compromiso_1391/Talento_y_Compromiso_24-10_53282/final_results.json",
        "statistics": "crData/Talento_y_Compromiso_1391/Talento_y_Compromiso_24-10_53282/statistics_results.json"
      },
      "processing_time": 7.642673969268799,
      "total_crossref": 673554,
      "crossref_percentage": 0.0
    },
    "24-11": {
      "tool_name": "Talento y Compromiso",
      "batch_id": "53374",
      "date": "24-11",
      "initial_count": 2038,
      "filtered_count": 0,
      "final_count": 0,
      "duplicate_count": 0,
      "terms": {
        "Employee": 692,
        "Corporate": 1350
      },
      "file_paths": {
        "base_folder": "crData/Talento_y_Compromiso_1391/Talento_y_Compromiso_24-11_53374",
        "term_results_folder": "crData/Talento_y_Compromiso_1391/Talento_y_Compromiso_24-11_53374/term_results",
        "merged": "crData/Talento_y_Compromiso_1391/Talento_y_Compromiso_24-11_53374/merged_results.json",
        "filtered": "crData/Talento_y_Compromiso_1391/Talento_y_Compromiso_24-11_53374/filtered_results.json",
        "final": "crData/Talento_y_Compromiso_1391/Talento_y_Compromiso_24-11_53374/final_results.json",
        "statistics": "crData/Talento_y_Compromiso_1391/Talento_y_Compromiso_24-11_53374/statistics_results.json"
      },
      "processing_time": 8.55301022529602,
      "total_crossref": 585325,
      "crossref_percentage": 0.0
    },
    "24-12": {
      "tool_name": "Talento y Compromiso",
      "batch_id": "53474",
      "date": "24-12",
      "initial_count": 2685,
      "filtered_count": 0,
      "final_count": 0,
      "duplicate_count": 0,
      "terms": {
        "Employee": 990,
        "Corporate": 1698
      },
      "file_paths": {
        "base_folder": "crData/Talento_y_Compromiso_1391/Talento_y_Compromiso_24-12_53474",
        "term_results_folder": "crData/Talento_y_Compromiso_1391/Talento_y_Compromiso_24-12_53474/term_results",
        "merged": "crData/Talento_y_Compromiso_1391/Talento_y_Compromiso_24-12_53474/merged_results.json",
        "filtered": "crData/Talento_y_Compromiso_1391/Talento_y_Compromiso_24-12_53474/filtered_results.json",
        "final": "crData/Talento_y_Compromiso_1391/Talento_y_Compromiso_24-12_53474/final_results.json",
        "statistics": "crData/Talento_y_Compromiso_1391/Talento_y_Compromiso_24-12_53474/statistics_results.json"
      },
      "processing_time": 8.37966012954712,
      "total_crossref": 803047,
      "crossref_percentage": 0.0
    }
  },
  "total_duplicates": 0,
  "monthly_files": {
    "24-01": {
      "base_folder": "crData/Talento_y_Compromiso_1391/Talento_y_Compromiso_24-01_51401",
      "term_results_folder": "crData/Talento_y_Compromiso_1391/Talento_y_Compromiso_24-01_51401/term_results",
      "merged": "crData/Talento_y_Compromiso_1391/Talento_y_Compromiso_24-01_51401/merged_results.json",
      "filtered": "crData/Talento_y_Compromiso_1391/Talento_y_Compromiso_24-01_51401/filtered_results.json",
      "final": "crData/Talento_y_Compromiso_1391/Talento_y_Compromiso_24-01_51401/final_results.json",
      "statistics": "crData/Talento_y_Compromiso_1391/Talento_y_Compromiso_24-01_51401/statistics_results.json"
    },
    "24-02": {
      "base_folder": "crData/Talento_y_Compromiso_1391/Talento_y_Compromiso_24-02_52098",
      "term_results_folder": "crData/Talento_y_Compromiso_1391/Talento_y_Compromiso_24-02_52098/term_results",
      "merged": "crData/Talento_y_Compromiso_1391/Talento_y_Compromiso_24-02_52098/merged_results.json",
      "filtered": "crData/Talento_y_Compromiso_1391/Talento_y_Compromiso_24-02_52098/filtered_results.json",
      "final": "crData/Talento_y_Compromiso_1391/Talento_y_Compromiso_24-02_52098/final_results.json",
      "statistics": "crData/Talento_y_Compromiso_1391/Talento_y_Compromiso_24-02_52098/statistics_results.json"
    },
    "24-03": {
      "base_folder": "crData/Talento_y_Compromiso_1391/Talento_y_Compromiso_24-03_52180",
      "term_results_folder": "crData/Talento_y_Compromiso_1391/Talento_y_Compromiso_24-03_52180/term_results",
      "merged": "crData/Talento_y_Compromiso_1391/Talento_y_Compromiso_24-03_52180/merged_results.json",
      "filtered": "crData/Talento_y_Compromiso_1391/Talento_y_Compromiso_24-03_52180/filtered_results.json",
      "final": "crData/Talento_y_Compromiso_1391/Talento_y_Compromiso_24-03_52180/final_results.json",
      "statistics": "crData/Talento_y_Compromiso_1391/Talento_y_Compromiso_24-03_52180/statistics_results.json"
    },
    "24-04": {
      "base_folder": "crData/Talento_y_Compromiso_1391/Talento_y_Compromiso_24-04_52277",
      "term_results_folder": "crData/Talento_y_Compromiso_1391/Talento_y_Compromiso_24-04_52277/term_results",
      "merged": "crData/Talento_y_Compromiso_1391/Talento_y_Compromiso_24-04_52277/merged_results.json",
      "filtered": "crData/Talento_y_Compromiso_1391/Talento_y_Compromiso_24-04_52277/filtered_results.json",
      "final": "crData/Talento_y_Compromiso_1391/Talento_y_Compromiso_24-04_52277/final_results.json",
      "statistics": "crData/Talento_y_Compromiso_1391/Talento_y_Compromiso_24-04_52277/statistics_results.json"
    },
    "24-05": {
      "base_folder": "crData/Talento_y_Compromiso_1391/Talento_y_Compromiso_24-05_52395",
      "term_results_folder": "crData/Talento_y_Compromiso_1391/Talento_y_Compromiso_24-05_52395/term_results",
      "merged": "crData/Talento_y_Compromiso_1391/Talento_y_Compromiso_24-05_52395/merged_results.json",
      "filtered": "crData/Talento_y_Compromiso_1391/Talento_y_Compromiso_24-05_52395/filtered_results.json",
      "final": "crData/Talento_y_Compromiso_1391/Talento_y_Compromiso_24-05_52395/final_results.json",
      "statistics": "crData/Talento_y_Compromiso_1391/Talento_y_Compromiso_24-05_52395/statistics_results.json"
    },
    "24-06": {
      "base_folder": "crData/Talento_y_Compromiso_1391/Talento_y_Compromiso_24-06_52500",
      "term_results_folder": "crData/Talento_y_Compromiso_1391/Talento_y_Compromiso_24-06_52500/term_results",
      "merged": "crData/Talento_y_Compromiso_1391/Talento_y_Compromiso_24-06_52500/merged_results.json",
      "filtered": "crData/Talento_y_Compromiso_1391/Talento_y_Compromiso_24-06_52500/filtered_results.json",
      "final": "crData/Talento_y_Compromiso_1391/Talento_y_Compromiso_24-06_52500/final_results.json",
      "statistics": "crData/Talento_y_Compromiso_1391/Talento_y_Compromiso_24-06_52500/statistics_results.json"
    },
    "24-07": {
      "base_folder": "crData/Talento_y_Compromiso_1391/Talento_y_Compromiso_24-07_52592",
      "term_results_folder": "crData/Talento_y_Compromiso_1391/Talento_y_Compromiso_24-07_52592/term_results",
      "merged": "crData/Talento_y_Compromiso_1391/Talento_y_Compromiso_24-07_52592/merged_results.json",
      "filtered": "crData/Talento_y_Compromiso_1391/Talento_y_Compromiso_24-07_52592/filtered_results.json",
      "final": "crData/Talento_y_Compromiso_1391/Talento_y_Compromiso_24-07_52592/final_results.json",
      "statistics": "crData/Talento_y_Compromiso_1391/Talento_y_Compromiso_24-07_52592/statistics_results.json"
    },
    "24-08": {
      "base_folder": "crData/Talento_y_Compromiso_1391/Talento_y_Compromiso_24-08_53100",
      "term_results_folder": "crData/Talento_y_Compromiso_1391/Talento_y_Compromiso_24-08_53100/term_results",
      "merged": "crData/Talento_y_Compromiso_1391/Talento_y_Compromiso_24-08_53100/merged_results.json",
      "filtered": "crData/Talento_y_Compromiso_1391/Talento_y_Compromiso_24-08_53100/filtered_results.json",
      "final": "crData/Talento_y_Compromiso_1391/Talento_y_Compromiso_24-08_53100/final_results.json",
      "statistics": "crData/Talento_y_Compromiso_1391/Talento_y_Compromiso_24-08_53100/statistics_results.json"
    },
    "24-09": {
      "base_folder": "crData/Talento_y_Compromiso_1391/Talento_y_Compromiso_24-09_53196",
      "term_results_folder": "crData/Talento_y_Compromiso_1391/Talento_y_Compromiso_24-09_53196/term_results",
      "merged": "crData/Talento_y_Compromiso_1391/Talento_y_Compromiso_24-09_53196/merged_results.json",
      "filtered": "crData/Talento_y_Compromiso_1391/Talento_y_Compromiso_24-09_53196/filtered_results.json",
      "final": "crData/Talento_y_Compromiso_1391/Talento_y_Compromiso_24-09_53196/final_results.json",
      "statistics": "crData/Talento_y_Compromiso_1391/Talento_y_Compromiso_24-09_53196/statistics_results.json"
    },
    "24-10": {
      "base_folder": "crData/Talento_y_Compromiso_1391/Talento_y_Compromiso_24-10_53282",
      "term_results_folder": "crData/Talento_y_Compromiso_1391/Talento_y_Compromiso_24-10_53282/term_results",
      "merged": "crData/Talento_y_Compromiso_1391/Talento_y_Compromiso_24-10_53282/merged_results.json",
      "filtered": "crData/Talento_y_Compromiso_1391/Talento_y_Compromiso_24-10_53282/filtered_results.json",
      "final": "crData/Talento_y_Compromiso_1391/Talento_y_Compromiso_24-10_53282/final_results.json",
      "statistics": "crData/Talento_y_Compromiso_1391/Talento_y_Compromiso_24-10_53282/statistics_results.json"
    },
    "24-11": {
      "base_folder": "crData/Talento_y_Compromiso_1391/Talento_y_Compromiso_24-11_53374",
      "term_results_folder": "crData/Talento_y_Compromiso_1391/Talento_y_Compromiso_24-11_53374/term_results",
      "merged": "crData/Talento_y_Compromiso_1391/Talento_y_Compromiso_24-11_53374/merged_results.json",
      "filtered": "crData/Talento_y_Compromiso_1391/Talento_y_Compromiso_24-11_53374/filtered_results.json",
      "final": "crData/Talento_y_Compromiso_1391/Talento_y_Compromiso_24-11_53374/final_results.json",
      "statistics": "crData/Talento_y_Compromiso_1391/Talento_y_Compromiso_24-11_53374/statistics_results.json"
    },
    "24-12": {
      "base_folder": "crData/Talento_y_Compromiso_1391/Talento_y_Compromiso_24-12_53474",
      "term_results_folder": "crData/Talento_y_Compromiso_1391/Talento_y_Compromiso_24-12_53474/term_results",
      "merged": "crData/Talento_y_Compromiso_1391/Talento_y_Compromiso_24-12_53474/merged_results.json",
      "filtered": "crData/Talento_y_Compromiso_1391/Talento_y_Compromiso_24-12_53474/filtered_results.json",
      "final": "crData/Talento_y_Compromiso_1391/Talento_y_Compromiso_24-12_53474/final_results.json",
      "statistics": "crData/Talento_y_Compromiso_1391/Talento_y_Compromiso_24-12_53474/statistics_results.json"
    }
  }
}