{
  "tool_name": "Talento y Compromiso",
  "year": "2013",
  "monthly_stats": {
    "13-01": {
      "tool_name": "Talento y Compromiso",
      "batch_id": "33152",
      "date": "13-01",
      "initial_count": 5738,
      "filtered_count": 0,
      "final_count": 0,
      "duplicate_count": 0,
      "terms": {
        "Employee": 475,
        "Corporate": 5268
      },
      "file_paths": {
        "base_folder": "crData/Talento_y_Compromiso_1391/Talento_y_Compromiso_13-01_33152",
        "term_results_folder": "crData/Talento_y_Compromiso_1391/Talento_y_Compromiso_13-01_33152/term_results",
        "merged": "crData/Talento_y_Compromiso_1391/Talento_y_Compromiso_13-01_33152/merged_results.json",
        "filtered": "crData/Talento_y_Compromiso_1391/Talento_y_Compromiso_13-01_33152/filtered_results.json",
        "final": "crData/Talento_y_Compromiso_1391/Talento_y_Compromiso_13-01_33152/final_results.json",
        "statistics": "crData/Talento_y_Compromiso_1391/Talento_y_Compromiso_13-01_33152/statistics_results.json"
      },
      "processing_time": 13.840973138809204,
      "total_crossref": 1215994,
      "crossref_percentage": 0.0
    },
    "13-02": {
      "tool_name": "Talento y Compromiso",
      "batch_id": "33306",
      "date": "13-02",
      "initial_count": 334,
      "filtered_count": 0,
      "final_count": 0,
      "duplicate_count": 0,
      "terms": {
        "Employee": 60,
        "Corporate": 275
      },
      "file_paths": {
        "base_folder": "crData/Talento_y_Compromiso_1391/Talento_y_Compromiso_13-02_33306",
        "term_results_folder": "crData/Talento_y_Compromiso_1391/Talento_y_Compromiso_13-02_33306/term_results",
        "merged": "crData/Talento_y_Compromiso_1391/Talento_y_Compromiso_13-02_33306/merged_results.json",
        "filtered": "crData/Talento_y_Compromiso_1391/Talento_y_Compromiso_13-02_33306/filtered_results.json",
        "final": "crData/Talento_y_Compromiso_1391/Talento_y_Compromiso_13-02_33306/final_results.json",
        "statistics": "crData/Talento_y_Compromiso_1391/Talento_y_Compromiso_13-02_33306/statistics_results.json"
      },
      "processing_time": 3.7196521759033203,
      "total_crossref": 225640,
      "crossref_percentage": 0.0
    },
    "13-03": {
      "tool_name": "Talento y Compromiso",
      "batch_id": "33358",
      "date": "13-03",
      "initial_count": 612,
      "filtered_count": 0,
      "final_count": 0,
      "duplicate_count": 0,
      "terms": {
        "Employee": 85,
        "Corporate": 536
      },
      "file_paths": {
        "base_folder": "crData/Talento_y_Compromiso_1391/Talento_y_Compromiso_13-03_33358",
        "term_results_folder": "crData/Talento_y_Compromiso_1391/Talento_y_Compromiso_13-03_33358/term_results",
        "merged": "crData/Talento_y_Compromiso_1391/Talento_y_Compromiso_13-03_33358/merged_results.json",
        "filtered": "crData/Talento_y_Compromiso_1391/Talento_y_Compromiso_13-03_33358/filtered_results.json",
        "final": "crData/Talento_y_Compromiso_1391/Talento_y_Compromiso_13-03_33358/final_results.json",
        "statistics": "crData/Talento_y_Compromiso_1391/Talento_y_Compromiso_13-03_33358/statistics_results.json"
      },
      "processing_time": 5.276466131210327,
      "total_crossref": 284836,
      "crossref_percentage": 0.0
    },
    "13-04": {
      "tool_name": "Talento y Compromiso",
      "batch_id": "33426",
      "date": "13-04",
      "initial_count": 578,
      "filtered_count": 0,
      "final_count": 0,
      "duplicate_count": 0,
      "terms": {
        "Employee": 111,
        "Corporate": 469
      },
      "file_paths": {
        "base_folder": "crData/Talento_y_Compromiso_1391/Talento_y_Compromiso_13-04_33426",
        "term_results_folder": "crData/Talento_y_Compromiso_1391/Talento_y_Compromiso_13-04_33426/term_results",
        "merged": "crData/Talento_y_Compromiso_1391/Talento_y_Compromiso_13-04_33426/merged_results.json",
        "filtered": "crData/Talento_y_Compromiso_1391/Talento_y_Compromiso_13-04_33426/filtered_results.json",
        "final": "crData/Talento_y_Compromiso_1391/Talento_y_Compromiso_13-04_33426/final_results.json",
        "statistics": "crData/Talento_y_Compromiso_1391/Talento_y_Compromiso_13-04_33426/statistics_results.json"
      },
      "processing_time": 6.499443054199219,
      "total_crossref": 283499,
      "crossref_percentage": 0.0
    },
    "13-05": {
      "tool_name": "Talento y Compromiso",
      "batch_id": "33506",
      "date": "13-05",
      "initial_count": 405,
      "filtered_count": 0,
      "final_count": 0,
      "duplicate_count": 0,
      "terms": {
        "Employee": 80,
        "Corporate": 330
      },
      "file_paths": {
        "base_folder": "crData/Talento_y_Compromiso_1391/Talento_y_Compromiso_13-05_33506",
        "term_results_folder": "crData/Talento_y_Compromiso_1391/Talento_y_Compromiso_13-05_33506/term_results",
        "merged": "crData/Talento_y_Compromiso_1391/Talento_y_Compromiso_13-05_33506/merged_results.json",
        "filtered": "crData/Talento_y_Compromiso_1391/Talento_y_Compromiso_13-05_33506/filtered_results.json",
        "final": "crData/Talento_y_Compromiso_1391/Talento_y_Compromiso_13-05_33506/final_results.json",
        "statistics": "crData/Talento_y_Compromiso_1391/Talento_y_Compromiso_13-05_33506/statistics_results.json"
      },
      "processing_time": 3.9099977016448975,
      "total_crossref": 267204,
      "crossref_percentage": 0.0
    },
    "13-06": {
      "tool_name": "Talento y Compromiso",
      "batch_id": "33560",
      "date": "13-06",
      "initial_count": 434,
      "filtered_count": 0,
      "final_count": 0,
      "duplicate_count": 0,
      "terms": {
        "Employee": 92,
        "Corporate": 344
      },
      "file_paths": {
        "base_folder": "crData/Talento_y_Compromiso_1391/Talento_y_Compromiso_13-06_33560",
        "term_results_folder": "crData/Talento_y_Compromiso_1391/Talento_y_Compromiso_13-06_33560/term_results",
        "merged": "crData/Talento_y_Compromiso_1391/Talento_y_Compromiso_13-06_33560/merged_results.json",
        "filtered": "crData/Talento_y_Compromiso_1391/Talento_y_Compromiso_13-06_33560/filtered_results.json",
        "final": "crData/Talento_y_Compromiso_1391/Talento_y_Compromiso_13-06_33560/final_results.json",
        "statistics": "crData/Talento_y_Compromiso_1391/Talento_y_Compromiso_13-06_33560/statistics_results.json"
      },
      "processing_time": 5.026849031448364,
      "total_crossref": 295615,
      "crossref_percentage": 0.0
    },
    "13-07": {
      "tool_name": "Talento y Compromiso",
      "batch_id": "34026",
      "date": "13-07",
      "initial_count": 550,
      "filtered_count": 0,
      "final_count": 0,
      "duplicate_count": 0,
      "terms": {
        "Employee": 98,
        "Corporate": 457
      },
      "file_paths": {
        "base_folder": "crData/Talento_y_Compromiso_1391/Talento_y_Compromiso_13-07_34026",
        "term_results_folder": "crData/Talento_y_Compromiso_1391/Talento_y_Compromiso_13-07_34026/term_results",
        "merged": "crData/Talento_y_Compromiso_1391/Talento_y_Compromiso_13-07_34026/merged_results.json",
        "filtered": "crData/Talento_y_Compromiso_1391/Talento_y_Compromiso_13-07_34026/filtered_results.json",
        "final": "crData/Talento_y_Compromiso_1391/Talento_y_Compromiso_13-07_34026/final_results.json",
        "statistics": "crData/Talento_y_Compromiso_1391/Talento_y_Compromiso_13-07_34026/statistics_results.json"
      },
      "processing_time": 6.188949108123779,
      "total_crossref": 272997,
      "crossref_percentage": 0.0
    },
    "13-08": {
      "tool_name": "Talento y Compromiso",
      "batch_id": "34103",
      "date": "13-08",
      "initial_count": 358,
      "filtered_count": 0,
      "final_count": 0,
      "duplicate_count": 0,
      "terms": {
        "Employee": 56,
        "Corporate": 303
      },
      "file_paths": {
        "base_folder": "crData/Talento_y_Compromiso_1391/Talento_y_Compromiso_13-08_34103",
        "term_results_folder": "crData/Talento_y_Compromiso_1391/Talento_y_Compromiso_13-08_34103/term_results",
        "merged": "crData/Talento_y_Compromiso_1391/Talento_y_Compromiso_13-08_34103/merged_results.json",
        "filtered": "crData/Talento_y_Compromiso_1391/Talento_y_Compromiso_13-08_34103/filtered_results.json",
        "final": "crData/Talento_y_Compromiso_1391/Talento_y_Compromiso_13-08_34103/final_results.json",
        "statistics": "crData/Talento_y_Compromiso_1391/Talento_y_Compromiso_13-08_34103/statistics_results.json"
      },
      "processing_time": 4.152002811431885,
      "total_crossref": 247384,
      "crossref_percentage": 0.0
    },
    "13-09": {
      "tool_name": "Talento y Compromiso",
      "batch_id": "34159",
      "date": "13-09",
      "initial_count": 478,
      "filtered_count": 0,
      "final_count": 0,
      "duplicate_count": 0,
      "terms": {
        "Employee": 98,
        "Corporate": 385
      },
      "file_paths": {
        "base_folder": "crData/Talento_y_Compromiso_1391/Talento_y_Compromiso_13-09_34159",
        "term_results_folder": "crData/Talento_y_Compromiso_1391/Talento_y_Compromiso_13-09_34159/term_results",
        "merged": "crData/Talento_y_Compromiso_1391/Talento_y_Compromiso_13-09_34159/merged_results.json",
        "filtered": "crData/Talento_y_Compromiso_1391/Talento_y_Compromiso_13-09_34159/filtered_results.json",
        "final": "crData/Talento_y_Compromiso_1391/Talento_y_Compromiso_13-09_34159/final_results.json",
        "statistics": "crData/Talento_y_Compromiso_1391/Talento_y_Compromiso_13-09_34159/statistics_results.json"
      },
      "processing_time": 5.1793200969696045,
      "total_crossref": 311682,
      "crossref_percentage": 0.0
    },
    "13-10": {
      "tool_name": "Talento y Compromiso",
      "batch_id": "34226",
      "date": "13-10",
      "initial_count": 616,
      "filtered_count": 0,
      "final_count": 0,
      "duplicate_count": 0,
      "terms": {
        "Employee": 99,
        "Corporate": 519
      },
      "file_paths": {
        "base_folder": "crData/Talento_y_Compromiso_1391/Talento_y_Compromiso_13-10_34226",
        "term_results_folder": "crData/Talento_y_Compromiso_1391/Talento_y_Compromiso_13-10_34226/term_results",
        "merged": "crData/Talento_y_Compromiso_1391/Talento_y_Compromiso_13-10_34226/merged_results.json",
        "filtered": "crData/Talento_y_Compromiso_1391/Talento_y_Compromiso_13-10_34226/filtered_results.json",
        "final": "crData/Talento_y_Compromiso_1391/Talento_y_Compromiso_13-10_34226/final_results.json",
        "statistics": "crData/Talento_y_Compromiso_1391/Talento_y_Compromiso_13-10_34226/statistics_results.json"
      },
      "processing_time": 4.2709949016571045,
      "total_crossref": 326826,
      "crossref_percentage": 0.0
    },
    "13-11": {
      "tool_name": "Talento y Compromiso",
      "batch_id": "34284",
      "date": "13-11",
      "initial_count": 457,
      "filtered_count": 0,
      "final_count": 0,
      "duplicate_count": 0,
      "terms": {
        "Employee": 74,
        "Corporate": 387
      },
      "file_paths": {
        "base_folder": "crData/Talento_y_Compromiso_1391/Talento_y_Compromiso_13-11_34284",
        "term_results_folder": "crData/Talento_y_Compromiso_1391/Talento_y_Compromiso_13-11_34284/term_results",
        "merged": "crData/Talento_y_Compromiso_1391/Talento_y_Compromiso_13-11_34284/merged_results.json",
        "filtered": "crData/Talento_y_Compromiso_1391/Talento_y_Compromiso_13-11_34284/filtered_results.json",
        "final": "crData/Talento_y_Compromiso_1391/Talento_y_Compromiso_13-11_34284/final_results.json",
        "statistics": "crData/Talento_y_Compromiso_1391/Talento_y_Compromiso_13-11_34284/statistics_results.json"
      },
      "processing_time": 3.4942338466644287,
      "total_crossref": 284459,
      "crossref_percentage": 0.0
    },
    "13-12": {
      "tool_name": "Talento y Compromiso",
      "batch_id": "34334",
      "date": "13-12",
      "initial_count": 657,
      "filtered_count": 0,
      "final_count": 0,
      "duplicate_count": 0,
      "terms": {
        "Employee": 136,
        "Corporate": 524
      },
      "file_paths": {
        "base_folder": "crData/Talento_y_Compromiso_1391/Talento_y_Compromiso_13-12_34334",
        "term_results_folder": "crData/Talento_y_Compromiso_1391/Talento_y_Compromiso_13-12_34334/term_results",
        "merged": "crData/Talento_y_Compromiso_1391/Talento_y_Compromiso_13-12_34334/merged_results.json",
        "filtered": "crData/Talento_y_Compromiso_1391/Talento_y_Compromiso_13-12_34334/filtered_results.json",
        "final": "crData/Talento_y_Compromiso_1391/Talento_y_Compromiso_13-12_34334/final_results.json",
        "statistics": "crData/Talento_y_Compromiso_1391/Talento_y_Compromiso_13-12_34334/statistics_results.json"
      },
      "processing_time": 4.064157009124756,
      "total_crossref": 363101,
      "crossref_percentage": 0.0
    }
  },
  "total_duplicates": 0,
  "monthly_files": {
    "13-01": {
      "base_folder": "crData/Talento_y_Compromiso_1391/Talento_y_Compromiso_13-01_33152",
      "term_results_folder": "crData/Talento_y_Compromiso_1391/Talento_y_Compromiso_13-01_33152/term_results",
      "merged": "crData/Talento_y_Compromiso_1391/Talento_y_Compromiso_13-01_33152/merged_results.json",
      "filtered": "crData/Talento_y_Compromiso_1391/Talento_y_Compromiso_13-01_33152/filtered_results.json",
      "final": "crData/Talento_y_Compromiso_1391/Talento_y_Compromiso_13-01_33152/final_results.json",
      "statistics": "crData/Talento_y_Compromiso_1391/Talento_y_Compromiso_13-01_33152/statistics_results.json"
    },
    "13-02": {
      "base_folder": "crData/Talento_y_Compromiso_1391/Talento_y_Compromiso_13-02_33306",
      "term_results_folder": "crData/Talento_y_Compromiso_1391/Talento_y_Compromiso_13-02_33306/term_results",
      "merged": "crData/Talento_y_Compromiso_1391/Talento_y_Compromiso_13-02_33306/merged_results.json",
      "filtered": "crData/Talento_y_Compromiso_1391/Talento_y_Compromiso_13-02_33306/filtered_results.json",
      "final": "crData/Talento_y_Compromiso_1391/Talento_y_Compromiso_13-02_33306/final_results.json",
      "statistics": "crData/Talento_y_Compromiso_1391/Talento_y_Compromiso_13-02_33306/statistics_results.json"
    },
    "13-03": {
      "base_folder": "crData/Talento_y_Compromiso_1391/Talento_y_Compromiso_13-03_33358",
      "term_results_folder": "crData/Talento_y_Compromiso_1391/Talento_y_Compromiso_13-03_33358/term_results",
      "merged": "crData/Talento_y_Compromiso_1391/Talento_y_Compromiso_13-03_33358/merged_results.json",
      "filtered": "crData/Talento_y_Compromiso_1391/Talento_y_Compromiso_13-03_33358/filtered_results.json",
      "final": "crData/Talento_y_Compromiso_1391/Talento_y_Compromiso_13-03_33358/final_results.json",
      "statistics": "crData/Talento_y_Compromiso_1391/Talento_y_Compromiso_13-03_33358/statistics_results.json"
    },
    "13-04": {
      "base_folder": "crData/Talento_y_Compromiso_1391/Talento_y_Compromiso_13-04_33426",
      "term_results_folder": "crData/Talento_y_Compromiso_1391/Talento_y_Compromiso_13-04_33426/term_results",
      "merged": "crData/Talento_y_Compromiso_1391/Talento_y_Compromiso_13-04_33426/merged_results.json",
      "filtered": "crData/Talento_y_Compromiso_1391/Talento_y_Compromiso_13-04_33426/filtered_results.json",
      "final": "crData/Talento_y_Compromiso_1391/Talento_y_Compromiso_13-04_33426/final_results.json",
      "statistics": "crData/Talento_y_Compromiso_1391/Talento_y_Compromiso_13-04_33426/statistics_results.json"
    },
    "13-05": {
      "base_folder": "crData/Talento_y_Compromiso_1391/Talento_y_Compromiso_13-05_33506",
      "term_results_folder": "crData/Talento_y_Compromiso_1391/Talento_y_Compromiso_13-05_33506/term_results",
      "merged": "crData/Talento_y_Compromiso_1391/Talento_y_Compromiso_13-05_33506/merged_results.json",
      "filtered": "crData/Talento_y_Compromiso_1391/Talento_y_Compromiso_13-05_33506/filtered_results.json",
      "final": "crData/Talento_y_Compromiso_1391/Talento_y_Compromiso_13-05_33506/final_results.json",
      "statistics": "crData/Talento_y_Compromiso_1391/Talento_y_Compromiso_13-05_33506/statistics_results.json"
    },
    "13-06": {
      "base_folder": "crData/Talento_y_Compromiso_1391/Talento_y_Compromiso_13-06_33560",
      "term_results_folder": "crData/Talento_y_Compromiso_1391/Talento_y_Compromiso_13-06_33560/term_results",
      "merged": "crData/Talento_y_Compromiso_1391/Talento_y_Compromiso_13-06_33560/merged_results.json",
      "filtered": "crData/Talento_y_Compromiso_1391/Talento_y_Compromiso_13-06_33560/filtered_results.json",
      "final": "crData/Talento_y_Compromiso_1391/Talento_y_Compromiso_13-06_33560/final_results.json",
      "statistics": "crData/Talento_y_Compromiso_1391/Talento_y_Compromiso_13-06_33560/statistics_results.json"
    },
    "13-07": {
      "base_folder": "crData/Talento_y_Compromiso_1391/Talento_y_Compromiso_13-07_34026",
      "term_results_folder": "crData/Talento_y_Compromiso_1391/Talento_y_Compromiso_13-07_34026/term_results",
      "merged": "crData/Talento_y_Compromiso_1391/Talento_y_Compromiso_13-07_34026/merged_results.json",
      "filtered": "crData/Talento_y_Compromiso_1391/Talento_y_Compromiso_13-07_34026/filtered_results.json",
      "final": "crData/Talento_y_Compromiso_1391/Talento_y_Compromiso_13-07_34026/final_results.json",
      "statistics": "crData/Talento_y_Compromiso_1391/Talento_y_Compromiso_13-07_34026/statistics_results.json"
    },
    "13-08": {
      "base_folder": "crData/Talento_y_Compromiso_1391/Talento_y_Compromiso_13-08_34103",
      "term_results_folder": "crData/Talento_y_Compromiso_1391/Talento_y_Compromiso_13-08_34103/term_results",
      "merged": "crData/Talento_y_Compromiso_1391/Talento_y_Compromiso_13-08_34103/merged_results.json",
      "filtered": "crData/Talento_y_Compromiso_1391/Talento_y_Compromiso_13-08_34103/filtered_results.json",
      "final": "crData/Talento_y_Compromiso_1391/Talento_y_Compromiso_13-08_34103/final_results.json",
      "statistics": "crData/Talento_y_Compromiso_1391/Talento_y_Compromiso_13-08_34103/statistics_results.json"
    },
    "13-09": {
      "base_folder": "crData/Talento_y_Compromiso_1391/Talento_y_Compromiso_13-09_34159",
      "term_results_folder": "crData/Talento_y_Compromiso_1391/Talento_y_Compromiso_13-09_34159/term_results",
      "merged": "crData/Talento_y_Compromiso_1391/Talento_y_Compromiso_13-09_34159/merged_results.json",
      "filtered": "crData/Talento_y_Compromiso_1391/Talento_y_Compromiso_13-09_34159/filtered_results.json",
      "final": "crData/Talento_y_Compromiso_1391/Talento_y_Compromiso_13-09_34159/final_results.json",
      "statistics": "crData/Talento_y_Compromiso_1391/Talento_y_Compromiso_13-09_34159/statistics_results.json"
    },
    "13-10": {
      "base_folder": "crData/Talento_y_Compromiso_1391/Talento_y_Compromiso_13-10_34226",
      "term_results_folder": "crData/Talento_y_Compromiso_1391/Talento_y_Compromiso_13-10_34226/term_results",
      "merged": "crData/Talento_y_Compromiso_1391/Talento_y_Compromiso_13-10_34226/merged_results.json",
      "filtered": "crData/Talento_y_Compromiso_1391/Talento_y_Compromiso_13-10_34226/filtered_results.json",
      "final": "crData/Talento_y_Compromiso_1391/Talento_y_Compromiso_13-10_34226/final_results.json",
      "statistics": "crData/Talento_y_Compromiso_1391/Talento_y_Compromiso_13-10_34226/statistics_results.json"
    },
    "13-11": {
      "base_folder": "crData/Talento_y_Compromiso_1391/Talento_y_Compromiso_13-11_34284",
      "term_results_folder": "crData/Talento_y_Compromiso_1391/Talento_y_Compromiso_13-11_34284/term_results",
      "merged": "crData/Talento_y_Compromiso_1391/Talento_y_Compromiso_13-11_34284/merged_results.json",
      "filtered": "crData/Talento_y_Compromiso_1391/Talento_y_Compromiso_13-11_34284/filtered_results.json",
      "final": "crData/Talento_y_Compromiso_1391/Talento_y_Compromiso_13-11_34284/final_results.json",
      "statistics": "crData/Talento_y_Compromiso_1391/Talento_y_Compromiso_13-11_34284/statistics_results.json"
    },
    "13-12": {
      "base_folder": "crData/Talento_y_Compromiso_1391/Talento_y_Compromiso_13-12_34334",
      "term_results_folder": "crData/Talento_y_Compromiso_1391/Talento_y_Compromiso_13-12_34334/term_results",
      "merged": "crData/Talento_y_Compromiso_1391/Talento_y_Compromiso_13-12_34334/merged_results.json",
      "filtered": "crData/Talento_y_Compromiso_1391/Talento_y_Compromiso_13-12_34334/filtered_results.json",
      "final": "crData/Talento_y_Compromiso_1391/Talento_y_Compromiso_13-12_34334/final_results.json",
      "statistics": "crData/Talento_y_Compromiso_1391/Talento_y_Compromiso_13-12_34334/statistics_results.json"
    }
  }
}