{
  "tool_name": "Talento y Compromiso",
  "year": "2022",
  "monthly_stats": {
    "22-01": {
      "tool_name": "Talento y Compromiso",
      "batch_id": "47370",
      "date": "22-01",
      "initial_count": 6224,
      "filtered_count": 0,
      "final_count": 0,
      "duplicate_count": 0,
      "terms": {
        "Employee": 1478,
        "Corporate": 4758
      },
      "file_paths": {
        "base_folder": "crData/Talento_y_Compromiso_1391/Talento_y_Compromiso_22-01_47370",
        "term_results_folder": "crData/Talento_y_Compromiso_1391/Talento_y_Compromiso_22-01_47370/term_results",
        "merged": "crData/Talento_y_Compromiso_1391/Talento_y_Compromiso_22-01_47370/merged_results.json",
        "filtered": "crData/Talento_y_Compromiso_1391/Talento_y_Compromiso_22-01_47370/filtered_results.json",
        "final": "crData/Talento_y_Compromiso_1391/Talento_y_Compromiso_22-01_47370/final_results.json",
        "statistics": "crData/Talento_y_Compromiso_1391/Talento_y_Compromiso_22-01_47370/statistics_results.json"
      },
      "processing_time": 20.479529857635498,
      "total_crossref": 1790415,
      "crossref_percentage": 0.0
    },
    "22-02": {
      "tool_name": "Talento y Compromiso",
      "batch_id": "47590",
      "date": "22-02",
      "initial_count": 1093,
      "filtered_count": 0,
      "final_count": 0,
      "duplicate_count": 0,
      "terms": {
        "Employee": 295,
        "Corporate": 801
      },
      "file_paths": {
        "base_folder": "crData/Talento_y_Compromiso_1391/Talento_y_Compromiso_22-02_47590",
        "term_results_folder": "crData/Talento_y_Compromiso_1391/Talento_y_Compromiso_22-02_47590/term_results",
        "merged": "crData/Talento_y_Compromiso_1391/Talento_y_Compromiso_22-02_47590/merged_results.json",
        "filtered": "crData/Talento_y_Compromiso_1391/Talento_y_Compromiso_22-02_47590/filtered_results.json",
        "final": "crData/Talento_y_Compromiso_1391/Talento_y_Compromiso_22-02_47590/final_results.json",
        "statistics": "crData/Talento_y_Compromiso_1391/Talento_y_Compromiso_22-02_47590/statistics_results.json"
      },
      "processing_time": 5.469464063644409,
      "total_crossref": 419172,
      "crossref_percentage": 0.0
    },
    "22-03": {
      "tool_name": "Talento y Compromiso",
      "batch_id": "48060",
      "date": "22-03",
      "initial_count": 1532,
      "filtered_count": 0,
      "final_count": 0,
      "duplicate_count": 0,
      "terms": {
        "Employee": 440,
        "Corporate": 1098
      },
      "file_paths": {
        "base_folder": "crData/Talento_y_Compromiso_1391/Talento_y_Compromiso_22-03_48060",
        "term_results_folder": "crData/Talento_y_Compromiso_1391/Talento_y_Compromiso_22-03_48060/term_results",
        "merged": "crData/Talento_y_Compromiso_1391/Talento_y_Compromiso_22-03_48060/merged_results.json",
        "filtered": "crData/Talento_y_Compromiso_1391/Talento_y_Compromiso_22-03_48060/filtered_results.json",
        "final": "crData/Talento_y_Compromiso_1391/Talento_y_Compromiso_22-03_48060/final_results.json",
        "statistics": "crData/Talento_y_Compromiso_1391/Talento_y_Compromiso_22-03_48060/statistics_results.json"
      },
      "processing_time": 7.014186859130859,
      "total_crossref": 904663,
      "crossref_percentage": 0.0
    },
    "22-04": {
      "tool_name": "Talento y Compromiso",
      "batch_id": "48145",
      "date": "22-04",
      "initial_count": 1370,
      "filtered_count": 0,
      "final_count": 0,
      "duplicate_count": 0,
      "terms": {
        "Employee": 428,
        "Corporate": 947
      },
      "file_paths": {
        "base_folder": "crData/Talento_y_Compromiso_1391/Talento_y_Compromiso_22-04_48145",
        "term_results_folder": "crData/Talento_y_Compromiso_1391/Talento_y_Compromiso_22-04_48145/term_results",
        "merged": "crData/Talento_y_Compromiso_1391/Talento_y_Compromiso_22-04_48145/merged_results.json",
        "filtered": "crData/Talento_y_Compromiso_1391/Talento_y_Compromiso_22-04_48145/filtered_results.json",
        "final": "crData/Talento_y_Compromiso_1391/Talento_y_Compromiso_22-04_48145/final_results.json",
        "statistics": "crData/Talento_y_Compromiso_1391/Talento_y_Compromiso_22-04_48145/statistics_results.json"
      },
      "processing_time": 5.813615083694458,
      "total_crossref": 481416,
      "crossref_percentage": 0.0
    },
    "22-05": {
      "tool_name": "Talento y Compromiso",
      "batch_id": "48219",
      "date": "22-05",
      "initial_count": 1313,
      "filtered_count": 0,
      "final_count": 0,
      "duplicate_count": 0,
      "terms": {
        "Employee": 400,
        "Corporate": 917
      },
      "file_paths": {
        "base_folder": "crData/Talento_y_Compromiso_1391/Talento_y_Compromiso_22-05_48219",
        "term_results_folder": "crData/Talento_y_Compromiso_1391/Talento_y_Compromiso_22-05_48219/term_results",
        "merged": "crData/Talento_y_Compromiso_1391/Talento_y_Compromiso_22-05_48219/merged_results.json",
        "filtered": "crData/Talento_y_Compromiso_1391/Talento_y_Compromiso_22-05_48219/filtered_results.json",
        "final": "crData/Talento_y_Compromiso_1391/Talento_y_Compromiso_22-05_48219/final_results.json",
        "statistics": "crData/Talento_y_Compromiso_1391/Talento_y_Compromiso_22-05_48219/statistics_results.json"
      },
      "processing_time": 5.985679864883423,
      "total_crossref": 505031,
      "crossref_percentage": 0.0
    },
    "22-06": {
      "tool_name": "Talento y Compromiso",
      "batch_id": "48294",
      "date": "22-06",
      "initial_count": 1913,
      "filtered_count": 0,
      "final_count": 0,
      "duplicate_count": 0,
      "terms": {
        "Employee": 681,
        "Corporate": 1236
      },
      "file_paths": {
        "base_folder": "crData/Talento_y_Compromiso_1391/Talento_y_Compromiso_22-06_48294",
        "term_results_folder": "crData/Talento_y_Compromiso_1391/Talento_y_Compromiso_22-06_48294/term_results",
        "merged": "crData/Talento_y_Compromiso_1391/Talento_y_Compromiso_22-06_48294/merged_results.json",
        "filtered": "crData/Talento_y_Compromiso_1391/Talento_y_Compromiso_22-06_48294/filtered_results.json",
        "final": "crData/Talento_y_Compromiso_1391/Talento_y_Compromiso_22-06_48294/final_results.json",
        "statistics": "crData/Talento_y_Compromiso_1391/Talento_y_Compromiso_22-06_48294/statistics_results.json"
      },
      "processing_time": 7.2176618576049805,
      "total_crossref": 603276,
      "crossref_percentage": 0.0
    },
    "22-07": {
      "tool_name": "Talento y Compromiso",
      "batch_id": "48381",
      "date": "22-07",
      "initial_count": 1347,
      "filtered_count": 0,
      "final_count": 0,
      "duplicate_count": 0,
      "terms": {
        "Employee": 420,
        "Corporate": 935
      },
      "file_paths": {
        "base_folder": "crData/Talento_y_Compromiso_1391/Talento_y_Compromiso_22-07_48381",
        "term_results_folder": "crData/Talento_y_Compromiso_1391/Talento_y_Compromiso_22-07_48381/term_results",
        "merged": "crData/Talento_y_Compromiso_1391/Talento_y_Compromiso_22-07_48381/merged_results.json",
        "filtered": "crData/Talento_y_Compromiso_1391/Talento_y_Compromiso_22-07_48381/filtered_results.json",
        "final": "crData/Talento_y_Compromiso_1391/Talento_y_Compromiso_22-07_48381/final_results.json",
        "statistics": "crData/Talento_y_Compromiso_1391/Talento_y_Compromiso_22-07_48381/statistics_results.json"
      },
      "processing_time": 5.8608081340789795,
      "total_crossref": 498533,
      "crossref_percentage": 0.0
    },
    "22-08": {
      "tool_name": "Talento y Compromiso",
      "batch_id": "48455",
      "date": "22-08",
      "initial_count": 1677,
      "filtered_count": 0,
      "final_count": 0,
      "duplicate_count": 0,
      "terms": {
        "Employee": 590,
        "Corporate": 1090
      },
      "file_paths": {
        "base_folder": "crData/Talento_y_Compromiso_1391/Talento_y_Compromiso_22-08_48455",
        "term_results_folder": "crData/Talento_y_Compromiso_1391/Talento_y_Compromiso_22-08_48455/term_results",
        "merged": "crData/Talento_y_Compromiso_1391/Talento_y_Compromiso_22-08_48455/merged_results.json",
        "filtered": "crData/Talento_y_Compromiso_1391/Talento_y_Compromiso_22-08_48455/filtered_results.json",
        "final": "crData/Talento_y_Compromiso_1391/Talento_y_Compromiso_22-08_48455/final_results.json",
        "statistics": "crData/Talento_y_Compromiso_1391/Talento_y_Compromiso_22-08_48455/statistics_results.json"
      },
      "processing_time": 6.763742923736572,
      "total_crossref": 485224,
      "crossref_percentage": 0.0
    },
    "22-09": {
      "tool_name": "Talento y Compromiso",
      "batch_id": "48537",
      "date": "22-09",
      "initial_count": 1558,
      "filtered_count": 0,
      "final_count": 0,
      "duplicate_count": 0,
      "terms": {
        "Employee": 530,
        "Corporate": 1036
      },
      "file_paths": {
        "base_folder": "crData/Talento_y_Compromiso_1391/Talento_y_Compromiso_22-09_48537",
        "term_results_folder": "crData/Talento_y_Compromiso_1391/Talento_y_Compromiso_22-09_48537/term_results",
        "merged": "crData/Talento_y_Compromiso_1391/Talento_y_Compromiso_22-09_48537/merged_results.json",
        "filtered": "crData/Talento_y_Compromiso_1391/Talento_y_Compromiso_22-09_48537/filtered_results.json",
        "final": "crData/Talento_y_Compromiso_1391/Talento_y_Compromiso_22-09_48537/final_results.json",
        "statistics": "crData/Talento_y_Compromiso_1391/Talento_y_Compromiso_22-09_48537/statistics_results.json"
      },
      "processing_time": 7.178318023681641,
      "total_crossref": 555285,
      "crossref_percentage": 0.0
    },
    "22-10": {
      "tool_name": "Talento y Compromiso",
      "batch_id": "49024",
      "date": "22-10",
      "initial_count": 1446,
      "filtered_count": 0,
      "final_count": 0,
      "duplicate_count": 0,
      "terms": {
        "Employee": 427,
        "Corporate": 1022
      },
      "file_paths": {
        "base_folder": "crData/Talento_y_Compromiso_1391/Talento_y_Compromiso_22-10_49024",
        "term_results_folder": "crData/Talento_y_Compromiso_1391/Talento_y_Compromiso_22-10_49024/term_results",
        "merged": "crData/Talento_y_Compromiso_1391/Talento_y_Compromiso_22-10_49024/merged_results.json",
        "filtered": "crData/Talento_y_Compromiso_1391/Talento_y_Compromiso_22-10_49024/filtered_results.json",
        "final": "crData/Talento_y_Compromiso_1391/Talento_y_Compromiso_22-10_49024/final_results.json",
        "statistics": "crData/Talento_y_Compromiso_1391/Talento_y_Compromiso_22-10_49024/statistics_results.json"
      },
      "processing_time": 7.060726881027222,
      "total_crossref": 539325,
      "crossref_percentage": 0.0
    },
    "22-11": {
      "tool_name": "Talento y Compromiso",
      "batch_id": "49110",
      "date": "22-11",
      "initial_count": 1337,
      "filtered_count": 0,
      "final_count": 0,
      "duplicate_count": 0,
      "terms": {
        "Employee": 419,
        "Corporate": 923
      },
      "file_paths": {
        "base_folder": "crData/Talento_y_Compromiso_1391/Talento_y_Compromiso_22-11_49110",
        "term_results_folder": "crData/Talento_y_Compromiso_1391/Talento_y_Compromiso_22-11_49110/term_results",
        "merged": "crData/Talento_y_Compromiso_1391/Talento_y_Compromiso_22-11_49110/merged_results.json",
        "filtered": "crData/Talento_y_Compromiso_1391/Talento_y_Compromiso_22-11_49110/filtered_results.json",
        "final": "crData/Talento_y_Compromiso_1391/Talento_y_Compromiso_22-11_49110/final_results.json",
        "statistics": "crData/Talento_y_Compromiso_1391/Talento_y_Compromiso_22-11_49110/statistics_results.json"
      },
      "processing_time": 6.124792814254761,
      "total_crossref": 569220,
      "crossref_percentage": 0.0
    },
    "22-12": {
      "tool_name": "Talento y Compromiso",
      "batch_id": "49186",
      "date": "22-12",
      "initial_count": 2444,
      "filtered_count": 0,
      "final_count": 0,
      "duplicate_count": 0,
      "terms": {
        "Employee": 719,
        "Corporate": 1729
      },
      "file_paths": {
        "base_folder": "crData/Talento_y_Compromiso_1391/Talento_y_Compromiso_22-12_49186",
        "term_results_folder": "crData/Talento_y_Compromiso_1391/Talento_y_Compromiso_22-12_49186/term_results",
        "merged": "crData/Talento_y_Compromiso_1391/Talento_y_Compromiso_22-12_49186/merged_results.json",
        "filtered": "crData/Talento_y_Compromiso_1391/Talento_y_Compromiso_22-12_49186/filtered_results.json",
        "final": "crData/Talento_y_Compromiso_1391/Talento_y_Compromiso_22-12_49186/final_results.json",
        "statistics": "crData/Talento_y_Compromiso_1391/Talento_y_Compromiso_22-12_49186/statistics_results.json"
      },
      "processing_time": 8.73426604270935,
      "total_crossref": 830155,
      "crossref_percentage": 0.0
    }
  },
  "total_duplicates": 0,
  "monthly_files": {
    "22-01": {
      "base_folder": "crData/Talento_y_Compromiso_1391/Talento_y_Compromiso_22-01_47370",
      "term_results_folder": "crData/Talento_y_Compromiso_1391/Talento_y_Compromiso_22-01_47370/term_results",
      "merged": "crData/Talento_y_Compromiso_1391/Talento_y_Compromiso_22-01_47370/merged_results.json",
      "filtered": "crData/Talento_y_Compromiso_1391/Talento_y_Compromiso_22-01_47370/filtered_results.json",
      "final": "crData/Talento_y_Compromiso_1391/Talento_y_Compromiso_22-01_47370/final_results.json",
      "statistics": "crData/Talento_y_Compromiso_1391/Talento_y_Compromiso_22-01_47370/statistics_results.json"
    },
    "22-02": {
      "base_folder": "crData/Talento_y_Compromiso_1391/Talento_y_Compromiso_22-02_47590",
      "term_results_folder": "crData/Talento_y_Compromiso_1391/Talento_y_Compromiso_22-02_47590/term_results",
      "merged": "crData/Talento_y_Compromiso_1391/Talento_y_Compromiso_22-02_47590/merged_results.json",
      "filtered": "crData/Talento_y_Compromiso_1391/Talento_y_Compromiso_22-02_47590/filtered_results.json",
      "final": "crData/Talento_y_Compromiso_1391/Talento_y_Compromiso_22-02_47590/final_results.json",
      "statistics": "crData/Talento_y_Compromiso_1391/Talento_y_Compromiso_22-02_47590/statistics_results.json"
    },
    "22-03": {
      "base_folder": "crData/Talento_y_Compromiso_1391/Talento_y_Compromiso_22-03_48060",
      "term_results_folder": "crData/Talento_y_Compromiso_1391/Talento_y_Compromiso_22-03_48060/term_results",
      "merged": "crData/Talento_y_Compromiso_1391/Talento_y_Compromiso_22-03_48060/merged_results.json",
      "filtered": "crData/Talento_y_Compromiso_1391/Talento_y_Compromiso_22-03_48060/filtered_results.json",
      "final": "crData/Talento_y_Compromiso_1391/Talento_y_Compromiso_22-03_48060/final_results.json",
      "statistics": "crData/Talento_y_Compromiso_1391/Talento_y_Compromiso_22-03_48060/statistics_results.json"
    },
    "22-04": {
      "base_folder": "crData/Talento_y_Compromiso_1391/Talento_y_Compromiso_22-04_48145",
      "term_results_folder": "crData/Talento_y_Compromiso_1391/Talento_y_Compromiso_22-04_48145/term_results",
      "merged": "crData/Talento_y_Compromiso_1391/Talento_y_Compromiso_22-04_48145/merged_results.json",
      "filtered": "crData/Talento_y_Compromiso_1391/Talento_y_Compromiso_22-04_48145/filtered_results.json",
      "final": "crData/Talento_y_Compromiso_1391/Talento_y_Compromiso_22-04_48145/final_results.json",
      "statistics": "crData/Talento_y_Compromiso_1391/Talento_y_Compromiso_22-04_48145/statistics_results.json"
    },
    "22-05": {
      "base_folder": "crData/Talento_y_Compromiso_1391/Talento_y_Compromiso_22-05_48219",
      "term_results_folder": "crData/Talento_y_Compromiso_1391/Talento_y_Compromiso_22-05_48219/term_results",
      "merged": "crData/Talento_y_Compromiso_1391/Talento_y_Compromiso_22-05_48219/merged_results.json",
      "filtered": "crData/Talento_y_Compromiso_1391/Talento_y_Compromiso_22-05_48219/filtered_results.json",
      "final": "crData/Talento_y_Compromiso_1391/Talento_y_Compromiso_22-05_48219/final_results.json",
      "statistics": "crData/Talento_y_Compromiso_1391/Talento_y_Compromiso_22-05_48219/statistics_results.json"
    },
    "22-06": {
      "base_folder": "crData/Talento_y_Compromiso_1391/Talento_y_Compromiso_22-06_48294",
      "term_results_folder": "crData/Talento_y_Compromiso_1391/Talento_y_Compromiso_22-06_48294/term_results",
      "merged": "crData/Talento_y_Compromiso_1391/Talento_y_Compromiso_22-06_48294/merged_results.json",
      "filtered": "crData/Talento_y_Compromiso_1391/Talento_y_Compromiso_22-06_48294/filtered_results.json",
      "final": "crData/Talento_y_Compromiso_1391/Talento_y_Compromiso_22-06_48294/final_results.json",
      "statistics": "crData/Talento_y_Compromiso_1391/Talento_y_Compromiso_22-06_48294/statistics_results.json"
    },
    "22-07": {
      "base_folder": "crData/Talento_y_Compromiso_1391/Talento_y_Compromiso_22-07_48381",
      "term_results_folder": "crData/Talento_y_Compromiso_1391/Talento_y_Compromiso_22-07_48381/term_results",
      "merged": "crData/Talento_y_Compromiso_1391/Talento_y_Compromiso_22-07_48381/merged_results.json",
      "filtered": "crData/Talento_y_Compromiso_1391/Talento_y_Compromiso_22-07_48381/filtered_results.json",
      "final": "crData/Talento_y_Compromiso_1391/Talento_y_Compromiso_22-07_48381/final_results.json",
      "statistics": "crData/Talento_y_Compromiso_1391/Talento_y_Compromiso_22-07_48381/statistics_results.json"
    },
    "22-08": {
      "base_folder": "crData/Talento_y_Compromiso_1391/Talento_y_Compromiso_22-08_48455",
      "term_results_folder": "crData/Talento_y_Compromiso_1391/Talento_y_Compromiso_22-08_48455/term_results",
      "merged": "crData/Talento_y_Compromiso_1391/Talento_y_Compromiso_22-08_48455/merged_results.json",
      "filtered": "crData/Talento_y_Compromiso_1391/Talento_y_Compromiso_22-08_48455/filtered_results.json",
      "final": "crData/Talento_y_Compromiso_1391/Talento_y_Compromiso_22-08_48455/final_results.json",
      "statistics": "crData/Talento_y_Compromiso_1391/Talento_y_Compromiso_22-08_48455/statistics_results.json"
    },
    "22-09": {
      "base_folder": "crData/Talento_y_Compromiso_1391/Talento_y_Compromiso_22-09_48537",
      "term_results_folder": "crData/Talento_y_Compromiso_1391/Talento_y_Compromiso_22-09_48537/term_results",
      "merged": "crData/Talento_y_Compromiso_1391/Talento_y_Compromiso_22-09_48537/merged_results.json",
      "filtered": "crData/Talento_y_Compromiso_1391/Talento_y_Compromiso_22-09_48537/filtered_results.json",
      "final": "crData/Talento_y_Compromiso_1391/Talento_y_Compromiso_22-09_48537/final_results.json",
      "statistics": "crData/Talento_y_Compromiso_1391/Talento_y_Compromiso_22-09_48537/statistics_results.json"
    },
    "22-10": {
      "base_folder": "crData/Talento_y_Compromiso_1391/Talento_y_Compromiso_22-10_49024",
      "term_results_folder": "crData/Talento_y_Compromiso_1391/Talento_y_Compromiso_22-10_49024/term_results",
      "merged": "crData/Talento_y_Compromiso_1391/Talento_y_Compromiso_22-10_49024/merged_results.json",
      "filtered": "crData/Talento_y_Compromiso_1391/Talento_y_Compromiso_22-10_49024/filtered_results.json",
      "final": "crData/Talento_y_Compromiso_1391/Talento_y_Compromiso_22-10_49024/final_results.json",
      "statistics": "crData/Talento_y_Compromiso_1391/Talento_y_Compromiso_22-10_49024/statistics_results.json"
    },
    "22-11": {
      "base_folder": "crData/Talento_y_Compromiso_1391/Talento_y_Compromiso_22-11_49110",
      "term_results_folder": "crData/Talento_y_Compromiso_1391/Talento_y_Compromiso_22-11_49110/term_results",
      "merged": "crData/Talento_y_Compromiso_1391/Talento_y_Compromiso_22-11_49110/merged_results.json",
      "filtered": "crData/Talento_y_Compromiso_1391/Talento_y_Compromiso_22-11_49110/filtered_results.json",
      "final": "crData/Talento_y_Compromiso_1391/Talento_y_Compromiso_22-11_49110/final_results.json",
      "statistics": "crData/Talento_y_Compromiso_1391/Talento_y_Compromiso_22-11_49110/statistics_results.json"
    },
    "22-12": {
      "base_folder": "crData/Talento_y_Compromiso_1391/Talento_y_Compromiso_22-12_49186",
      "term_results_folder": "crData/Talento_y_Compromiso_1391/Talento_y_Compromiso_22-12_49186/term_results",
      "merged": "crData/Talento_y_Compromiso_1391/Talento_y_Compromiso_22-12_49186/merged_results.json",
      "filtered": "crData/Talento_y_Compromiso_1391/Talento_y_Compromiso_22-12_49186/filtered_results.json",
      "final": "crData/Talento_y_Compromiso_1391/Talento_y_Compromiso_22-12_49186/final_results.json",
      "statistics": "crData/Talento_y_Compromiso_1391/Talento_y_Compromiso_22-12_49186/statistics_results.json"
    }
  }
}