{
  "tool_name": "Talento y Compromiso",
  "year": "2023",
  "monthly_stats": {
    "23-01": {
      "tool_name": "Talento y Compromiso",
      "batch_id": "49319",
      "date": "23-01",
      "initial_count": 7616,
      "filtered_count": 0,
      "final_count": 0,
      "duplicate_count": 0,
      "terms": {
        "Employee": 1915,
        "Corporate": 5712
      },
      "file_paths": {
        "base_folder": "crData/Talento_y_Compromiso_1391/Talento_y_Compromiso_23-01_49319",
        "term_results_folder": "crData/Talento_y_Compromiso_1391/Talento_y_Compromiso_23-01_49319/term_results",
        "merged": "crData/Talento_y_Compromiso_1391/Talento_y_Compromiso_23-01_49319/merged_results.json",
        "filtered": "crData/Talento_y_Compromiso_1391/Talento_y_Compromiso_23-01_49319/filtered_results.json",
        "final": "crData/Talento_y_Compromiso_1391/Talento_y_Compromiso_23-01_49319/final_results.json",
        "statistics": "crData/Talento_y_Compromiso_1391/Talento_y_Compromiso_23-01_49319/statistics_results.json"
      },
      "processing_time": 23.066740036010742,
      "total_crossref": 1841245,
      "crossref_percentage": 0.0
    },
    "23-02": {
      "tool_name": "Talento y Compromiso",
      "batch_id": "49565",
      "date": "23-02",
      "initial_count": 1299,
      "filtered_count": 0,
      "final_count": 0,
      "duplicate_count": 0,
      "terms": {
        "Employee": 478,
        "Corporate": 824
      },
      "file_paths": {
        "base_folder": "crData/Talento_y_Compromiso_1391/Talento_y_Compromiso_23-02_49565",
        "term_results_folder": "crData/Talento_y_Compromiso_1391/Talento_y_Compromiso_23-02_49565/term_results",
        "merged": "crData/Talento_y_Compromiso_1391/Talento_y_Compromiso_23-02_49565/merged_results.json",
        "filtered": "crData/Talento_y_Compromiso_1391/Talento_y_Compromiso_23-02_49565/filtered_results.json",
        "final": "crData/Talento_y_Compromiso_1391/Talento_y_Compromiso_23-02_49565/final_results.json",
        "statistics": "crData/Talento_y_Compromiso_1391/Talento_y_Compromiso_23-02_49565/statistics_results.json"
      },
      "processing_time": 7.808889865875244,
      "total_crossref": 434553,
      "crossref_percentage": 0.0
    },
    "23-03": {
      "tool_name": "Talento y Compromiso",
      "batch_id": "50058",
      "date": "23-03",
      "initial_count": 1735,
      "filtered_count": 1,
      "final_count": 1,
      "duplicate_count": 0,
      "terms": {
        "Employee": 592,
        "Corporate": 1150
      },
      "file_paths": {
        "base_folder": "crData/Talento_y_Compromiso_1391/Talento_y_Compromiso_23-03_50058",
        "term_results_folder": "crData/Talento_y_Compromiso_1391/Talento_y_Compromiso_23-03_50058/term_results",
        "merged": "crData/Talento_y_Compromiso_1391/Talento_y_Compromiso_23-03_50058/merged_results.json",
        "filtered": "crData/Talento_y_Compromiso_1391/Talento_y_Compromiso_23-03_50058/filtered_results.json",
        "final": "crData/Talento_y_Compromiso_1391/Talento_y_Compromiso_23-03_50058/final_results.json",
        "statistics": "crData/Talento_y_Compromiso_1391/Talento_y_Compromiso_23-03_50058/statistics_results.json"
      },
      "processing_time": 9.044557094573975,
      "total_crossref": 2400012,
      "crossref_percentage": 4.1666458334374994e-05
    },
    "23-04": {
      "tool_name": "Talento y Compromiso",
      "batch_id": "50163",
      "date": "23-04",
      "initial_count": 1497,
      "filtered_count": 0,
      "final_count": 0,
      "duplicate_count": 0,
      "terms": {
        "Employee": 515,
        "Corporate": 985
      },
      "file_paths": {
        "base_folder": "crData/Talento_y_Compromiso_1391/Talento_y_Compromiso_23-04_50163",
        "term_results_folder": "crData/Talento_y_Compromiso_1391/Talento_y_Compromiso_23-04_50163/term_results",
        "merged": "crData/Talento_y_Compromiso_1391/Talento_y_Compromiso_23-04_50163/merged_results.json",
        "filtered": "crData/Talento_y_Compromiso_1391/Talento_y_Compromiso_23-04_50163/filtered_results.json",
        "final": "crData/Talento_y_Compromiso_1391/Talento_y_Compromiso_23-04_50163/final_results.json",
        "statistics": "crData/Talento_y_Compromiso_1391/Talento_y_Compromiso_23-04_50163/statistics_results.json"
      },
      "processing_time": 5.541863918304443,
      "total_crossref": 581438,
      "crossref_percentage": 0.0
    },
    "23-05": {
      "tool_name": "Talento y Compromiso",
      "batch_id": "50234",
      "date": "23-05",
      "initial_count": 1518,
      "filtered_count": 0,
      "final_count": 0,
      "duplicate_count": 0,
      "terms": {
        "Employee": 569,
        "Corporate": 952
      },
      "file_paths": {
        "base_folder": "crData/Talento_y_Compromiso_1391/Talento_y_Compromiso_23-05_50234",
        "term_results_folder": "crData/Talento_y_Compromiso_1391/Talento_y_Compromiso_23-05_50234/term_results",
        "merged": "crData/Talento_y_Compromiso_1391/Talento_y_Compromiso_23-05_50234/merged_results.json",
        "filtered": "crData/Talento_y_Compromiso_1391/Talento_y_Compromiso_23-05_50234/filtered_results.json",
        "final": "crData/Talento_y_Compromiso_1391/Talento_y_Compromiso_23-05_50234/final_results.json",
        "statistics": "crData/Talento_y_Compromiso_1391/Talento_y_Compromiso_23-05_50234/statistics_results.json"
      },
      "processing_time": 5.857201099395752,
      "total_crossref": 549511,
      "crossref_percentage": 0.0
    },
    "23-06": {
      "tool_name": "Talento y Compromiso",
      "batch_id": "50307",
      "date": "23-06",
      "initial_count": 2067,
      "filtered_count": 0,
      "final_count": 0,
      "duplicate_count": 0,
      "terms": {
        "Employee": 737,
        "Corporate": 1335
      },
      "file_paths": {
        "base_folder": "crData/Talento_y_Compromiso_1391/Talento_y_Compromiso_23-06_50307",
        "term_results_folder": "crData/Talento_y_Compromiso_1391/Talento_y_Compromiso_23-06_50307/term_results",
        "merged": "crData/Talento_y_Compromiso_1391/Talento_y_Compromiso_23-06_50307/merged_results.json",
        "filtered": "crData/Talento_y_Compromiso_1391/Talento_y_Compromiso_23-06_50307/filtered_results.json",
        "final": "crData/Talento_y_Compromiso_1391/Talento_y_Compromiso_23-06_50307/final_results.json",
        "statistics": "crData/Talento_y_Compromiso_1391/Talento_y_Compromiso_23-06_50307/statistics_results.json"
      },
      "processing_time": 9.692486047744751,
      "total_crossref": 643437,
      "crossref_percentage": 0.0
    },
    "23-07": {
      "tool_name": "Talento y Compromiso",
      "batch_id": "50419",
      "date": "23-07",
      "initial_count": 1572,
      "filtered_count": 0,
      "final_count": 0,
      "duplicate_count": 0,
      "terms": {
        "Employee": 624,
        "Corporate": 952
      },
      "file_paths": {
        "base_folder": "crData/Talento_y_Compromiso_1391/Talento_y_Compromiso_23-07_50419",
        "term_results_folder": "crData/Talento_y_Compromiso_1391/Talento_y_Compromiso_23-07_50419/term_results",
        "merged": "crData/Talento_y_Compromiso_1391/Talento_y_Compromiso_23-07_50419/merged_results.json",
        "filtered": "crData/Talento_y_Compromiso_1391/Talento_y_Compromiso_23-07_50419/filtered_results.json",
        "final": "crData/Talento_y_Compromiso_1391/Talento_y_Compromiso_23-07_50419/final_results.json",
        "statistics": "crData/Talento_y_Compromiso_1391/Talento_y_Compromiso_23-07_50419/statistics_results.json"
      },
      "processing_time": 6.156203031539917,
      "total_crossref": 531640,
      "crossref_percentage": 0.0
    },
    "23-08": {
      "tool_name": "Talento y Compromiso",
      "batch_id": "50496",
      "date": "23-08",
      "initial_count": 2246,
      "filtered_count": 0,
      "final_count": 0,
      "duplicate_count": 0,
      "terms": {
        "Employee": 873,
        "Corporate": 1377
      },
      "file_paths": {
        "base_folder": "crData/Talento_y_Compromiso_1391/Talento_y_Compromiso_23-08_50496",
        "term_results_folder": "crData/Talento_y_Compromiso_1391/Talento_y_Compromiso_23-08_50496/term_results",
        "merged": "crData/Talento_y_Compromiso_1391/Talento_y_Compromiso_23-08_50496/merged_results.json",
        "filtered": "crData/Talento_y_Compromiso_1391/Talento_y_Compromiso_23-08_50496/filtered_results.json",
        "final": "crData/Talento_y_Compromiso_1391/Talento_y_Compromiso_23-08_50496/final_results.json",
        "statistics": "crData/Talento_y_Compromiso_1391/Talento_y_Compromiso_23-08_50496/statistics_results.json"
      },
      "processing_time": 7.204643726348877,
      "total_crossref": 508437,
      "crossref_percentage": 0.0
    },
    "23-09": {
      "tool_name": "Talento y Compromiso",
      "batch_id": "50583",
      "date": "23-09",
      "initial_count": 1819,
      "filtered_count": 0,
      "final_count": 0,
      "duplicate_count": 0,
      "terms": {
        "Employee": 656,
        "Corporate": 1169
      },
      "file_paths": {
        "base_folder": "crData/Talento_y_Compromiso_1391/Talento_y_Compromiso_23-09_50583",
        "term_results_folder": "crData/Talento_y_Compromiso_1391/Talento_y_Compromiso_23-09_50583/term_results",
        "merged": "crData/Talento_y_Compromiso_1391/Talento_y_Compromiso_23-09_50583/merged_results.json",
        "filtered": "crData/Talento_y_Compromiso_1391/Talento_y_Compromiso_23-09_50583/filtered_results.json",
        "final": "crData/Talento_y_Compromiso_1391/Talento_y_Compromiso_23-09_50583/final_results.json",
        "statistics": "crData/Talento_y_Compromiso_1391/Talento_y_Compromiso_23-09_50583/statistics_results.json"
      },
      "processing_time": 7.8373401165008545,
      "total_crossref": 564954,
      "crossref_percentage": 0.0
    },
    "23-10": {
      "tool_name": "Talento y Compromiso",
      "batch_id": "51077",
      "date": "23-10",
      "initial_count": 1869,
      "filtered_count": 0,
      "final_count": 0,
      "duplicate_count": 0,
      "terms": {
        "Employee": 639,
        "Corporate": 1233
      },
      "file_paths": {
        "base_folder": "crData/Talento_y_Compromiso_1391/Talento_y_Compromiso_23-10_51077",
        "term_results_folder": "crData/Talento_y_Compromiso_1391/Talento_y_Compromiso_23-10_51077/term_results",
        "merged": "crData/Talento_y_Compromiso_1391/Talento_y_Compromiso_23-10_51077/merged_results.json",
        "filtered": "crData/Talento_y_Compromiso_1391/Talento_y_Compromiso_23-10_51077/filtered_results.json",
        "final": "crData/Talento_y_Compromiso_1391/Talento_y_Compromiso_23-10_51077/final_results.json",
        "statistics": "crData/Talento_y_Compromiso_1391/Talento_y_Compromiso_23-10_51077/statistics_results.json"
      },
      "processing_time": 7.145354986190796,
      "total_crossref": 600168,
      "crossref_percentage": 0.0
    },
    "23-11": {
      "tool_name": "Talento y Compromiso",
      "batch_id": "51163",
      "date": "23-11",
      "initial_count": 1992,
      "filtered_count": 0,
      "final_count": 0,
      "duplicate_count": 0,
      "terms": {
        "Employee": 592,
        "Corporate": 1406
      },
      "file_paths": {
        "base_folder": "crData/Talento_y_Compromiso_1391/Talento_y_Compromiso_23-11_51163",
        "term_results_folder": "crData/Talento_y_Compromiso_1391/Talento_y_Compromiso_23-11_51163/term_results",
        "merged": "crData/Talento_y_Compromiso_1391/Talento_y_Compromiso_23-11_51163/merged_results.json",
        "filtered": "crData/Talento_y_Compromiso_1391/Talento_y_Compromiso_23-11_51163/filtered_results.json",
        "final": "crData/Talento_y_Compromiso_1391/Talento_y_Compromiso_23-11_51163/final_results.json",
        "statistics": "crData/Talento_y_Compromiso_1391/Talento_y_Compromiso_23-11_51163/statistics_results.json"
      },
      "processing_time": 7.481081008911133,
      "total_crossref": 692854,
      "crossref_percentage": 0.0
    },
    "23-12": {
      "tool_name": "Talento y Compromiso",
      "batch_id": "51253",
      "date": "23-12",
      "initial_count": 2547,
      "filtered_count": 0,
      "final_count": 0,
      "duplicate_count": 0,
      "terms": {
        "Employee": 904,
        "Corporate": 1647
      },
      "file_paths": {
        "base_folder": "crData/Talento_y_Compromiso_1391/Talento_y_Compromiso_23-12_51253",
        "term_results_folder": "crData/Talento_y_Compromiso_1391/Talento_y_Compromiso_23-12_51253/term_results",
        "merged": "crData/Talento_y_Compromiso_1391/Talento_y_Compromiso_23-12_51253/merged_results.json",
        "filtered": "crData/Talento_y_Compromiso_1391/Talento_y_Compromiso_23-12_51253/filtered_results.json",
        "final": "crData/Talento_y_Compromiso_1391/Talento_y_Compromiso_23-12_51253/final_results.json",
        "statistics": "crData/Talento_y_Compromiso_1391/Talento_y_Compromiso_23-12_51253/statistics_results.json"
      },
      "processing_time": 10.261286973953247,
      "total_crossref": 803100,
      "crossref_percentage": 0.0
    }
  },
  "total_duplicates": 0,
  "monthly_files": {
    "23-01": {
      "base_folder": "crData/Talento_y_Compromiso_1391/Talento_y_Compromiso_23-01_49319",
      "term_results_folder": "crData/Talento_y_Compromiso_1391/Talento_y_Compromiso_23-01_49319/term_results",
      "merged": "crData/Talento_y_Compromiso_1391/Talento_y_Compromiso_23-01_49319/merged_results.json",
      "filtered": "crData/Talento_y_Compromiso_1391/Talento_y_Compromiso_23-01_49319/filtered_results.json",
      "final": "crData/Talento_y_Compromiso_1391/Talento_y_Compromiso_23-01_49319/final_results.json",
      "statistics": "crData/Talento_y_Compromiso_1391/Talento_y_Compromiso_23-01_49319/statistics_results.json"
    },
    "23-02": {
      "base_folder": "crData/Talento_y_Compromiso_1391/Talento_y_Compromiso_23-02_49565",
      "term_results_folder": "crData/Talento_y_Compromiso_1391/Talento_y_Compromiso_23-02_49565/term_results",
      "merged": "crData/Talento_y_Compromiso_1391/Talento_y_Compromiso_23-02_49565/merged_results.json",
      "filtered": "crData/Talento_y_Compromiso_1391/Talento_y_Compromiso_23-02_49565/filtered_results.json",
      "final": "crData/Talento_y_Compromiso_1391/Talento_y_Compromiso_23-02_49565/final_results.json",
      "statistics": "crData/Talento_y_Compromiso_1391/Talento_y_Compromiso_23-02_49565/statistics_results.json"
    },
    "23-03": {
      "base_folder": "crData/Talento_y_Compromiso_1391/Talento_y_Compromiso_23-03_50058",
      "term_results_folder": "crData/Talento_y_Compromiso_1391/Talento_y_Compromiso_23-03_50058/term_results",
      "merged": "crData/Talento_y_Compromiso_1391/Talento_y_Compromiso_23-03_50058/merged_results.json",
      "filtered": "crData/Talento_y_Compromiso_1391/Talento_y_Compromiso_23-03_50058/filtered_results.json",
      "final": "crData/Talento_y_Compromiso_1391/Talento_y_Compromiso_23-03_50058/final_results.json",
      "statistics": "crData/Talento_y_Compromiso_1391/Talento_y_Compromiso_23-03_50058/statistics_results.json"
    },
    "23-04": {
      "base_folder": "crData/Talento_y_Compromiso_1391/Talento_y_Compromiso_23-04_50163",
      "term_results_folder": "crData/Talento_y_Compromiso_1391/Talento_y_Compromiso_23-04_50163/term_results",
      "merged": "crData/Talento_y_Compromiso_1391/Talento_y_Compromiso_23-04_50163/merged_results.json",
      "filtered": "crData/Talento_y_Compromiso_1391/Talento_y_Compromiso_23-04_50163/filtered_results.json",
      "final": "crData/Talento_y_Compromiso_1391/Talento_y_Compromiso_23-04_50163/final_results.json",
      "statistics": "crData/Talento_y_Compromiso_1391/Talento_y_Compromiso_23-04_50163/statistics_results.json"
    },
    "23-05": {
      "base_folder": "crData/Talento_y_Compromiso_1391/Talento_y_Compromiso_23-05_50234",
      "term_results_folder": "crData/Talento_y_Compromiso_1391/Talento_y_Compromiso_23-05_50234/term_results",
      "merged": "crData/Talento_y_Compromiso_1391/Talento_y_Compromiso_23-05_50234/merged_results.json",
      "filtered": "crData/Talento_y_Compromiso_1391/Talento_y_Compromiso_23-05_50234/filtered_results.json",
      "final": "crData/Talento_y_Compromiso_1391/Talento_y_Compromiso_23-05_50234/final_results.json",
      "statistics": "crData/Talento_y_Compromiso_1391/Talento_y_Compromiso_23-05_50234/statistics_results.json"
    },
    "23-06": {
      "base_folder": "crData/Talento_y_Compromiso_1391/Talento_y_Compromiso_23-06_50307",
      "term_results_folder": "crData/Talento_y_Compromiso_1391/Talento_y_Compromiso_23-06_50307/term_results",
      "merged": "crData/Talento_y_Compromiso_1391/Talento_y_Compromiso_23-06_50307/merged_results.json",
      "filtered": "crData/Talento_y_Compromiso_1391/Talento_y_Compromiso_23-06_50307/filtered_results.json",
      "final": "crData/Talento_y_Compromiso_1391/Talento_y_Compromiso_23-06_50307/final_results.json",
      "statistics": "crData/Talento_y_Compromiso_1391/Talento_y_Compromiso_23-06_50307/statistics_results.json"
    },
    "23-07": {
      "base_folder": "crData/Talento_y_Compromiso_1391/Talento_y_Compromiso_23-07_50419",
      "term_results_folder": "crData/Talento_y_Compromiso_1391/Talento_y_Compromiso_23-07_50419/term_results",
      "merged": "crData/Talento_y_Compromiso_1391/Talento_y_Compromiso_23-07_50419/merged_results.json",
      "filtered": "crData/Talento_y_Compromiso_1391/Talento_y_Compromiso_23-07_50419/filtered_results.json",
      "final": "crData/Talento_y_Compromiso_1391/Talento_y_Compromiso_23-07_50419/final_results.json",
      "statistics": "crData/Talento_y_Compromiso_1391/Talento_y_Compromiso_23-07_50419/statistics_results.json"
    },
    "23-08": {
      "base_folder": "crData/Talento_y_Compromiso_1391/Talento_y_Compromiso_23-08_50496",
      "term_results_folder": "crData/Talento_y_Compromiso_1391/Talento_y_Compromiso_23-08_50496/term_results",
      "merged": "crData/Talento_y_Compromiso_1391/Talento_y_Compromiso_23-08_50496/merged_results.json",
      "filtered": "crData/Talento_y_Compromiso_1391/Talento_y_Compromiso_23-08_50496/filtered_results.json",
      "final": "crData/Talento_y_Compromiso_1391/Talento_y_Compromiso_23-08_50496/final_results.json",
      "statistics": "crData/Talento_y_Compromiso_1391/Talento_y_Compromiso_23-08_50496/statistics_results.json"
    },
    "23-09": {
      "base_folder": "crData/Talento_y_Compromiso_1391/Talento_y_Compromiso_23-09_50583",
      "term_results_folder": "crData/Talento_y_Compromiso_1391/Talento_y_Compromiso_23-09_50583/term_results",
      "merged": "crData/Talento_y_Compromiso_1391/Talento_y_Compromiso_23-09_50583/merged_results.json",
      "filtered": "crData/Talento_y_Compromiso_1391/Talento_y_Compromiso_23-09_50583/filtered_results.json",
      "final": "crData/Talento_y_Compromiso_1391/Talento_y_Compromiso_23-09_50583/final_results.json",
      "statistics": "crData/Talento_y_Compromiso_1391/Talento_y_Compromiso_23-09_50583/statistics_results.json"
    },
    "23-10": {
      "base_folder": "crData/Talento_y_Compromiso_1391/Talento_y_Compromiso_23-10_51077",
      "term_results_folder": "crData/Talento_y_Compromiso_1391/Talento_y_Compromiso_23-10_51077/term_results",
      "merged": "crData/Talento_y_Compromiso_1391/Talento_y_Compromiso_23-10_51077/merged_results.json",
      "filtered": "crData/Talento_y_Compromiso_1391/Talento_y_Compromiso_23-10_51077/filtered_results.json",
      "final": "crData/Talento_y_Compromiso_1391/Talento_y_Compromiso_23-10_51077/final_results.json",
      "statistics": "crData/Talento_y_Compromiso_1391/Talento_y_Compromiso_23-10_51077/statistics_results.json"
    },
    "23-11": {
      "base_folder": "crData/Talento_y_Compromiso_1391/Talento_y_Compromiso_23-11_51163",
      "term_results_folder": "crData/Talento_y_Compromiso_1391/Talento_y_Compromiso_23-11_51163/term_results",
      "merged": "crData/Talento_y_Compromiso_1391/Talento_y_Compromiso_23-11_51163/merged_results.json",
      "filtered": "crData/Talento_y_Compromiso_1391/Talento_y_Compromiso_23-11_51163/filtered_results.json",
      "final": "crData/Talento_y_Compromiso_1391/Talento_y_Compromiso_23-11_51163/final_results.json",
      "statistics": "crData/Talento_y_Compromiso_1391/Talento_y_Compromiso_23-11_51163/statistics_results.json"
    },
    "23-12": {
      "base_folder": "crData/Talento_y_Compromiso_1391/Talento_y_Compromiso_23-12_51253",
      "term_results_folder": "crData/Talento_y_Compromiso_1391/Talento_y_Compromiso_23-12_51253/term_results",
      "merged": "crData/Talento_y_Compromiso_1391/Talento_y_Compromiso_23-12_51253/merged_results.json",
      "filtered": "crData/Talento_y_Compromiso_1391/Talento_y_Compromiso_23-12_51253/filtered_results.json",
      "final": "crData/Talento_y_Compromiso_1391/Talento_y_Compromiso_23-12_51253/final_results.json",
      "statistics": "crData/Talento_y_Compromiso_1391/Talento_y_Compromiso_23-12_51253/statistics_results.json"
    }
  }
}